cluster_id,service_id,cluster_name,head_query,query_ids,candidate_count,intent,geo_scope,broad_frequency,phrase_frequency,exact_frequency,seasonality,webmaster_impressions,webmaster_clicks,serp_cohesion,target_url,url_action,priority,confidence,rationale,method,evidence,validation_status,review_status,reviewer,review_rationale
FROZEN-268E90FAC815,,frozen owner — drenazh-uchastka,в ярославле есть организация занимающаяся дренажными работами,K000279|K000436|K000479|K000480|K000819|K000889|K001079|K001164|K001165|K001166|K001167|K001168|K001169|K001170|K001171|K001172|K001173|K001174|K001175|K001176|K001177|K001178|K001179|K001180|K001181|K001182|K001183|K001184|K001185|K001186|K001187|K001188|K001189|K001190|K001191|K001192|K001193|K001194|K001195|K001196|K001197|K001198|K001199|K001200|K001201|K001202|K001203|K001204|K001205|K001206|K001207|K001208|K001209|K001210|K001211|K001212|K001213|K001214|K001215|K001216|K001217|K001218|K001219|K001220|K001221|K001222|K001223|K001224|K001225|K001253|K001509|K001578|K001689|K001700|K001745|K001746|K001757|K001759|K001767|K001828|K001927|K001929|K002569|K002570|K002715|K002732|K002869|K003172|K003259|K003265|K003508|K003675|K004851|K005625|K005652|K005753|K005915|K005945|K005946|K005957|K006033|K006086|K006087|K006092|K006098|K006101|K006102|K006284|K006301|K006412|K006413|K006414|K006415|K006501|K006512|K006513|K006525|K006526|K006527|K006528|K006529|K006554|K006564|K006565|K006589|K006590|K006680|K006681|K006750|K006751|K006752|K006760|K006769|K006777|K006790|K006840|K006841|K006842|K006843|K006850|K007008|K007097|K007098|K007199|K007216|K007240|K007251|K007273|K007274|K007275|K007522|K007571|K007630|K007639|K007720|K007795|K007796|K007797,157,frozen_collision,existing_frozen_scope,,,,not_recomputed,386,19,not_applicable,https://exp76.ru/category/drenazh-uchastka/,frozen,ready,high,Protected category 87-92 owner retained exactly; no new destination is allowed.,manual_architecture_review,protected_owner:https://exp76.ru/category/drenazh-uchastka/,architecture_reviewed,reviewed,codex-2026-08-28,Protected category 87-92 owner retained exactly; no new destination is allowed.
FROZEN-5398736839B9,,frozen owner — livnevaya-kanalizatsiya,key phrase ремонт ливневой канализации ростов,K000040|K000215|K000398|K001238|K001393|K001941|K002440|K002441|K002442|K002443|K002444|K002445|K002446|K002447|K002448|K002449|K002450|K002716|K002718|K002719|K002720|K002721|K003275|K003279|K005651|K006159|K006160|K006167|K006291|K006567|K006679|K006846|K007039|K007041|K007279|K007695,36,frozen_collision,existing_frozen_scope,,,,not_recomputed,56,5,not_applicable,https://exp76.ru/category/livnevaya-kanalizatsiya/,frozen,ready,high,Protected category 87-92 owner retained exactly; no new destination is allowed.,manual_architecture_review,protected_owner:https://exp76.ru/category/livnevaya-kanalizatsiya/,architecture_reviewed,reviewed,codex-2026-08-28,Protected category 87-92 owner retained exactly; no new destination is allowed.
FROZEN-6714C54192CE,,frozen owner — ukladka-trotuarnoy-plitki,авито углич укладка брусчатки,K000066|K000212|K000236|K000237|K000238|K000239|K000399|K000400|K000533|K000534|K000535|K000603|K000604|K001235|K001236|K001237|K001369|K001378|K001382|K001383|K001384|K001523|K001527|K001528|K001538|K001542|K001543|K001551|K001552|K001553|K001561|K001582|K001641|K001642|K001644|K001648|K001650|K001651|K001653|K001655|K001677|K001696|K001711|K001712|K001713|K001715|K001721|K001765|K001800|K001804|K001806|K001838|K001939|K002584|K002613|K002614|K002615|K002616|K002617|K002618|K002619|K002623|K002624|K002625|K002626|K002627|K002631|K002632|K002633|K002634|K002635|K002636|K002637|K002640|K002641|K002643|K002644|K002646|K002647|K002648|K002649|K002651|K002652|K002653|K002654|K002655|K002656|K002657|K002659|K002660|K002661|K002662|K002663|K002665|K002666|K002667|K002668|K002669|K002671|K002672|K002673|K002674|K002675|K002676|K002677|K002678|K002679|K002681|K002683|K002684|K002685|K002686|K002687|K002689|K002690|K002691|K002692|K002693|K002694|K002695|K002696|K002697|K002698|K002701|K002702|K002703|K002704|K002705|K002706|K002707|K002709|K002710|K002711|K002712|K002728|K002730|K002773|K002874|K003418|K004829|K004830|K004850|K004939|K004997|K004998|K004999|K005000|K005001|K005003|K005004|K005548|K005610|K005623|K005624|K005653|K005912|K005998|K005999|K006093|K006107|K006123|K006156|K006293|K006299|K006307|K006308|K006311|K006519|K006520|K006530|K006531|K006532|K006533|K006534|K006552|K006569|K006576|K006577|K006578|K006579|K006599|K006620|K006621|K006622|K006732|K006776|K006780|K006781|K006782|K006785|K006786|K006787|K006788|K006789|K006897|K006976|K006977|K006978|K007040|K007053|K007084|K007085|K007086|K007087|K007088|K007089|K007100|K007101|K007102|K007103|K007105|K007108|K007109|K007110|K007125|K007126|K007127|K007128|K007129|K007130|K007131|K007132|K007133|K007134|K007135|K007136|K007137|K007138|K007139|K007140|K007141|K007142|K007143|K007144|K007145|K007146|K007147|K007148|K007149|K007150|K007151|K007152|K007164|K007176|K007177|K007178|K007179|K007180|K007181|K007224|K007239|K007246|K007247|K007638|K007640|K007641|K007642|K007711|K007715|K007716,259,frozen_collision,existing_frozen_scope,,,,not_recomputed,436,51,not_applicable,https://exp76.ru/category/ukladka-trotuarnoy-plitki/,frozen,ready,high,Protected category 87-92 owner retained exactly; no new destination is allowed.,manual_architecture_review,protected_owner:https://exp76.ru/category/ukladka-trotuarnoy-plitki/,architecture_reviewed,reviewed,codex-2026-08-28,Protected category 87-92 owner retained exactly; no new destination is allowed.
FROZEN-7D3282BAA29C,,frozen owner — otmostka-vokrug-doma,алиса напиши типовой проект отмостки для кирпичного дома 100м2 и нахождением в г ярославль,K000104|K000154|K000155|K000326|K000541|K000787|K001377|K001379|K001556|K001611|K001658|K002741|K002742|K002743|K002746|K003385|K003394|K003395|K003396|K003397|K003398|K003399|K003400|K003401|K003402|K003403|K003404|K003405|K003406|K003407|K003408|K003409|K003410|K003411|K003412|K003413|K003414|K003415|K003416|K006088|K006103|K006105|K006165|K006426|K006427|K006428|K006429|K006430|K006514|K006515|K006516|K006539|K006540|K006541|K006570|K006571|K006572|K006711|K006754|K006757|K006761|K006762|K006770|K006912|K007048|K007287|K007332|K007635|K007636|K007643|K007742|K007798|K007799|K007800|K007802|K007803|K007804|K007806|K007814,79,frozen_collision,existing_frozen_scope,,,,not_recomputed,134,12,not_applicable,https://exp76.ru/category/otmostka-vokrug-doma/,frozen,ready,high,Protected category 87-92 owner retained exactly; no new destination is allowed.,manual_architecture_review,protected_owner:https://exp76.ru/category/otmostka-vokrug-doma/,architecture_reviewed,reviewed,codex-2026-08-28,Protected category 87-92 owner retained exactly; no new destination is allowed.
FROZEN-DED8C0F5020F,,frozen owner — osushenie-uchastka,какую иву выбрать для осушения участка,K001709|K003381|K003382|K003383|K003384|K005381|K005951|K006095|K007794|K007801,10,frozen_collision,existing_frozen_scope,,,,not_recomputed,13,2,not_applicable,https://exp76.ru/category/osushenie-uchastka/,frozen,ready,high,Protected category 87-92 owner retained exactly; no new destination is allowed.,manual_architecture_review,protected_owner:https://exp76.ru/category/osushenie-uchastka/,architecture_reviewed,reviewed,codex-2026-08-28,Protected category 87-92 owner retained exactly; no new destination is allowed.
FROZEN-F839FE6BFD56,,frozen owner — avtopoliv-na-uchastke,автоматический полив газона под ключ,K000070|K000072|K000073|K000074|K000075|K000076|K000077|K000079|K001484|K002729|K005923|K006153|K006400|K006486|K006588|K007237|K007757,17,frozen_collision,existing_frozen_scope,,,,not_recomputed,19,4,not_applicable,https://exp76.ru/category/avtopoliv-na-uchastke/,frozen,ready,high,Protected category 87-92 owner retained exactly; no new destination is allowed.,manual_architecture_review,protected_owner:https://exp76.ru/category/avtopoliv-na-uchastke/,architecture_reviewed,reviewed,codex-2026-08-28,Protected category 87-92 owner retained exactly; no new destination is allowed.
HOLD-01309573C515,S2,газон посевной купить — product_only,газон посевной купить,K000759,1,product_only,Yaroslavl_and_oblast,2,0,0,service_head_24m_dynamics_available,0,0,not_represented,,exclude,backlog,high,Product-only demand has no installation-service destination and remains excluded.,manual_architecture_review,missing_representative_serp:HOLD-01309573C515,architecture_reviewed,reviewed,codex-2026-08-28,Product-only demand has no installation-service destination and remains excluded.
HOLD-02B1313DE677,S8,купить трубу в канаву для заезда — product_only,купить трубу в канаву для заезда,K002034|K002035,1,product_only,Yaroslavl_and_oblast,36,0,0,service_head_24m_dynamics_available,0,0,not_represented,,exclude,backlog,high,Product-only demand has no installation-service destination and remains excluded.,manual_architecture_review,missing_representative_serp:HOLD-02B1313DE677,architecture_reviewed,reviewed,codex-2026-08-28,Product-only demand has no installation-service destination and remains excluded.
HOLD-07E2BACAC1EA,S1,благоустройство территории рыбинск — commercial_research,благоустройство территории рыбинск,K000035|K000036|K000037|K000080|K000081|K000107|K000177|K000180|K000182|K000183|K000184|K000186|K000187|K000189|K000190|K000192|K000193|K000194|K000195|K000196|K000197|K000198|K000199|K000200|K000202|K000203|K000204|K000207|K000208|K000214|K000217|K000220|K000221|K000538|K000539|K000899|K001861|K001873|K001888|K002145|K002150|K002151|K002152|K002153|K002154|K002156|K002157|K002327|K002328|K005631|K005916|K005925|K005989|K006106|K006274|K006275|K006276|K006296|K006303|K006372|K006373|K006517|K006518|K006663|K006666|K006799|K006946|K007538|K007572|K007589|K007791|K007792,72,commercial_research,Yaroslavl_and_oblast,308,0,0,service_head_24m_dynamics_available,103,0,not_represented,https://exp76.ru/services/,merge,ready,medium,Broad landscaping/complex-improvement demand retains the legacy /services/ owner; it must not broaden the S1 landscape-design hub.,manual_architecture_review,missing_representative_serp:HOLD-07E2BACAC1EA,architecture_reviewed,reviewed,codex-2026-08-28,Broad landscaping/complex-improvement demand retains the legacy /services/ owner; it must not broaden the S1 landscape-design hub.
HOLD-0D178048D6E9,S4,цена обрезки дерева — transactional,цена обрезки дерева,K001359|K001990|K003031|K003110|K006755|K006756|K007189|K007190|K007212|K007213|K007214|K007215|K007632|K007633,10,transactional,Yaroslavl_and_oblast,25,0,0,service_head_24m_dynamics_available,0,0,not_represented,https://exp76.ru/obrezka-derevev-i-kustarnikov/,merge,blocked_facts,medium,"Stored representative SERP supports a distinct service-page candidate. The exact offer is traceable to the current hub payload, while Task 3 case/photo mapping remains incomplete; publication is blocked on proof mapping.",manual_architecture_review,missing_representative_serp:HOLD-0D178048D6E9|business_source:ftp_dump_minimal/wp-content/themes/land76wp/content/service-v2/ukhod-za-sadom.json#seo.description+services.items[Обрезка],architecture_reviewed,reviewed,codex-2026-08-28,"Stored representative SERP supports a distinct service-page candidate. The exact offer is traceable to the current hub payload, while Task 3 case/photo mapping remains incomplete; publication is blocked on proof mapping."
HOLD-136ED0AAB28A,S4,обрезка деревьев схема — informational,обрезка деревьев схема,K001524|K001525|K001605|K001606|K002971|K002972|K003034|K003035|K003111|K003141|K003142|K006847|K006848|K006849,8,informational,Yaroslavl_and_oblast,19,0,0,service_head_24m_dynamics_available,0,0,not_represented,https://exp76.ru/obrezka-derevev-shema/,article,backlog,medium,"Informational intent stays separate from commercial pages, but no successful stored representative-query SERP exists; article is backlog pending evidence and media mapping.",manual_architecture_review,missing_representative_serp:HOLD-136ED0AAB28A,architecture_reviewed,reviewed,codex-2026-08-28,"Informational intent stays separate from commercial pages, but no successful stored representative-query SERP exists; article is backlog pending evidence and media mapping."
HOLD-15A8258BC551,S2,устройство газона схема — informational,устройство газона схема,K007268,1,informational,Yaroslavl_and_oblast,2,0,0,service_head_24m_dynamics_available,0,0,not_represented,https://exp76.ru/ustrojstvo-gazona-shema/,article,backlog,medium,"Informational intent stays separate from commercial pages, but no successful stored representative-query SERP exists; article is backlog pending evidence and media mapping.",manual_architecture_review,missing_representative_serp:HOLD-15A8258BC551,architecture_reviewed,reviewed,codex-2026-08-28,"Informational intent stays separate from commercial pages, but no successful stored representative-query SERP exists; article is backlog pending evidence and media mapping."
HOLD-182825428CBD,S2,как укладывать рулонный газон — informational,как укладывать рулонный газон,K001518|K001548|K001568|K001569|K001570|K001571|K001633|K001635|K001636|K001639|K001640|K006197|K006198|K006242|K006243|K006244,11,informational,Yaroslavl_and_oblast,16,0,0,service_head_24m_dynamics_available,1,0,not_represented,https://exp76.ru/kak-ukladyvat-rulonnyj-gazon/,article,backlog,medium,"Informational intent stays separate from commercial pages, but no successful stored representative-query SERP exists; article is backlog pending evidence and media mapping.",manual_architecture_review,missing_representative_serp:HOLD-182825428CBD,architecture_reviewed,reviewed,codex-2026-08-28,"Informational intent stays separate from commercial pages, but no successful stored representative-query SERP exists; article is backlog pending evidence and media mapping."
HOLD-1D9AC2530460,S3,схема посадки кустарников — informational,схема посадки кустарников,K002821|K002863|K002864|K006871|K006872|K006879|K006890,7,informational,Yaroslavl_and_oblast,11,0,0,service_head_24m_dynamics_available,0,0,not_represented,https://exp76.ru/normy-posadki-derevev/,merge,backlog,medium,"Informational intent stays separate from commercial pages, but no successful stored representative-query SERP exists; article is backlog pending evidence and media mapping.",manual_architecture_review,missing_representative_serp:HOLD-1D9AC2530460,architecture_reviewed,reviewed,codex-2026-08-28,"Informational intent stays separate from commercial pages, but no successful stored representative-query SERP exists; article is backlog pending evidence and media mapping."
HOLD-208FF2D300B0,S8,купить трубу для заезда через канаву — product_only,купить трубу для заезда через канаву,K002040|K002041,1,product_only,Yaroslavl_and_oblast,8,0,0,service_head_24m_dynamics_available,0,0,not_represented,,exclude,backlog,high,Product-only demand has no installation-service destination and remains excluded.,manual_architecture_review,missing_representative_serp:HOLD-208FF2D300B0,architecture_reviewed,reviewed,codex-2026-08-28,Product-only demand has no installation-service destination and remains excluded.
HOLD-23F8882D4251,S2,рулонный газон под ключ — transactional,рулонный газон под ключ,K000599|K000600|K000601|K000731|K000732|K000733|K000734|K000735|K000740|K000741|K000742|K000743|K000745|K000746|K000747|K000748|K000753|K000754|K000755|K000756|K000757|K000758|K000760|K000777|K000778|K000779|K000780|K001354|K001355|K001356|K001491|K001492|K001959|K003183|K003184|K004857|K004886|K004887|K004979|K005041|K005476|K005481|K005482|K005483|K005486|K005487|K005488|K005489|K005490|K005491|K005492|K005493|K005494|K005495|K005496|K005497|K005498|K005499|K005500|K006224|K006225|K006226|K006227|K006228|K006229|K006230|K006231|K006232|K006233|K006234|K006235|K006409|K006410|K006524|K006748|K006749|K007090|K007091|K007092|K007093|K007094|K007095|K007099|K007120|K007121|K007225|K007265|K007266,61,transactional,Yaroslavl_and_oblast,3718,0,0,service_head_24m_dynamics_available,2,0,not_represented,https://exp76.ru/services/gazon-posevnojj-i-gazon-rulonnyjj/,merge,ready,medium,Commercial intent remains with the immutable existing service hub; narrower destination is not approved without separate offer and content evidence.,manual_architecture_review,missing_representative_serp:HOLD-23F8882D4251,architecture_reviewed,reviewed,codex-2026-08-28,Commercial intent remains with the immutable existing service hub; narrower destination is not approved without separate offer and content evidence.
HOLD-28627278866D,S4,уход за гортензией в саду — commercial_research,уход за гортензией в саду,K000103|K000108|K000890|K001013|K001094|K001099|K001100|K001101|K001432|K001433|K001481|K001482|K001483|K001739|K001740|K001779|K001781|K001865|K001879|K001881|K002473|K002749|K002871|K003417|K003528|K004838|K005008|K005009|K005393|K005511|K005512|K005589|K005620|K005952|K005985|K005988|K006001|K006324|K006325|K006330|K006333|K006334|K006335|K006346|K006353|K006354|K006371|K006715|K006932|K006939|K007341|K007342|K007343|K007344|K007345|K007346|K007348|K007349|K007350|K007351|K007352|K007353|K007354|K007355|K007356|K007357|K007358|K007360|K007361|K007362|K007363|K007364|K007365|K007366|K007367|K007368|K007369|K007370|K007371|K007372|K007373|K007374|K007375|K007376|K007377|K007378|K007379|K007380|K007381|K007382|K007383|K007384|K007385|K007386|K007387|K007388|K007389|K007390|K007391|K007392|K007393|K007394|K007395|K007396|K007397|K007398|K007399|K007403|K007404|K007405|K007406|K007407|K007408|K007409|K007410|K007411|K007412|K007413|K007414|K007415|K007416|K007417|K007418|K007419|K007420|K007421|K007422|K007423|K007424|K007425|K007426|K007427|K007428|K007429|K007430|K007431|K007432|K007433|K007434|K007435|K007436|K007437|K007438|K007439|K007440|K007441|K007442|K007443|K007444|K007447|K007448|K007449|K007450|K007451|K007452|K007453|K007454|K007455|K007456|K007457|K007458|K007459|K007460|K007461|K007462|K007463|K007465|K007466|K007563|K007569|K007694|K007725|K007789,139,commercial_research,Yaroslavl_and_oblast,8698,0,0,service_head_24m_dynamics_available,2,0,not_represented,https://exp76.ru/services/ukhod-za-sadom/,merge,ready,medium,Commercial intent remains with the immutable existing service hub; narrower destination is not approved without separate offer and content evidence.,manual_architecture_review,missing_representative_serp:HOLD-28627278866D,architecture_reviewed,reviewed,codex-2026-08-28,Commercial intent remains with the immutable existing service hub; narrower destination is not approved without separate offer and content evidence.
HOLD-2BF5D16865EA,S3,купить кустарник для посадки — product_only,купить кустарник для посадки,K001241|K002003,2,product_only,Yaroslavl_and_oblast,4,0,0,service_head_24m_dynamics_available,0,0,not_represented,,exclude,backlog,high,Product-only demand has no installation-service destination and remains excluded.,manual_architecture_review,missing_representative_serp:HOLD-2BF5D16865EA,architecture_reviewed,reviewed,codex-2026-08-28,Product-only demand has no installation-service destination and remains excluded.
HOLD-2F188270E4C3,S8,купить заезд на участок — product_only,купить заезд на участок,K001280|K001992|K001993|K002038|K002039|K002042|K002043,4,product_only,Yaroslavl_and_oblast,178,0,0,service_head_24m_dynamics_available,1,0,not_represented,,exclude,backlog,high,Product-only demand has no installation-service destination and remains excluded.,manual_architecture_review,missing_representative_serp:HOLD-2F188270E4C3,architecture_reviewed,reviewed,codex-2026-08-28,Product-only demand has no installation-service destination and remains excluded.
HOLD-2F1C98E80F71,S8,как сделать заезд на участок — informational,как сделать заезд на участок,K000924|K000925|K001294|K001295|K001296|K001297|K001298|K001514|K001515|K001557|K001558|K001565|K001592|K001593|K001594|K001595|K001596|K001597|K001598,12,informational,Yaroslavl_and_oblast,83,0,0,service_head_24m_dynamics_available,0,0,not_represented,https://exp76.ru/kak-sdelat-vezd-na-uchastok-cherez-kanavu/,merge,backlog,medium,"Informational intent stays separate from commercial pages, but no successful stored representative-query SERP exists; article is backlog pending evidence and media mapping.",manual_architecture_review,missing_representative_serp:HOLD-2F1C98E80F71,architecture_reviewed,reviewed,codex-2026-08-28,"Informational intent stays separate from commercial pages, but no successful stored representative-query SERP exists; article is backlog pending evidence and media mapping."
HOLD-32452491B993,S4,как выбрать секатор для обрезки кустарников — informational,как выбрать секатор для обрезки кустарников,K001505|K001506|K001507|K001508,2,informational,Yaroslavl_and_oblast,2,0,0,service_head_24m_dynamics_available,0,0,not_represented,https://exp76.ru/obrezka-derevev-shema/,merge,backlog,medium,"Informational intent stays separate from commercial pages, but no successful stored representative-query SERP exists; article is backlog pending evidence and media mapping.",manual_architecture_review,missing_representative_serp:HOLD-32452491B993,architecture_reviewed,reviewed,codex-2026-08-28,"Informational intent stays separate from commercial pages, but no successful stored representative-query SERP exists; article is backlog pending evidence and media mapping."
HOLD-36F4098CF473,S3,купить деревья для посадки — product_only,купить деревья для посадки,K000145|K000262|K000790|K000791|K000792|K000812|K000870|K000871|K000872|K001796|K001954|K001955|K001956|K001968|K001969|K001970|K001971|K001972|K001973|K001974|K001975|K001976|K001977|K001978|K001979|K001980|K001981|K001982|K001983|K001984|K001985|K001986|K001987|K001988|K001989|K001991|K001996|K001997|K001998|K001999|K002000|K002001|K002002|K002006|K002007|K002015|K002019|K002046|K002460|K006476|K006950,43,product_only,Yaroslavl_and_oblast,3366,0,0,service_head_24m_dynamics_available,0,0,not_represented,,exclude,backlog,high,Product-only demand has no installation-service destination and remains excluded.,manual_architecture_review,missing_representative_serp:HOLD-36F4098CF473,architecture_reviewed,reviewed,codex-2026-08-28,Product-only demand has no installation-service destination and remains excluded.
HOLD-37D2E790086A,S5,участок сотки планировка — commercial_research,участок сотки планировка,K000006|K000007|K000008|K000009|K000010|K000011|K000012|K000013|K000014|K000109|K000110|K000111|K000112|K000113|K000114|K000116|K000117|K000118|K000119|K000120|K000122|K000125|K000150|K000224|K000229|K000230|K000231|K000260|K000270|K000271|K000300|K000301|K000302|K000303|K000304|K000305|K000306|K000307|K000308|K000309|K000310|K000311|K000312|K000313|K000314|K000315|K000316|K000317|K000318|K000319|K000320|K000348|K000349|K000350|K000353|K000354|K000355|K000356|K000359|K000361|K000362|K000364|K000366|K000367|K000381|K000382|K000383|K000384|K000385|K000386|K000422|K000542|K000543|K000544|K000554|K000587|K000588|K000622|K000623|K000624|K000625|K000668|K000720|K000721|K000722|K000802|K000804|K000822|K000833|K000834|K000835|K000836|K000837|K000838|K000839|K000840|K000841|K000847|K000861|K000862|K000863|K000884|K000885|K000893|K000907|K000908|K000909|K000910|K000926|K000927|K001024|K001025|K001026|K001027|K001028|K001029|K001030|K001065|K001066|K001067|K001068|K001069|K001070|K001071|K001096|K001140|K001141|K001142|K001143|K001144|K001145|K001146|K001147|K001148|K001149|K001150|K001230|K001404|K001405|K001406|K001416|K001420|K001435|K001436|K001437|K001458|K001459|K001464|K001466|K001469|K001493|K001687|K001697|K001701|K001702|K001783|K001809|K001833|K001915|K001932|K002116|K002117|K002118|K002119|K002234|K002270|K002476|K002477|K002498|K002499|K002589|K002590|K002591|K002604|K002609|K002786|K002787|K002799|K002804|K002809|K002810|K002897|K002898|K002899|K002901|K002902|K002903|K003261|K003262|K003263|K003264|K003269|K003273|K003277|K003378|K003379|K003434|K003435|K003501|K003505|K003510|K003511|K003512|K003533|K003534|K003535|K003536|K003537|K003538|K003539|K003542|K003543|K003544|K003545|K003546|K003566|K003567|K003568|K003569|K003570|K003571|K003572|K003573|K003574|K003576|K003577|K003578|K003579|K003580|K003581|K003582|K003583|K003584|K003585|K003586|K003587|K003588|K003589|K003590|K003591|K003592|K003593|K003594|K003597|K003598|K003599|K003600|K003601|K003602|K003603|K003604|K003605|K003606|K003609|K003610|K003611|K003612|K003613|K003614|K003615|K003616|K003617|K003618|K003619|K003620|K003632|K003633|K003634|K003637|K003638|K003639|K003640|K003641|K003642|K003643|K003644|K003645|K003646|K003647|K003648|K003649|K003650|K003651|K003652|K003653|K003654|K003655|K003656|K003657|K003658|K003659|K003660|K003661|K003662|K003663|K003664|K003665|K003666|K003667|K003668|K003669|K003670|K003671|K003672|K003673|K003674|K003676|K003677|K003678|K003679|K003680|K003681|K003682|K003683|K003684|K003685|K003686|K003687|K003696|K003697|K003698|K003699|K003702|K003703|K003704|K003705|K003706|K003707|K003708|K003709|K003710|K003711|K003712|K003713|K003714|K003715|K003716|K003717|K003718|K003719|K003720|K003721|K003722|K003723|K003724|K003725|K003726|K003727|K003728|K003729|K003730|K003731|K003732|K003733|K003734|K003735|K003736|K003737|K003738|K003739|K003741|K003742|K003743|K003744|K003745|K003748|K003749|K003750|K003751|K003752|K003753|K003754|K003755|K003756|K003757|K003781|K003782|K003783|K003784|K003785|K003786|K003787|K003788|K003789|K003790|K003791|K003792|K003793|K003794|K003795|K003796|K003797|K003798|K003799|K003800|K003801|K003802|K003803|K003804|K003809|K003810|K003811|K003812|K003813|K003814|K003815|K003816|K003817|K003818|K003819|K003820|K003821|K003822|K003823|K003824|K003825|K003826|K003827|K003829|K003830|K003831|K003832|K003833|K003834|K003835|K003836|K003839|K003841|K003842|K003843|K003844|K003845|K003846|K003847|K003848|K003849|K003850|K003851|K003852|K003855|K003856|K003857|K003858|K003859|K003860|K003861|K003862|K003863|K003864|K003865|K003866|K003867|K003868|K003869|K003871|K003872|K003873|K003874|K003875|K003876|K003877|K003878|K003879|K003880|K003881|K003882|K003883|K003884|K003885|K003886|K003887|K003888|K003889|K003890|K003891|K003892|K003893|K003894|K003895|K003896|K003897|K003901|K003902|K003903|K003905|K003907|K003908|K003909|K003910|K003911|K003912|K003915|K003916|K003917|K003918|K003919|K003920|K003921|K003938|K003950|K003951|K003952|K003953|K004010|K004011|K004012|K004021|K004022|K004023|K004024|K004025|K004026|K004027|K004028|K004029|K004030|K004031|K004032|K004033|K004034|K004035|K004036|K004037|K004038|K004039|K004040|K004045|K004046|K004047|K004048|K004049|K004050|K004051|K004052|K004053|K004054|K004055|K004056|K004057|K004058|K004059|K004060|K004061|K004062|K004063|K004064|K004065|K004066|K004067|K004068|K004069|K004070|K004071|K004072|K004073|K004074|K004075|K004076|K004077|K004078|K004079|K004081|K004083|K004084|K004085|K004086|K004087|K004088|K004089|K004090|K004091|K004092|K004093|K004094|K004095|K004096|K004097|K004098|K004099|K004100|K004101|K004104|K004105|K004106|K004107|K004108|K004109|K004110|K004111|K004112|K004114|K004115|K004116|K004117|K004118|K004119|K004120|K004121|K004122|K004123|K004124|K004125|K004126|K004127|K004128|K004129|K004130|K004131|K004132|K004133|K004135|K004136|K004137|K004138|K004139|K004140|K004141|K004142|K004143|K004144|K004145|K004146|K004147|K004148|K004149|K004150|K004151|K004152|K004153|K004154|K004155|K004156|K004157|K004158|K004159|K004160|K004161|K004162|K004163|K004164|K004165|K004166|K004167|K004168|K004169|K004170|K004171|K004172|K004173|K004174|K004175|K004176|K004177|K004178|K004179|K004181|K004182|K004183|K004184|K004185|K004186|K004187|K004188|K004189|K004190|K004191|K004192|K004193|K004194|K004195|K004196|K004197|K004198|K004199|K004200|K004201|K004202|K004203|K004204|K004205|K004206|K004207|K004208|K004209|K004210|K004211|K004212|K004213|K004214|K004215|K004216|K004217|K004218|K004219|K004220|K004221|K004222|K004223|K004224|K004225|K004226|K004227|K004228|K004229|K004230|K004231|K004232|K004233|K004234|K004235|K004236|K004237|K004238|K004239|K004240|K004241|K004242|K004244|K004245|K004246|K004247|K004248|K004249|K004250|K004251|K004252|K004253|K004254|K004255|K004256|K004257|K004258|K004260|K004261|K004262|K004263|K004264|K004265|K004266|K004267|K004268|K004269|K004270|K004271|K004272|K004273|K004274|K004275|K004276|K004277|K004278|K004279|K004280|K004281|K004282|K004283|K004284|K004286|K004287|K004288|K004289|K004290|K004291|K004292|K004293|K004294|K004295|K004296|K004297|K004298|K004299|K004300|K004301|K004302|K004303|K004304|K004305|K004307|K004308|K004309|K004310|K004311|K004312|K004313|K004314|K004315|K004316|K004317|K004318|K004319|K004320|K004321|K004322|K004323|K004324|K004325|K004326|K004327|K004328|K004329|K004330|K004331|K004332|K004333|K004334|K004335|K004336|K004337|K004338|K004339|K004340|K004343|K004344|K004345|K004346|K004347|K004348|K004349|K004350|K004351|K004352|K004353|K004354|K004355|K004356|K004357|K004358|K004359|K004360|K004361|K004362|K004363|K004364|K004365|K004366|K004367|K004368|K004369|K004370|K004371|K004372|K004373|K004374|K004375|K004376|K004377|K004378|K004379|K004380|K004381|K004382|K004383|K004384|K004385|K004386|K004387|K004388|K004389|K004390|K004391|K004392|K004393|K004394|K004395|K004396|K004399|K004400|K004401|K004402|K004403|K004404|K004405|K004406|K004407|K004408|K004409|K004410|K004411|K004412|K004413|K004414|K004415|K004416|K004417|K004418|K004419|K004420|K004421|K004422|K004423|K004424|K004425|K004426|K004427|K004428|K004429|K004430|K004431|K004432|K004433|K004434|K004435|K004436|K004437|K004438|K004439|K004440|K004441|K004442|K004443|K004444|K004445|K004446|K004447|K004448|K004449|K004450|K004451|K004452|K004453|K004454|K004455|K004456|K004457|K004460|K004461|K004462|K004463|K004464|K004465|K004466|K004467|K004468|K004469|K004470|K004471|K004472|K004473|K004474|K004475|K004476|K004477|K004478|K004479|K004480|K004481|K004482|K004483|K004484|K004485|K004486|K004487|K004488|K004489|K004490|K004491|K004492|K004493|K004494|K004495|K004496|K004497|K004498|K004499|K004500|K004501|K004502|K004503|K004504|K004505|K004506|K004507|K004508|K004509|K004510|K004511|K004513|K004514|K004515|K004516|K004517|K004518|K004519|K004520|K004521|K004522|K004523|K004524|K004525|K004526|K004527|K004528|K004529|K004530|K004531|K004532|K004533|K004534|K004535|K004536|K004537|K004538|K004539|K004540|K004541|K004542|K004543|K004544|K004547|K004548|K004549|K004550|K004551|K004552|K004553|K004554|K004555|K004556|K004557|K004558|K004559|K004561|K004562|K004563|K004565|K004566|K004570|K004571|K004572|K004573|K004574|K004575|K004576|K004577|K004578|K004579|K004580|K004581|K004582|K004583|K004584|K004585|K004586|K004587|K004588|K004589|K004590|K004591|K004592|K004593|K004594|K004595|K004596|K004597|K004598|K004599|K004600|K004601|K004602|K004603|K004604|K004605|K004606|K004607|K004608|K004609|K004610|K004611|K004612|K004613|K004614|K004617|K004618|K004620|K004621|K004622|K004623|K004624|K004625|K004626|K004627|K004628|K004629|K004630|K004631|K004632|K004633|K004634|K004635|K004636|K004637|K004638|K004639|K004640|K004641|K004642|K004643|K004644|K004645|K004646|K004647|K004648|K004649|K004650|K004651|K004652|K004653|K004654|K004655|K004656|K004657|K004658|K004659|K004660|K004661|K004662|K004663|K004664|K004665|K004666|K004667|K004668|K004669|K004670|K004671|K004672|K004673|K004674|K004675|K004676|K004677|K004678|K004682|K004683|K004684|K004685|K004686|K004687|K004688|K004689|K004690|K004691|K004692|K004693|K004694|K004695|K004696|K004697|K004698|K004699|K004700|K004701|K004702|K004703|K004709|K004712|K004713|K004714|K004715|K004717|K004721|K004722|K004723|K004724|K004725|K004728|K004729|K004730|K004731|K004732|K004733|K004734|K004735|K004736|K004737|K004738|K004739|K004740|K004741|K004742|K004743|K004744|K004753|K004754|K004755|K004756|K004757|K004758|K004759|K004760|K004761|K004762|K004763|K004764|K004765|K004766|K004767|K004773|K004774|K004775|K004776|K004777|K004780|K004781|K004783|K004784|K004785|K004786|K004788|K004789|K004790|K004791|K004792|K004793|K004794|K004795|K004796|K004797|K004798|K004799|K004800|K004801|K004802|K004803|K004804|K004805|K004806|K004807|K004808|K004809|K004810|K004811|K004812|K004813|K004814|K004817|K004818|K004819|K004820|K004821|K004822|K004823|K004824|K004825|K005014|K005510|K005556|K005557|K005588|K005590|K005591|K005592|K005593|K005594|K005595|K005596|K005643|K005644|K005645|K005646|K005647|K005648|K005649|K005650|K005658|K005659|K005660|K005661|K005662|K005663|K005664|K005665|K005666|K005667|K005668|K005669|K005670|K005671|K005672|K005677|K005690|K005701|K005702|K005703|K005704|K005705|K005706|K005707|K005708|K005709|K005710|K005711|K005712|K005713|K005714|K005720|K005721|K005722|K005723|K005724|K005725|K005726|K005727|K005728|K005729|K005730|K005732|K005735|K005750|K005770|K005771|K005772|K005773|K005774|K005789|K005797|K005901|K005902|K005903|K005904|K005905|K005906|K005917|K005929|K005930|K005931|K005934|K005949|K005950|K005961|K005962|K005963|K005964|K005965|K005995|K006024|K006025|K006029|K006110|K006127|K006128|K006129|K006130|K006131|K006135|K006271|K006272|K006321|K006326|K006327|K006328|K006369|K006370|K006397|K006431|K006433|K006434|K006435|K006436|K006477|K006488|K006489|K006490|K006491|K006493|K006494|K006495|K006496|K006497|K006499|K006510|K006511|K006542|K006543|K006544|K006545|K006573|K006591|K006619|K006635|K006645|K006650|K006651|K006652|K006929|K006930|K006931|K006936|K006940|K006941|K006943|K006947|K006957|K006958|K006960|K006961|K006962|K006963|K006968|K006973|K006974|K007056|K007057|K007063|K007076|K007078|K007079|K007080|K007081|K007082|K007156|K007468|K007469|K007470|K007471|K007472|K007473|K007474|K007475|K007476|K007477|K007478|K007479|K007480|K007481|K007482|K007483|K007484|K007485|K007486|K007487|K007488|K007489|K007490|K007491|K007492|K007493|K007494|K007495|K007496|K007497|K007498|K007499|K007500|K007501|K007502|K007503|K007504|K007505|K007506|K007507|K007508|K007509|K007510|K007511|K007512|K007513|K007514|K007515|K007516|K007517|K007518|K007519|K007520|K007521|K007523|K007524|K007525|K007526|K007527|K007528|K007529|K007530|K007531|K007532|K007533|K007534|K007535|K007536|K007537|K007539|K007540|K007541|K007550|K007551|K007552|K007555|K007556|K007557|K007558|K007559|K007560|K007561|K007562|K007590|K007599|K007600|K007601|K007602|K007603|K007615|K007618|K007652|K007689|K007690|K007693|K007697|K007698|K007705|K007706|K007709|K007710|K007721|K007745|K007771|K007780|K007782|K007808|K007809,978,commercial_research,Yaroslavl_and_oblast,138459,0,0,service_head_24m_dynamics_available,30,0,not_represented,https://exp76.ru/services/planirovka-territorii/,merge,ready,medium,Commercial intent remains with the immutable existing service hub; narrower destination is not approved without separate offer and content evidence.,manual_architecture_review,missing_representative_serp:HOLD-37D2E790086A,architecture_reviewed,reviewed,codex-2026-08-28,Commercial intent remains with the immutable existing service hub; narrower destination is not approved without separate offer and content evidence.
HOLD-38F85CB02478,S2,натуральный рулонный газон — commercial_research,натуральный рулонный газон,K000053|K000707|K000725|K000727|K000728|K000729|K000730|K000763|K000764|K000765|K000766|K000767|K000772|K000773|K000781|K000782|K001794|K001795|K002700|K002731|K002748|K002793|K002794|K003266|K003267|K003504|K004869|K004882|K004883|K004976|K005395|K005532|K005738|K006182|K006183|K006184|K006185|K006188|K006189|K006193|K006195|K006196|K006199|K006212|K006213|K006214|K006216|K006217|K006218|K006220|K006221|K006222|K006223|K006236|K006237|K006238|K006239|K006241|K006245|K006246|K006247|K006248|K006249|K006250|K006261|K006263|K006264|K006265|K006266|K006267|K006278|K006292|K006310|K006367|K006504|K006505|K006535|K006536|K006556|K006557|K006558|K006559|K006560|K006561|K006563|K006581|K006582|K006951|K006952|K006953|K007051|K007066|K007118|K007623|K007624|K007687|K007718|K007719,72,commercial_research,Yaroslavl_and_oblast,195,0,0,service_head_24m_dynamics_available,18,0,not_represented,https://exp76.ru/rulonnyj-gazon-pod-kljuch/,merge,blocked_facts,medium,"Stored representative SERP supports a distinct service-page candidate. The exact offer is traceable to the current hub payload, while Task 3 case/photo mapping remains incomplete; publication is blocked on proof mapping.",manual_architecture_review,missing_representative_serp:HOLD-38F85CB02478|business_source:ftp_dump_minimal/wp-content/themes/land76wp/content/service-v2/gazon-posevnojj-i-gazon-rulonnyjj.json#services.items[Рулонный газон],architecture_reviewed,reviewed,codex-2026-08-28,"Stored representative SERP supports a distinct service-page candidate. The exact offer is traceable to the current hub payload, while Task 3 case/photo mapping remains incomplete; publication is blocked on proof mapping."
HOLD-40520549FE6A,S1,магазин ландшафтного дизайна рыбинск — product_only,магазин ландшафтного дизайна рыбинск,K002509,1,product_only,Yaroslavl_and_oblast,0,0,0,service_head_24m_dynamics_available,1,0,not_represented,,exclude,backlog,high,Product-only demand has no installation-service destination and remains excluded.,manual_architecture_review,missing_representative_serp:HOLD-40520549FE6A,architecture_reviewed,reviewed,codex-2026-08-28,Product-only demand has no installation-service destination and remains excluded.
HOLD-448EB54B315D,S1,рассчитать стоимость благоустройства — transactional,рассчитать стоимость благоустройства,K006084|K006739|K006747|K006767,4,transactional,Yaroslavl_and_oblast,0,0,0,service_head_24m_dynamics_available,4,0,not_represented,https://exp76.ru/services/,merge,ready,medium,Broad landscaping/complex-improvement demand retains the legacy /services/ owner; it must not broaden the S1 landscape-design hub.,manual_architecture_review,missing_representative_serp:HOLD-448EB54B315D,architecture_reviewed,reviewed,codex-2026-08-28,Broad landscaping/complex-improvement demand retains the legacy /services/ owner; it must not broaden the S1 landscape-design hub.
HOLD-4E5B4B602503,S5,выровнять участок на даче ярославль — commercial_research,выровнять участок на даче ярославль,K000672|K000673|K000696|K000698|K000699|K004890|K004891|K004892|K004893,9,commercial_research,Yaroslavl_and_oblast,0,0,0,service_head_24m_dynamics_available,8,0,not_represented,https://exp76.ru/vyravnivanie-uchastka/,merge,blocked_facts,medium,"Stored representative SERP supports a distinct service-page candidate. The exact offer is traceable to the current hub payload, while Task 3 case/photo mapping remains incomplete; publication is blocked on proof mapping.",manual_architecture_review,missing_representative_serp:HOLD-4E5B4B602503|business_source:ftp_dump_minimal/wp-content/themes/land76wp/content/service-v2/planirovka-territorii.json#intro+services.items[Выравнивание],architecture_reviewed,reviewed,codex-2026-08-28,"Stored representative SERP supports a distinct service-page candidate. The exact offer is traceable to the current hub payload, while Task 3 case/photo mapping remains incomplete; publication is blocked on proof mapping."
HOLD-505521C7EF8C,S1,как рассчитать стоимость благоустройства са сотку — informational,как рассчитать стоимость благоустройства са сотку,K001576,1,informational,Yaroslavl_and_oblast,0,0,0,service_head_24m_dynamics_available,1,0,not_represented,https://exp76.ru/kak-rasschitat-stoimost-blagoustrojstva-sa-sotku/,article,backlog,medium,"Informational intent stays separate from commercial pages, but no successful stored representative-query SERP exists; article is backlog pending evidence and media mapping.",manual_architecture_review,missing_representative_serp:HOLD-505521C7EF8C,architecture_reviewed,reviewed,codex-2026-08-28,"Informational intent stays separate from commercial pages, but no successful stored representative-query SERP exists; article is backlog pending evidence and media mapping."
HOLD-544177B45D38,S6,как залить подпорную стенку из бетона — informational,как залить подпорную стенку из бетона,K001520,1,informational,Yaroslavl_and_oblast,1,0,0,service_head_24m_dynamics_available,0,0,not_represented,https://exp76.ru/podpornaya-stenka-na-uchastke-svoimi-rukami/,merge,backlog,medium,"Informational intent stays separate from commercial pages, but no successful stored representative-query SERP exists; article is backlog pending evidence and media mapping.",manual_architecture_review,missing_representative_serp:HOLD-544177B45D38,architecture_reviewed,reviewed,codex-2026-08-28,"Informational intent stays separate from commercial pages, but no successful stored representative-query SERP exists; article is backlog pending evidence and media mapping."
HOLD-5740939AB97F,S7,магазин ландшафтного освещения — product_only,магазин ландшафтного освещения,K002510,1,product_only,Yaroslavl_and_oblast,1,0,0,service_head_24m_dynamics_available,0,0,not_represented,,exclude,backlog,high,Product-only demand has no installation-service destination and remains excluded.,manual_architecture_review,missing_representative_serp:HOLD-5740939AB97F,architecture_reviewed,reviewed,codex-2026-08-28,Product-only demand has no installation-service destination and remains excluded.
HOLD-5A855707AEC1,S7,подсветка участка своими руками — informational,подсветка участка своими руками,K004967|K004968,1,informational,Yaroslavl_and_oblast,1,0,0,service_head_24m_dynamics_available,0,0,not_represented,https://exp76.ru/kak-sdelat-osveschenie-na-uchastke/,merge,backlog,medium,"Informational intent stays separate from commercial pages, but no successful stored representative-query SERP exists; article is backlog pending evidence and media mapping.",manual_architecture_review,missing_representative_serp:HOLD-5A855707AEC1,architecture_reviewed,reviewed,codex-2026-08-28,"Informational intent stays separate from commercial pages, but no successful stored representative-query SERP exists; article is backlog pending evidence and media mapping."
HOLD-5B52CBB329C4,S8,как сделать въезд на участок — informational,как сделать въезд на участок,K000469|K000470|K000492|K001529|K001530|K001539|K001540|K001541|K001562|K001584|K001585|K001586|K001587|K001643|K006401,11,informational,Yaroslavl_and_oblast,35,0,0,service_head_24m_dynamics_available,1,0,not_represented,https://exp76.ru/kak-sdelat-vezd-na-uchastok-cherez-kanavu/,merge,backlog,medium,"Informational intent stays separate from commercial pages, but no successful stored representative-query SERP exists; article is backlog pending evidence and media mapping.",manual_architecture_review,missing_representative_serp:HOLD-5B52CBB329C4,architecture_reviewed,reviewed,codex-2026-08-28,"Informational intent stays separate from commercial pages, but no successful stored representative-query SERP exists; article is backlog pending evidence and media mapping."
HOLD-6179B3D98517,S6,устройство подпорной стенки на участке — transactional,устройство подпорной стенки на участке,K007290,1,transactional,Russia_discovery_only,34,0,0,service_head_24m_dynamics_available,0,0,not_represented,https://exp76.ru/services/podpornye-stenki/,merge,ready,medium,Commercial intent remains with the immutable existing service hub; narrower destination is not approved without separate offer and content evidence.,manual_architecture_review,missing_representative_serp:HOLD-6179B3D98517,architecture_reviewed,reviewed,codex-2026-08-28,Commercial intent remains with the immutable existing service hub; narrower destination is not approved without separate offer and content evidence.
HOLD-630573F85F65,S7,ландшафтное освещение светильники — commercial_research,ландшафтное освещение светильники,K002127|K002128|K002129|K002130|K002131|K002132|K002133|K002134|K002135|K002136|K002137|K002138,9,commercial_research,Yaroslavl_and_oblast,10,0,0,service_head_24m_dynamics_available,0,0,not_represented,,exclude,backlog,medium,The head query explicitly targets lighting fixtures and has no successful representative SERP; product demand is excluded.,manual_architecture_review,missing_representative_serp:HOLD-630573F85F65|query_form:product_lighting_fixtures,architecture_reviewed,reviewed,codex-2026-08-28,The head query explicitly targets lighting fixtures and has no successful representative SERP; product demand is excluded.
HOLD-69BD3745F445,S8,обустройство въезда на участок через канаву под ключ — transactional,обустройство въезда на участок через канаву под ключ,K001442|K003180|K003181|K003281|K006664|K006665|K007007,7,transactional,Yaroslavl_and_oblast,0,0,0,service_head_24m_dynamics_available,9,0,not_represented,https://exp76.ru/services/vezd-zaezd-na-uchastok-cherez-kanavu-pod-kljuch/,merge,ready,medium,Commercial intent remains with the immutable existing service hub; narrower destination is not approved without separate offer and content evidence.,manual_architecture_review,missing_representative_serp:HOLD-69BD3745F445,architecture_reviewed,reviewed,codex-2026-08-28,Commercial intent remains with the immutable existing service hub; narrower destination is not approved without separate offer and content evidence.
HOLD-6AE9AB011A17,S3,услуги посадки деревьев — transactional,услуги посадки деревьев,K001357|K005027|K005213|K005298|K006765|K006775|K007220|K007227|K007228|K007272,9,transactional,Yaroslavl_and_oblast,314,0,0,service_head_24m_dynamics_available,0,0,not_represented,https://exp76.ru/services/posadka-derevev-i-kustarnikov/,merge,ready,medium,Commercial intent remains with the immutable existing service hub; narrower destination is not approved without separate offer and content evidence.,manual_architecture_review,missing_representative_serp:HOLD-6AE9AB011A17,architecture_reviewed,reviewed,codex-2026-08-28,Commercial intent remains with the immutable existing service hub; narrower destination is not approved without separate offer and content evidence.
HOLD-6C8BD897EC93,S8,заезд на участок через канаву — commercial_research,заезд на участок через канаву,K000167|K001261|K001265|K001266|K001267|K001268|K001303|K001304|K001333|K001335|K001336|K001341|K005617|K005618|K006419|K006420|K006580|K007005|K007006|K007009|K007010|K007012|K007013,15,commercial_research,Yaroslavl_and_oblast,208,0,0,service_head_24m_dynamics_available,3,0,not_represented,https://exp76.ru/services/vezd-zaezd-na-uchastok-cherez-kanavu-pod-kljuch/,merge,ready,medium,Commercial intent remains with the immutable existing service hub; narrower destination is not approved without separate offer and content evidence.,manual_architecture_review,missing_representative_serp:HOLD-6C8BD897EC93,architecture_reviewed,reviewed,codex-2026-08-28,Commercial intent remains with the immutable existing service hub; narrower destination is not approved without separate offer and content evidence.
HOLD-70212404217F,S6,подпорная стенка на участке своими руками — informational,подпорная стенка на участке своими руками,K001555|K001618|K001619|K001620|K004930|K004931|K004932|K004933,4,informational,Yaroslavl_and_oblast,780,0,0,service_head_24m_dynamics_available,0,0,not_represented,https://exp76.ru/podpornaya-stenka-na-uchastke-svoimi-rukami/,article,backlog,medium,"Informational intent stays separate from commercial pages, but no successful stored representative-query SERP exists; article is backlog pending evidence and media mapping.",manual_architecture_review,missing_representative_serp:HOLD-70212404217F,architecture_reviewed,reviewed,codex-2026-08-28,"Informational intent stays separate from commercial pages, but no successful stored representative-query SERP exists; article is backlog pending evidence and media mapping."
HOLD-72FBB49E67C8,S1,как рассчитать инженерное благоустройство участка — informational,как рассчитать инженерное благоустройство участка,K001512|K001575,2,informational,Yaroslavl_and_oblast,0,0,0,service_head_24m_dynamics_available,1,0,not_represented,https://exp76.ru/kak-rasschitat-inzhenernoe-blagoustrojstvo-uchastka/,article,backlog,medium,"Informational intent stays separate from commercial pages, but no successful stored representative-query SERP exists; article is backlog pending evidence and media mapping.",manual_architecture_review,missing_representative_serp:HOLD-72FBB49E67C8,architecture_reviewed,reviewed,codex-2026-08-28,"Informational intent stays separate from commercial pages, but no successful stored representative-query SERP exists; article is backlog pending evidence and media mapping."
HOLD-74B3B2B18DA4,S5,выравнивание участка своими руками — informational,выравнивание участка своими руками,K000594|K000609|K000610|K001591,3,informational,Yaroslavl_and_oblast,19,0,0,service_head_24m_dynamics_available,0,0,not_represented,https://exp76.ru/vyravnivanie-uchastka-svoimi-rukami/,article,backlog,medium,"Informational intent stays separate from commercial pages, but no successful stored representative-query SERP exists; article is backlog pending evidence and media mapping.",manual_architecture_review,missing_representative_serp:HOLD-74B3B2B18DA4,architecture_reviewed,reviewed,codex-2026-08-28,"Informational intent stays separate from commercial pages, but no successful stored representative-query SERP exists; article is backlog pending evidence and media mapping."
HOLD-81D00C204EE9,S1,благоустройство частной территории услуги — transactional,благоустройство частной территории услуги,K000185|K000191|K000205|K000219|K001349|K002146|K006090|K006314|K006315|K006316|K006802|K007207|K007232,13,transactional,Yaroslavl_and_oblast,0,0,0,service_head_24m_dynamics_available,14,0,not_represented,https://exp76.ru/services/,merge,ready,medium,Broad landscaping/complex-improvement demand retains the legacy /services/ owner; it must not broaden the S1 landscape-design hub.,manual_architecture_review,missing_representative_serp:HOLD-81D00C204EE9,architecture_reviewed,reviewed,codex-2026-08-28,Broad landscaping/complex-improvement demand retains the legacy /services/ owner; it must not broaden the S1 landscape-design hub.
HOLD-86F8E876B7EA,S8,труба в канаву для заезда на участок — commercial_research,труба в канаву для заезда на участок,K000842|K001249|K005005|K006985|K006986|K006987|K006988|K006989|K006990|K006993|K007014|K007015|K007248,11,commercial_research,Yaroslavl_and_oblast,78,0,0,service_head_24m_dynamics_available,3,0,not_represented,https://exp76.ru/services/vezd-zaezd-na-uchastok-cherez-kanavu-pod-kljuch/,merge,ready,medium,Commercial intent remains with the immutable existing service hub; narrower destination is not approved without separate offer and content evidence.,manual_architecture_review,missing_representative_serp:HOLD-86F8E876B7EA,architecture_reviewed,reviewed,codex-2026-08-28,Commercial intent remains with the immutable existing service hub; narrower destination is not approved without separate offer and content evidence.
HOLD-89A4E8CC1C19,S2,цена газона рулонного рыбинск — transactional,цена газона рулонного рыбинск,K007629,1,transactional,Yaroslavl_and_oblast,0,0,0,service_head_24m_dynamics_available,1,0,not_represented,https://exp76.ru/rulonnyj-gazon-pod-kljuch/,merge,blocked_facts,medium,"Stored representative SERP supports a distinct service-page candidate. The exact offer is traceable to the current hub payload, while Task 3 case/photo mapping remains incomplete; publication is blocked on proof mapping.",manual_architecture_review,missing_representative_serp:HOLD-89A4E8CC1C19|business_source:ftp_dump_minimal/wp-content/themes/land76wp/content/service-v2/gazon-posevnojj-i-gazon-rulonnyjj.json#services.items[Рулонный газон],architecture_reviewed,reviewed,codex-2026-08-28,"Stored representative SERP supports a distinct service-page candidate. The exact offer is traceable to the current hub payload, while Task 3 case/photo mapping remains incomplete; publication is blocked on proof mapping."
HOLD-915B86D6B9ED,S5,планировка участка стоимость — transactional,планировка участка стоимость,K000365|K000370|K001364|K002605|K002606|K003423|K003424|K003540|K003541|K003740|K003746|K003747|K004082|K004397|K004398|K004512|K004564|K004567|K004568|K004569|K004619|K004704|K004705|K004706|K004707|K004708|K004718|K004719|K004720|K004726|K004727|K004747|K004748|K004749|K004750|K004751|K004752|K004778|K004787|K005626|K006437|K006438|K006546|K006547|K006548|K006549|K006550|K006551|K006758|K006759|K006773|K006774|K006964|K007204|K007205|K007217|K007218|K007219|K007233|K007234,44,transactional,Yaroslavl_and_oblast,1037,0,0,service_head_24m_dynamics_available,3,0,not_represented,https://exp76.ru/services/planirovka-territorii/,merge,ready,medium,Commercial intent remains with the immutable existing service hub; narrower destination is not approved without separate offer and content evidence.,manual_architecture_review,missing_representative_serp:HOLD-915B86D6B9ED,architecture_reviewed,reviewed,codex-2026-08-28,Commercial intent remains with the immutable existing service hub; narrower destination is not approved without separate offer and content evidence.
HOLD-94EF07DDD02E,S1,благоустройство участка дома проекты — commercial_research,благоустройство участка дома проекты,K000048|K000210|K000211|K000945|K001389|K005741|K005742|K005746|K005747|K005748|K005749|K006082|K006109|K006733|K006812|K006925|K006926|K007644,16,commercial_research,Yaroslavl_and_oblast,2,0,0,service_head_24m_dynamics_available,11,0,not_represented,https://exp76.ru/services/landshaftnoe-proektirovanie/,merge,ready,medium,Commercial intent remains with the immutable existing service hub; narrower destination is not approved without separate offer and content evidence.,manual_architecture_review,missing_representative_serp:HOLD-94EF07DDD02E,architecture_reviewed,reviewed,codex-2026-08-28,Commercial intent remains with the immutable existing service hub; narrower destination is not approved without separate offer and content evidence.
HOLD-95F8CF43A6E3,S8,въезд на участок купить — product_only,въезд на участок купить,K000456|K000457|K001953|K002036|K002037,3,product_only,Yaroslavl_and_oblast,56,0,0,service_head_24m_dynamics_available,0,0,not_represented,,exclude,backlog,high,Product-only demand has no installation-service destination and remains excluded.,manual_architecture_review,missing_representative_serp:HOLD-95F8CF43A6E3,architecture_reviewed,reviewed,codex-2026-08-28,Product-only demand has no installation-service destination and remains excluded.
HOLD-973F3BFE6409,S2,устройства газон некст — commercial_research,устройства газон некст,K001668|K004980|K006945|K007054|K007249,5,commercial_research,Yaroslavl_and_oblast,9,0,0,service_head_24m_dynamics_available,4,0,not_represented,https://exp76.ru/services/gazon-posevnojj-i-gazon-rulonnyjj/,merge,ready,medium,Commercial intent remains with the immutable existing service hub; narrower destination is not approved without separate offer and content evidence.,manual_architecture_review,missing_representative_serp:HOLD-973F3BFE6409,architecture_reviewed,reviewed,codex-2026-08-28,Commercial intent remains with the immutable existing service hub; narrower destination is not approved without separate offer and content evidence.
HOLD-9CF4ABC55090,S1,дизайн проект участка своими руками — informational,дизайн проект участка своими руками,K001053|K001054,1,informational,Yaroslavl_and_oblast,1,0,0,service_head_24m_dynamics_available,0,0,not_represented,https://exp76.ru/dizajn-proekt-uchastka-svoimi-rukami/,article,backlog,medium,"Informational intent stays separate from commercial pages, but no successful stored representative-query SERP exists; article is backlog pending evidence and media mapping.",manual_architecture_review,missing_representative_serp:HOLD-9CF4ABC55090,architecture_reviewed,reviewed,codex-2026-08-28,"Informational intent stays separate from commercial pages, but no successful stored representative-query SERP exists; article is backlog pending evidence and media mapping."
HOLD-9DDC73BD2CD3,S1,ландшафтный дизайн дачного участка — commercial_research,ландшафтный дизайн дачного участка,K000152|K000153|K000290|K000291|K000293|K000294|K000377|K000439|K000891|K000892|K001016|K001017|K001018|K001428|K001429|K001438|K001439|K001460|K001461|K001462|K001463|K001884|K001885|K001886|K001887|K001920|K001925|K002161|K002162|K002163|K002164|K002165|K002166|K002167|K002168|K002169|K002170|K002171|K002172|K002173|K002174|K002175|K002176|K002177|K002178|K002179|K002180|K002181|K002182|K002183|K002184|K002185|K002186|K002187|K002188|K002189|K002190|K002191|K002192|K002193|K002194|K002195|K002196|K002197|K002198|K002199|K002200|K002201|K002202|K002203|K002204|K002205|K002206|K002207|K002208|K002209|K002210|K002211|K002212|K002215|K002216|K002217|K002218|K002219|K002220|K002221|K002222|K002223|K002224|K002225|K002226|K002227|K002228|K002229|K002230|K002231|K002232|K002233|K002238|K002239|K002245|K002246|K002247|K002248|K002251|K002252|K002253|K002254|K002255|K002258|K002259|K002260|K002261|K002262|K002263|K002264|K002265|K002266|K002267|K002268|K002269|K002271|K002272|K002273|K002274|K002275|K002276|K002277|K002278|K002279|K002280|K002281|K002282|K002283|K002284|K002285|K002286|K002287|K002288|K002290|K002291|K002292|K002293|K002295|K002296|K002297|K002298|K002299|K002300|K002301|K002302|K002303|K002304|K002305|K002306|K002307|K002308|K002309|K002310|K002311|K002312|K002313|K002314|K002315|K002316|K002317|K002318|K002319|K002320|K002323|K002324|K002325|K002326|K002329|K002330|K002331|K002332|K002333|K002334|K002335|K002336|K002337|K002338|K002339|K002340|K002341|K002342|K002343|K002344|K002345|K002346|K002347|K002348|K002349|K002350|K002351|K002352|K002353|K002354|K002355|K002356|K002357|K002358|K002359|K002360|K002361|K002362|K002363|K002368|K002369|K002370|K002371|K002372|K002373|K002374|K002375|K002376|K002377|K002378|K002379|K002380|K002381|K002382|K002383|K002384|K002385|K002386|K002387|K002388|K002389|K002390|K002393|K002394|K002395|K002396|K002398|K002400|K002401|K002505|K002529|K002530|K002807|K002808|K003209|K003376|K003377|K005619|K005654|K005655|K005656|K005657|K005691|K005692|K005693|K005694|K005695|K005696|K005697|K005698|K005699|K005700|K005715|K005716|K005717|K005718|K005719|K005733|K005734|K005757|K005758|K005759|K005760|K005932|K005933|K005959|K005960|K006288|K006289|K006487|K006492|K006498|K006642|K006643|K006644|K006648|K006649|K006653|K006661|K006662|K006736|K006737|K006913|K006914|K006915|K006916|K007542|K007543|K007553|K007554|K007593|K007594|K007596|K007627|K007628,194,commercial_research,Yaroslavl_and_oblast,1017,0,0,service_head_24m_dynamics_available,8,0,not_represented,https://exp76.ru/services/landshaftnoe-proektirovanie/,merge,ready,medium,Commercial intent remains with the immutable existing service hub; narrower destination is not approved without separate offer and content evidence.,manual_architecture_review,missing_representative_serp:HOLD-9DDC73BD2CD3,architecture_reviewed,reviewed,codex-2026-08-28,Commercial intent remains with the immutable existing service hub; narrower destination is not approved without separate offer and content evidence.
HOLD-A31AAE5725CD,S3,нормы посадки деревьев — informational,нормы посадки деревьев,K000701|K000933|K001470|K001471|K001510|K001522|K001536|K001537|K001545|K001546|K001547|K001549|K001550|K001560|K001573|K001574|K001627|K001628|K001637|K001638|K001645|K001646|K001647|K002462|K002816|K002817|K002818|K002819|K002820|K002834|K002840|K002841|K002842|K002843|K002844|K002845|K002846|K002847|K002848|K002849|K002850|K002851|K002852|K002853|K002854|K002855|K002856|K002857|K002858|K002859|K002860|K002861|K002862|K002865|K003525|K005164|K005211|K005212|K005228|K005229|K005230|K005315|K006066|K006332|K006441|K006864|K006865|K006866|K006867|K006868|K006869|K006870|K006873|K006874|K006875|K006876|K006877|K006878|K006880|K006881|K006882|K006883,59,informational,Yaroslavl_and_oblast,5084,0,0,service_head_24m_dynamics_available,0,0,not_represented,https://exp76.ru/normy-posadki-derevev/,article,backlog,medium,"Informational intent stays separate from commercial pages, but no successful stored representative-query SERP exists; article is backlog pending evidence and media mapping.",manual_architecture_review,missing_representative_serp:HOLD-A31AAE5725CD,architecture_reviewed,reviewed,codex-2026-08-28,"Informational intent stays separate from commercial pages, but no successful stored representative-query SERP exists; article is backlog pending evidence and media mapping."
HOLD-A73418137528,S5,купить планировку участка — product_only,купить планировку участка,K001963|K001964|K001965|K001966|K002016|K002017|K002018|K003419|K003807|K003808,6,product_only,Yaroslavl_and_oblast,219,0,0,service_head_24m_dynamics_available,0,0,not_represented,,exclude,backlog,high,Product-only demand has no installation-service destination and remains excluded.,manual_architecture_review,missing_representative_serp:HOLD-A73418137528,architecture_reviewed,reviewed,codex-2026-08-28,Product-only demand has no installation-service destination and remains excluded.
HOLD-ADD9FC08AC1E,S8,труба для заезда на участок — commercial_research,труба для заезда на участок,K000160|K000165|K000166|K000268|K000292|K000407|K000408|K000806|K000807|K000808|K000809|K000845|K000846|K000913|K001015|K001154|K001250|K001251|K001259|K001260|K001262|K001263|K001264|K001269|K001272|K001273|K001274|K001275|K001276|K001277|K001278|K001279|K001281|K001282|K001283|K001286|K001287|K001288|K001290|K001291|K001292|K001293|K001299|K001300|K001308|K001309|K001325|K001326|K001329|K001330|K001375|K001376|K001661|K001690|K001691|K001705|K001706|K001707|K001708|K001722|K001723|K001724|K001725|K001773|K001774|K002580|K002867|K002868|K003186|K003187|K003268|K003274|K003283|K003427|K004836|K005615|K005616|K005754|K005755|K005953|K006007|K006008|K006009|K006010|K006012|K006013|K006502|K006503|K006566|K006942|K006981|K006982|K006991|K006992|K007001|K007002|K007003|K007004|K007016|K007017|K007020|K007021|K007022|K007023|K007024|K007025|K007033|K007034|K007077|K007241|K007591|K007658|K007659|K007673|K007736|K007739|K007740|K007741|K007753,83,commercial_research,Yaroslavl_and_oblast,747,0,0,service_head_24m_dynamics_available,19,0,not_represented,https://exp76.ru/services/vezd-zaezd-na-uchastok-cherez-kanavu-pod-kljuch/,merge,ready,medium,Commercial intent remains with the immutable existing service hub; narrower destination is not approved without separate offer and content evidence.,manual_architecture_review,missing_representative_serp:HOLD-ADD9FC08AC1E,architecture_reviewed,reviewed,codex-2026-08-28,Commercial intent remains with the immutable existing service hub; narrower destination is not approved without separate offer and content evidence.
HOLD-AF75D8A25C90,S3,схема посадки хвойных — informational,схема посадки хвойных,K001913|K001914|K006884|K006885|K006886,3,informational,Yaroslavl_and_oblast,15,0,0,service_head_24m_dynamics_available,0,0,not_represented,https://exp76.ru/normy-posadki-derevev/,merge,backlog,medium,"Informational intent stays separate from commercial pages, but no successful stored representative-query SERP exists; article is backlog pending evidence and media mapping.",manual_architecture_review,missing_representative_serp:HOLD-AF75D8A25C90,architecture_reviewed,reviewed,codex-2026-08-28,"Informational intent stays separate from commercial pages, but no successful stored representative-query SERP exists; article is backlog pending evidence and media mapping."
HOLD-B8BA815347B8,S8,цена трубы на заезд на участок — transactional,цена трубы на заезд на участок,K000156|K001314|K001315|K006417|K006418|K006421|K006424|K006811|K007026|K007153|K007276|K007637,11,transactional,Yaroslavl_and_oblast,20,0,0,service_head_24m_dynamics_available,7,0,not_represented,https://exp76.ru/services/vezd-zaezd-na-uchastok-cherez-kanavu-pod-kljuch/,merge,ready,medium,Commercial intent remains with the immutable existing service hub; narrower destination is not approved without separate offer and content evidence.,manual_architecture_review,missing_representative_serp:HOLD-B8BA815347B8,architecture_reviewed,reviewed,codex-2026-08-28,Commercial intent remains with the immutable existing service hub; narrower destination is not approved without separate offer and content evidence.
HOLD-BE6960839AF7,S7,освещение на участке купить — product_only,освещение на участке купить,K001917|K002044|K003314|K003315|K006392,4,product_only,Yaroslavl_and_oblast,69,0,0,service_head_24m_dynamics_available,0,0,not_represented,,exclude,backlog,high,Product-only demand has no installation-service destination and remains excluded.,manual_architecture_review,missing_representative_serp:HOLD-BE6960839AF7,architecture_reviewed,reviewed,codex-2026-08-28,Product-only demand has no installation-service destination and remains excluded.
HOLD-BE8C4D20F9A4,S8,как сделать въезд на участок через канаву — informational,как сделать въезд на участок через канаву,K000486|K000487|K000503|K000504|K001531|K001532|K001533|K001563|K001564|K001588|K001589|K001590,5,informational,Yaroslavl_and_oblast,508,0,0,service_head_24m_dynamics_available,0,0,not_represented,https://exp76.ru/kak-sdelat-vezd-na-uchastok-cherez-kanavu/,article,backlog,medium,"Informational intent stays separate from commercial pages, but no successful stored representative-query SERP exists; article is backlog pending evidence and media mapping.",manual_architecture_review,missing_representative_serp:HOLD-BE8C4D20F9A4,architecture_reviewed,reviewed,codex-2026-08-28,"Informational intent stays separate from commercial pages, but no successful stored representative-query SERP exists; article is backlog pending evidence and media mapping."
HOLD-C135773E31D9,S2,сцепное устройство газон — transactional,сцепное устройство газон,K005683|K005684|K006895|K006896|K007200|K007231|K007258|K007259|K007260|K007261|K007262|K007263|K007264|K007267|K007269|K007270|K007285|K007286|K007299|K007300,15,transactional,Yaroslavl_and_oblast,16,0,0,service_head_24m_dynamics_available,2,0,not_represented,https://exp76.ru/services/gazon-posevnojj-i-gazon-rulonnyjj/,merge,ready,medium,Commercial intent remains with the immutable existing service hub; narrower destination is not approved without separate offer and content evidence.,manual_architecture_review,missing_representative_serp:HOLD-C135773E31D9,architecture_reviewed,reviewed,codex-2026-08-28,Commercial intent remains with the immutable existing service hub; narrower destination is not approved without separate offer and content evidence.
HOLD-C31745B2E9F7,S1,ландшафтный дизайн рыбинск заказать — transactional,ландшафтный дизайн рыбинск заказать,K002250,1,transactional,Yaroslavl_and_oblast,0,0,0,service_head_24m_dynamics_available,1,0,not_represented,https://exp76.ru/services/landshaftnoe-proektirovanie/,merge,ready,medium,Commercial intent remains with the immutable existing service hub; narrower destination is not approved without separate offer and content evidence.,manual_architecture_review,missing_representative_serp:HOLD-C31745B2E9F7,architecture_reviewed,reviewed,codex-2026-08-28,Commercial intent remains with the immutable existing service hub; narrower destination is not approved without separate offer and content evidence.
HOLD-CA29C3BD9F29,S7,подсветка дорожек своими руками — informational,подсветка дорожек своими руками,K004950|K004951|K004954|K004955,2,informational,Yaroslavl_and_oblast,2,0,0,service_head_24m_dynamics_available,0,0,not_represented,https://exp76.ru/kak-sdelat-osveschenie-na-uchastke/,merge,backlog,medium,"Informational intent stays separate from commercial pages, but no successful stored representative-query SERP exists; article is backlog pending evidence and media mapping.",manual_architecture_review,missing_representative_serp:HOLD-CA29C3BD9F29,architecture_reviewed,reviewed,codex-2026-08-28,"Informational intent stays separate from commercial pages, but no successful stored representative-query SERP exists; article is backlog pending evidence and media mapping."
HOLD-D5EEA7CA5259,S3,уход деревьями посадки — commercial_research,уход деревьями посадки,K000021|K000033|K000034|K000038|K000039|K000045|K000101|K000102|K000105|K000170|K000171|K000172|K000173|K000174|K000175|K000176|K000201|K000225|K000226|K000227|K000228|K000232|K000233|K000235|K000250|K000251|K000261|K000263|K000264|K000265|K000266|K000267|K000278|K000324|K000325|K000327|K000328|K000371|K000372|K000374|K000403|K000429|K000431|K000432|K000433|K000434|K000516|K000517|K000524|K000547|K000703|K000704|K000705|K000706|K000810|K000813|K000814|K000815|K000824|K000831|K000832|K000865|K000866|K000867|K000868|K000873|K000874|K000875|K000886|K000887|K000905|K000932|K000934|K000935|K000936|K000940|K000941|K000942|K000943|K000944|K000948|K000949|K000950|K000951|K000952|K000953|K000954|K000955|K000956|K000957|K000958|K000959|K000960|K000961|K000962|K000963|K000964|K000965|K000966|K000970|K000973|K000974|K000975|K000976|K000977|K000978|K000979|K000980|K000981|K000982|K000983|K000987|K000988|K000989|K000990|K000991|K000992|K000993|K000994|K000996|K000997|K000998|K000999|K001001|K001002|K001003|K001004|K001005|K001006|K001007|K001008|K001031|K001074|K001075|K001091|K001092|K001093|K001095|K001130|K001131|K001132|K001135|K001136|K001137|K001138|K001139|K001157|K001233|K001240|K001252|K001256|K001257|K001371|K001372|K001373|K001374|K001385|K001410|K001411|K001412|K001414|K001415|K001421|K001426|K001427|K001440|K001441|K001480|K001489|K001494|K001495|K001496|K001497|K001498|K001502|K001503|K001649|K001665|K001666|K001670|K001675|K001678|K001679|K001680|K001681|K001682|K001683|K001684|K001685|K001686|K001688|K001727|K001728|K001729|K001730|K001731|K001732|K001733|K001734|K001735|K001736|K001737|K001738|K001768|K001777|K001778|K001780|K001784|K001785|K001786|K001787|K001788|K001789|K001790|K001791|K001792|K001793|K001797|K001798|K001807|K001808|K001857|K001858|K001859|K001867|K001868|K001869|K001870|K001883|K001889|K001892|K001893|K001894|K001916|K001918|K001943|K002240|K002404|K002405|K002438|K002453|K002454|K002455|K002456|K002459|K002461|K002463|K002464|K002465|K002466|K002468|K002469|K002470|K002471|K002472|K002480|K002481|K002485|K002486|K002490|K002491|K002492|K002511|K002512|K002513|K002514|K002515|K002516|K002517|K002518|K002519|K002520|K002521|K002522|K002526|K002527|K002528|K002531|K002532|K002533|K002534|K002535|K002536|K002537|K002538|K002539|K002540|K002541|K002542|K002543|K002544|K002545|K002546|K002547|K002548|K002549|K002550|K002551|K002552|K002562|K002565|K002566|K002567|K002576|K002577|K002578|K002583|K002586|K002592|K002593|K002594|K002595|K002597|K002598|K002601|K002602|K002603|K002607|K002608|K002610|K002611|K002708|K002713|K002714|K002733|K002734|K002738|K002770|K002771|K002772|K002774|K002775|K002784|K002791|K002792|K002801|K002802|K002803|K002805|K002806|K002811|K002822|K002823|K002826|K002827|K002828|K002829|K002830|K002831|K002832|K002833|K002875|K002878|K002879|K002880|K002887|K003196|K003199|K003200|K003202|K003203|K003213|K003245|K003246|K003251|K003252|K003270|K003271|K003272|K003287|K003288|K003289|K003290|K003291|K003292|K003293|K003372|K003373|K003380|K003420|K003436|K003437|K003438|K003439|K003440|K003441|K003442|K003443|K003445|K003446|K003456|K003515|K003516|K003517|K003518|K003519|K003520|K003521|K003522|K003523|K003524|K003840|K004837|K004841|K004842|K004848|K004849|K004854|K004855|K004866|K004867|K004868|K004870|K004875|K004876|K004877|K004878|K004879|K004880|K004982|K004983|K004984|K004985|K004986|K004987|K004988|K004989|K004990|K004991|K004992|K004993|K005007|K005010|K005011|K005012|K005013|K005016|K005020|K005021|K005022|K005023|K005024|K005028|K005031|K005032|K005033|K005034|K005035|K005036|K005037|K005038|K005039|K005040|K005043|K005044|K005045|K005046|K005048|K005049|K005050|K005051|K005052|K005053|K005054|K005055|K005056|K005057|K005058|K005059|K005060|K005061|K005062|K005063|K005064|K005065|K005066|K005067|K005068|K005069|K005070|K005071|K005075|K005076|K005077|K005078|K005079|K005080|K005081|K005082|K005084|K005085|K005086|K005087|K005088|K005089|K005090|K005091|K005092|K005093|K005094|K005095|K005096|K005097|K005098|K005099|K005100|K005101|K005102|K005103|K005104|K005105|K005106|K005107|K005108|K005109|K005110|K005112|K005113|K005114|K005115|K005116|K005117|K005118|K005119|K005120|K005121|K005122|K005123|K005124|K005125|K005126|K005127|K005128|K005129|K005130|K005131|K005132|K005133|K005134|K005135|K005136|K005137|K005138|K005139|K005140|K005141|K005142|K005143|K005144|K005145|K005146|K005147|K005148|K005149|K005150|K005151|K005152|K005153|K005154|K005155|K005156|K005157|K005158|K005159|K005160|K005161|K005162|K005163|K005165|K005166|K005167|K005168|K005169|K005170|K005171|K005172|K005173|K005174|K005175|K005176|K005177|K005178|K005179|K005180|K005181|K005182|K005183|K005184|K005185|K005186|K005187|K005188|K005189|K005190|K005191|K005192|K005193|K005194|K005195|K005196|K005197|K005198|K005199|K005200|K005201|K005202|K005203|K005204|K005205|K005206|K005207|K005208|K005209|K005210|K005214|K005215|K005216|K005217|K005218|K005219|K005220|K005221|K005222|K005223|K005224|K005225|K005226|K005227|K005231|K005232|K005233|K005234|K005235|K005236|K005237|K005238|K005239|K005240|K005241|K005242|K005243|K005244|K005245|K005246|K005247|K005248|K005249|K005250|K005251|K005252|K005253|K005254|K005255|K005256|K005257|K005258|K005259|K005260|K005261|K005262|K005263|K005264|K005265|K005266|K005267|K005268|K005269|K005270|K005271|K005272|K005273|K005274|K005275|K005276|K005277|K005278|K005279|K005280|K005281|K005282|K005283|K005284|K005285|K005286|K005287|K005288|K005289|K005290|K005291|K005292|K005293|K005294|K005295|K005296|K005297|K005299|K005300|K005301|K005302|K005303|K005304|K005305|K005306|K005307|K005308|K005309|K005310|K005311|K005312|K005313|K005314|K005316|K005317|K005318|K005319|K005320|K005321|K005322|K005329|K005345|K005346|K005347|K005349|K005350|K005351|K005352|K005353|K005354|K005355|K005356|K005357|K005358|K005359|K005360|K005361|K005362|K005364|K005365|K005366|K005367|K005368|K005369|K005370|K005371|K005372|K005373|K005374|K005375|K005376|K005377|K005378|K005379|K005380|K005382|K005383|K005384|K005385|K005386|K005387|K005392|K005394|K005396|K005397|K005398|K005399|K005400|K005401|K005402|K005403|K005404|K005405|K005406|K005407|K005408|K005410|K005411|K005412|K005413|K005414|K005417|K005418|K005419|K005420|K005421|K005422|K005423|K005424|K005427|K005428|K005429|K005430|K005431|K005439|K005440|K005441|K005442|K005443|K005444|K005445|K005446|K005447|K005449|K005450|K005451|K005452|K005453|K005454|K005455|K005456|K005457|K005458|K005459|K005460|K005461|K005462|K005463|K005466|K005467|K005468|K005469|K005470|K005471|K005472|K005473|K005474|K005475|K005534|K005536|K005537|K005538|K005544|K005550|K005560|K005561|K005562|K005563|K005564|K005565|K005566|K005567|K005568|K005569|K005570|K005571|K005572|K005573|K005574|K005575|K005576|K005577|K005578|K005579|K005580|K005581|K005582|K005583|K005584|K005585|K005586|K005587|K005597|K005598|K005599|K005600|K005602|K005603|K005604|K005605|K005606|K005607|K005621|K005622|K005635|K005675|K005680|K005687|K005688|K005731|K005907|K005908|K005909|K005943|K005956|K005958|K005983|K005984|K005997|K006011|K006014|K006030|K006031|K006032|K006039|K006040|K006041|K006042|K006043|K006044|K006045|K006046|K006047|K006048|K006049|K006050|K006051|K006052|K006053|K006054|K006055|K006056|K006057|K006058|K006059|K006060|K006061|K006062|K006063|K006064|K006065|K006067|K006068|K006069|K006070|K006071|K006072|K006073|K006074|K006075|K006076|K006077|K006078|K006079|K006080|K006081|K006096|K006097|K006108|K006115|K006146|K006318|K006319|K006331|K006356|K006368|K006377|K006378|K006379|K006475|K006478|K006479|K006480|K006500|K006508|K006509|K006553|K006575|K006583|K006584|K006585|K006592|K006600|K006605|K006606|K006623|K006624|K006625|K006626|K006627|K006628|K006629|K006633|K006639|K006640|K006641|K006654|K006655|K006667|K006668|K006669|K006676|K006677|K006678|K006685|K006713|K006714|K006719|K006728|K006729|K006734|K006735|K006738|K006814|K006817|K006818|K006819|K006820|K006821|K006822|K006823|K006824|K006825|K006893|K006894|K006899|K006900|K006901|K006902|K006903|K006904|K006905|K006906|K006927|K006937|K006938|K006944|K006955|K006971|K006972|K007042|K007043|K007044|K007045|K007046|K007047|K007064|K007065|K007067|K007068|K007069|K007071|K007072|K007073|K007074|K007075|K007159|K007160|K007161|K007162|K007163|K007186|K007187|K007337|K007338|K007339|K007340|K007359|K007467|K007564|K007592|K007608|K007609|K007616|K007617|K007649|K007650|K007651|K007678|K007679|K007680|K007681|K007686|K007688|K007701|K007712|K007713|K007724|K007727|K007728|K007729|K007730|K007731|K007732|K007733|K007752|K007756|K007758|K007781|K007784|K007785|K007786|K007787|K007788,785,commercial_research,Yaroslavl_and_oblast,72609,0,0,service_head_24m_dynamics_available,4,0,not_represented,https://exp76.ru/services/posadka-derevev-i-kustarnikov/,merge,ready,medium,Commercial intent remains with the immutable existing service hub; narrower destination is not approved without separate offer and content evidence.,manual_architecture_review,missing_representative_serp:HOLD-D5EEA7CA5259,architecture_reviewed,reviewed,codex-2026-08-28,Commercial intent remains with the immutable existing service hub; narrower destination is not approved without separate offer and content evidence.
HOLD-E54772AC58A0,S4,обрезка деревьев купить — product_only,обрезка деревьев купить,K000281|K000282|K000714|K001693|K001717|K001718|K001719|K001720|K001944|K001945|K001946|K001947|K001948|K001949|K001950|K001951|K001952|K002004|K002005|K002011|K002012|K002013|K002014|K002024|K002025|K002026|K002027|K002028|K002029|K002030|K002031|K002032|K002033|K002047|K002048|K002049|K002050|K002051|K002983|K002984|K003144|K003145|K003155|K003242|K003243|K006336|K006337|K006452|K006469|K006909,30,product_only,Yaroslavl_and_oblast,372,0,0,service_head_24m_dynamics_available,0,0,not_represented,,exclude,backlog,high,Product-only demand has no installation-service destination and remains excluded.,manual_architecture_review,missing_representative_serp:HOLD-E54772AC58A0,architecture_reviewed,reviewed,codex-2026-08-28,Product-only demand has no installation-service destination and remains excluded.
HOLD-E5DA704779F6,S6,подпорная стенка на участке купить — product_only,подпорная стенка на участке купить,K004923|K004924,1,product_only,Yaroslavl_and_oblast,9,0,0,service_head_24m_dynamics_available,0,0,not_represented,,exclude,backlog,high,Product-only demand has no installation-service destination and remains excluded.,manual_architecture_review,missing_representative_serp:HOLD-E5DA704779F6,architecture_reviewed,reviewed,codex-2026-08-28,Product-only demand has no installation-service destination and remains excluded.
HOLD-E9DA472745AE,S7,устройство освещения участка — transactional,устройство освещения участка,K002723|K007282|K007283|K007284,2,transactional,Yaroslavl_and_oblast,287,0,0,service_head_24m_dynamics_available,0,0,not_represented,https://exp76.ru/services/ulichnoe-osveshhenie-uchastka/,merge,ready,medium,Commercial intent remains with the immutable existing service hub; narrower destination is not approved without separate offer and content evidence.,manual_architecture_review,missing_representative_serp:HOLD-E9DA472745AE,architecture_reviewed,reviewed,codex-2026-08-28,Commercial intent remains with the immutable existing service hub; narrower destination is not approved without separate offer and content evidence.
HOLD-EB70299AA189,S8,как сделать заезд через канаву — informational,как сделать заезд через канаву,K001310|K001311|K001319|K001320|K001337|K001338|K001516|K001517|K001566|K001599|K001600,6,informational,Yaroslavl_and_oblast,52,0,0,service_head_24m_dynamics_available,0,0,not_represented,https://exp76.ru/kak-sdelat-vezd-na-uchastok-cherez-kanavu/,merge,backlog,medium,"Informational intent stays separate from commercial pages, but no successful stored representative-query SERP exists; article is backlog pending evidence and media mapping.",manual_architecture_review,missing_representative_serp:HOLD-EB70299AA189,architecture_reviewed,reviewed,codex-2026-08-28,"Informational intent stays separate from commercial pages, but no successful stored representative-query SERP exists; article is backlog pending evidence and media mapping."
HOLD-EC53FCBA2C1F,S7,как сделать освещение на участке — informational,как сделать освещение на участке,K000299|K001572|K001607|K001608|K001609|K001610|K003311|K003317|K003343|K006851,8,informational,Yaroslavl_and_oblast,283,0,0,service_head_24m_dynamics_available,0,0,not_represented,https://exp76.ru/kak-sdelat-osveschenie-na-uchastke/,article,backlog,medium,"Informational intent stays separate from commercial pages, but no successful stored representative-query SERP exists; article is backlog pending evidence and media mapping.",manual_architecture_review,missing_representative_serp:HOLD-EC53FCBA2C1F,architecture_reviewed,reviewed,codex-2026-08-28,"Informational intent stays separate from commercial pages, but no successful stored representative-query SERP exists; article is backlog pending evidence and media mapping."
HOLD-F18CA983788E,S8,въезд на участок через канаву — commercial_research,въезд на участок через канаву,K000163|K000164|K000481|K000482|K000483|K000488|K000499|K000500|K000502|K000505|K000506|K003178|K003179|K003280|K004826|K004827|K005006|K006405|K006406|K006407|K006994|K006999|K007000|K007028|K007029|K007030,16,commercial_research,Yaroslavl_and_oblast,2866,0,0,service_head_24m_dynamics_available,0,0,not_represented,https://exp76.ru/services/vezd-zaezd-na-uchastok-cherez-kanavu-pod-kljuch/,merge,ready,medium,Commercial intent remains with the immutable existing service hub; narrower destination is not approved without separate offer and content evidence.,manual_architecture_review,missing_representative_serp:HOLD-F18CA983788E,architecture_reviewed,reviewed,codex-2026-08-28,Commercial intent remains with the immutable existing service hub; narrower destination is not approved without separate offer and content evidence.
HOLD-F28F0E53D909,S7,уличное освещение частного дома тутаев — commercial_research,уличное освещение частного дома тутаев,K007170|K007172|K007173,3,commercial_research,Yaroslavl_and_oblast,0,0,0,service_head_24m_dynamics_available,0,0,not_represented,https://exp76.ru/services/ulichnoe-osveshhenie-uchastka/,merge,ready,medium,Commercial intent remains with the immutable existing service hub; narrower destination is not approved without separate offer and content evidence.,manual_architecture_review,missing_representative_serp:HOLD-F28F0E53D909,architecture_reviewed,reviewed,codex-2026-08-28,Commercial intent remains with the immutable existing service hub; narrower destination is not approved without separate offer and content evidence.
HOLD-F668FF6F6190,S4,схема ухода за садом — informational,схема ухода за садом,K006329|K006887,2,informational,Russia_discovery_only,64,0,0,service_head_24m_dynamics_available,0,0,not_represented,https://exp76.ru/shema-uhoda-za-sadom/,article,backlog,medium,"Informational intent stays separate from commercial pages, but no successful stored representative-query SERP exists; article is backlog pending evidence and media mapping.",manual_architecture_review,missing_representative_serp:HOLD-F668FF6F6190,architecture_reviewed,reviewed,codex-2026-08-28,"Informational intent stays separate from commercial pages, but no successful stored representative-query SERP exists; article is backlog pending evidence and media mapping."
HOLD-FD41CABAE854,S1,ландшафтный дизайн участка своими руками — informational,ландшафтный дизайн участка своими руками,K001580|K001581|K001603|K001604|K001629|K001630|K001631|K001632|K002213|K002214|K002241|K002242|K002243|K002244|K002289|K002294|K002364|K002365|K002366|K002367|K002391|K002392|K006844|K006845|K006889|K007595,16,informational,Yaroslavl_and_oblast,228,0,0,service_head_24m_dynamics_available,0,0,not_represented,https://exp76.ru/dizajn-proekt-uchastka-svoimi-rukami/,merge,backlog,medium,"Informational intent stays separate from commercial pages, but no successful stored representative-query SERP exists; article is backlog pending evidence and media mapping.",manual_architecture_review,missing_representative_serp:HOLD-FD41CABAE854,architecture_reviewed,reviewed,codex-2026-08-28,"Informational intent stays separate from commercial pages, but no successful stored representative-query SERP exists; article is backlog pending evidence and media mapping."
HOLD-FF3B04A53D72,S5,схема планировки участка — informational,схема планировки участка,K000357|K000358|K001513|K001519|K001534|K001535|K001559|K001567|K001583|K001612|K001613|K001614|K001615|K001616|K001617|K001624|K001625|K002837|K002838|K002839|K003575|K003595|K003596|K003607|K003608|K003621|K003622|K003623|K003624|K003625|K003626|K003627|K003628|K003629|K003630|K003631|K003828|K003898|K003899|K003900|K003904|K003906|K004080|K004102|K004103|K004113|K004134|K004180|K004243|K004259|K004285|K004306|K004341|K004342|K004458|K004459|K004679|K004680|K004681|K004710|K004711|K004716|K005549|K006839|K006852|K006853|K006854|K006855|K006856|K006857|K006858|K006859|K006860|K006861|K006862|K006863|K006888|K007544|K007545|K007604|K007605|K007606,59,informational,Yaroslavl_and_oblast,4648,0,0,service_head_24m_dynamics_available,0,0,not_represented,https://exp76.ru/shema-planirovki-uchastka/,article,backlog,medium,"Informational intent stays separate from commercial pages, but no successful stored representative-query SERP exists; article is backlog pending evidence and media mapping.",manual_architecture_review,missing_representative_serp:HOLD-FF3B04A53D72,architecture_reviewed,reviewed,codex-2026-08-28,"Informational intent stays separate from commercial pages, but no successful stored representative-query SERP exists; article is backlog pending evidence and media mapping."
SERP-01050EAE1F1F,S5,планировка участка цена — transactional,планировка участка цена,K004745|K004746,1,transactional,Yaroslavl_and_oblast,361,0,0,service_head_24m_dynamics_available,0,0,single_representative,https://exp76.ru/services/planirovka-territorii/,merge,ready,medium,Commercial intent remains with the immutable existing service hub; narrower destination is not approved without separate offer and content evidence.,manual_architecture_review,Q000097,architecture_reviewed,reviewed,codex-2026-08-28,Commercial intent remains with the immutable existing service hub; narrower destination is not approved without separate offer and content evidence.
SERP-02C1679FE41B,S3,озеленение участка под ключ и благоустройство ярославль — transactional,озеленение участка под ключ и благоустройство ярославль,K003224,1,transactional,Yaroslavl_and_oblast,0,0,0,service_head_24m_dynamics_available,2,0,single_representative,https://exp76.ru/services/posadka-derevev-i-kustarnikov/,merge,ready,medium,Commercial intent remains with the immutable existing service hub; narrower destination is not approved without separate offer and content evidence.,manual_architecture_review,Q000062,architecture_reviewed,reviewed,codex-2026-08-28,Commercial intent remains with the immutable existing service hub; narrower destination is not approved without separate offer and content evidence.
SERP-040A03E7E8F3,S8,заезд на участок — commercial_research,заезд на участок,K000134|K000135|K000157|K000161|K000162|K000179|K000289|K000375|K000404|K000405|K000406|K000437|K000438|K000441|K000442|K000443|K000444|K000445|K000446|K000447|K000448|K000449|K000450|K000451|K000452|K000453|K000454|K000455|K000458|K000461|K000462|K000463|K000464|K000465|K000466|K000467|K000468|K000471|K000472|K000473|K000475|K000476|K000477|K000478|K000484|K000491|K000493|K000494|K000540|K000783|K000784|K000811|K000843|K000844|K000922|K000923|K001270|K001271|K001703|K001704|K001770|K001771|K001919|K002574|K002575|K002759|K003173|K003201|K003425|K003506|K003507|K004828|K004844|K004845|K004978|K005614|K005751|K005752|K006006|K006402|K006403|K006636|K006637|K006979|K006980|K006995|K006996|K006997|K006998|K007018|K007019|K007027|K007058|K007155|K007657|K007660|K007734|K007735|K007737|K007738|K007743|K007744|K007755|K007817,70,commercial_research,Yaroslavl_and_oblast,1222,0,0,service_head_24m_dynamics_available,5,0,complete_link_pairs=1;min=5;max=5;mean=5.00,https://exp76.ru/services/vezd-zaezd-na-uchastok-cherez-kanavu-pod-kljuch/,merge,ready,medium,Commercial intent remains with the immutable existing service hub; narrower destination is not approved without separate offer and content evidence.,manual_architecture_review,Q000121,architecture_reviewed,reviewed,codex-2026-08-28,Commercial intent remains with the immutable existing service hub; narrower destination is not approved without separate offer and content evidence.
SERP-06251F551165,S1,проект благоустройства участка — commercial_research,проект благоустройства участка,K005743|K005744|K005745,1,commercial_research,Yaroslavl_and_oblast,1,0,0,service_head_24m_dynamics_available,1,0,single_representative,https://exp76.ru/services/landshaftnoe-proektirovanie/,merge,ready,medium,Commercial intent remains with the immutable existing service hub; narrower destination is not approved without separate offer and content evidence.,manual_architecture_review,Q000028,architecture_reviewed,reviewed,codex-2026-08-28,Commercial intent remains with the immutable existing service hub; narrower destination is not approved without separate offer and content evidence.
SERP-0767F40D1ED4,S2,укладка рулонного газона рыбинск — commercial_research,укладка рулонного газона рыбинск,K007119|K007122|K007123|K007124,4,commercial_research,Yaroslavl_and_oblast,0,0,0,service_head_24m_dynamics_available,0,0,single_representative,https://exp76.ru/rulonnyj-gazon-pod-kljuch/,merge,blocked_facts,medium,"Stored representative SERP supports a distinct service-page candidate. The exact offer is traceable to the current hub payload, while Task 3 case/photo mapping remains incomplete; publication is blocked on proof mapping.",manual_architecture_review,Q000056|business_source:ftp_dump_minimal/wp-content/themes/land76wp/content/service-v2/gazon-posevnojj-i-gazon-rulonnyjj.json#services.items[Рулонный газон],architecture_reviewed,reviewed,codex-2026-08-28,"Stored representative SERP supports a distinct service-page candidate. The exact offer is traceable to the current hub payload, while Task 3 case/photo mapping remains incomplete; publication is blocked on proof mapping."
SERP-09010110F02E,S3,посадка крупномеров — commercial_research,посадка крупномеров,K005323|K005324|K005325|K005326|K005327|K005328|K005388,6,commercial_research,Yaroslavl_and_oblast,6,0,0,service_head_24m_dynamics_available,0,0,single_representative,https://exp76.ru/posadka-krupnomerov/,child,blocked_facts,medium,"Stored representative SERP supports a distinct service-page candidate. The exact business offer is not confirmed by current source material, and Task 3 case/photo mapping is incomplete; publication is blocked on those facts.",manual_architecture_review,Q000064,architecture_reviewed,reviewed,codex-2026-08-28,"Stored representative SERP supports a distinct service-page candidate. The exact business offer is not confirmed by current source material, and Task 3 case/photo mapping is incomplete; publication is blocked on those facts."
SERP-0A583602ED79,S2,производитель рулонного газона в ярославской области — product_only,производитель рулонного газона в ярославской области,K005944,1,product_only,Yaroslavl_and_oblast,0,0,0,service_head_24m_dynamics_available,1,1,single_representative,,exclude,backlog,high,Product-only demand has no installation-service destination and remains excluded.,manual_architecture_review,Q000051,architecture_reviewed,reviewed,codex-2026-08-28,Product-only demand has no installation-service destination and remains excluded.
SERP-0D0F2C22B0AB,S4,заказать обрезку деревьев — transactional,заказать обрезку деревьев,K001361|K001362,1,transactional,Yaroslavl_and_oblast,2,0,0,service_head_24m_dynamics_available,0,0,single_representative,https://exp76.ru/obrezka-derevev-i-kustarnikov/,merge,blocked_facts,medium,"Stored representative SERP supports a distinct service-page candidate. The exact offer is traceable to the current hub payload, while Task 3 case/photo mapping remains incomplete; publication is blocked on proof mapping.",manual_architecture_review,Q000069|business_source:ftp_dump_minimal/wp-content/themes/land76wp/content/service-v2/ukhod-za-sadom.json#seo.description+services.items[Обрезка],architecture_reviewed,reviewed,codex-2026-08-28,"Stored representative SERP supports a distinct service-page candidate. The exact offer is traceable to the current hub payload, while Task 3 case/photo mapping remains incomplete; publication is blocked on proof mapping."
SERP-0DD3D2B067B4,S5,сделать планировку земли частного дома рыбинск — commercial_research,сделать планировку земли частного дома рыбинск,K000360|K000363|K000368|K000369|K006432,5,commercial_research,Yaroslavl_and_oblast,0,0,0,service_head_24m_dynamics_available,1,0,single_representative,https://exp76.ru/services/planirovka-territorii/,merge,ready,medium,Commercial intent remains with the immutable existing service hub; narrower destination is not approved without separate offer and content evidence.,manual_architecture_review,missing_representative_serp:SERP-0DD3D2B067B4,architecture_reviewed,reviewed,codex-2026-08-28,Commercial intent remains with the immutable existing service hub; narrower destination is not approved without separate offer and content evidence.
SERP-0FA0C101C6DD,S1,прейскурант цен на благоустройство придомовой территории в ярославской области — commercial_research,прейскурант цен на благоустройство придомовой территории в ярославской области,K005632,1,commercial_research,Yaroslavl_and_oblast,0,0,0,service_head_24m_dynamics_available,2,1,single_representative,https://exp76.ru/services/,merge,ready,medium,Broad landscaping/complex-improvement demand retains the legacy /services/ owner; it must not broaden the S1 landscape-design hub.,manual_architecture_review,Q000027,architecture_reviewed,reviewed,codex-2026-08-28,Broad landscaping/complex-improvement demand retains the legacy /services/ owner; it must not broaden the S1 landscape-design hub.
SERP-10BA4FC77863,S7,уличное освещение рыбинский район — commercial_research,уличное освещение рыбинский район,K007169,1,commercial_research,Yaroslavl_and_oblast,0,0,0,service_head_24m_dynamics_available,1,0,single_representative,,exclude,backlog,medium,"Stored SERP is dominated by municipal complaints, rules and repairs rather than private-site installation.",manual_architecture_review,Q000113,architecture_reviewed,reviewed,codex-2026-08-28,"Stored SERP is dominated by municipal complaints, rules and repairs rather than private-site installation."
SERP-125679FE4BFA,S1,проекты придомовых территорий рыбинск — commercial_research,проекты придомовых территорий рыбинск,K005941,1,commercial_research,Yaroslavl_and_oblast,0,0,0,service_head_24m_dynamics_available,1,1,single_representative,https://exp76.ru/services/landshaftnoe-proektirovanie/,merge,ready,high,Commercial intent remains with the immutable existing service hub; narrower destination is not approved without separate offer and content evidence.,manual_architecture_review,Q000029,architecture_reviewed,reviewed,codex-2026-08-28,Commercial intent remains with the immutable existing service hub; narrower destination is not approved without separate offer and content evidence.
SERP-13FD00FC92C7,S5,выравнивание участка — commercial_research,выравнивание участка,K000209|K000549|K000550|K000551|K000552|K000553|K000555|K000556|K000557|K000558|K000563|K000564|K000568|K000570|K000571|K000572|K000573|K000574|K000575|K000576|K000577|K000578|K000579|K000580|K000581|K000582|K000583|K000584|K000585|K000586|K000589|K000590|K000591|K000592|K000593|K000605|K000606|K000607|K000608|K000611|K000612|K000613|K000618|K000619|K000620|K000621|K000629|K000630|K000631|K000632|K000633|K000634|K000635|K000642|K000643|K000644|K000645|K000646|K000667|K000669|K000670|K000880|K000881|K001155|K001156|K001407|K001408|K001418|K001419|K001694|K001695|K001698|K001699|K002739|K002870|K003421|K003422|K003432|K003433|K003448|K003529|K004839|K004840|K004888|K006126|K006320|K006380|K006521|K006522|K006712|K006826|K006959|K006967|K007661|K007674|K007675|K007676|K007677|K007682|K007683|K007684|K007685|K007776|K007777,69,commercial_research,Yaroslavl_and_oblast,572,0,0,service_head_24m_dynamics_available,3,0,complete_link_pairs=1;min=4;max=4;mean=4.00,https://exp76.ru/vyravnivanie-uchastka/,child,blocked_facts,medium,"Stored representative SERP supports a distinct service-page candidate. The exact offer is traceable to the current hub payload, while Task 3 case/photo mapping remains incomplete; publication is blocked on proof mapping.",manual_architecture_review,Q000081|business_source:ftp_dump_minimal/wp-content/themes/land76wp/content/service-v2/planirovka-territorii.json#intro+services.items[Выравнивание],architecture_reviewed,reviewed,codex-2026-08-28,"Stored representative SERP supports a distinct service-page candidate. The exact offer is traceable to the current hub payload, while Task 3 case/photo mapping remains incomplete; publication is blocked on proof mapping."
SERP-151040020C7C,S2,газон рулонный в рыбинске — commercial_research,газон рулонный в рыбинске,K000762,1,commercial_research,Yaroslavl_and_oblast,0,0,0,service_head_24m_dynamics_available,1,1,single_representative,https://exp76.ru/rulonnyj-gazon-pod-kljuch/,merge,blocked_facts,high,"Stored representative SERP supports a distinct service-page candidate. The exact offer is traceable to the current hub payload, while Task 3 case/photo mapping remains incomplete; publication is blocked on proof mapping.",manual_architecture_review,Q000044|business_source:ftp_dump_minimal/wp-content/themes/land76wp/content/service-v2/gazon-posevnojj-i-gazon-rulonnyjj.json#services.items[Рулонный газон],architecture_reviewed,reviewed,codex-2026-08-28,"Stored representative SERP supports a distinct service-page candidate. The exact offer is traceable to the current hub payload, while Task 3 case/photo mapping remains incomplete; publication is blocked on proof mapping."
SERP-18995A41CDF6,S1,ландшафтный дизайн участка — commercial_research,ландшафтный дизайн участка,K002256|K002257,1,commercial_research,Yaroslavl_and_oblast,392,0,0,service_head_24m_dynamics_available,0,0,single_representative,https://exp76.ru/services/landshaftnoe-proektirovanie/,merge,ready,medium,Commercial intent remains with the immutable existing service hub; narrower destination is not approved without separate offer and content evidence.,manual_architecture_review,Q000024,architecture_reviewed,reviewed,codex-2026-08-28,Commercial intent remains with the immutable existing service hub; narrower destination is not approved without separate offer and content evidence.
SERP-1E2A5B0176EC,S2,посевной газон цена — transactional,посевной газон цена,K005505|K005506,2,transactional,Yaroslavl_and_oblast,18,0,0,service_head_24m_dynamics_available,0,0,single_representative,https://exp76.ru/posevnoj-gazon-pod-kljuch/,merge,blocked_facts,medium,"Stored representative SERP supports a distinct service-page candidate. The exact offer is traceable to the current hub payload, while Task 3 case/photo mapping remains incomplete; publication is blocked on proof mapping.",manual_architecture_review,Q000049|business_source:ftp_dump_minimal/wp-content/themes/land76wp/content/service-v2/gazon-posevnojj-i-gazon-rulonnyjj.json#services.items[Посевной газон],architecture_reviewed,reviewed,codex-2026-08-28,"Stored representative SERP supports a distinct service-page candidate. The exact offer is traceable to the current hub payload, while Task 3 case/photo mapping remains incomplete; publication is blocked on proof mapping."
SERP-204FB8F3D895,S2,рулонный газон купить — product_only,рулонный газон купить,K000726|K000769|K000770|K000788|K001401|K001957|K001960|K002022|K002023|K002795|K002796|K002797|K002798|K006200|K006201|K006202|K006203|K006204|K006205|K006206|K006240|K006262|K006277,17,product_only,Yaroslavl_and_oblast,196,0,0,service_head_24m_dynamics_available,19,1,single_representative,,exclude,backlog,high,Product-only demand has no installation-service destination and remains excluded.,manual_architecture_review,missing_representative_serp:SERP-204FB8F3D895,architecture_reviewed,reviewed,codex-2026-08-28,Product-only demand has no installation-service destination and remains excluded.
SERP-222F43C27897,S5,купить землю для выравнивания участка — product_only,купить землю для выравнивания участка,K001967|K001995,2,product_only,Yaroslavl_and_oblast,6,0,0,service_head_24m_dynamics_available,0,0,single_representative,,exclude,backlog,high,Product-only demand has no installation-service destination and remains excluded.,manual_architecture_review,missing_representative_serp:SERP-222F43C27897,architecture_reviewed,reviewed,codex-2026-08-28,Product-only demand has no installation-service destination and remains excluded.
SERP-2716C16CFFC8,S7,уличное освещение частного дома рыбинск — commercial_research,уличное освещение частного дома рыбинск,K007171,1,commercial_research,Yaroslavl_and_oblast,0,0,0,service_head_24m_dynamics_available,0,0,single_representative,https://exp76.ru/services/ulichnoe-osveshhenie-uchastka/,merge,ready,medium,Commercial intent remains with the immutable existing service hub; narrower destination is not approved without separate offer and content evidence.,manual_architecture_review,Q000114,architecture_reviewed,reviewed,codex-2026-08-28,Commercial intent remains with the immutable existing service hub; narrower destination is not approved without separate offer and content evidence.
SERP-28A33A22AC12,S5,планировка участка рыбинск — commercial_research,планировка участка рыбинск,K004615|K004616,1,commercial_research,Yaroslavl_and_oblast,5,0,0,service_head_24m_dynamics_available,5,1,single_representative,https://exp76.ru/services/planirovka-territorii/,merge,ready,medium,Commercial intent remains with the immutable existing service hub; narrower destination is not approved without separate offer and content evidence.,manual_architecture_review,Q000096,architecture_reviewed,reviewed,codex-2026-08-28,Commercial intent remains with the immutable existing service hub; narrower destination is not approved without separate offer and content evidence.
SERP-28E8746F1C7F,S8,найти плиту через канаву установить для проезда телег и велосипедов в рыбинске — commercial_research,найти плиту через канаву установить для проезда телег и велосипедов в рыбинске,K002777,1,commercial_research,Yaroslavl_and_oblast,0,0,0,service_head_24m_dynamics_available,1,1,single_representative,https://exp76.ru/services/vezd-zaezd-na-uchastok-cherez-kanavu-pod-kljuch/,merge,ready,medium,Commercial intent remains with the immutable existing service hub; narrower destination is not approved without separate offer and content evidence.,manual_architecture_review,Q000137,architecture_reviewed,reviewed,codex-2026-08-28,Commercial intent remains with the immutable existing service hub; narrower destination is not approved without separate offer and content evidence.
SERP-38789FF53DEB,S5,планировка территории — commercial_research,планировка территории,K000083|K000084|K000123|K000124|K000351|K000352|K000795|K000796|K000799|K000800|K000803|K000888|K001097|K001098|K001390|K001465|K002457|K002458|K003194|K003195|K003922|K003923|K003924|K003925|K003926|K003927|K003928|K003936|K003937|K003939|K003940|K003941|K003942|K003943|K003944|K003945|K003946|K003947|K003948|K003949|K003954|K003955|K003956|K003957|K003958|K003959|K003960|K003961|K003962|K003966|K003967|K003968|K003969|K003970|K003971|K003972|K003975|K003976|K003977|K003978|K003979|K003980|K003981|K003982|K003983|K003984|K003985|K003986|K003987|K003988|K003989|K003990|K003991|K003992|K003993|K003994|K003995|K003996|K003997|K003998|K003999|K004001|K004002|K004003|K004004|K004005|K004006|K004007|K004014|K004015|K004016|K004858|K004859|K006142|K006143|K006603|K006604|K006672|K006673|K006674|K006675|K007707|K007708,61,commercial_research,Yaroslavl_and_oblast,624,0,0,service_head_24m_dynamics_available,1,0,single_representative,https://exp76.ru/services/planirovka-territorii/,merge,ready,medium,Commercial intent remains with the immutable existing service hub; narrower destination is not approved without separate offer and content evidence.,manual_architecture_review,Q000092,architecture_reviewed,reviewed,codex-2026-08-28,Commercial intent remains with the immutable existing service hub; narrower destination is not approved without separate offer and content evidence.
SERP-3AF29E33EBAC,S5,выравнивание участка цена — transactional,выравнивание участка цена,K000548|K000565|K000566|K000567|K000569|K000595|K000596|K000597|K000598|K000614|K000615|K000616|K000617|K000626|K000627|K000628|K000636|K000637|K000638|K000639|K000640|K000641|K000882|K000883|K001352|K001353|K001367|K001368|K001409|K007193|K007203,22,transactional,Yaroslavl_and_oblast,76,0,0,service_head_24m_dynamics_available,0,0,complete_link_pairs=1;min=4;max=4;mean=4.00,https://exp76.ru/vyravnivanie-uchastka/,merge,blocked_facts,medium,"Stored representative SERP supports a distinct service-page candidate. The exact offer is traceable to the current hub payload, while Task 3 case/photo mapping remains incomplete; publication is blocked on proof mapping.",manual_architecture_review,Q000082|business_source:ftp_dump_minimal/wp-content/themes/land76wp/content/service-v2/planirovka-territorii.json#intro+services.items[Выравнивание],architecture_reviewed,reviewed,codex-2026-08-28,"Stored representative SERP supports a distinct service-page candidate. The exact offer is traceable to the current hub payload, while Task 3 case/photo mapping remains incomplete; publication is blocked on proof mapping."
SERP-3CDF6B2A903F,S6,подпорная стенка из бетона — commercial_research,подпорная стенка из бетона,K000223|K004894|K004895|K004896|K004897|K004898|K004899|K004900|K004901|K004902|K004903,11,commercial_research,Yaroslavl_and_oblast,8,0,0,service_head_24m_dynamics_available,0,0,complete_link_pairs=1;min=4;max=4;mean=4.00,https://exp76.ru/services/podpornye-stenki/,merge,ready,medium,Commercial intent remains with the immutable existing service hub; narrower destination is not approved without separate offer and content evidence.,manual_architecture_review,Q000101,architecture_reviewed,reviewed,codex-2026-08-28,Commercial intent remains with the immutable existing service hub; narrower destination is not approved without separate offer and content evidence.
SERP-3DA3A83AC9A8,S3,посадка кустарников — commercial_research,посадка кустарников,K000126|K000127|K000136|K000137|K000138|K000139|K000140|K000141|K000146|K000147|K000148|K000149|K000168|K000169|K000241|K000242|K000243|K000244|K000245|K000246|K000247|K000248|K000249|K000252|K000253|K000254|K000255|K000256|K000257|K000258|K000259|K000329|K000330|K000331|K000332|K000333|K000334|K000335|K000336|K000337|K000338|K000339|K000340|K000341|K000342|K000343|K000344|K000430|K000794|K000816|K000817|K000828|K000829|K000830|K000916|K000921|K000946|K001243|K001244|K001245|K001246|K001247|K001248|K001741|K001742|K001801|K002054|K002055|K002056|K002057|K002058|K002059|K002060|K002061|K002062|K002063|K002064|K002065|K002066|K002067|K002068|K002069|K002070|K002071|K002072|K002073|K002074|K002075|K002076|K002077|K002078|K002079|K002080|K002081|K002082|K002083|K002084|K002085|K002086|K002087|K002088|K002089|K002090|K002091|K002092|K002093|K002094|K002095|K002096|K002097|K002098|K002099|K002100|K002101|K002102|K002103|K002104|K002423|K002439|K002596|K002599|K002600|K005047|K005330|K005331|K005332|K005333|K005334|K005335|K005336|K005337|K005338|K005339|K005340|K005341|K005342|K005343|K005344|K005363|K005389|K005390|K005391|K005409|K005448|K005464|K005465|K005507|K005601|K005972|K005973|K005974|K005975|K006381|K006382|K006702|K006703|K006704|K006705|K006706|K006707|K006708|K006709|K006710|K007070|K007583|K007584|K007610|K007611|K007722|K007723,121,commercial_research,Yaroslavl_and_oblast,1446,0,0,service_head_24m_dynamics_available,0,0,single_representative,https://exp76.ru/services/posadka-derevev-i-kustarnikov/,merge,ready,medium,Commercial intent remains with the immutable existing service hub; narrower destination is not approved without separate offer and content evidence.,manual_architecture_review,Q000065,architecture_reviewed,reviewed,codex-2026-08-28,Commercial intent remains with the immutable existing service hub; narrower destination is not approved without separate offer and content evidence.
SERP-468BED4A1CF4,S6,подпорная стенка из габионов — commercial_research,подпорная стенка из габионов,K004904|K004905|K004907|K004908|K004909|K004910,5,commercial_research,Yaroslavl_and_oblast,1,0,0,service_head_24m_dynamics_available,0,0,single_representative,https://exp76.ru/services/podpornye-stenki/,merge,ready,medium,Commercial intent remains with the immutable existing service hub; narrower destination is not approved without separate offer and content evidence.,manual_architecture_review,Q000103,architecture_reviewed,reviewed,codex-2026-08-28,Commercial intent remains with the immutable existing service hub; narrower destination is not approved without separate offer and content evidence.
SERP-46D9E5DD0AF8,S8,заезд на участок через канаву под ключ тутаев — transactional,заезд на участок через канаву под ключ тутаев,K001317,1,transactional,Yaroslavl_and_oblast,0,0,0,service_head_24m_dynamics_available,1,4,single_representative,https://exp76.ru/services/vezd-zaezd-na-uchastok-cherez-kanavu-pod-kljuch/,merge,ready,medium,Commercial intent remains with the immutable existing service hub; narrower destination is not approved without separate offer and content evidence.,manual_architecture_review,Q000128,architecture_reviewed,reviewed,codex-2026-08-28,Commercial intent remains with the immutable existing service hub; narrower destination is not approved without separate offer and content evidence.
SERP-48476265400C,S1,заказать дизайн проект участка — transactional,заказать дизайн проект участка,K001358,1,transactional,Yaroslavl_and_oblast,1,0,0,service_head_24m_dynamics_available,0,0,single_representative,https://exp76.ru/services/landshaftnoe-proektirovanie/,merge,ready,medium,Commercial intent remains with the immutable existing service hub; narrower destination is not approved without separate offer and content evidence.,manual_architecture_review,Q000011,architecture_reviewed,reviewed,codex-2026-08-28,Commercial intent remains with the immutable existing service hub; narrower destination is not approved without separate offer and content evidence.
SERP-490CDCE58295,S5,каким грунтом поднять участок — commercial_research,каким грунтом поднять участок,K001671,1,commercial_research,Yaroslavl_and_oblast,1,0,0,service_head_24m_dynamics_available,0,0,single_representative,https://exp76.ru/services/planirovka-territorii/,merge,ready,medium,Commercial intent remains with the immutable existing service hub; narrower destination is not approved without separate offer and content evidence.,manual_architecture_review,Q000090,architecture_reviewed,reviewed,codex-2026-08-28,Commercial intent remains with the immutable existing service hub; narrower destination is not approved without separate offer and content evidence.
SERP-4D594D564DC8,S1,ландшафтный дизайн рыбинск — commercial_research,ландшафтный дизайн рыбинск,K002158|K002159|K002249,3,commercial_research,Yaroslavl_and_oblast,0,0,0,service_head_24m_dynamics_available,19,3,complete_link_pairs=3;min=4;max=6;mean=5.00,https://exp76.ru/services/landshaftnoe-proektirovanie/,merge,ready,medium,Commercial intent remains with the immutable existing service hub; narrower destination is not approved without separate offer and content evidence.,manual_architecture_review,Q000023,architecture_reviewed,reviewed,codex-2026-08-28,Commercial intent remains with the immutable existing service hub; narrower destination is not approved without separate offer and content evidence.
SERP-4D82034EB5C5,S2,цена за метр раскатного газона — transactional,цена за метр раскатного газона,K007631,1,transactional,Yaroslavl_and_oblast,0,0,0,service_head_24m_dynamics_available,2,0,single_representative,https://exp76.ru/rulonnyj-gazon-pod-kljuch/,merge,blocked_facts,medium,"Stored representative SERP supports a distinct service-page candidate. The exact offer is traceable to the current hub payload, while Task 3 case/photo mapping remains incomplete; publication is blocked on proof mapping.",manual_architecture_review,Q000058|business_source:ftp_dump_minimal/wp-content/themes/land76wp/content/service-v2/gazon-posevnojj-i-gazon-rulonnyjj.json#services.items[Рулонный газон],architecture_reviewed,reviewed,codex-2026-08-28,"Stored representative SERP supports a distinct service-page candidate. The exact offer is traceable to the current hub payload, while Task 3 case/photo mapping remains incomplete; publication is blocked on proof mapping."
SERP-4FFE505A1BD1,S7,освещение участка — commercial_research,освещение участка,K000297|K000298|K000378|K000379|K000380|K000392|K000919|K000920|K001022|K001023|K001486|K001487|K001488|K001499|K001500|K001501|K001692|K002110|K002139|K002140|K002141|K002142|K002143|K002487|K002488|K002489|K002735|K002736|K002737|K002788|K002789|K002790|K002866|K003284|K003294|K003295|K003296|K003299|K003300|K003301|K003302|K003303|K003304|K003305|K003306|K003307|K003308|K003309|K003310|K003312|K003313|K003316|K003318|K003319|K003320|K003321|K003322|K003323|K003324|K003325|K003326|K003327|K003328|K003329|K003330|K003331|K003332|K003333|K003334|K003335|K003336|K003337|K003338|K003339|K003340|K003341|K003342|K003344|K003345|K003346|K003347|K003348|K003349|K003350|K003351|K003352|K003353|K003354|K003355|K003356|K003357|K003358|K003359|K003360|K003361|K003362|K003363|K003364|K003365|K003509|K004963|K004964|K004965|K004966|K004969|K004970|K005555|K005611|K005612|K005613|K005689|K005767|K005768|K005769|K005942|K005990|K005991|K005992|K006111|K006162|K006163|K006164|K006168|K006387|K006388|K006389|K006390|K006393|K006394|K006395|K006484|K006485|K006507|K006634|K006793|K006794|K006795|K006796|K007165|K007166|K007167|K007168|K007174|K007175|K007182|K007183|K007243|K007546|K007573|K007574|K007575|K007576|K007577|K007578|K007579|K007580|K007726,95,commercial_research,Yaroslavl_and_oblast,11972,0,0,service_head_24m_dynamics_available,0,0,complete_link_pairs=1;min=5;max=5;mean=5.00,,exclude,backlog,medium,Stored SERPs are guide/product led with no service landing; the mixed cluster is excluded from the ready hub.,manual_architecture_review,Q000110|Q000112,architecture_reviewed,reviewed,codex-2026-08-28,Stored SERPs are guide/product led with no service landing; the mixed cluster is excluded from the ready hub.
SERP-501565B73C13,S1,благоустройство дачного участка под ключ — transactional,благоустройство дачного участка под ключ,K000181,1,transactional,Yaroslavl_and_oblast,0,0,0,service_head_24m_dynamics_available,5,0,single_representative,https://exp76.ru/services/,merge,ready,medium,Broad landscaping/complex-improvement demand retains the legacy /services/ owner; it must not broaden the S1 landscape-design hub.,manual_architecture_review,Q000004,architecture_reviewed,reviewed,codex-2026-08-28,Broad landscaping/complex-improvement demand retains the legacy /services/ owner; it must not broaden the S1 landscape-design hub.
SERP-504953171519,S8,заезд на участок через канаву под ключ рыбинск — transactional,заезд на участок через канаву под ключ рыбинск,K001316,1,transactional,Yaroslavl_and_oblast,0,0,0,service_head_24m_dynamics_available,2,1,single_representative,https://exp76.ru/services/vezd-zaezd-na-uchastok-cherez-kanavu-pod-kljuch/,merge,ready,medium,Commercial intent remains with the immutable existing service hub; narrower destination is not approved without separate offer and content evidence.,manual_architecture_review,Q000127,architecture_reviewed,reviewed,codex-2026-08-28,Commercial intent remains with the immutable existing service hub; narrower destination is not approved without separate offer and content evidence.
SERP-5703FC9B6AB2,S6,строительство подпорной стенки рыбинск — transactional,строительство подпорной стенки рыбинск,K006804|K006805|K006806|K006807,4,transactional,Yaroslavl_and_oblast,0,0,0,service_head_24m_dynamics_available,0,0,single_representative,https://exp76.ru/services/podpornye-stenki/,merge,ready,medium,Commercial intent remains with the immutable existing service hub; narrower destination is not approved without separate offer and content evidence.,manual_architecture_review,Q000105,architecture_reviewed,reviewed,codex-2026-08-28,Commercial intent remains with the immutable existing service hub; narrower destination is not approved without separate offer and content evidence.
SERP-57EC0E41B977,S8,заезд через канаву тутаев — commercial_research,заезд через канаву тутаев,K001305|K001306|K001307|K001321|K001339|K001340,3,commercial_research,Yaroslavl_and_oblast,21,0,0,service_head_24m_dynamics_available,12,3,complete_link_pairs=3;min=6;max=8;mean=7.00,https://exp76.ru/services/vezd-zaezd-na-uchastok-cherez-kanavu-pod-kljuch/,merge,ready,medium,Commercial intent remains with the immutable existing service hub; narrower destination is not approved without separate offer and content evidence.,manual_architecture_review,Q000134,architecture_reviewed,reviewed,codex-2026-08-28,Commercial intent remains with the immutable existing service hub; narrower destination is not approved without separate offer and content evidence.
SERP-5A0AE0E41D86,S7,ландшафтное освещение — commercial_research,ландшафтное освещение,K002125|K002126,1,commercial_research,Yaroslavl_and_oblast,23,0,0,service_head_24m_dynamics_available,0,0,single_representative,,exclude,backlog,medium,Stored SERP is product_catalog:10 with no service landing; product demand is excluded.,manual_architecture_review,Q000107,architecture_reviewed,reviewed,codex-2026-08-28,Stored SERP is product_catalog:10 with no service landing; product demand is excluded.
SERP-6070ECC246E8,S2,посевной газон — commercial_research,посевной газон,K002478|K002506|K005478|K005479|K005480|K005501|K005502|K005503|K005504,7,commercial_research,Yaroslavl_and_oblast,32,0,0,service_head_24m_dynamics_available,2,0,single_representative,https://exp76.ru/posevnoj-gazon-pod-kljuch/,child,blocked_facts,medium,"Stored representative SERP supports a distinct service-page candidate. The exact offer is traceable to the current hub payload, while Task 3 case/photo mapping remains incomplete; publication is blocked on proof mapping.",manual_architecture_review,Q000047|business_source:ftp_dump_minimal/wp-content/themes/land76wp/content/service-v2/gazon-posevnojj-i-gazon-rulonnyjj.json#services.items[Посевной газон],architecture_reviewed,reviewed,codex-2026-08-28,"Stored representative SERP supports a distinct service-page candidate. The exact offer is traceable to the current hub payload, while Task 3 case/photo mapping remains incomplete; publication is blocked on proof mapping."
SERP-634958A3C2DB,S2,рулонный газон ярославль — commercial_research,рулонный газон ярославль,K006259|K006260,1,commercial_research,Yaroslavl_and_oblast,90,0,0,service_head_24m_dynamics_available,0,0,single_representative,https://exp76.ru/rulonnyj-gazon-pod-kljuch/,merge,blocked_facts,medium,"Stored representative SERP supports a distinct service-page candidate. The exact offer is traceable to the current hub payload, while Task 3 case/photo mapping remains incomplete; publication is blocked on proof mapping.",manual_architecture_review,Q000055|business_source:ftp_dump_minimal/wp-content/themes/land76wp/content/service-v2/gazon-posevnojj-i-gazon-rulonnyjj.json#services.items[Рулонный газон],architecture_reviewed,reviewed,codex-2026-08-28,"Stored representative SERP supports a distinct service-page candidate. The exact offer is traceable to the current hub payload, while Task 3 case/photo mapping remains incomplete; publication is blocked on proof mapping."
SERP-63EDD3F67224,S2,восстановление газона — commercial_research,восстановление газона,K000409|K000410|K000411|K000412|K000413|K000414|K000415|K000416|K000417|K000418|K000419|K000420|K000421,9,commercial_research,Yaroslavl_and_oblast,17,0,0,service_head_24m_dynamics_available,0,0,single_representative,https://exp76.ru/services/gazon-posevnojj-i-gazon-rulonnyjj/,merge,ready,medium,Commercial intent remains with the immutable existing service hub; narrower destination is not approved without separate offer and content evidence.,manual_architecture_review,Q000039,architecture_reviewed,reviewed,codex-2026-08-28,Commercial intent remains with the immutable existing service hub; narrower destination is not approved without separate offer and content evidence.
SERP-651B7A994F7E,S4,сезонный уход за садом рыбинск — commercial_research,сезонный уход за садом рыбинск,K006444|K006445|K006446|K006447,4,commercial_research,Yaroslavl_and_oblast,0,0,0,service_head_24m_dynamics_available,0,0,single_representative,https://exp76.ru/services/ukhod-za-sadom/,merge,ready,medium,Commercial intent remains with the immutable existing service hub; narrower destination is not approved without separate offer and content evidence.,manual_architecture_review,Q000077,architecture_reviewed,reviewed,codex-2026-08-28,Commercial intent remains with the immutable existing service hub; narrower destination is not approved without separate offer and content evidence.
SERP-65D0D96753C1,S3,стоимость посадки деревьев — transactional,стоимость посадки деревьев,K001365|K006763|K006764,2,transactional,Yaroslavl_and_oblast,189,0,0,service_head_24m_dynamics_available,0,0,complete_link_pairs=1;min=5;max=5;mean=5.00,https://exp76.ru/services/posadka-derevev-i-kustarnikov/,merge,ready,medium,Commercial intent remains with the immutable existing service hub; narrower destination is not approved without separate offer and content evidence.,manual_architecture_review,Q000067,architecture_reviewed,reviewed,codex-2026-08-28,Commercial intent remains with the immutable existing service hub; narrower destination is not approved without separate offer and content evidence.
SERP-69104D6AA308,S6,подпорная стенка на участке — commercial_research,подпорная стенка на участке,K000121|K000158|K000159|K001014|K001255|K004906|K004911|K004912|K004913|K004914|K004915|K004916|K004917|K004918|K004919|K004920|K004921|K004922|K004925|K004926|K004927|K004928|K004929|K004934|K004935|K004936|K004937,20,commercial_research,Yaroslavl_and_oblast,2890,0,0,service_head_24m_dynamics_available,3,0,single_representative,https://exp76.ru/services/podpornye-stenki/,hub,ready,medium,Commercial intent remains with the immutable existing service hub; narrower destination is not approved without separate offer and content evidence.,manual_architecture_review,Q000104,architecture_reviewed,reviewed,codex-2026-08-28,Commercial intent remains with the immutable existing service hub; narrower destination is not approved without separate offer and content evidence.
SERP-6979557B24CA,S7,монтаж освещения участка рыбинск — transactional,монтаж освещения участка рыбинск,K002724|K002725|K002726|K002727,4,transactional,Yaroslavl_and_oblast,0,0,0,service_head_24m_dynamics_available,0,0,single_representative,https://exp76.ru/services/ulichnoe-osveshhenie-uchastka/,hub,ready,medium,Commercial intent remains with the immutable existing service hub; narrower destination is not approved without separate offer and content evidence.,manual_architecture_review,Q000109,architecture_reviewed,reviewed,codex-2026-08-28,Commercial intent remains with the immutable existing service hub; narrower destination is not approved without separate offer and content evidence.
SERP-6CE4B6AF888B,S4,уход за садом — commercial_research,уход за садом,K007400|K007401|K007402,1,commercial_research,Yaroslavl_and_oblast,7145,0,0,service_head_24m_dynamics_available,0,0,single_representative,https://exp76.ru/services/ukhod-za-sadom/,hub,ready,medium,Commercial intent remains with the immutable existing service hub; narrower destination is not approved without separate offer and content evidence.,manual_architecture_review,Q000078,architecture_reviewed,reviewed,codex-2026-08-28,Commercial intent remains with the immutable existing service hub; narrower destination is not approved without separate offer and content evidence.
SERP-6DB26688AA57,S5,планировка участка — commercial_research,планировка участка,K004041|K004042|K004043|K004044,1,commercial_research,Yaroslavl_and_oblast,35881,19,19,service_head_24m_dynamics_available,0,0,single_representative,https://exp76.ru/services/planirovka-territorii/,hub,ready,medium,Commercial intent remains with the immutable existing service hub; narrower destination is not approved without separate offer and content evidence.,manual_architecture_review,Q000094|Q000095,architecture_reviewed,reviewed,codex-2026-08-28,Commercial intent remains with the immutable existing service hub; narrower destination is not approved without separate offer and content evidence.
SERP-704B34378555,S1,ландшафтное проектирование участка — commercial_research,ландшафтное проектирование участка,K002148|K002149,1,commercial_research,Yaroslavl_and_oblast,0,0,0,service_head_24m_dynamics_available,0,0,single_representative,https://exp76.ru/services/landshaftnoe-proektirovanie/,hub,ready,medium,Commercial intent remains with the immutable existing service hub; narrower destination is not approved without separate offer and content evidence.,manual_architecture_review,Q000019,architecture_reviewed,reviewed,codex-2026-08-28,Commercial intent remains with the immutable existing service hub; narrower destination is not approved without separate offer and content evidence.
SERP-785822A3ED71,S3,посадка хвойных — commercial_research,посадка хвойных,K000435|K001413|K002482|K005415|K005416|K005425|K005426|K005432|K005433|K005434|K005435|K005436|K005437|K005438|K005539|K005608|K005609|K007620,14,commercial_research,Yaroslavl_and_oblast,61,0,0,service_head_24m_dynamics_available,0,0,single_representative,https://exp76.ru/services/posadka-derevev-i-kustarnikov/,merge,ready,medium,Commercial intent remains with the immutable existing service hub; narrower destination is not approved without separate offer and content evidence.,manual_architecture_review,Q000066,architecture_reviewed,reviewed,codex-2026-08-28,Commercial intent remains with the immutable existing service hub; narrower destination is not approved without separate offer and content evidence.
SERP-7A77EA65DFCA,S1,благоустройство участка — commercial_research,благоустройство участка,K000206|K000213|K000216|K000218|K001874|K006376,6,commercial_research,Yaroslavl_and_oblast,0,0,0,service_head_24m_dynamics_available,18,5,complete_link_pairs=15;min=4;max=7;mean=5.33,https://exp76.ru/services/,special,ready,medium,Broad landscaping/complex-improvement demand retains the legacy /services/ owner; it must not broaden the S1 landscape-design hub.,manual_architecture_review,Q000005,architecture_reviewed,reviewed,codex-2026-08-28,Broad landscaping/complex-improvement demand retains the legacy /services/ owner; it must not broaden the S1 landscape-design hub.
SERP-7BD020023148,S4,найти садовника на участок в рыбинске — commercial_research,найти садовника на участок в рыбинске,K002780|K006347|K006348|K006349|K006350|K006351|K006352,7,commercial_research,Yaroslavl_and_oblast,0,0,0,service_head_24m_dynamics_available,5,2,complete_link_pairs=1;min=5;max=5;mean=5.00,https://exp76.ru/services/ukhod-za-sadom/,merge,ready,medium,Commercial intent remains with the immutable existing service hub; narrower destination is not approved without separate offer and content evidence.,manual_architecture_review,Q000071,architecture_reviewed,reviewed,codex-2026-08-28,Commercial intent remains with the immutable existing service hub; narrower destination is not approved without separate offer and content evidence.
SERP-7C47C44022BF,S2,рулонный газон цена — transactional,рулонный газон цена,K000736|K000768|K000771|K000789|K001366|K001958|K002021|K006186|K006187|K006215|K006251|K006252|K006253|K006254|K006256|K006257|K006258|K006779,16,transactional,Yaroslavl_and_oblast,97,0,0,service_head_24m_dynamics_available,2,0,complete_link_pairs=1;min=7;max=7;mean=7.00,https://exp76.ru/rulonnyj-gazon-pod-kljuch/,merge,blocked_facts,medium,"Stored representative SERP supports a distinct service-page candidate. The exact offer is traceable to the current hub payload, while Task 3 case/photo mapping remains incomplete; publication is blocked on proof mapping.",manual_architecture_review,Q000054|business_source:ftp_dump_minimal/wp-content/themes/land76wp/content/service-v2/gazon-posevnojj-i-gazon-rulonnyjj.json#services.items[Рулонный газон],architecture_reviewed,reviewed,codex-2026-08-28,"Stored representative SERP supports a distinct service-page candidate. The exact offer is traceable to the current hub payload, while Task 3 case/photo mapping remains incomplete; publication is blocked on proof mapping."
SERP-7CD860AE1E28,S5,планировка территории услуга — transactional,планировка территории услуга,K001363|K004000|K004008|K004009|K004013,4,transactional,Yaroslavl_and_oblast,82,0,0,service_head_24m_dynamics_available,0,0,complete_link_pairs=1;min=5;max=5;mean=5.00,https://exp76.ru/services/planirovka-territorii/,merge,ready,medium,Commercial intent remains with the immutable existing service hub; narrower destination is not approved without separate offer and content evidence.,manual_architecture_review,missing_representative_serp:SERP-7CD860AE1E28,architecture_reviewed,reviewed,codex-2026-08-28,Commercial intent remains with the immutable existing service hub; narrower destination is not approved without separate offer and content evidence.
SERP-7DE3AAD9BA6E,S4,услуги по уходу за садом — transactional,услуги по уходу за садом,K001880|K006791|K007191|K007226|K007445|K007446,6,transactional,Russia_discovery_only,284,0,0,service_head_24m_dynamics_available,0,0,single_representative,https://exp76.ru/services/ukhod-za-sadom/,merge,ready,medium,Commercial intent remains with the immutable existing service hub; narrower destination is not approved without separate offer and content evidence.,manual_architecture_review,missing_representative_serp:SERP-7DE3AAD9BA6E,architecture_reviewed,reviewed,codex-2026-08-28,Commercial intent remains with the immutable existing service hub; narrower destination is not approved without separate offer and content evidence.
SERP-854ADA9B5F75,S8,трубу в канаву уложить в рыбинске — commercial_research,трубу в канаву уложить в рыбинске,K007032,1,commercial_research,Yaroslavl_and_oblast,0,0,0,service_head_24m_dynamics_available,3,2,single_representative,https://exp76.ru/services/vezd-zaezd-na-uchastok-cherez-kanavu-pod-kljuch/,merge,ready,medium,Commercial intent remains with the immutable existing service hub; narrower destination is not approved without separate offer and content evidence.,manual_architecture_review,Q000140,architecture_reviewed,reviewed,codex-2026-08-28,Commercial intent remains with the immutable existing service hub; narrower destination is not approved without separate offer and content evidence.
SERP-87C0A7353C83,S1,услуги по благоустройства участка брейтово — transactional,услуги по благоустройства участка брейтово,K007206,1,transactional,Yaroslavl_and_oblast,0,0,0,service_head_24m_dynamics_available,2,1,single_representative,https://exp76.ru/services/,merge,ready,high,Broad landscaping/complex-improvement demand retains the legacy /services/ owner; it must not broaden the S1 landscape-design hub.,manual_architecture_review,Q000034,architecture_reviewed,reviewed,codex-2026-08-28,Broad landscaping/complex-improvement demand retains the legacy /services/ owner; it must not broaden the S1 landscape-design hub.
SERP-88BDA565D7AA,S8,ярославская область сделать въезд в канаву — commercial_research,ярославская область сделать въезд в канаву,K007816,1,commercial_research,Yaroslavl_and_oblast,0,0,0,service_head_24m_dynamics_available,7,2,single_representative,https://exp76.ru/services/vezd-zaezd-na-uchastok-cherez-kanavu-pod-kljuch/,merge,ready,medium,Commercial intent remains with the immutable existing service hub; narrower destination is not approved without separate offer and content evidence.,manual_architecture_review,Q000141,architecture_reviewed,reviewed,codex-2026-08-28,Commercial intent remains with the immutable existing service hub; narrower destination is not approved without separate offer and content evidence.
SERP-8F99DD3FB843,S4,обрезка кустарников — commercial_research,обрезка кустарников,K000090|K000915|K001088|K001089|K001242|K001476|K001477|K001478|K001479|K002503|K002504|K003067|K003068|K003069|K003070|K003071|K003072|K003073|K003074|K003075|K003076|K003077|K003078|K003079|K003091|K003092|K003115|K003116|K003123|K003124|K003134|K003135|K003149|K003150|K003371|K003483|K006344|K006458|K006459|K006725|K007567|K007568|K007581|K007582,29,commercial_research,Yaroslavl_and_oblast,181,0,0,service_head_24m_dynamics_available,0,0,single_representative,https://exp76.ru/obrezka-derevev-i-kustarnikov/,merge,blocked_facts,medium,"Stored representative SERP supports a distinct service-page candidate. The exact offer is traceable to the current hub payload, while Task 3 case/photo mapping remains incomplete; publication is blocked on proof mapping.",manual_architecture_review,Q000074|business_source:ftp_dump_minimal/wp-content/themes/land76wp/content/service-v2/ukhod-za-sadom.json#seo.description+services.items[Обрезка],architecture_reviewed,reviewed,codex-2026-08-28,"Stored representative SERP supports a distinct service-page candidate. The exact offer is traceable to the current hub payload, while Task 3 case/photo mapping remains incomplete; publication is blocked on proof mapping."
SERP-92449D7EF3C6,S2,газоны в рыбинске — commercial_research,газоны в рыбинске,K000776|K000785|K000793|K004560|K004981|K006309|K007347,7,commercial_research,Yaroslavl_and_oblast,0,0,0,service_head_24m_dynamics_available,7,0,single_representative,https://exp76.ru/category/avtopoliv-na-uchastke/,merge,ready,medium,"Stored Q000046 is auto-irrigation dominated, so this lexical lawn projection merges into the protected auto-irrigation owner instead of the S2 lawn hub.",manual_architecture_review,Q000046|protected_owner:https://exp76.ru/category/avtopoliv-na-uchastke/,architecture_reviewed,reviewed,codex-2026-08-28,"Stored Q000046 is auto-irrigation dominated, so this lexical lawn projection merges into the protected auto-irrigation owner instead of the S2 lawn hub."
SERP-942863B727BD,S7,подсветка дорожек — commercial_research,подсветка дорожек,K004944|K004945|K004946|K004947|K004948|K004949|K004952|K004953|K004956|K004957|K006391,8,commercial_research,Yaroslavl_and_oblast,45,0,0,service_head_24m_dynamics_available,0,0,single_representative,,exclude,backlog,medium,Stored SERP is product/guide led with no service landing; lighting-product demand is excluded.,manual_architecture_review,Q000111,architecture_reviewed,reviewed,codex-2026-08-28,Stored SERP is product/guide led with no service landing; lighting-product demand is excluded.
SERP-951E1BC7177B,S6,устройство подпорной стенки — transactional,устройство подпорной стенки,K000902|K000903|K006594|K006595|K007280|K007281|K007288|K007289|K007291|K007292|K007293|K007294|K007295|K007296|K007297|K007298,10,transactional,Yaroslavl_and_oblast,8,0,0,service_head_24m_dynamics_available,0,0,single_representative,https://exp76.ru/services/podpornye-stenki/,merge,ready,medium,Commercial intent remains with the immutable existing service hub; narrower destination is not approved without separate offer and content evidence.,manual_architecture_review,Q000106,architecture_reviewed,reviewed,codex-2026-08-28,Commercial intent remains with the immutable existing service hub; narrower destination is not approved without separate offer and content evidence.
SERP-95322B4882AA,S8,обустройство въезда на участок ярославль — commercial_research,обустройство въезда на участок ярославль,K001443|K003174|K003175|K003176|K003177|K003182|K003188|K003189,8,commercial_research,Yaroslavl_and_oblast,0,0,0,service_head_24m_dynamics_available,6,0,single_representative,https://exp76.ru/services/vezd-zaezd-na-uchastok-cherez-kanavu-pod-kljuch/,merge,ready,medium,Commercial intent remains with the immutable existing service hub; narrower destination is not approved without separate offer and content evidence.,manual_architecture_review,missing_representative_serp:SERP-95322B4882AA,architecture_reviewed,reviewed,codex-2026-08-28,Commercial intent remains with the immutable existing service hub; narrower destination is not approved without separate offer and content evidence.
SERP-970C6936F24A,S6,организация выполняющая установкой гравитационной подпорной стены ярославль — commercial_research,организация выполняющая установкой гравитационной подпорной стены ярославль,K003282,1,commercial_research,Yaroslavl_and_oblast,0,0,0,service_head_24m_dynamics_available,2,1,single_representative,https://exp76.ru/services/podpornye-stenki/,merge,ready,high,Commercial intent remains with the immutable existing service hub; narrower destination is not approved without separate offer and content evidence.,manual_architecture_review,Q000100,architecture_reviewed,reviewed,codex-2026-08-28,Commercial intent remains with the immutable existing service hub; narrower destination is not approved without separate offer and content evidence.
SERP-9F051612A9DA,S3,озеленение участка — commercial_research,озеленение участка,K000295|K000296|K001021|K001402|K001403|K001802|K001803|K002124|K003204|K003205|K003206|K003207|K003208|K003210|K003211|K003216|K003217|K003218|K003219|K003220|K003221|K003222|K003223|K003225|K003226|K003227|K003228|K003229|K003230|K003231|K003232|K003233|K003234|K005764|K005765|K005954|K005955|K006362|K007548|K007549|K007769|K007770,28,commercial_research,Yaroslavl_and_oblast,93,0,0,service_head_24m_dynamics_available,0,0,single_representative,https://exp76.ru/services/posadka-derevev-i-kustarnikov/,merge,ready,medium,Commercial intent remains with the immutable existing service hub; narrower destination is not approved without separate offer and content evidence.,manual_architecture_review,Q000061,architecture_reviewed,reviewed,codex-2026-08-28,Commercial intent remains with the immutable existing service hub; narrower destination is not approved without separate offer and content evidence.
SERP-A0149C55D54D,S1,стоимость работ по благоустройству территории ярославль — transactional,стоимость работ по благоустройству территории ярославль,K006771,1,transactional,Yaroslavl_and_oblast,0,0,0,service_head_24m_dynamics_available,1,1,single_representative,https://exp76.ru/services/,merge,ready,medium,Broad landscaping/complex-improvement demand retains the legacy /services/ owner; it must not broaden the S1 landscape-design hub.,manual_architecture_review,Q000032,architecture_reviewed,reviewed,codex-2026-08-28,Broad landscaping/complex-improvement demand retains the legacy /services/ owner; it must not broaden the S1 landscape-design hub.
SERP-A2EE2A3C7677,S3,дендролог в рыбинске — commercial_research,дендролог в рыбинске,K000931,1,commercial_research,Yaroslavl_and_oblast,0,0,0,service_head_24m_dynamics_available,2,1,single_representative,https://exp76.ru/services/posadka-derevev-i-kustarnikov/,merge,ready,high,Commercial intent remains with the immutable existing service hub; narrower destination is not approved without separate offer and content evidence.,manual_architecture_review,Q000059,architecture_reviewed,reviewed,codex-2026-08-28,Commercial intent remains with the immutable existing service hub; narrower destination is not approved without separate offer and content evidence.
SERP-AA3B1ED86F1C,S4,обслуживание садов — commercial_research,обслуживание садов,K001875|K001876|K001877|K001878|K003159|K003160|K003161|K003162|K003163|K003164|K003167|K003168|K003169|K003170|K006157|K006158,10,commercial_research,Yaroslavl_and_oblast,30,0,0,service_head_24m_dynamics_available,0,0,single_representative,https://exp76.ru/services/ukhod-za-sadom/,merge,ready,medium,Commercial intent remains with the immutable existing service hub; narrower destination is not approved without separate offer and content evidence.,manual_architecture_review,Q000075,architecture_reviewed,reviewed,codex-2026-08-28,Commercial intent remains with the immutable existing service hub; narrower destination is not approved without separate offer and content evidence.
SERP-AA4C9E8989B0,S8,труба в канаву для заезда — commercial_research,труба в канаву для заезда,K006983|K006984,1,commercial_research,Yaroslavl_and_oblast,64,0,0,service_head_24m_dynamics_available,0,0,single_representative,https://exp76.ru/services/vezd-zaezd-na-uchastok-cherez-kanavu-pod-kljuch/,merge,ready,medium,Commercial intent remains with the immutable existing service hub; narrower destination is not approved without separate offer and content evidence.,manual_architecture_review,Q000139,architecture_reviewed,reviewed,codex-2026-08-28,Commercial intent remains with the immutable existing service hub; narrower destination is not approved without separate offer and content evidence.
SERP-AA8EBFF26F36,S5,планировка участка ярославль — commercial_research,планировка участка ярославль,K004768|K004769|K004770|K004771|K004772,1,commercial_research,Yaroslavl_and_oblast,79,0,0,service_head_24m_dynamics_available,10,1,single_representative,https://exp76.ru/services/planirovka-territorii/,merge,ready,medium,Commercial intent remains with the immutable existing service hub; narrower destination is not approved without separate offer and content evidence.,manual_architecture_review,Q000098,architecture_reviewed,reviewed,codex-2026-08-28,Commercial intent remains with the immutable existing service hub; narrower destination is not approved without separate offer and content evidence.
SERP-AB14F61F8612,S1,стоимость реализации проекта обустройства частного участка в ярославской области компании — transactional,стоимость реализации проекта обустройства частного участка в ярославской области компании,K006778|K007646,2,transactional,Yaroslavl_and_oblast,0,0,0,service_head_24m_dynamics_available,3,2,complete_link_pairs=1;min=4;max=4;mean=4.00,https://exp76.ru/services/,merge,ready,medium,Broad landscaping/complex-improvement demand retains the legacy /services/ owner; it must not broaden the S1 landscape-design hub.,manual_architecture_review,Q000033,architecture_reviewed,reviewed,codex-2026-08-28,Broad landscaping/complex-improvement demand retains the legacy /services/ owner; it must not broaden the S1 landscape-design hub.
SERP-AD553C0B8A2D,S1,компании по ландшафтному дизайну рыбинск под ключ — transactional,компании по ландшафтному дизайну рыбинск под ключ,K001862,1,transactional,Yaroslavl_and_oblast,0,0,0,service_head_24m_dynamics_available,2,1,single_representative,https://exp76.ru/services/landshaftnoe-proektirovanie/,merge,ready,medium,Commercial intent remains with the immutable existing service hub; narrower destination is not approved without separate offer and content evidence.,manual_architecture_review,Q000013,architecture_reviewed,reviewed,codex-2026-08-28,Commercial intent remains with the immutable existing service hub; narrower destination is not approved without separate offer and content evidence.
SERP-AD8EAA1CDE40,S2,газон под ключ полесье ярославль — transactional,газон под ключ полесье ярославль,K000744,1,transactional,Yaroslavl_and_oblast,0,0,0,service_head_24m_dynamics_available,1,0,single_representative,https://exp76.ru/services/gazon-posevnojj-i-gazon-rulonnyjj/,merge,ready,medium,Commercial intent remains with the immutable existing service hub; narrower destination is not approved without separate offer and content evidence.,manual_architecture_review,Q000042,architecture_reviewed,reviewed,codex-2026-08-28,Commercial intent remains with the immutable existing service hub; narrower destination is not approved without separate offer and content evidence.
SERP-AE4638D982DC,S5,планировка грунта — commercial_research,планировка грунта,K000346|K000347|K000900|K000901|K002587|K002588|K003549|K003550|K003551|K003552|K003553|K003554|K003555|K003556|K003557|K003558|K003559|K003560|K003561|K003562|K003563|K003564|K003565|K003837|K003838|K005993|K005994|K006028|K006100|K007703|K007704,22,commercial_research,Yaroslavl_and_oblast,43,0,0,service_head_24m_dynamics_available,0,0,single_representative,https://exp76.ru/services/planirovka-territorii/,merge,ready,medium,Commercial intent remains with the immutable existing service hub; narrower destination is not approved without separate offer and content evidence.,manual_architecture_review,Q000091,architecture_reviewed,reviewed,codex-2026-08-28,Commercial intent remains with the immutable existing service hub; narrower destination is not approved without separate offer and content evidence.
SERP-B063D3C3AD98,S3,услуги по выбору и посадке фруктовых деревьев в ярославле — transactional,услуги по выбору и посадке фруктовых деревьев в ярославле,K007208,1,transactional,Yaroslavl_and_oblast,0,0,0,service_head_24m_dynamics_available,0,0,single_representative,https://exp76.ru/services/posadka-derevev-i-kustarnikov/,merge,ready,medium,Commercial intent remains with the immutable existing service hub; narrower destination is not approved without separate offer and content evidence.,manual_architecture_review,Q000068,architecture_reviewed,reviewed,codex-2026-08-28,Commercial intent remains with the immutable existing service hub; narrower destination is not approved without separate offer and content evidence.
SERP-B592CED7E831,S4,обрезка деревьев — commercial_research,обрезка деревьев,K000068|K000069|K000088|K000089|K000091|K000092|K000093|K000094|K000095|K000096|K000097|K000098|K000099|K000100|K000142|K000143|K000144|K000272|K000273|K000283|K000284|K000285|K000286|K000287|K000288|K000373|K000425|K000426|K000427|K000428|K000513|K000514|K000515|K000518|K000519|K000708|K000709|K000710|K000711|K000712|K000713|K000715|K000716|K000717|K000818|K000823|K000917|K000918|K000937|K000938|K000939|K000967|K000968|K000971|K000972|K000984|K000985|K001076|K001077|K001078|K001080|K001081|K001082|K001083|K001084|K001085|K001086|K001087|K001090|K001133|K001134|K001380|K001381|K001386|K001387|K001394|K001395|K001399|K001400|K001472|K001473|K001474|K001475|K001656|K001657|K001659|K001660|K001673|K001674|K001716|K001726|K001782|K001810|K001811|K001812|K001813|K001814|K001815|K001816|K001817|K001818|K001819|K001820|K001821|K001822|K001823|K001824|K001825|K001826|K001827|K001829|K001830|K001831|K001832|K001834|K001835|K001836|K001837|K001839|K001840|K001841|K001843|K001844|K001845|K001846|K001847|K001848|K001849|K001850|K001851|K001852|K001853|K001854|K001855|K001856|K001921|K001922|K002052|K002108|K002109|K002428|K002429|K002430|K002431|K002433|K002434|K002435|K002436|K002437|K002467|K002474|K002475|K002479|K002483|K002484|K002493|K002494|K002497|K002500|K002501|K002502|K002507|K002508|K002523|K002524|K002525|K002553|K002554|K002555|K002556|K002557|K002564|K002612|K002620|K002621|K002782|K002814|K002815|K002872|K002873|K002884|K002889|K002890|K002891|K002892|K002893|K002894|K002895|K002896|K002904|K002905|K002906|K002907|K002908|K002909|K002910|K002911|K002912|K002913|K002914|K002915|K002916|K002917|K002918|K002919|K002920|K002921|K002922|K002923|K002924|K002925|K002926|K002927|K002928|K002929|K002930|K002931|K002932|K002933|K002934|K002935|K002936|K002937|K002938|K002939|K002940|K002941|K002942|K002943|K002944|K002945|K002946|K002947|K002948|K002949|K002950|K002951|K002952|K002953|K002954|K002955|K002956|K002957|K002958|K002959|K002960|K002961|K002962|K002963|K002964|K002965|K002966|K002967|K002968|K002969|K002970|K002973|K002974|K002975|K002976|K002977|K002978|K002979|K002980|K002981|K002982|K002985|K002986|K002987|K002988|K002989|K002990|K002991|K002992|K002993|K002994|K002995|K002996|K002997|K002998|K002999|K003000|K003001|K003002|K003003|K003004|K003005|K003006|K003007|K003008|K003009|K003010|K003011|K003012|K003013|K003014|K003015|K003016|K003017|K003018|K003019|K003020|K003021|K003022|K003023|K003024|K003025|K003026|K003027|K003028|K003029|K003030|K003032|K003033|K003036|K003037|K003038|K003039|K003040|K003041|K003042|K003045|K003046|K003047|K003048|K003049|K003050|K003051|K003052|K003053|K003054|K003055|K003056|K003057|K003058|K003059|K003060|K003061|K003062|K003063|K003064|K003065|K003066|K003080|K003081|K003083|K003084|K003085|K003086|K003087|K003088|K003089|K003090|K003093|K003094|K003095|K003096|K003097|K003098|K003099|K003100|K003101|K003102|K003103|K003104|K003105|K003106|K003107|K003108|K003109|K003112|K003113|K003114|K003117|K003118|K003119|K003120|K003121|K003122|K003125|K003126|K003127|K003128|K003129|K003130|K003131|K003132|K003133|K003136|K003137|K003138|K003139|K003143|K003146|K003147|K003148|K003151|K003152|K003153|K003154|K003156|K003157|K003158|K003235|K003236|K003237|K003238|K003239|K003240|K003241|K003244|K003247|K003248|K003249|K003250|K003253|K003254|K003255|K003256|K003257|K003366|K003367|K003368|K003369|K003370|K003430|K003431|K003455|K003462|K003463|K003464|K003465|K003466|K003467|K003468|K003469|K003470|K003471|K003472|K003473|K003474|K003475|K003476|K003477|K003478|K003479|K003480|K003481|K003482|K003484|K003485|K003486|K003487|K003488|K003489|K003490|K003491|K003492|K003493|K003494|K003495|K003496|K003497|K003498|K003499|K003500|K004995|K004996|K005553|K005554|K005633|K005634|K005676|K005678|K005679|K005681|K005682|K005685|K005686|K005981|K005982|K005986|K005987|K006099|K006147|K006148|K006149|K006150|K006151|K006152|K006154|K006155|K006268|K006269|K006270|K006273|K006338|K006339|K006340|K006341|K006342|K006343|K006345|K006357|K006358|K006359|K006360|K006361|K006383|K006384|K006442|K006448|K006449|K006450|K006451|K006453|K006454|K006455|K006456|K006457|K006460|K006461|K006462|K006463|K006464|K006465|K006466|K006467|K006468|K006470|K006471|K006472|K006473|K006481|K006506|K006617|K006618|K006682|K006683|K006684|K006694|K006695|K006718|K006723|K006724|K006726|K006727|K006827|K006828|K006829|K006830|K006831|K006832|K006833|K006834|K006835|K006836|K006837|K006838|K006907|K006908|K006910|K006911|K007059|K007060|K007061|K007062|K007184|K007185|K007333|K007334|K007335|K007336|K007565|K007566|K007585|K007586|K007587|K007588|K007597|K007598|K007625|K007626|K007647|K007648|K007653|K007654|K007656|K007664|K007665|K007666|K007667|K007668|K007669|K007670|K007671|K007672|K007702|K007746|K007747|K007748|K007749|K007750|K007751|K007766|K007767|K007768|K007790,407,commercial_research,Yaroslavl_and_oblast,3282,0,0,service_head_24m_dynamics_available,0,0,single_representative,https://exp76.ru/obrezka-derevev-i-kustarnikov/,child,blocked_facts,medium,"Stored representative SERP supports a distinct service-page candidate. The exact offer is traceable to the current hub payload, while Task 3 case/photo mapping remains incomplete; publication is blocked on proof mapping.",manual_architecture_review,Q000072|business_source:ftp_dump_minimal/wp-content/themes/land76wp/content/service-v2/ukhod-za-sadom.json#seo.description+services.items[Обрезка],architecture_reviewed,reviewed,codex-2026-08-28,"Stored representative SERP supports a distinct service-page candidate. The exact offer is traceable to the current hub payload, while Task 3 case/photo mapping remains incomplete; publication is blocked on proof mapping."
SERP-BA00FDE71D08,S1,благоустройство в рыбинске — commercial_research,благоустройство в рыбинске,K000178,1,commercial_research,Yaroslavl_and_oblast,0,0,0,service_head_24m_dynamics_available,3,1,single_representative,https://exp76.ru/services/,merge,ready,medium,Broad landscaping/complex-improvement demand retains the legacy /services/ owner; it must not broaden the S1 landscape-design hub.,manual_architecture_review,Q000003,architecture_reviewed,reviewed,codex-2026-08-28,Broad landscaping/complex-improvement demand retains the legacy /services/ owner; it must not broaden the S1 landscape-design hub.
SERP-BE9D594EE9B4,S1,дизайн проект участка — commercial_research,дизайн проект участка,K001037|K001038|K001039|K001040|K001041|K001042|K001043|K001044|K001045|K001046|K001047|K001048|K001049|K001050|K001051|K001052|K001055|K001056|K006646,15,commercial_research,Yaroslavl_and_oblast,48,0,0,service_head_24m_dynamics_available,0,0,single_representative,https://exp76.ru/services/landshaftnoe-proektirovanie/,merge,ready,medium,Commercial intent remains with the immutable existing service hub; narrower destination is not approved without separate offer and content evidence.,manual_architecture_review,Q000010,architecture_reviewed,reviewed,codex-2026-08-28,Commercial intent remains with the immutable existing service hub; narrower destination is not approved without separate offer and content evidence.
SERP-C1723250580F,S2,посевной газон под ключ г ярославль ул магистральная 7 7 — transactional,посевной газон под ключ г ярославль ул магистральная 7 7,K005484|K005485,1,transactional,Yaroslavl_and_oblast,2,0,0,service_head_24m_dynamics_available,0,0,single_representative,https://exp76.ru/posevnoj-gazon-pod-kljuch/,merge,blocked_facts,medium,"Stored representative SERP supports a distinct service-page candidate. The exact offer is traceable to the current hub payload, while Task 3 case/photo mapping remains incomplete; publication is blocked on proof mapping.",manual_architecture_review,Q000048|business_source:ftp_dump_minimal/wp-content/themes/land76wp/content/service-v2/gazon-posevnojj-i-gazon-rulonnyjj.json#services.items[Посевной газон],architecture_reviewed,reviewed,codex-2026-08-28,"Stored representative SERP supports a distinct service-page candidate. The exact offer is traceable to the current hub payload, while Task 3 case/photo mapping remains incomplete; publication is blocked on proof mapping."
SERP-D06FD14A8839,S2,газон под ключ — transactional,газон под ключ,K000737|K000738|K000739|K000749|K000750|K000751|K000752,2,transactional,Yaroslavl_and_oblast,2995,0,0,service_head_24m_dynamics_available,0,0,complete_link_pairs=1;min=5;max=5;mean=5.00,https://exp76.ru/services/gazon-posevnojj-i-gazon-rulonnyjj/,hub,ready,medium,Commercial intent remains with the immutable existing service hub; narrower destination is not approved without separate offer and content evidence.,manual_architecture_review,Q000040|Q000041,architecture_reviewed,reviewed,codex-2026-08-28,Commercial intent remains with the immutable existing service hub; narrower destination is not approved without separate offer and content evidence.
SERP-D0ED9EC8158D,S7,ландшафтное освещение ярославль — commercial_research,ландшафтное освещение ярославль,K002144,1,commercial_research,Yaroslavl_and_oblast,1,0,0,service_head_24m_dynamics_available,0,0,single_representative,https://exp76.ru/services/ulichnoe-osveshhenie-uchastka/,merge,ready,medium,Commercial intent remains with the immutable existing service hub; narrower destination is not approved without separate offer and content evidence.,manual_architecture_review,Q000108,architecture_reviewed,reviewed,codex-2026-08-28,Commercial intent remains with the immutable existing service hub; narrower destination is not approved without separate offer and content evidence.
SERP-D405C455A674,S2,рулонный газон — commercial_research,рулонный газон,K006190|K006191,1,commercial_research,Yaroslavl_and_oblast,288,0,0,service_head_24m_dynamics_available,0,0,single_representative,https://exp76.ru/rulonnyj-gazon-pod-kljuch/,child,blocked_facts,medium,"Stored representative SERP supports a distinct service-page candidate. The exact offer is traceable to the current hub payload, while Task 3 case/photo mapping remains incomplete; publication is blocked on proof mapping.",manual_architecture_review,Q000052|business_source:ftp_dump_minimal/wp-content/themes/land76wp/content/service-v2/gazon-posevnojj-i-gazon-rulonnyjj.json#services.items[Рулонный газон],architecture_reviewed,reviewed,codex-2026-08-28,"Stored representative SERP supports a distinct service-page candidate. The exact offer is traceable to the current hub payload, while Task 3 case/photo mapping remains incomplete; publication is blocked on proof mapping."
SERP-D5D9845EEF9D,S8,въезд через канаву цена — transactional,въезд через канаву цена,K000459|K000460|K000474|K000485|K000489|K000490|K000501|K000507|K000508|K001284|K001285|K001301|K001302|K001312|K001313|K001318|K001322|K001323|K001324|K001342|K001343|K001350|K001351|K001769|K006404|K006422|K006423|K007250|K007252|K007253|K007254|K007255|K007277|K007278,22,transactional,Yaroslavl_and_oblast,573,0,0,service_head_24m_dynamics_available,11,1,complete_link_pairs=36;min=4;max=8;mean=5.56,https://exp76.ru/services/vezd-zaezd-na-uchastok-cherez-kanavu-pod-kljuch/,merge,ready,medium,Commercial intent remains with the immutable existing service hub; narrower destination is not approved without separate offer and content evidence.,manual_architecture_review,Q000120,architecture_reviewed,reviewed,codex-2026-08-28,Commercial intent remains with the immutable existing service hub; narrower destination is not approved without separate offer and content evidence.
SERP-DA28A58E74C6,S8,въезд через канаву — commercial_research,въезд через канаву,K000496|K000497|K000498|K001331|K001332|K001334,3,commercial_research,Yaroslavl_and_oblast,1773,1,1,service_head_24m_dynamics_available,2,1,complete_link_pairs=3;min=6;max=9;mean=7.00,https://exp76.ru/services/vezd-zaezd-na-uchastok-cherez-kanavu-pod-kljuch/,hub,ready,medium,Commercial intent remains with the immutable existing service hub; narrower destination is not approved without separate offer and content evidence.,manual_architecture_review,Q000117|Q000118,architecture_reviewed,reviewed,codex-2026-08-28,Commercial intent remains with the immutable existing service hub; narrower destination is not approved without separate offer and content evidence.
SERP-E3CEDAA277E9,S1,ландшафтный дизайнер коприно — commercial_research,ландшафтный дизайнер коприно,K002397,1,commercial_research,Yaroslavl_and_oblast,0,0,0,service_head_24m_dynamics_available,1,1,single_representative,https://exp76.ru/services/landshaftnoe-proektirovanie/,merge,ready,medium,Commercial intent remains with the immutable existing service hub; narrower destination is not approved without separate offer and content evidence.,manual_architecture_review,Q000025,architecture_reviewed,reviewed,codex-2026-08-28,Commercial intent remains with the immutable existing service hub; narrower destination is not approved without separate offer and content evidence.
SERP-E492AC35BA1A,S2,устройство газона — transactional,устройство газона,K007256|K007257,1,transactional,Yaroslavl_and_oblast,18,0,0,service_head_24m_dynamics_available,0,0,single_representative,https://exp76.ru/services/gazon-posevnojj-i-gazon-rulonnyjj/,merge,ready,medium,Commercial intent remains with the immutable existing service hub; narrower destination is not approved without separate offer and content evidence.,manual_architecture_review,Q000057,architecture_reviewed,reviewed,codex-2026-08-28,Commercial intent remains with the immutable existing service hub; narrower destination is not approved without separate offer and content evidence.
SERP-E5B256F4A786,S1,ландшафтная компания эксперт — commercial_research,ландшафтная компания эксперт,K002113|K002114,2,commercial_research,Yaroslavl_and_oblast,0,0,0,service_head_24m_dynamics_available,4,2,complete_link_pairs=1;min=7;max=7;mean=7.00,https://exp76.ru/services/,merge,ready,medium,Broad landscaping/complex-improvement demand retains the legacy /services/ owner; it must not broaden the S1 landscape-design hub.,manual_architecture_review,Q000016,architecture_reviewed,reviewed,codex-2026-08-28,Broad landscaping/complex-improvement demand retains the legacy /services/ owner; it must not broaden the S1 landscape-design hub.
SERP-E7E51C21D43B,S1,ландшафтный дизайн планировка участка — commercial_research,ландшафтный дизайн планировка участка,K002235|K002236|K002237,1,commercial_research,Yaroslavl_and_oblast,252,0,0,service_head_24m_dynamics_available,0,0,single_representative,https://exp76.ru/services/landshaftnoe-proektirovanie/,merge,ready,medium,Commercial intent remains with the immutable existing service hub; narrower destination is not approved without separate offer and content evidence.,manual_architecture_review,Q000022,architecture_reviewed,reviewed,codex-2026-08-28,Commercial intent remains with the immutable existing service hub; narrower destination is not approved without separate offer and content evidence.
SERP-ED6D674F80F1,S4,обрезка деревьев цена — transactional,обрезка деревьев цена,K003043|K003044,1,transactional,Yaroslavl_and_oblast,7,0,0,service_head_24m_dynamics_available,0,0,single_representative,https://exp76.ru/obrezka-derevev-i-kustarnikov/,merge,blocked_facts,medium,"Stored representative SERP supports a distinct service-page candidate. The exact offer is traceable to the current hub payload, while Task 3 case/photo mapping remains incomplete; publication is blocked on proof mapping.",manual_architecture_review,Q000073|business_source:ftp_dump_minimal/wp-content/themes/land76wp/content/service-v2/ukhod-za-sadom.json#seo.description+services.items[Обрезка],architecture_reviewed,reviewed,codex-2026-08-28,"Stored representative SERP supports a distinct service-page candidate. The exact offer is traceable to the current hub payload, while Task 3 case/photo mapping remains incomplete; publication is blocked on proof mapping."
SERP-F24614ECFE67,S3,посадка деревьев — commercial_research,посадка деревьев,K005072|K005073|K005074,1,commercial_research,Yaroslavl_and_oblast,25991,0,0,service_head_24m_dynamics_available,0,0,single_representative,https://exp76.ru/services/posadka-derevev-i-kustarnikov/,hub,ready,medium,Commercial intent remains with the immutable existing service hub; narrower destination is not approved without separate offer and content evidence.,manual_architecture_review,Q000063,architecture_reviewed,reviewed,codex-2026-08-28,Commercial intent remains with the immutable existing service hub; narrower destination is not approved without separate offer and content evidence.
SERP-F560E613866F,S5,рассчитать стоимость выравнивания участка 5 соток — transactional,рассчитать стоимость выравнивания участка 5 соток,K006085,1,transactional,Yaroslavl_and_oblast,0,0,0,service_head_24m_dynamics_available,2,0,single_representative,https://exp76.ru/vyravnivanie-uchastka/,merge,blocked_facts,medium,"Stored representative SERP supports a distinct service-page candidate. The exact offer is traceable to the current hub payload, while Task 3 case/photo mapping remains incomplete; publication is blocked on proof mapping.",manual_architecture_review,Q000099|business_source:ftp_dump_minimal/wp-content/themes/land76wp/content/service-v2/planirovka-territorii.json#intro+services.items[Выравнивание],architecture_reviewed,reviewed,codex-2026-08-28,"Stored representative SERP supports a distinct service-page candidate. The exact offer is traceable to the current hub payload, while Task 3 case/photo mapping remains incomplete; publication is blocked on proof mapping."
SERP-FCAB83A5E3BE,S1,благоучтройство дачного участка в ярославской области — commercial_research,благоучтройство дачного участка в ярославской области,K000222,1,commercial_research,Yaroslavl_and_oblast,0,0,0,service_head_24m_dynamics_available,2,1,single_representative,https://exp76.ru/services/,merge,ready,medium,Broad landscaping/complex-improvement demand retains the legacy /services/ owner; it must not broaden the S1 landscape-design hub.,manual_architecture_review,Q000009,architecture_reviewed,reviewed,codex-2026-08-28,Broad landscaping/complex-improvement demand retains the legacy /services/ owner; it must not broaden the S1 landscape-design hub.
SERP-FCF5B9416B09,S8,купить обычный мостик через канаву в рыбинске — product_only,купить обычный мостик через канаву в рыбинске,K002008|K002010,2,product_only,Yaroslavl_and_oblast,0,0,0,service_head_24m_dynamics_available,2,1,single_representative,,exclude,backlog,high,Product-only demand has no installation-service destination and remains excluded.,manual_architecture_review,Q000136,architecture_reviewed,reviewed,codex-2026-08-28,Product-only demand has no installation-service destination and remains excluded.
SPECIAL-BRAND-HOMEPAGE,,clicked exp76 brand navigation,www exp76,Q000001|Q000002|Q000014|Q000018|Q000036|Q000037|Q000038,0,brand_navigation,brand,,,,not_applicable,,,auxiliary_owner_evidence,https://exp76.ru/,special,ready,high,Existing special owner is retained and is outside the service-hub release inventory.,manual_architecture_review,existing_special_owner,architecture_reviewed,reviewed,codex-2026-08-28,Existing special owner is retained and is outside the service-hub release inventory.
SPECIAL-CALCULATOR,S1|S3|S4,existing calculator owner,калькулятор посадки деревьев,K000188|K001743|K001747|K001750|K001751|K001752|K001753|K001754|K001755|K001756|K001758|K001760|K001761|K001763|K001766|K002147|K003258|K003260|K006091|K006596|K006740|K006744|K006746|K006766|K006768,23,calculator_intent,Yaroslavl_and_oblast,9,0,0,service_head_24m_dynamics_available,226,3,auxiliary_owner_evidence,https://exp76.ru/kalkuljator-uslug/,special,ready,high,Existing special owner is retained and is outside the service-hub release inventory.,manual_architecture_review,existing_special_owner,architecture_reviewed,reviewed,codex-2026-08-28,Existing special owner is retained and is outside the service-hub release inventory.
SPECIAL-EXTERNAL-EXCLUSION,S1|S2|S3|S4|S5|S8,reviewed external noise exclusion,леруа рулонный газон,K000055|K000056|K000057|K000059|K000061|K000062|K000067|K000559|K000560|K000561|K000562|K000602|K000647|K000648|K000649|K000650|K000651|K000652|K000653|K000654|K000655|K000656|K000657|K000658|K000659|K000660|K000661|K000662|K000663|K000664|K000665|K000666|K000671|K000674|K000675|K000676|K000677|K000678|K000679|K000680|K000681|K000682|K000683|K000684|K000685|K000686|K000687|K000688|K000689|K000690|K000691|K000692|K000693|K000694|K000695|K000697|K000761|K001289|K001327|K001748|K001762|K001961|K001962|K002020|K002424|K002425|K002426|K003140|K004779|K004782|K005083|K005739|K005740|K006192|K006194|K006207|K006208|K006209|K006210|K006211|K006219|K006255|K006523|K006741|K006742|K006743|K006745|K006965|K006966|K007031,82,external_noise,Yaroslavl_and_oblast,258,0,0,service_head_24m_dynamics_available,76,4,policy_exclusion,,exclude,backlog,high,Reviewed external-noise cluster remains excluded from the page tree.,manual_architecture_review,reviewed_external_noise_policy,architecture_reviewed,reviewed,codex-2026-08-28,Reviewed external-noise cluster remains excluded from the page tree.
