keyword_id,query_raw,query_normalized,service_id,intent,relevance,exclusion_reason,geo,entities,frozen_collision,owner_url,sources,seed,region,device,broad_frequency,phrase_frequency,exact_frequency,impressions,clicks,ctr,avg_position,current_url,collected_at,review_status,final_decision,review_reason
K000040,key_phrase : ремонт ливневой канализации ростов,key phrase ремонт ливневой канализации ростов,,commercial_research,frozen_collision,,,frozen:storm_sewer,true,https://exp76.ru/category/livnevaya-kanalizatsiya/,webmaster,,,all,,,,1,0,0.0,41.0,,2026-08-20T18:17:52+03:00,reviewed,frozen_owner,frozen_collision
K000066,авито углич укладка брусчатки,авито углич укладка брусчатки,,commercial_research,frozen_collision,,Углич,frozen:paving,true,https://exp76.ru/category/ukladka-trotuarnoy-plitki/,webmaster,,,all,,,,4,1,25.0,5.75,,2026-08-20T18:17:52+03:00,reviewed,frozen_owner,frozen_collision
K000070,автоматический полив газона под ключ,автоматический полив газона под ключ,S2,transactional,manual_review,,,service:S2|frozen:irrigation,true,https://exp76.ru/category/avtopoliv-na-uchastke/,wordstat,газон под ключ,Russia_discovery,all,29,,,,,,,,2026-08-20T18:42:51+03:00,reviewed,frozen_owner,mixed_frozen_collision
K000072,автополив в ярославле,автополив в ярославле,,commercial_research,frozen_collision,,,frozen:irrigation,true,https://exp76.ru/category/avtopoliv-na-uchastke/,webmaster,,,all,,,,2,0,0.0,6.5,,2026-08-20T18:17:52+03:00,reviewed,frozen_owner,frozen_collision
K000073,автополив газона под ключ,автополив газона под ключ,S2,transactional,manual_review,,,service:S2|frozen:irrigation,true,https://exp76.ru/category/avtopoliv-na-uchastke/,wordstat,газон под ключ,Russia_discovery,all,64,,,,,,,,2026-08-20T18:42:51+03:00,reviewed,frozen_owner,mixed_frozen_collision
K000074,автополив газонов ярославль,автополив газонов ярославль,S2,commercial_research,manual_review,,Ярославль,service:S2|frozen:irrigation,true,https://exp76.ru/category/avtopoliv-na-uchastke/,webmaster,,,all,,,,1,0,0.0,14.0,,2026-08-20T18:17:52+03:00,reviewed,frozen_owner,mixed_frozen_collision
K000075,автополив для газона цена под ключ,автополив для газона цена под ключ,S2,transactional,manual_review,,,service:S2|frozen:irrigation,true,https://exp76.ru/category/avtopoliv-na-uchastke/,wordstat,газон под ключ,Russia_discovery,all,36,,,,,,,,2026-08-20T18:42:51+03:00,reviewed,frozen_owner,mixed_frozen_collision
K000076,автополив на участке под ключ,автополив на участке под ключ,,transactional,frozen_collision,,,frozen:irrigation,true,https://exp76.ru/category/avtopoliv-na-uchastke/,webmaster,,,all,,,,2,0,0.0,10.0,,2026-08-20T18:17:52+03:00,reviewed,frozen_owner,frozen_collision
K000077,автополив на участке рыбинск,автополив на участке рыбинск,,commercial_research,frozen_collision,,Рыбинск,frozen:irrigation,true,https://exp76.ru/category/avtopoliv-na-uchastke/,webmaster,,,all,,,,1,1,100.0,3.0,,2026-08-20T18:17:52+03:00,reviewed,frozen_owner,frozen_collision
K000079,автополив ярославль,автополив ярославль,,commercial_research,frozen_collision,,Ярославль,frozen:irrigation,true,https://exp76.ru/category/avtopoliv-na-uchastke/,webmaster,,,all,,,,2,0,0.0,12.0,,2026-08-20T18:17:52+03:00,reviewed,frozen_owner,frozen_collision
K000104,алиса напиши типовой проект отмостки для кирпичного дома 100м2 и нахождением в г ярославль,алиса напиши типовой проект отмостки для кирпичного дома 100м2 и нахождением в г ярославль,,commercial_research,frozen_collision,,Ярославль,frozen:blind_area,true,https://exp76.ru/category/otmostka-vokrug-doma/,webmaster,,,all,,,,1,0,0.0,6.0,,2026-08-20T18:17:52+03:00,reviewed,frozen_owner,frozen_collision
K000154,бетонная отмостка под ключ цена ярославль,бетонная отмостка под ключ цена ярославль,,transactional,frozen_collision,,Ярославль,frozen:blind_area,true,https://exp76.ru/category/otmostka-vokrug-doma/,webmaster,,,all,,,,1,0,0.0,7.0,,2026-08-20T18:17:52+03:00,reviewed,frozen_owner,frozen_collision
K000155,бетонная отмостка цена под ключ ярославль,бетонная отмостка цена под ключ ярославль,,transactional,frozen_collision,,Ярославль,frozen:blind_area,true,https://exp76.ru/category/otmostka-vokrug-doma/,webmaster,,,all,,,,1,0,0.0,8.0,,2026-08-20T18:17:52+03:00,reviewed,frozen_owner,frozen_collision
K000212,благоустройство участка плиткой стоимость работа плюс материалы за квадратный метр,благоустройство участка плиткой стоимость работа плюс материалы за квадратный метр,S1,transactional,manual_review,,,service:S1|frozen:paving|object:site,true,https://exp76.ru/category/ukladka-trotuarnoy-plitki/,webmaster,,,all,,,,1,0,0.0,10.0,,2026-08-20T18:17:52+03:00,reviewed,frozen_owner,mixed_frozen_collision
K000215,благоустройство участка ярославль ливневка,благоустройство участка ярославль ливневка,S1,commercial_research,manual_review,,Ярославль,service:S1|frozen:storm_sewer|object:site,true,https://exp76.ru/category/livnevaya-kanalizatsiya/,webmaster,,,all,,,,2,0,0.0,7.0,,2026-08-20T18:17:52+03:00,reviewed,frozen_owner,mixed_frozen_collision
K000236,брусчатка в рыбинске уложена,брусчатка в рыбинске уложена,,commercial_research,frozen_collision,,,frozen:paving,true,https://exp76.ru/category/ukladka-trotuarnoy-plitki/,webmaster,,,all,,,,1,0,0.0,7.0,,2026-08-20T18:17:52+03:00,reviewed,frozen_owner,frozen_collision
K000237,брусчатка в рыбинске уложена в стиле,брусчатка в рыбинске уложена в стиле,,commercial_research,frozen_collision,,,frozen:paving,true,https://exp76.ru/category/ukladka-trotuarnoy-plitki/,webmaster,,,all,,,,2,0,0.0,11.5,,2026-08-20T18:17:52+03:00,reviewed,frozen_owner,frozen_collision
K000238,брусчатка поверх плитки,брусчатка поверх плитки,,commercial_research,frozen_collision,,,frozen:paving,true,https://exp76.ru/category/ukladka-trotuarnoy-plitki/,webmaster,,,all,,,,1,0,0.0,3.0,,2026-08-20T18:17:52+03:00,reviewed,frozen_owner,frozen_collision
K000239,брусчатки на старую брусчатку,брусчатки на старую брусчатку,,commercial_research,frozen_collision,,,frozen:paving,true,https://exp76.ru/category/ukladka-trotuarnoy-plitki/,webmaster,,,all,,,,1,0,0.0,2.0,,2026-08-20T18:17:52+03:00,reviewed,frozen_owner,frozen_collision
K000279,в ярославле есть организация занимающаяся дренажными работами,в ярославле есть организация занимающаяся дренажными работами,,commercial_research,frozen_collision,,,frozen:drainage,true,https://exp76.ru/category/drenazh-uchastka/,webmaster,,,all,,,,1,0,0.0,8.0,,2026-08-20T18:17:52+03:00,reviewed,frozen_owner,frozen_collision
K000326,варианты ремонта старой отмостки,варианты ремонта старой отмостки,,commercial_research,frozen_collision,,,frozen:blind_area,true,https://exp76.ru/category/otmostka-vokrug-doma/,webmaster,,,all,,,,2,0,0.0,6.0,,2026-08-20T18:17:52+03:00,reviewed,frozen_owner,frozen_collision
K000398,водоотводы ливневые вокруг дома в ярославле,водоотводы ливневые вокруг дома в ярославле,,commercial_research,frozen_collision,,,frozen:storm_sewer,true,https://exp76.ru/category/livnevaya-kanalizatsiya/,webmaster,,,all,,,,1,0,0.0,3.0,,2026-08-20T18:17:52+03:00,reviewed,frozen_owner,frozen_collision
K000399,возможна ли укладка новой плитки по старой на участке,возможна ли укладка новой плитки по старой на участке,,commercial_research,frozen_collision,,,frozen:paving,true,https://exp76.ru/category/ukladka-trotuarnoy-plitki/,webmaster,,,all,,,,1,0,0.0,2.0,,2026-08-20T18:17:52+03:00,reviewed,frozen_owner,frozen_collision
K000400,"вопрос, если на старую, залитую раствором, дорожку положить новую брусчатку. что будет снею в дальнейшем",вопрос если на старую залитую раствором дорожку положить новую брусчатку что будет снею в дальнейшем,,commercial_research,frozen_collision,,,frozen:paving,true,https://exp76.ru/category/ukladka-trotuarnoy-plitki/,webmaster,,,all,,,,3,0,0.0,8.33,,2026-08-20T18:17:52+03:00,reviewed,frozen_owner,frozen_collision
K000436,вспольинское поле дренажные системы установка,вспольинское поле дренажные системы установка,,commercial_research,frozen_collision,,,frozen:drainage,true,https://exp76.ru/category/drenazh-uchastka/,webmaster,,,all,,,,1,0,0.0,19.0,,2026-08-20T18:17:52+03:00,reviewed,frozen_owner,frozen_collision
K000479,въезд на участок через дренажную канаву,въезд на участок через дренажную канаву,S8,commercial_research,manual_review,,,service:S8|frozen:drainage|object:site,true,https://exp76.ru/category/drenazh-uchastka/,wordstat,въезд через канаву,Russia_discovery,all,62,,,,,,,,2026-08-20T18:43:04+03:00,reviewed,frozen_owner,mixed_frozen_collision
K000480,въезд на участок через дренажную канаву,въезд на участок через дренажную канаву,S8,commercial_research,manual_review,,,service:S8|frozen:drainage|object:site,true,https://exp76.ru/category/drenazh-uchastka/,wordstat,въезд через канаву,Ярославская область,all,5,,,,,,,,2026-08-20T18:35:00+03:00,reviewed,frozen_owner,mixed_frozen_collision
K000533,выложить плиткой дорожки на дачном участке цена,выложить плиткой дорожки на дачном участке цена,,transactional,frozen_collision,,,frozen:paving,true,https://exp76.ru/category/ukladka-trotuarnoy-plitki/,webmaster,,,all,,,,1,0,0.0,13.0,,2026-08-20T18:17:52+03:00,reviewed,frozen_owner,frozen_collision
K000534,выложить плиткой на даче дорожку в рыбинске,выложить плиткой на даче дорожку в рыбинске,,commercial_research,frozen_collision,,,frozen:paving,true,https://exp76.ru/category/ukladka-trotuarnoy-plitki/,webmaster,,,all,,,,1,0,0.0,9.0,,2026-08-20T18:17:52+03:00,reviewed,frozen_owner,frozen_collision
K000535,выложить тротуарную плитку на даче цена работы,выложить тротуарную плитку на даче цена работы,,transactional,frozen_collision,,,frozen:paving,true,https://exp76.ru/category/ukladka-trotuarnoy-plitki/,webmaster,,,all,,,,1,0,0.0,12.0,,2026-08-20T18:17:52+03:00,reviewed,frozen_owner,frozen_collision
K000541,выполнить отмостку город ярославль,выполнить отмостку город ярославль,,commercial_research,frozen_collision,,Ярославль,frozen:blind_area,true,https://exp76.ru/category/otmostka-vokrug-doma/,webmaster,,,all,,,,2,0,0.0,5.5,,2026-08-20T18:17:52+03:00,reviewed,frozen_owner,frozen_collision
K000603,выравнивание участка под плитку,выравнивание участка под плитку,S5,commercial_research,manual_review,,,service:S5|frozen:paving|object:site,true,https://exp76.ru/category/ukladka-trotuarnoy-plitki/,wordstat,выравнивание участка,Ярославль,all,2,,,,,,,,2026-08-20T18:32:52+03:00,reviewed,frozen_owner,mixed_frozen_collision
K000604,выравнивание участка под плитку,выравнивание участка под плитку,S5,commercial_research,manual_review,,,service:S5|frozen:paving|object:site,true,https://exp76.ru/category/ukladka-trotuarnoy-plitki/,wordstat,выравнивание участка,Ярославская область,all,2,,,,,,,,2026-08-20T18:34:30+03:00,reviewed,frozen_owner,mixed_frozen_collision
K000787,где в рыбинске можно найти независимого эксперта по ремонту отмостки дома в рыбинске,где в рыбинске можно найти независимого эксперта по ремонту отмостки дома в рыбинске,,commercial_research,frozen_collision,,,frozen:blind_area,true,https://exp76.ru/category/otmostka-vokrug-doma/,webmaster,,,all,,,,2,0,0.0,5.5,,2026-08-20T18:17:52+03:00,reviewed,frozen_owner,frozen_collision
K000819,глубокий дренаж участка ярославль,глубокий дренаж участка ярославль,,commercial_research,frozen_collision,,Ярославль,frozen:drainage|object:site,true,https://exp76.ru/category/drenazh-uchastka/,webmaster,,,all,,,,1,1,100.0,6.0,,2026-08-20T18:17:52+03:00,reviewed,frozen_owner,frozen_collision
K000889,грунтовых вод рыбинск,грунтовых вод рыбинск,,commercial_research,frozen_collision,,Рыбинск,frozen:drainage,true,https://exp76.ru/category/drenazh-uchastka/,webmaster,,,all,,,,1,0,0.0,14.0,,2026-08-20T18:17:52+03:00,reviewed,frozen_owner,frozen_collision
K001079,для дренажа 6 соток сколько нужно,для дренажа 6 соток сколько нужно,,commercial_research,frozen_collision,,,frozen:drainage,true,https://exp76.ru/category/drenazh-uchastka/,webmaster,,,all,,,,1,0,0.0,12.0,,2026-08-20T18:17:52+03:00,reviewed,frozen_owner,frozen_collision
K001164,дренаж 76,дренаж 76,,commercial_research,frozen_collision,,,frozen:drainage,true,https://exp76.ru/category/drenazh-uchastka/,webmaster,,,all,,,,2,1,50.0,13.0,,2026-08-20T18:17:52+03:00,reviewed,frozen_owner,frozen_collision
K001165,дренаж болотистого участка,дренаж болотистого участка,,commercial_research,frozen_collision,,,frozen:drainage|object:site,true,https://exp76.ru/category/drenazh-uchastka/,webmaster,,,all,,,,5,0,0.0,25.0,,2026-08-20T18:17:52+03:00,reviewed,frozen_owner,frozen_collision
K001166,дренаж в переславле,дренаж в переславле,,commercial_research,frozen_collision,,,frozen:drainage,true,https://exp76.ru/category/drenazh-uchastka/,webmaster,,,all,,,,1,0,0.0,5.0,,2026-08-20T18:17:52+03:00,reviewed,frozen_owner,frozen_collision
K001167,дренаж в рыбинске,дренаж в рыбинске,,commercial_research,frozen_collision,,,frozen:drainage,true,https://exp76.ru/category/drenazh-uchastka/,webmaster,,,all,,,,2,0,0.0,2.0,,2026-08-20T18:17:52+03:00,reviewed,frozen_owner,frozen_collision
K001168,дренаж в угличе,дренаж в угличе,,commercial_research,frozen_collision,,,frozen:drainage,true,https://exp76.ru/category/drenazh-uchastka/,webmaster,,,all,,,,1,0,0.0,8.0,,2026-08-20T18:17:52+03:00,reviewed,frozen_owner,frozen_collision
K001169,дренаж в ярославле,дренаж в ярославле,,commercial_research,frozen_collision,,,frozen:drainage,true,https://exp76.ru/category/drenazh-uchastka/,webmaster,,,all,,,,1,0,0.0,13.0,,2026-08-20T18:17:52+03:00,reviewed,frozen_owner,frozen_collision
K001170,дренаж вокруг дома под ключ,дренаж вокруг дома под ключ,,transactional,frozen_collision,,,frozen:drainage,true,https://exp76.ru/category/drenazh-uchastka/,webmaster,,,all,,,,3,0,0.0,7.67,,2026-08-20T18:17:52+03:00,reviewed,frozen_owner,frozen_collision
K001171,дренаж вокруг дома рыбинск,дренаж вокруг дома рыбинск,,commercial_research,frozen_collision,,Рыбинск,frozen:drainage,true,https://exp76.ru/category/drenazh-uchastka/,webmaster,,,all,,,,5,0,0.0,4.4,,2026-08-20T18:17:52+03:00,reviewed,frozen_owner,frozen_collision
K001172,дренаж для деревьев при посадке,дренаж для деревьев при посадке,S3,commercial_research,manual_review,,,service:S3|frozen:drainage,true,https://exp76.ru/category/drenazh-uchastka/,wordstat,посадка деревьев,Russia_discovery,all,31,,,,,,,,2026-08-20T18:42:53+03:00,reviewed,frozen_owner,mixed_frozen_collision
K001173,дренаж заболоченного участка,дренаж заболоченного участка,,commercial_research,frozen_collision,,,frozen:drainage|object:site,true,https://exp76.ru/category/drenazh-uchastka/,webmaster,,,all,,,,2,0,0.0,34.0,,2026-08-20T18:17:52+03:00,reviewed,frozen_owner,frozen_collision
K001174,дренаж на участке 10 соток если уже стоит дом,дренаж на участке 10 соток если уже стоит дом,,commercial_research,frozen_collision,,,frozen:drainage,true,https://exp76.ru/category/drenazh-uchastka/,webmaster,,,all,,,,1,0,0.0,12.0,,2026-08-20T18:17:52+03:00,reviewed,frozen_owner,frozen_collision
K001175,дренаж на участке 6 соток,дренаж на участке 6 соток,,commercial_research,frozen_collision,,,frozen:drainage,true,https://exp76.ru/category/drenazh-uchastka/,webmaster,,,all,,,,1,0,0.0,9.0,,2026-08-20T18:17:52+03:00,reviewed,frozen_owner,frozen_collision
K001176,дренаж на участке под ключ атлант,дренаж на участке под ключ атлант,,transactional,frozen_collision,,,frozen:drainage,true,https://exp76.ru/category/drenazh-uchastka/,webmaster,,,all,,,,1,1,100.0,16.0,,2026-08-20T18:17:52+03:00,reviewed,frozen_owner,frozen_collision
K001177,дренаж на участке под ключ тутаев,дренаж на участке под ключ тутаев,,transactional,frozen_collision,,Тутаев,frozen:drainage,true,https://exp76.ru/category/drenazh-uchastka/,webmaster,,,all,,,,3,0,0.0,13.33,,2026-08-20T18:17:52+03:00,reviewed,frozen_owner,frozen_collision
K001178,дренаж отвод воды сада в ярославле,дренаж отвод воды сада в ярославле,,commercial_research,frozen_collision,,,frozen:drainage,true,https://exp76.ru/category/drenazh-uchastka/,webmaster,,,all,,,,1,0,0.0,7.0,,2026-08-20T18:17:52+03:00,reviewed,frozen_owner,frozen_collision
K001179,дренаж переславль залесский,дренаж переславль залесский,,commercial_research,frozen_collision,,Переславль-Залесский,frozen:drainage,true,https://exp76.ru/category/drenazh-uchastka/,webmaster,,,all,,,,1,0,0.0,7.0,,2026-08-20T18:17:52+03:00,reviewed,frozen_owner,frozen_collision
K001180,дренаж по городом рыбинск карта,дренаж по городом рыбинск карта,,commercial_research,frozen_collision,,Рыбинск,frozen:drainage,true,https://exp76.ru/category/drenazh-uchastka/,webmaster,,,all,,,,2,0,0.0,4.0,,2026-08-20T18:17:52+03:00,reviewed,frozen_owner,frozen_collision
K001181,дренаж по проекту в переславле,дренаж по проекту в переславле,,commercial_research,frozen_collision,,,frozen:drainage,true,https://exp76.ru/category/drenazh-uchastka/,webmaster,,,all,,,,2,0,0.0,8.0,,2026-08-20T18:17:52+03:00,reviewed,frozen_owner,frozen_collision
K001182,дренаж рыбинск,дренаж рыбинск,,commercial_research,frozen_collision,,Рыбинск,frozen:drainage,true,https://exp76.ru/category/drenazh-uchastka/,webmaster,,,all,,,,2,0,0.0,2.0,,2026-08-20T18:17:52+03:00,reviewed,frozen_owner,frozen_collision
K001183,дренаж у дома сделать ярославль,дренаж у дома сделать ярославль,,commercial_research,frozen_collision,,Ярославль,frozen:drainage,true,https://exp76.ru/category/drenazh-uchastka/,webmaster,,,all,,,,1,0,0.0,13.0,,2026-08-20T18:17:52+03:00,reviewed,frozen_owner,frozen_collision
K001184,дренаж углич,дренаж углич,,commercial_research,frozen_collision,,Углич,frozen:drainage,true,https://exp76.ru/category/drenazh-uchastka/,webmaster,,,all,,,,3,0,0.0,4.67,,2026-08-20T18:17:52+03:00,reviewed,frozen_owner,frozen_collision
K001185,дренаж укладка стоимость,дренаж укладка стоимость,,transactional,frozen_collision,,,frozen:drainage,true,https://exp76.ru/category/drenazh-uchastka/,webmaster,,,all,,,,3,0,0.0,11.0,,2026-08-20T18:17:52+03:00,reviewed,frozen_owner,frozen_collision
K001186,дренаж участка 10 соток,дренаж участка 10 соток,,commercial_research,frozen_collision,,,frozen:drainage|object:site,true,https://exp76.ru/category/drenazh-uchastka/,webmaster,,,all,,,,19,0,0.0,14.11,,2026-08-20T18:17:52+03:00,reviewed,frozen_owner,frozen_collision
K001187,дренаж участка 10 соток цена,дренаж участка 10 соток цена,,transactional,frozen_collision,,,frozen:drainage|object:site,true,https://exp76.ru/category/drenazh-uchastka/,webmaster,,,all,,,,3,0,0.0,28.0,,2026-08-20T18:17:52+03:00,reviewed,frozen_owner,frozen_collision
K001188,дренаж участка 6 соток,дренаж участка 6 соток,,commercial_research,frozen_collision,,,frozen:drainage|object:site,true,https://exp76.ru/category/drenazh-uchastka/,webmaster,,,all,,,,18,0,0.0,15.39,,2026-08-20T18:17:52+03:00,reviewed,frozen_owner,frozen_collision
K001189,дренаж участка 6 соток под ключ,дренаж участка 6 соток под ключ,,transactional,frozen_collision,,,frozen:drainage|object:site,true,https://exp76.ru/category/drenazh-uchastka/,webmaster,,,all,,,,6,0,0.0,27.0,,2026-08-20T18:17:52+03:00,reviewed,frozen_owner,frozen_collision
K001190,дренаж участка 6 соток под ключ цена,дренаж участка 6 соток под ключ цена,,transactional,frozen_collision,,,frozen:drainage|object:site,true,https://exp76.ru/category/drenazh-uchastka/,webmaster,,,all,,,,4,0,0.0,23.0,,2026-08-20T18:17:52+03:00,reviewed,frozen_owner,frozen_collision
K001191,дренаж участка 6 соток схема,дренаж участка 6 соток схема,,informational,frozen_collision,,,frozen:drainage|object:site,true,https://exp76.ru/category/drenazh-uchastka/,webmaster,,,all,,,,1,0,0.0,4.0,,2026-08-20T18:17:52+03:00,reviewed,frozen_owner,frozen_collision
K001192,дренаж участка 6 соток цена,дренаж участка 6 соток цена,,transactional,frozen_collision,,,frozen:drainage|object:site,true,https://exp76.ru/category/drenazh-uchastka/,webmaster,,,all,,,,11,0,0.0,27.91,,2026-08-20T18:17:52+03:00,reviewed,frozen_owner,frozen_collision
K001193,дренаж участка | дренаж вокруг дома | ярославль,дренаж участка | дренаж вокруг дома | ярославль,,commercial_research,frozen_collision,,Ярославль,frozen:drainage|object:site,true,https://exp76.ru/category/drenazh-uchastka/,webmaster,,,all,,,,1,0,0.0,8.0,,2026-08-20T18:17:52+03:00,reviewed,frozen_owner,frozen_collision
K001194,дренаж участка авито,дренаж участка авито,,commercial_research,frozen_collision,,,frozen:drainage|object:site,true,https://exp76.ru/category/drenazh-uchastka/,webmaster,,,all,,,,1,0,0.0,12.0,,2026-08-20T18:17:52+03:00,reviewed,frozen_owner,frozen_collision
K001195,дренаж участка в ярославле,дренаж участка в ярославле,,commercial_research,frozen_collision,,,frozen:drainage|object:site,true,https://exp76.ru/category/drenazh-uchastka/,webmaster,,,all,,,,2,0,0.0,6.5,,2026-08-20T18:17:52+03:00,reviewed,frozen_owner,frozen_collision
K001196,дренаж участка в ярославле цена,дренаж участка в ярославле цена,,transactional,frozen_collision,,,frozen:drainage|object:site,true,https://exp76.ru/category/drenazh-uchastka/,webmaster,,,all,,,,2,0,0.0,10.5,,2026-08-20T18:17:52+03:00,reviewed,frozen_owner,frozen_collision
K001197,дренаж участка в ярославской области,дренаж участка в ярославской области,,commercial_research,frozen_collision,,Ярославская область,frozen:drainage|object:site,true,https://exp76.ru/category/drenazh-uchastka/,webmaster,,,all,,,,1,0,0.0,10.0,,2026-08-20T18:17:52+03:00,reviewed,frozen_owner,frozen_collision
K001198,дренаж участка консультация в ярославской области,дренаж участка консультация в ярославской области,,commercial_research,frozen_collision,,Ярославская область,frozen:drainage|object:site,true,https://exp76.ru/category/drenazh-uchastka/,webmaster,,,all,,,,1,0,0.0,5.0,,2026-08-20T18:17:52+03:00,reviewed,frozen_owner,frozen_collision
K001199,дренаж участка на 10 сотках схема,дренаж участка на 10 сотках схема,,informational,frozen_collision,,,frozen:drainage|object:site,true,https://exp76.ru/category/drenazh-uchastka/,webmaster,,,all,,,,1,0,0.0,9.0,,2026-08-20T18:17:52+03:00,reviewed,frozen_owner,frozen_collision
K001200,дренаж участка по цене,дренаж участка по цене,,commercial_research,frozen_collision,,,frozen:drainage|object:site,true,https://exp76.ru/category/drenazh-uchastka/,webmaster,,,all,,,,1,0,0.0,4.0,,2026-08-20T18:17:52+03:00,reviewed,frozen_owner,frozen_collision
K001201,дренаж участка под ключ,дренаж участка под ключ,,transactional,frozen_collision,,,frozen:drainage|object:site,true,https://exp76.ru/category/drenazh-uchastka/,webmaster,,,all,,,,1,0,0.0,12.0,,2026-08-20T18:17:52+03:00,reviewed,frozen_owner,frozen_collision
K001202,дренаж участка под ключ ярославль,дренаж участка под ключ ярославль,,transactional,frozen_collision,,Ярославль,frozen:drainage|object:site,true,https://exp76.ru/category/drenazh-uchastka/,webmaster,,,all,,,,3,0,0.0,11.0,,2026-08-20T18:17:52+03:00,reviewed,frozen_owner,frozen_collision
K001203,дренаж участка под ключ ярославль цена,дренаж участка под ключ ярославль цена,,transactional,frozen_collision,,Ярославль,frozen:drainage|object:site,true,https://exp76.ru/category/drenazh-uchastka/,webmaster,,,all,,,,1,0,0.0,8.0,,2026-08-20T18:17:52+03:00,reviewed,frozen_owner,frozen_collision
K001204,дренаж участка с высоким уровнем грунтовых вод,дренаж участка с высоким уровнем грунтовых вод,,commercial_research,frozen_collision,,,frozen:drainage|object:site,true,https://exp76.ru/category/drenazh-uchastka/,webmaster,,,all,,,,2,0,0.0,5.5,,2026-08-20T18:17:52+03:00,reviewed,frozen_owner,frozen_collision
K001205,дренаж участка с высоким уровнем грунтовых вод тутаев,дренаж участка с высоким уровнем грунтовых вод тутаев,,commercial_research,frozen_collision,,Тутаев,frozen:drainage|object:site,true,https://exp76.ru/category/drenazh-uchastka/,webmaster,,,all,,,,3,1,33.33,13.0,,2026-08-20T18:17:52+03:00,reviewed,frozen_owner,frozen_collision
K001206,дренаж участка с высоким уровнем грунтовых вод цена за метр,дренаж участка с высоким уровнем грунтовых вод цена за метр,,transactional,frozen_collision,,,frozen:drainage|object:site,true,https://exp76.ru/category/drenazh-uchastka/,webmaster,,,all,,,,1,0,0.0,6.0,,2026-08-20T18:17:52+03:00,reviewed,frozen_owner,frozen_collision
K001207,дренаж участка с уклоном gorodseptikov.ru,дренаж участка с уклоном gorodseptikov ru,,commercial_research,frozen_collision,,,frozen:drainage|object:site,true,https://exp76.ru/category/drenazh-uchastka/,webmaster,,,all,,,,1,0,0.0,27.0,,2026-08-20T18:17:52+03:00,reviewed,frozen_owner,frozen_collision
K001208,дренаж участка с уклоном от 800 ₽  за пог.м дренаж на глинистом участке от 800 ₽  за пог.м прочистка дренажа от 800 ₽  за пог.м дренаж вокруг отмостки от 800 ₽  за пог.м дренаж фундаментов от 1000 ₽  за пог.м,дренаж участка с уклоном от 800 ₽ за пог м дренаж на глинистом участке от 800 ₽ за пог м прочистка дренажа от 800 ₽ за пог м дренаж вокруг отмостки от 800 ₽ за пог м дренаж фундаментов от 1000 ₽ за пог м,,commercial_research,frozen_collision,,,frozen:drainage|object:site,true,https://exp76.ru/category/drenazh-uchastka/,webmaster,,,all,,,,1,0,0.0,6.0,,2026-08-20T18:17:52+03:00,reviewed,frozen_owner,frozen_collision
K001209,дренаж участка цена за метр под ключ,дренаж участка цена за метр под ключ,,transactional,frozen_collision,,,frozen:drainage|object:site,true,https://exp76.ru/category/drenazh-uchastka/,webmaster,,,all,,,,2,0,0.0,5.5,,2026-08-20T18:17:52+03:00,reviewed,frozen_owner,frozen_collision
K001210,дренаж участка цена ярославская область,дренаж участка цена ярославская область,,transactional,frozen_collision,,Ярославская область,frozen:drainage|object:site,true,https://exp76.ru/category/drenazh-uchastka/,webmaster,,,all,,,,2,0,0.0,3.0,,2026-08-20T18:17:52+03:00,reviewed,frozen_owner,frozen_collision
K001211,дренаж участка ярославль,дренаж участка ярославль,,commercial_research,frozen_collision,,Ярославль,frozen:drainage|object:site,true,https://exp76.ru/category/drenazh-uchastka/,webmaster,,,all,,,,9,0,0.0,7.22,,2026-08-20T18:17:52+03:00,reviewed,frozen_owner,frozen_collision
K001212,дренаж шести соток схема,дренаж шести соток схема,,informational,frozen_collision,,,frozen:drainage,true,https://exp76.ru/category/drenazh-uchastka/,webmaster,,,all,,,,1,1,100.0,4.0,,2026-08-20T18:17:52+03:00,reviewed,frozen_owner,frozen_collision
K001213,дренаж ярославль,дренаж ярославль,,commercial_research,frozen_collision,,Ярославль,frozen:drainage,true,https://exp76.ru/category/drenazh-uchastka/,webmaster,,,all,,,,17,0,0.0,19.53,,2026-08-20T18:17:52+03:00,reviewed,frozen_owner,frozen_collision
K001214,дренаж ярославль стоимость,дренаж ярославль стоимость,,transactional,frozen_collision,,Ярославль,frozen:drainage,true,https://exp76.ru/category/drenazh-uchastka/,webmaster,,,all,,,,1,0,0.0,8.0,,2026-08-20T18:17:52+03:00,reviewed,frozen_owner,frozen_collision
K001215,дренажная канава в ярославле заросшая болотистая,дренажная канава в ярославле заросшая болотистая,,commercial_research,frozen_collision,,,frozen:drainage,true,https://exp76.ru/category/drenazh-uchastka/,webmaster,,,all,,,,1,0,0.0,5.0,,2026-08-20T18:17:52+03:00,reviewed,frozen_owner,frozen_collision
K001216,дренажная система вокруг дома цена под ключ,дренажная система вокруг дома цена под ключ,,transactional,frozen_collision,,,frozen:drainage,true,https://exp76.ru/category/drenazh-uchastka/,webmaster,,,all,,,,1,0,0.0,19.0,,2026-08-20T18:17:52+03:00,reviewed,frozen_owner,frozen_collision
K001217,дренажная система вокруг дома цена под ключ ярославль,дренажная система вокруг дома цена под ключ ярославль,,transactional,frozen_collision,,Ярославль,frozen:drainage,true,https://exp76.ru/category/drenazh-uchastka/,webmaster,,,all,,,,1,0,0.0,6.0,,2026-08-20T18:17:52+03:00,reviewed,frozen_owner,frozen_collision
K001218,дренажная система на участке 6 соток,дренажная система на участке 6 соток,,commercial_research,frozen_collision,,,frozen:drainage,true,https://exp76.ru/category/drenazh-uchastka/,webmaster,,,all,,,,1,0,0.0,3.0,,2026-08-20T18:17:52+03:00,reviewed,frozen_owner,frozen_collision
K001219,дренажная система на участке цена копки за метр,дренажная система на участке цена копки за метр,,transactional,frozen_collision,,,frozen:drainage,true,https://exp76.ru/category/drenazh-uchastka/,webmaster,,,all,,,,2,0,0.0,5.0,,2026-08-20T18:17:52+03:00,reviewed,frozen_owner,frozen_collision
K001220,дренажная система участка в ярославле под ключ,дренажная система участка в ярославле под ключ,,transactional,frozen_collision,,,frozen:drainage|object:site,true,https://exp76.ru/category/drenazh-uchastka/,webmaster,,,all,,,,1,0,0.0,3.0,,2026-08-20T18:17:52+03:00,reviewed,frozen_owner,frozen_collision
K001221,дренажная схема участка 10 соток примерно,дренажная схема участка 10 соток примерно,,informational,frozen_collision,,,frozen:drainage|object:site,true,https://exp76.ru/category/drenazh-uchastka/,webmaster,,,all,,,,4,0,0.0,8.5,,2026-08-20T18:17:52+03:00,reviewed,frozen_owner,frozen_collision
K001222,дренажная труба для заезда на участок,дренажная труба для заезда на участок,S8,commercial_research,manual_review,,,service:S8|frozen:drainage|object:site,true,https://exp76.ru/category/drenazh-uchastka/,wordstat,заезд на участок,Ярославская область,all,2,,,,,,,,2026-08-20T18:35:04+03:00,reviewed,frozen_owner,mixed_frozen_collision
K001223,дренажная труба под въезд на участок,дренажная труба под въезд на участок,S8,commercial_research,manual_review,,,service:S8|frozen:drainage|object:site,true,https://exp76.ru/category/drenazh-uchastka/,wordstat,въезд на участок,Ярославская область,all,2,,,,,,,,2026-08-20T18:35:06+03:00,reviewed,frozen_owner,mixed_frozen_collision
K001224,дренажные работы рыбинск,дренажные работы рыбинск,,commercial_research,frozen_collision,,Рыбинск,frozen:drainage,true,https://exp76.ru/category/drenazh-uchastka/,webmaster,,,all,,,,1,0,0.0,3.0,,2026-08-20T18:17:52+03:00,reviewed,frozen_owner,frozen_collision
K001225,дренажные работы ярославль,дренажные работы ярославль,,commercial_research,frozen_collision,,Ярославль,frozen:drainage,true,https://exp76.ru/category/drenazh-uchastka/,webmaster,,,all,,,,1,0,0.0,13.0,,2026-08-20T18:17:52+03:00,reviewed,frozen_owner,frozen_collision
K001235,если не хватило тротуарной плитки как закончить с другой,если не хватило тротуарной плитки как закончить с другой,,informational,frozen_collision,,,frozen:paving,true,https://exp76.ru/category/ukladka-trotuarnoy-plitki/,webmaster,,,all,,,,1,0,0.0,6.0,,2026-08-20T18:17:52+03:00,reviewed,frozen_owner,frozen_collision
K001236,если оставить старую дворовую плитку и сверху засыпать землей можно на него положить новую,если оставить старую дворовую плитку и сверху засыпать землей можно на него положить новую,,commercial_research,frozen_collision,,,frozen:paving,true,https://exp76.ru/category/ukladka-trotuarnoy-plitki/,webmaster,,,all,,,,2,1,50.0,2.0,,2026-08-20T18:17:52+03:00,reviewed,frozen_owner,frozen_collision
K001237,если старую тротуарную плитку не убирать а сверху положить новую,если старую тротуарную плитку не убирать а сверху положить новую,,commercial_research,frozen_collision,,,frozen:paving,true,https://exp76.ru/category/ukladka-trotuarnoy-plitki/,webmaster,,,all,,,,1,0,0.0,4.0,,2026-08-20T18:17:52+03:00,reviewed,frozen_owner,frozen_collision
K001238,есть ливневая канализация в пошехонье,есть ливневая канализация в пошехонье,,commercial_research,frozen_collision,,,frozen:storm_sewer,true,https://exp76.ru/category/livnevaya-kanalizatsiya/,webmaster,,,all,,,,2,0,0.0,9.5,,2026-08-20T18:17:52+03:00,reviewed,frozen_owner,frozen_collision
K001253,за кого вы дренаж для какой ярославль,за кого вы дренаж для какой ярославль,,commercial_research,frozen_collision,,Ярославль,frozen:drainage,true,https://exp76.ru/category/drenazh-uchastka/,webmaster,,,all,,,,1,0,0.0,6.0,,2026-08-20T18:17:52+03:00,reviewed,frozen_owner,frozen_collision
K001369,заказать укладку дорожек из плитки на даче в переславле залесском цена,заказать укладку дорожек из плитки на даче в переславле залесском цена,,transactional,frozen_collision,,,frozen:paving,true,https://exp76.ru/category/ukladka-trotuarnoy-plitki/,webmaster,,,all,,,,1,0,0.0,4.0,,2026-08-20T18:17:52+03:00,reviewed,frozen_owner,frozen_collision
K001377,заливка отмостки в ярославле,заливка отмостки в ярославле,,commercial_research,frozen_collision,,,frozen:blind_area,true,https://exp76.ru/category/otmostka-vokrug-doma/,webmaster,,,all,,,,1,0,0.0,12.0,,2026-08-20T18:17:52+03:00,reviewed,frozen_owner,frozen_collision
K001378,залитие бетона на старую тротуарную плитку,залитие бетона на старую тротуарную плитку,,commercial_research,frozen_collision,,,frozen:paving,true,https://exp76.ru/category/ukladka-trotuarnoy-plitki/,webmaster,,,all,,,,1,0,0.0,3.0,,2026-08-20T18:17:52+03:00,reviewed,frozen_owner,frozen_collision
K001379,залить отмостку вокруг дома цена за работу,залить отмостку вокруг дома цена за работу,,transactional,frozen_collision,,,frozen:blind_area,true,https://exp76.ru/category/otmostka-vokrug-doma/,webmaster,,,all,,,,2,0,0.0,7.0,,2026-08-20T18:17:52+03:00,reviewed,frozen_owner,frozen_collision
K001382,замена тротуарной плитки на новую оставить старое основание,замена тротуарной плитки на новую оставить старое основание,,commercial_research,frozen_collision,,,frozen:paving,true,https://exp76.ru/category/ukladka-trotuarnoy-plitki/,webmaster,,,all,,,,1,0,0.0,4.0,,2026-08-20T18:17:52+03:00,reviewed,frozen_owner,frozen_collision
K001383,замена тротуарной плитки новую на старую видео,замена тротуарной плитки новую на старую видео,,commercial_research,frozen_collision,,,frozen:paving,true,https://exp76.ru/category/ukladka-trotuarnoy-plitki/,webmaster,,,all,,,,4,1,25.0,7.5,,2026-08-20T18:17:52+03:00,reviewed,frozen_owner,frozen_collision
K001384,замиксовать старую тротуарную плитку с новой,замиксовать старую тротуарную плитку с новой,,commercial_research,frozen_collision,,,frozen:paving,true,https://exp76.ru/category/ukladka-trotuarnoy-plitki/,webmaster,,,all,,,,2,0,0.0,3.5,,2026-08-20T18:17:52+03:00,reviewed,frozen_owner,frozen_collision
K001393,заявка на восстановление колодца ливневой канализации,заявка на восстановление колодца ливневой канализации,,commercial_research,frozen_collision,,,frozen:storm_sewer,true,https://exp76.ru/category/livnevaya-kanalizatsiya/,webmaster,,,all,,,,1,0,0.0,4.0,,2026-08-20T18:17:52+03:00,reviewed,frozen_owner,frozen_collision
K001484,ирригация участка в ярославской,ирригация участка в ярославской,,commercial_research,frozen_collision,,Ярославская область,frozen:irrigation|object:site,true,https://exp76.ru/category/avtopoliv-na-uchastke/,webmaster,,,all,,,,2,1,50.0,4.0,,2026-08-20T18:17:52+03:00,reviewed,frozen_owner,frozen_collision
K001509,как выглядит дренаж по огороду 10 соток,как выглядит дренаж по огороду 10 соток,,informational,frozen_collision,,,frozen:drainage,true,https://exp76.ru/category/drenazh-uchastka/,webmaster,,,all,,,,1,0,0.0,7.0,,2026-08-20T18:17:52+03:00,reviewed,frozen_owner,frozen_collision
K001523,как на собственном участке переложить старую плитку на новую,как на собственном участке переложить старую плитку на новую,,informational,frozen_collision,,,frozen:paving,true,https://exp76.ru/category/ukladka-trotuarnoy-plitki/,webmaster,,,all,,,,1,1,100.0,3.0,,2026-08-20T18:17:52+03:00,reviewed,frozen_owner,frozen_collision
K001527,как написать смету на укладку тротуарной плитки,как написать смету на укладку тротуарной плитки,,informational,frozen_collision,,,frozen:paving,true,https://exp76.ru/category/ukladka-trotuarnoy-plitki/,webmaster,,,all,,,,1,0,0.0,12.0,,2026-08-20T18:17:52+03:00,reviewed,frozen_owner,frozen_collision
K001528,как обновить старую тротуарную плитку с добавлением новой плитки,как обновить старую тротуарную плитку с добавлением новой плитки,,informational,frozen_collision,,,frozen:paving,true,https://exp76.ru/category/ukladka-trotuarnoy-plitki/,webmaster,,,all,,,,1,0,0.0,6.0,,2026-08-20T18:17:52+03:00,reviewed,frozen_owner,frozen_collision
K001538,как от старой тротуарной плитки продолжить класть новую видео,как от старой тротуарной плитки продолжить класть новую видео,,informational,frozen_collision,,,frozen:paving,true,https://exp76.ru/category/ukladka-trotuarnoy-plitki/,webmaster,,,all,,,,2,0,0.0,9.0,,2026-08-20T18:17:52+03:00,reviewed,frozen_owner,frozen_collision
K001542,как переложить старую плитку на улице,как переложить старую плитку на улице,,informational,frozen_collision,,,frozen:paving,true,https://exp76.ru/category/ukladka-trotuarnoy-plitki/,webmaster,,,all,,,,1,0,0.0,11.0,,2026-08-20T18:17:52+03:00,reviewed,frozen_owner,frozen_collision
K001543,как переложить старую тротуарную плитку на новый,как переложить старую тротуарную плитку на новый,,informational,frozen_collision,,,frozen:paving,true,https://exp76.ru/category/ukladka-trotuarnoy-plitki/,webmaster,,,all,,,,1,0,0.0,10.0,,2026-08-20T18:17:52+03:00,reviewed,frozen_owner,frozen_collision
K001551,как положить новую плитку на старую на улице,как положить новую плитку на старую на улице,,informational,frozen_collision,,,frozen:paving,true,https://exp76.ru/category/ukladka-trotuarnoy-plitki/,webmaster,,,all,,,,2,0,0.0,7.0,,2026-08-20T18:17:52+03:00,reviewed,frozen_owner,frozen_collision
K001552,как положить тротуарную плитку на старую плитку,как положить тротуарную плитку на старую плитку,,informational,frozen_collision,,,frozen:paving,true,https://exp76.ru/category/ukladka-trotuarnoy-plitki/,webmaster,,,all,,,,5,1,20.0,3.6,,2026-08-20T18:17:52+03:00,reviewed,frozen_owner,frozen_collision
K001553,как положить уличную плитку на старую,как положить уличную плитку на старую,,informational,frozen_collision,,,frozen:paving,true,https://exp76.ru/category/ukladka-trotuarnoy-plitki/,webmaster,,,all,,,,1,0,0.0,10.0,,2026-08-20T18:17:52+03:00,reviewed,frozen_owner,frozen_collision
K001556,как посчитать ландшафтные работы дорожки отмостки,как посчитать ландшафтные работы дорожки отмостки,S1,informational,manual_review,,,service:S1|frozen:blind_area,true,https://exp76.ru/category/otmostka-vokrug-doma/,webmaster,,,all,,,,1,0,0.0,3.0,,2026-08-20T18:17:52+03:00,reviewed,frozen_owner,mixed_frozen_collision
K001561,как правильно положить плитку на улице на старую плитку,как правильно положить плитку на улице на старую плитку,,informational,frozen_collision,,,frozen:paving,true,https://exp76.ru/category/ukladka-trotuarnoy-plitki/,webmaster,,,all,,,,1,0,0.0,3.0,,2026-08-20T18:17:52+03:00,reviewed,frozen_owner,frozen_collision
K001578,как рассчитать стоимость работ и материалов дренажа участка 10 соток,как рассчитать стоимость работ и материалов дренажа участка 10 соток,,informational,frozen_collision,,,frozen:drainage|object:site,true,https://exp76.ru/category/drenazh-uchastka/,webmaster,,,all,,,,1,0,0.0,8.0,,2026-08-20T18:17:52+03:00,reviewed,frozen_owner,frozen_collision
K001582,как сверху обновить тротуарную плитку,как сверху обновить тротуарную плитку,,informational,frozen_collision,,,frozen:paving,true,https://exp76.ru/category/ukladka-trotuarnoy-plitki/,webmaster,,,all,,,,1,0,0.0,12.0,,2026-08-20T18:17:52+03:00,reviewed,frozen_owner,frozen_collision
K001611,как сделать отмостку с водоотведением,как сделать отмостку с водоотведением,,informational,frozen_collision,,,frozen:blind_area,true,https://exp76.ru/category/otmostka-vokrug-doma/,webmaster,,,all,,,,2,0,0.0,12.5,,2026-08-20T18:17:52+03:00,reviewed,frozen_owner,frozen_collision
K001641,как уложить тротуарную плитку на старую тротуарную плитку,как уложить тротуарную плитку на старую тротуарную плитку,,informational,frozen_collision,,,frozen:paving,true,https://exp76.ru/category/ukladka-trotuarnoy-plitki/,webmaster,,,all,,,,1,0,0.0,3.0,,2026-08-20T18:17:52+03:00,reviewed,frozen_owner,frozen_collision
K001642,как уложить тротуарную плитку сверху старой,как уложить тротуарную плитку сверху старой,,informational,frozen_collision,,,frozen:paving,true,https://exp76.ru/category/ukladka-trotuarnoy-plitki/,webmaster,,,all,,,,1,1,100.0,3.0,,2026-08-20T18:17:52+03:00,reviewed,frozen_owner,frozen_collision
K001644,как установить новую тротуарную плитку вместо старой,как установить новую тротуарную плитку вместо старой,,informational,frozen_collision,,,frozen:paving,true,https://exp76.ru/category/ukladka-trotuarnoy-plitki/,webmaster,,,all,,,,1,0,0.0,10.0,,2026-08-20T18:17:52+03:00,reviewed,frozen_owner,frozen_collision
K001648,какая должна быть киянка для тротуарной плитки,какая должна быть киянка для тротуарной плитки,,commercial_research,frozen_collision,,,frozen:paving,true,https://exp76.ru/category/ukladka-trotuarnoy-plitki/,webmaster,,,all,,,,1,0,0.0,9.0,,2026-08-20T18:17:52+03:00,reviewed,frozen_owner,frozen_collision
K001650,какая киянка должна быть для укладки тротуарной плитки,какая киянка должна быть для укладки тротуарной плитки,,commercial_research,frozen_collision,,,frozen:paving,true,https://exp76.ru/category/ukladka-trotuarnoy-plitki/,webmaster,,,all,,,,1,1,100.0,5.0,,2026-08-20T18:17:52+03:00,reviewed,frozen_owner,frozen_collision
K001651,какая киянка нужна для тротуарной плитки,какая киянка нужна для тротуарной плитки,,commercial_research,frozen_collision,,,frozen:paving,true,https://exp76.ru/category/ukladka-trotuarnoy-plitki/,webmaster,,,all,,,,1,0,0.0,8.0,,2026-08-20T18:17:52+03:00,reviewed,frozen_owner,frozen_collision
K001653,какая киянка нужна для укладки тротуарной плитки,какая киянка нужна для укладки тротуарной плитки,,commercial_research,frozen_collision,,,frozen:paving,true,https://exp76.ru/category/ukladka-trotuarnoy-plitki/,webmaster,,,all,,,,22,0,0.0,8.09,,2026-08-20T18:17:52+03:00,reviewed,frozen_owner,frozen_collision
K001655,какая нужна киянка для укладки тротуарной плитки,какая нужна киянка для укладки тротуарной плитки,,commercial_research,frozen_collision,,,frozen:paving,true,https://exp76.ru/category/ukladka-trotuarnoy-plitki/,webmaster,,,all,,,,4,0,0.0,8.75,,2026-08-20T18:17:52+03:00,reviewed,frozen_owner,frozen_collision
K001658,какая отмостка подойдет для кирпичного дома в ярославле,какая отмостка подойдет для кирпичного дома в ярославле,,commercial_research,frozen_collision,,,frozen:blind_area,true,https://exp76.ru/category/otmostka-vokrug-doma/,webmaster,,,all,,,,1,0,0.0,4.0,,2026-08-20T18:17:52+03:00,reviewed,frozen_owner,frozen_collision
K001677,какое покрытие положить поверх старой плитки на улице,какое покрытие положить поверх старой плитки на улице,,commercial_research,frozen_collision,,,frozen:paving,true,https://exp76.ru/category/ukladka-trotuarnoy-plitki/,webmaster,,,all,,,,1,0,0.0,4.0,,2026-08-20T18:17:52+03:00,reviewed,frozen_owner,frozen_collision
K001689,какой дренаж можно сделать на участке 10 соток,какой дренаж можно сделать на участке 10 соток,,commercial_research,frozen_collision,,,frozen:drainage,true,https://exp76.ru/category/drenazh-uchastka/,webmaster,,,all,,,,3,0,0.0,8.33,,2026-08-20T18:17:52+03:00,reviewed,frozen_owner,frozen_collision
K001696,какой песок используют для укладки тротуарной плитки,какой песок используют для укладки тротуарной плитки,,commercial_research,frozen_collision,,,frozen:paving,true,https://exp76.ru/category/ukladka-trotuarnoy-plitki/,webmaster,,,all,,,,1,0,0.0,9.0,,2026-08-20T18:17:52+03:00,reviewed,frozen_owner,frozen_collision
K001700,какой специалист сможет сказать где сделать дренаж на участке,какой специалист сможет сказать где сделать дренаж на участке,,commercial_research,frozen_collision,,,frozen:drainage,true,https://exp76.ru/category/drenazh-uchastka/,webmaster,,,all,,,,3,1,33.33,6.33,,2026-08-20T18:17:52+03:00,reviewed,frozen_owner,frozen_collision
K001709,какую иву выбрать для осушения участка,какую иву выбрать для осушения участка,,commercial_research,frozen_collision,,,frozen:dewatering|object:site,true,https://exp76.ru/category/osushenie-uchastka/,webmaster,,,all,,,,1,0,0.0,12.0,,2026-08-20T18:17:52+03:00,reviewed,frozen_owner,frozen_collision
K001711,какую киянку выбрать для укладки тротуарной плитки,какую киянку выбрать для укладки тротуарной плитки,,commercial_research,frozen_collision,,,frozen:paving,true,https://exp76.ru/category/ukladka-trotuarnoy-plitki/,webmaster,,,all,,,,4,1,25.0,14.25,,2026-08-20T18:17:52+03:00,reviewed,frozen_owner,frozen_collision
K001712,какую киянку использовать при укладке брусчатки,какую киянку использовать при укладке брусчатки,,commercial_research,frozen_collision,,,frozen:paving,true,https://exp76.ru/category/ukladka-trotuarnoy-plitki/,webmaster,,,all,,,,1,0,0.0,10.0,,2026-08-20T18:17:52+03:00,reviewed,frozen_owner,frozen_collision
K001713,какую киянку лучше использовать при укладке тротуарной плитки кратко и понятно,какую киянку лучше использовать при укладке тротуарной плитки кратко и понятно,,commercial_research,frozen_collision,,,frozen:paving,true,https://exp76.ru/category/ukladka-trotuarnoy-plitki/,webmaster,,,all,,,,1,0,0.0,8.0,,2026-08-20T18:17:52+03:00,reviewed,frozen_owner,frozen_collision
K001715,какую купить киянку для укладки тротуарной плитки,какую купить киянку для укладки тротуарной плитки,,product_only,frozen_collision,,,frozen:paving,true,https://exp76.ru/category/ukladka-trotuarnoy-plitki/,webmaster,,,all,,,,1,0,0.0,13.0,,2026-08-20T18:17:52+03:00,reviewed,frozen_owner,frozen_collision
K001721,какую плитку положить поверх старой во дворе,какую плитку положить поверх старой во дворе,,commercial_research,frozen_collision,,,frozen:paving,true,https://exp76.ru/category/ukladka-trotuarnoy-plitki/,webmaster,,,all,,,,1,0,0.0,9.0,,2026-08-20T18:17:52+03:00,reviewed,frozen_owner,frozen_collision
K001745,калькулятор дренажа участка онлайн,калькулятор дренажа участка онлайн,,commercial_research,frozen_collision,,,frozen:drainage|object:site,true,https://exp76.ru/category/drenazh-uchastka/,webmaster,,,all,,,,1,0,0.0,15.0,,2026-08-20T18:17:52+03:00,reviewed,frozen_owner,frozen_collision
K001746,калькулятор дренажных работ и отмостки для частного дома иваново,калькулятор дренажных работ и отмостки для частного дома иваново,,commercial_research,frozen_collision,,,frozen:drainage,true,https://exp76.ru/category/drenazh-uchastka/,webmaster,,,all,,,,1,1,100.0,11.0,,2026-08-20T18:17:52+03:00,reviewed,frozen_owner,frozen_collision
K001757,калькулятор себестоимость материалов и работ дренаж,калькулятор себестоимость материалов и работ дренаж,,commercial_research,frozen_collision,,,frozen:drainage,true,https://exp76.ru/category/drenazh-uchastka/,webmaster,,,all,,,,1,0,0.0,10.0,,2026-08-20T18:17:52+03:00,reviewed,frozen_owner,frozen_collision
K001759,калькулятор смета по обустройству дренажа и ливневки на участке,калькулятор смета по обустройству дренажа и ливневки на участке,,commercial_research,frozen_collision,,,frozen:drainage,true,https://exp76.ru/category/drenazh-uchastka/,webmaster,,,all,,,,2,0,0.0,3.5,,2026-08-20T18:17:52+03:00,reviewed,frozen_owner,frozen_collision
K001765,калькулятор укладки тротуарной плитки ярославль,калькулятор укладки тротуарной плитки ярославль,,commercial_research,frozen_collision,,Ярославль,frozen:paving,true,https://exp76.ru/category/ukladka-trotuarnoy-plitki/,webmaster,,,all,,,,2,0,0.0,5.0,,2026-08-20T18:17:52+03:00,reviewed,frozen_owner,frozen_collision
K001767,калькуляция стоимости работ по дренажным работам,калькуляция стоимости работ по дренажным работам,,transactional,frozen_collision,,,frozen:drainage,true,https://exp76.ru/category/drenazh-uchastka/,webmaster,,,all,,,,1,1,100.0,1.0,,2026-08-20T18:17:52+03:00,reviewed,frozen_owner,frozen_collision
K001800,керамогранит для двора частного дома можно ли ложить на старую брусчатку,керамогранит для двора частного дома можно ли ложить на старую брусчатку,,commercial_research,frozen_collision,,,frozen:paving,true,https://exp76.ru/category/ukladka-trotuarnoy-plitki/,webmaster,,,all,,,,1,0,0.0,6.0,,2026-08-20T18:17:52+03:00,reviewed,frozen_owner,frozen_collision
K001804,киянка для укладки брусчатки,киянка для укладки брусчатки,,commercial_research,frozen_collision,,,frozen:paving,true,https://exp76.ru/category/ukladka-trotuarnoy-plitki/,webmaster,,,all,,,,2,0,0.0,8.0,,2026-08-20T18:17:52+03:00,reviewed,frozen_owner,frozen_collision
K001806,кладка уличной плитки переславль,кладка уличной плитки переславль,,commercial_research,frozen_collision,,Переславль-Залесский,frozen:paving,true,https://exp76.ru/category/ukladka-trotuarnoy-plitki/,webmaster,,,all,,,,1,1,100.0,5.0,,2026-08-20T18:17:52+03:00,reviewed,frozen_owner,frozen_collision
K001828,когда лучше делать дренаж на участке ярославль,когда лучше делать дренаж на участке ярославль,,commercial_research,frozen_collision,,Ярославль,frozen:drainage,true,https://exp76.ru/category/drenazh-uchastka/,webmaster,,,all,,,,1,0,0.0,1.0,,2026-08-20T18:17:52+03:00,reviewed,frozen_owner,frozen_collision
K001838,когда можно использовать тротуарную плитку если ее сделали недавно,когда можно использовать тротуарную плитку если ее сделали недавно,,commercial_research,frozen_collision,,,frozen:paving,true,https://exp76.ru/category/ukladka-trotuarnoy-plitki/,webmaster,,,all,,,,2,0,0.0,8.0,,2026-08-20T18:17:52+03:00,reviewed,frozen_owner,frozen_collision
K001927,кто в ярославле проект дренажных систем,кто в ярославле проект дренажных систем,,commercial_research,frozen_collision,,,frozen:drainage,true,https://exp76.ru/category/drenazh-uchastka/,webmaster,,,all,,,,1,0,0.0,10.0,,2026-08-20T18:17:52+03:00,reviewed,frozen_owner,frozen_collision
K001929,кто делает в ярославле проект дренажной системы на частном участке,кто делает в ярославле проект дренажной системы на частном участке,,commercial_research,frozen_collision,,,frozen:drainage,true,https://exp76.ru/category/drenazh-uchastka/,webmaster,,,all,,,,2,0,0.0,5.5,,2026-08-20T18:17:52+03:00,reviewed,frozen_owner,frozen_collision
K001939,кто нибудь клал брусчатку на старую,кто нибудь клал брусчатку на старую,,commercial_research,frozen_collision,,,frozen:paving,true,https://exp76.ru/category/ukladka-trotuarnoy-plitki/,webmaster,,,all,,,,1,0,0.0,8.0,,2026-08-20T18:17:52+03:00,reviewed,frozen_owner,frozen_collision
K001941,кто технические условия на ливневую канализацию в тутаеве,кто технические условия на ливневую канализацию в тутаеве,,commercial_research,frozen_collision,,,frozen:storm_sewer,true,https://exp76.ru/category/livnevaya-kanalizatsiya/,webmaster,,,all,,,,1,0,0.0,3.0,,2026-08-20T18:17:52+03:00,reviewed,frozen_owner,frozen_collision
K002440,ливневая канализация в ярославле,ливневая канализация в ярославле,,commercial_research,frozen_collision,,,frozen:storm_sewer,true,https://exp76.ru/category/livnevaya-kanalizatsiya/,webmaster,,,all,,,,1,0,0.0,1.0,,2026-08-20T18:17:52+03:00,reviewed,frozen_owner,frozen_collision
K002441,ливневая канализация и дренаж рыбинск,ливневая канализация и дренаж рыбинск,,commercial_research,frozen_collision,,Рыбинск,frozen:storm_sewer,true,https://exp76.ru/category/livnevaya-kanalizatsiya/,webmaster,,,all,,,,2,0,0.0,6.5,,2026-08-20T18:17:52+03:00,reviewed,frozen_owner,frozen_collision
K002442,ливневая канализация методом прокола ярославль,ливневая канализация методом прокола ярославль,,commercial_research,frozen_collision,,Ярославль,frozen:storm_sewer,true,https://exp76.ru/category/livnevaya-kanalizatsiya/,webmaster,,,all,,,,1,0,0.0,5.0,,2026-08-20T18:17:52+03:00,reviewed,frozen_owner,frozen_collision
K002443,ливневая канализация монтаж в ярославле,ливневая канализация монтаж в ярославле,,transactional,frozen_collision,,,frozen:storm_sewer,true,https://exp76.ru/category/livnevaya-kanalizatsiya/,webmaster,,,all,,,,2,1,50.0,6.0,,2026-08-20T18:17:52+03:00,reviewed,frozen_owner,frozen_collision
K002444,ливневка рыбинск,ливневка рыбинск,,commercial_research,frozen_collision,,Рыбинск,frozen:storm_sewer,true,https://exp76.ru/category/livnevaya-kanalizatsiya/,webmaster,,,all,,,,2,0,0.0,7.5,,2026-08-20T18:17:52+03:00,reviewed,frozen_owner,frozen_collision
K002445,ливневка ярославль,ливневка ярославль,,commercial_research,frozen_collision,,Ярославль,frozen:storm_sewer,true,https://exp76.ru/category/livnevaya-kanalizatsiya/,webmaster,,,all,,,,1,0,0.0,10.0,,2026-08-20T18:17:52+03:00,reviewed,frozen_owner,frozen_collision
K002446,ливневки ярославль,ливневки ярославль,,commercial_research,frozen_collision,,Ярославль,frozen:storm_sewer,true,https://exp76.ru/category/livnevaya-kanalizatsiya/,webmaster,,,all,,,,2,0,0.0,3.0,,2026-08-20T18:17:52+03:00,reviewed,frozen_owner,frozen_collision
K002447,ливневки ярославль проет,ливневки ярославль проет,,commercial_research,frozen_collision,,Ярославль,frozen:storm_sewer,true,https://exp76.ru/category/livnevaya-kanalizatsiya/,webmaster,,,all,,,,1,0,0.0,5.0,,2026-08-20T18:17:52+03:00,reviewed,frozen_owner,frozen_collision
K002448,ливневые канализации ярославль,ливневые канализации ярославль,,commercial_research,frozen_collision,,Ярославль,frozen:storm_sewer,true,https://exp76.ru/category/livnevaya-kanalizatsiya/,webmaster,,,all,,,,5,1,20.0,6.4,,2026-08-20T18:17:52+03:00,reviewed,frozen_owner,frozen_collision
K002449,ливневый дренаж gorodseptikov,ливневый дренаж gorodseptikov,,commercial_research,frozen_collision,,,frozen:storm_sewer,true,https://exp76.ru/category/livnevaya-kanalizatsiya/,webmaster,,,all,,,,1,0,0.0,29.0,,2026-08-20T18:17:52+03:00,reviewed,frozen_owner,frozen_collision
K002450,ливневый дренаж gorodseptikov.ru,ливневый дренаж gorodseptikov ru,,commercial_research,frozen_collision,,,frozen:storm_sewer,true,https://exp76.ru/category/livnevaya-kanalizatsiya/,webmaster,,,all,,,,3,0,0.0,20.0,,2026-08-20T18:17:52+03:00,reviewed,frozen_owner,frozen_collision
K002569,мелиорация дренаж участка в тутаеве,мелиорация дренаж участка в тутаеве,,commercial_research,frozen_collision,,,frozen:drainage|object:site,true,https://exp76.ru/category/drenazh-uchastka/,webmaster,,,all,,,,1,0,0.0,14.0,,2026-08-20T18:17:52+03:00,reviewed,frozen_owner,frozen_collision
K002570,"мелиорация , дренаж участка в ярославской области",мелиорация дренаж участка в ярославской области,,commercial_research,frozen_collision,,Ярославская область,frozen:drainage|object:site,true,https://exp76.ru/category/drenazh-uchastka/,webmaster,,,all,,,,1,0,0.0,9.0,,2026-08-20T18:17:52+03:00,reviewed,frozen_owner,frozen_collision
K002584,метод укладки тротуарной плитки на старую плитку,метод укладки тротуарной плитки на старую плитку,,commercial_research,frozen_collision,,,frozen:paving,true,https://exp76.ru/category/ukladka-trotuarnoy-plitki/,webmaster,,,all,,,,2,1,50.0,2.0,,2026-08-20T18:17:52+03:00,reviewed,frozen_owner,frozen_collision
K002613,можно ди га плитку уличную сверху положить другую,можно ди га плитку уличную сверху положить другую,,commercial_research,frozen_collision,,,frozen:paving,true,https://exp76.ru/category/ukladka-trotuarnoy-plitki/,webmaster,,,all,,,,3,0,0.0,7.0,,2026-08-20T18:17:52+03:00,reviewed,frozen_owner,frozen_collision
K002614,можно ди на старую уличную плитку ложить новую,можно ди на старую уличную плитку ложить новую,,commercial_research,frozen_collision,,,frozen:paving,true,https://exp76.ru/category/ukladka-trotuarnoy-plitki/,webmaster,,,all,,,,2,1,50.0,4.0,,2026-08-20T18:17:52+03:00,reviewed,frozen_owner,frozen_collision
K002615,можно класть тротуарную плитку на плитку,можно класть тротуарную плитку на плитку,,commercial_research,frozen_collision,,,frozen:paving,true,https://exp76.ru/category/ukladka-trotuarnoy-plitki/,webmaster,,,all,,,,3,0,0.0,5.0,,2026-08-20T18:17:52+03:00,reviewed,frozen_owner,frozen_collision
K002616,можно ли брусчатку класть на старую брусчатку,можно ли брусчатку класть на старую брусчатку,,commercial_research,frozen_collision,,,frozen:paving,true,https://exp76.ru/category/ukladka-trotuarnoy-plitki/,webmaster,,,all,,,,2,0,0.0,2.5,,2026-08-20T18:17:52+03:00,reviewed,frozen_owner,frozen_collision
K002617,можно ли брусчатку класть на старые кирпичи,можно ли брусчатку класть на старые кирпичи,,commercial_research,frozen_collision,,,frozen:paving,true,https://exp76.ru/category/ukladka-trotuarnoy-plitki/,webmaster,,,all,,,,2,0,0.0,4.5,,2026-08-20T18:17:52+03:00,reviewed,frozen_owner,frozen_collision
K002618,можно ли брусчатку ложить на старую,можно ли брусчатку ложить на старую,,commercial_research,frozen_collision,,,frozen:paving,true,https://exp76.ru/category/ukladka-trotuarnoy-plitki/,webmaster,,,all,,,,1,1,100.0,4.0,,2026-08-20T18:17:52+03:00,reviewed,frozen_owner,frozen_collision
K002619,можно ли выкладывать старую тротуарную плитку снова,можно ли выкладывать старую тротуарную плитку снова,,commercial_research,frozen_collision,,,frozen:paving,true,https://exp76.ru/category/ukladka-trotuarnoy-plitki/,webmaster,,,all,,,,1,0,0.0,7.0,,2026-08-20T18:17:52+03:00,reviewed,frozen_owner,frozen_collision
K002623,можно ли заливать дорожку сверху старой плитки,можно ли заливать дорожку сверху старой плитки,,commercial_research,frozen_collision,,,frozen:paving,true,https://exp76.ru/category/ukladka-trotuarnoy-plitki/,webmaster,,,all,,,,2,0,0.0,4.5,,2026-08-20T18:17:52+03:00,reviewed,frozen_owner,frozen_collision
K002624,можно ли класть брусчатку на старую плитку на тонкий слой гарцовки и все,можно ли класть брусчатку на старую плитку на тонкий слой гарцовки и все,,commercial_research,frozen_collision,,,frozen:paving,true,https://exp76.ru/category/ukladka-trotuarnoy-plitki/,webmaster,,,all,,,,1,0,0.0,4.0,,2026-08-20T18:17:52+03:00,reviewed,frozen_owner,frozen_collision
K002625,можно ли класть керамогранит на старую брусчатку,можно ли класть керамогранит на старую брусчатку,,commercial_research,frozen_collision,,,frozen:paving,true,https://exp76.ru/category/ukladka-trotuarnoy-plitki/,webmaster,,,all,,,,1,1,100.0,3.0,,2026-08-20T18:17:52+03:00,reviewed,frozen_owner,frozen_collision
K002626,можно ли класть новую брусчатку на старую,можно ли класть новую брусчатку на старую,,commercial_research,frozen_collision,,,frozen:paving,true,https://exp76.ru/category/ukladka-trotuarnoy-plitki/,webmaster,,,all,,,,1,0,0.0,4.0,,2026-08-20T18:17:52+03:00,reviewed,frozen_owner,frozen_collision
K002627,можно ли класть новую плитку на старую на улице,можно ли класть новую плитку на старую на улице,,commercial_research,frozen_collision,,,frozen:paving,true,https://exp76.ru/category/ukladka-trotuarnoy-plitki/,webmaster,,,all,,,,1,0,0.0,5.0,,2026-08-20T18:17:52+03:00,reviewed,frozen_owner,frozen_collision
K002631,можно ли класть тротуарную плитку на старую,можно ли класть тротуарную плитку на старую,,commercial_research,frozen_collision,,,frozen:paving,true,https://exp76.ru/category/ukladka-trotuarnoy-plitki/,webmaster,,,all,,,,4,0,0.0,2.75,,2026-08-20T18:17:52+03:00,reviewed,frozen_owner,frozen_collision
K002632,можно ли класть тротуарную плитку на старую плитку,можно ли класть тротуарную плитку на старую плитку,,commercial_research,frozen_collision,,,frozen:paving,true,https://exp76.ru/category/ukladka-trotuarnoy-plitki/,webmaster,,,all,,,,8,2,25.0,2.38,,2026-08-20T18:17:52+03:00,reviewed,frozen_owner,frozen_collision
K002633,можно ли класть тротуарную плитку на старую плитку или надо убирать старую плитку,можно ли класть тротуарную плитку на старую плитку или надо убирать старую плитку,,commercial_research,frozen_collision,,,frozen:paving,true,https://exp76.ru/category/ukladka-trotuarnoy-plitki/,webmaster,,,all,,,,1,0,0.0,2.0,,2026-08-20T18:17:52+03:00,reviewed,frozen_owner,frozen_collision
K002634,можно ли класть тротуарную плитку на тротуарную плитку,можно ли класть тротуарную плитку на тротуарную плитку,,commercial_research,frozen_collision,,,frozen:paving,true,https://exp76.ru/category/ukladka-trotuarnoy-plitki/,webmaster,,,all,,,,3,1,33.33,2.67,,2026-08-20T18:17:52+03:00,reviewed,frozen_owner,frozen_collision
K002635,можно ли клеить керамогранит на старую плитку тротуарную на улице,можно ли клеить керамогранит на старую плитку тротуарную на улице,,commercial_research,frozen_collision,,,frozen:paving,true,https://exp76.ru/category/ukladka-trotuarnoy-plitki/,webmaster,,,all,,,,1,0,0.0,10.0,,2026-08-20T18:17:52+03:00,reviewed,frozen_owner,frozen_collision
K002636,можно ли ложить новый слой тротуарной плитки на старый на клей,можно ли ложить новый слой тротуарной плитки на старый на клей,,commercial_research,frozen_collision,,,frozen:paving,true,https://exp76.ru/category/ukladka-trotuarnoy-plitki/,webmaster,,,all,,,,1,1,100.0,3.0,,2026-08-20T18:17:52+03:00,reviewed,frozen_owner,frozen_collision
K002637,можно ли на кладбище на старую тротуарную плитку положить новую,можно ли на кладбище на старую тротуарную плитку положить новую,,commercial_research,frozen_collision,,,frozen:paving,true,https://exp76.ru/category/ukladka-trotuarnoy-plitki/,webmaster,,,all,,,,1,0,0.0,3.0,,2026-08-20T18:17:52+03:00,reviewed,frozen_owner,frozen_collision
K002640,можно ли на старую дворовую плитку класть новую тротуарную плитку,можно ли на старую дворовую плитку класть новую тротуарную плитку,,commercial_research,frozen_collision,,,frozen:paving,true,https://exp76.ru/category/ukladka-trotuarnoy-plitki/,webmaster,,,all,,,,1,0,0.0,3.0,,2026-08-20T18:17:52+03:00,reviewed,frozen_owner,frozen_collision
K002641,можно ли на старую затяжку шахтную класть плитку во дворе,можно ли на старую затяжку шахтную класть плитку во дворе,,commercial_research,frozen_collision,,,frozen:paving,true,https://exp76.ru/category/ukladka-trotuarnoy-plitki/,webmaster,,,all,,,,1,1,100.0,9.0,,2026-08-20T18:17:52+03:00,reviewed,frozen_owner,frozen_collision
K002643,можно ли на старую плитку положить новую во дворе,можно ли на старую плитку положить новую во дворе,,commercial_research,frozen_collision,,,frozen:paving,true,https://exp76.ru/category/ukladka-trotuarnoy-plitki/,webmaster,,,all,,,,1,0,0.0,3.0,,2026-08-20T18:17:52+03:00,reviewed,frozen_owner,frozen_collision
K002644,можно ли на старую плитку положить новую на улице,можно ли на старую плитку положить новую на улице,,commercial_research,frozen_collision,,,frozen:paving,true,https://exp76.ru/category/ukladka-trotuarnoy-plitki/,webmaster,,,all,,,,2,1,50.0,3.5,,2026-08-20T18:17:52+03:00,reviewed,frozen_owner,frozen_collision
K002646,можно ли на старую тротуарную плитку положить новое покрытие,можно ли на старую тротуарную плитку положить новое покрытие,,commercial_research,frozen_collision,,,frozen:paving,true,https://exp76.ru/category/ukladka-trotuarnoy-plitki/,webmaster,,,all,,,,1,0,0.0,2.0,,2026-08-20T18:17:52+03:00,reviewed,frozen_owner,frozen_collision
K002647,можно ли на старую тротуарную плитку положить новую,можно ли на старую тротуарную плитку положить новую,,commercial_research,frozen_collision,,,frozen:paving,true,https://exp76.ru/category/ukladka-trotuarnoy-plitki/,webmaster,,,all,,,,1,1,100.0,3.0,,2026-08-20T18:17:52+03:00,reviewed,frozen_owner,frozen_collision
K002648,можно ли на старую тротуарную плитку положить резиновую плитку,можно ли на старую тротуарную плитку положить резиновую плитку,,commercial_research,frozen_collision,,,frozen:paving,true,https://exp76.ru/category/ukladka-trotuarnoy-plitki/,webmaster,,,all,,,,1,0,0.0,6.0,,2026-08-20T18:17:52+03:00,reviewed,frozen_owner,frozen_collision
K002649,можно ли на тротуарную плитку класть еще плитку,можно ли на тротуарную плитку класть еще плитку,,commercial_research,frozen_collision,,,frozen:paving,true,https://exp76.ru/category/ukladka-trotuarnoy-plitki/,webmaster,,,all,,,,2,0,0.0,2.0,,2026-08-20T18:17:52+03:00,reviewed,frozen_owner,frozen_collision
K002651,можно.ли.на.улице.на.старую.плитку.положить.новую.,можно ли на улице на старую плитку положить новую,,commercial_research,frozen_collision,,,frozen:paving,true,https://exp76.ru/category/ukladka-trotuarnoy-plitki/,webmaster,,,all,,,,1,0,0.0,8.0,,2026-08-20T18:17:52+03:00,reviewed,frozen_owner,frozen_collision
K002652,можно ли на уличную плитку уложить плитку,можно ли на уличную плитку уложить плитку,,commercial_research,frozen_collision,,,frozen:paving,true,https://exp76.ru/category/ukladka-trotuarnoy-plitki/,webmaster,,,all,,,,2,0,0.0,3.0,,2026-08-20T18:17:52+03:00,reviewed,frozen_owner,frozen_collision
K002653,можно ли накладывать тротуарную плитку одну на другую,можно ли накладывать тротуарную плитку одну на другую,,commercial_research,frozen_collision,,,frozen:paving,true,https://exp76.ru/category/ukladka-trotuarnoy-plitki/,webmaster,,,all,,,,1,0,0.0,4.0,,2026-08-20T18:17:52+03:00,reviewed,frozen_owner,frozen_collision
K002654,можно ли новую тротуарную плитку укладывать поверх старой,можно ли новую тротуарную плитку укладывать поверх старой,,commercial_research,frozen_collision,,,frozen:paving,true,https://exp76.ru/category/ukladka-trotuarnoy-plitki/,webmaster,,,all,,,,1,0,0.0,5.0,,2026-08-20T18:17:52+03:00,reviewed,frozen_owner,frozen_collision
K002655,можно ли переложить плитку на старое место уличную,можно ли переложить плитку на старое место уличную,,commercial_research,frozen_collision,,,frozen:paving,true,https://exp76.ru/category/ukladka-trotuarnoy-plitki/,webmaster,,,all,,,,1,0,0.0,8.0,,2026-08-20T18:17:52+03:00,reviewed,frozen_owner,frozen_collision
K002656,можно ли переложить старую плитку от дорожки на даче с поднятие уровня для новой дорожки,можно ли переложить старую плитку от дорожки на даче с поднятие уровня для новой дорожки,,commercial_research,frozen_collision,,,frozen:paving,true,https://exp76.ru/category/ukladka-trotuarnoy-plitki/,webmaster,,,all,,,,2,0,0.0,5.5,,2026-08-20T18:17:52+03:00,reviewed,frozen_owner,frozen_collision
K002657,можно ли переложить старую уличную плитку,можно ли переложить старую уличную плитку,,commercial_research,frozen_collision,,,frozen:paving,true,https://exp76.ru/category/ukladka-trotuarnoy-plitki/,webmaster,,,all,,,,1,0,0.0,11.0,,2026-08-20T18:17:52+03:00,reviewed,frozen_owner,frozen_collision
K002659,можно ли поверх плиты положить тротуарную плитку,можно ли поверх плиты положить тротуарную плитку,,commercial_research,frozen_collision,,,frozen:paving,true,https://exp76.ru/category/ukladka-trotuarnoy-plitki/,webmaster,,,all,,,,2,0,0.0,11.5,,2026-08-20T18:17:52+03:00,reviewed,frozen_owner,frozen_collision
K002660,можно ли поверх старой плитки на улице положить лемезит,можно ли поверх старой плитки на улице положить лемезит,,commercial_research,frozen_collision,,,frozen:paving,true,https://exp76.ru/category/ukladka-trotuarnoy-plitki/,webmaster,,,all,,,,3,0,0.0,11.33,,2026-08-20T18:17:52+03:00,reviewed,frozen_owner,frozen_collision
K002661,можно ли поверх тротуарной плитки положить другую плитку?,можно ли поверх тротуарной плитки положить другую плитку,,commercial_research,frozen_collision,,,frozen:paving,true,https://exp76.ru/category/ukladka-trotuarnoy-plitki/,webmaster,,,all,,,,1,0,0.0,4.0,,2026-08-20T18:17:52+03:00,reviewed,frozen_owner,frozen_collision
K002662,можно ли поверх тротуарной плитки уложить гранитную плитку чем нужно клеить и время высыхания,можно ли поверх тротуарной плитки уложить гранитную плитку чем нужно клеить и время высыхания,,commercial_research,frozen_collision,,,frozen:paving,true,https://exp76.ru/category/ukladka-trotuarnoy-plitki/,webmaster,,,all,,,,1,0,0.0,4.0,,2026-08-20T18:17:52+03:00,reviewed,frozen_owner,frozen_collision
K002663,можно ли покласть новую тротуарную плитку на старую на крыльце,можно ли покласть новую тротуарную плитку на старую на крыльце,,commercial_research,frozen_collision,,,frozen:paving,true,https://exp76.ru/category/ukladka-trotuarnoy-plitki/,webmaster,,,all,,,,1,0,0.0,3.0,,2026-08-20T18:17:52+03:00,reviewed,frozen_owner,frozen_collision
K002665,можно ли положить плитку на старую бетонную дорожку,можно ли положить плитку на старую бетонную дорожку,,commercial_research,frozen_collision,,,frozen:paving,true,https://exp76.ru/category/ukladka-trotuarnoy-plitki/,webmaster,,,all,,,,1,0,0.0,36.0,,2026-08-20T18:17:52+03:00,reviewed,frozen_owner,frozen_collision
K002666,можно ли положить плитку на старую брусчатку на террасе,можно ли положить плитку на старую брусчатку на террасе,,commercial_research,frozen_collision,,,frozen:paving,true,https://exp76.ru/category/ukladka-trotuarnoy-plitki/,webmaster,,,all,,,,2,1,50.0,3.5,,2026-08-20T18:17:52+03:00,reviewed,frozen_owner,frozen_collision
K002667,можно ли положить плитку на старую дорожку,можно ли положить плитку на старую дорожку,,commercial_research,frozen_collision,,,frozen:paving,true,https://exp76.ru/category/ukladka-trotuarnoy-plitki/,webmaster,,,all,,,,1,0,0.0,11.0,,2026-08-20T18:17:52+03:00,reviewed,frozen_owner,frozen_collision
K002668,можно ли положить плитку на старую плитку во дворе,можно ли положить плитку на старую плитку во дворе,,commercial_research,frozen_collision,,,frozen:paving,true,https://exp76.ru/category/ukladka-trotuarnoy-plitki/,webmaster,,,all,,,,1,0,0.0,3.0,,2026-08-20T18:17:52+03:00,reviewed,frozen_owner,frozen_collision
K002669,можно ли положить садовую дорожку из плитки поверх старой плитки,можно ли положить садовую дорожку из плитки поверх старой плитки,,commercial_research,frozen_collision,,,frozen:paving,true,https://exp76.ru/category/ukladka-trotuarnoy-plitki/,webmaster,,,all,,,,1,0,0.0,4.0,,2026-08-20T18:17:52+03:00,reviewed,frozen_owner,frozen_collision
K002671,можно ли положить тротуарную плитку на старую мраморную плитку,можно ли положить тротуарную плитку на старую мраморную плитку,,commercial_research,frozen_collision,,,frozen:paving,true,https://exp76.ru/category/ukladka-trotuarnoy-plitki/,webmaster,,,all,,,,1,0,0.0,3.0,,2026-08-20T18:17:52+03:00,reviewed,frozen_owner,frozen_collision
K002672,можно ли положить тротуарную плитку на старую плитку,можно ли положить тротуарную плитку на старую плитку,,commercial_research,frozen_collision,,,frozen:paving,true,https://exp76.ru/category/ukladka-trotuarnoy-plitki/,webmaster,,,all,,,,2,1,50.0,2.5,,2026-08-20T18:17:52+03:00,reviewed,frozen_owner,frozen_collision
K002673,можно ли положить тротуарную плитку поверх старой плитки,можно ли положить тротуарную плитку поверх старой плитки,,commercial_research,frozen_collision,,,frozen:paving,true,https://exp76.ru/category/ukladka-trotuarnoy-plitki/,webmaster,,,all,,,,3,1,33.33,2.0,,2026-08-20T18:17:52+03:00,reviewed,frozen_owner,frozen_collision
K002674,можно ли произвести замену тротуарной плитки при выполнении текущего ремонта,можно ли произвести замену тротуарной плитки при выполнении текущего ремонта,,commercial_research,frozen_collision,,,frozen:paving,true,https://exp76.ru/category/ukladka-trotuarnoy-plitki/,webmaster,,,all,,,,1,0,0.0,12.0,,2026-08-20T18:17:52+03:00,reviewed,frozen_owner,frozen_collision
K002675,можно ли садовую дорожку укладывать на старую плитку,можно ли садовую дорожку укладывать на старую плитку,,commercial_research,frozen_collision,,,frozen:paving,true,https://exp76.ru/category/ukladka-trotuarnoy-plitki/,webmaster,,,all,,,,1,0,0.0,2.0,,2026-08-20T18:17:52+03:00,reviewed,frozen_owner,frozen_collision
K002676,можно ли снять брусчатку и положить её снова,можно ли снять брусчатку и положить ее снова,,commercial_research,frozen_collision,,,frozen:paving,true,https://exp76.ru/category/ukladka-trotuarnoy-plitki/,webmaster,,,all,,,,1,0,0.0,7.0,,2026-08-20T18:17:52+03:00,reviewed,frozen_owner,frozen_collision
K002677,можно ли снять тротуарную плитку и сразу на ту плитку положить новую,можно ли снять тротуарную плитку и сразу на ту плитку положить новую,,commercial_research,frozen_collision,,,frozen:paving,true,https://exp76.ru/category/ukladka-trotuarnoy-plitki/,webmaster,,,all,,,,1,0,0.0,10.0,,2026-08-20T18:17:52+03:00,reviewed,frozen_owner,frozen_collision
K002678,можно ли старую метлахскую плитку уложить на улице,можно ли старую метлахскую плитку уложить на улице,,commercial_research,frozen_collision,,,frozen:paving,true,https://exp76.ru/category/ukladka-trotuarnoy-plitki/,webmaster,,,all,,,,1,0,0.0,6.0,,2026-08-20T18:17:52+03:00,reviewed,frozen_owner,frozen_collision
K002679,можно ли старую напольную плитку положить на улице,можно ли старую напольную плитку положить на улице,,commercial_research,frozen_collision,,,frozen:paving,true,https://exp76.ru/category/ukladka-trotuarnoy-plitki/,webmaster,,,all,,,,1,0,0.0,6.0,,2026-08-20T18:17:52+03:00,reviewed,frozen_owner,frozen_collision
K002681,можно ли старую тротуарную плитку использовать,можно ли старую тротуарную плитку использовать,,commercial_research,frozen_collision,,,frozen:paving,true,https://exp76.ru/category/ukladka-trotuarnoy-plitki/,webmaster,,,all,,,,1,0,0.0,5.0,,2026-08-20T18:17:52+03:00,reviewed,frozen_owner,frozen_collision
K002683,можно ли тротуарную плитку класть на старую плитку,можно ли тротуарную плитку класть на старую плитку,,commercial_research,frozen_collision,,,frozen:paving,true,https://exp76.ru/category/ukladka-trotuarnoy-plitki/,webmaster,,,all,,,,1,0,0.0,2.0,,2026-08-20T18:17:52+03:00,reviewed,frozen_owner,frozen_collision
K002684,можно ли тротуарную плитку класть на тротуарную плитку,можно ли тротуарную плитку класть на тротуарную плитку,,commercial_research,frozen_collision,,,frozen:paving,true,https://exp76.ru/category/ukladka-trotuarnoy-plitki/,webmaster,,,all,,,,1,1,100.0,3.0,,2026-08-20T18:17:52+03:00,reviewed,frozen_owner,frozen_collision
K002685,можно ли тротуарную плитку ложить на старую плитку,можно ли тротуарную плитку ложить на старую плитку,,commercial_research,frozen_collision,,,frozen:paving,true,https://exp76.ru/category/ukladka-trotuarnoy-plitki/,webmaster,,,all,,,,1,0,0.0,2.0,,2026-08-20T18:17:52+03:00,reviewed,frozen_owner,frozen_collision
K002686,можно ли тротуарную плитку положить на старую около дома,можно ли тротуарную плитку положить на старую около дома,,commercial_research,frozen_collision,,,frozen:paving,true,https://exp76.ru/category/ukladka-trotuarnoy-plitki/,webmaster,,,all,,,,1,0,0.0,11.0,,2026-08-20T18:17:52+03:00,reviewed,frozen_owner,frozen_collision
K002687,можно ли укладывать брусчатку на старую плитку,можно ли укладывать брусчатку на старую плитку,,commercial_research,frozen_collision,,,frozen:paving,true,https://exp76.ru/category/ukladka-trotuarnoy-plitki/,webmaster,,,all,,,,1,0,0.0,4.0,,2026-08-20T18:17:52+03:00,reviewed,frozen_owner,frozen_collision
K002689,можно ли укладывать новую плитку поверх старой для дорожек на участке,можно ли укладывать новую плитку поверх старой для дорожек на участке,,commercial_research,frozen_collision,,,frozen:paving,true,https://exp76.ru/category/ukladka-trotuarnoy-plitki/,webmaster,,,all,,,,1,1,100.0,5.0,,2026-08-20T18:17:52+03:00,reviewed,frozen_owner,frozen_collision
K002690,можно ли укладывать плитку на старую плитку на улице,можно ли укладывать плитку на старую плитку на улице,,commercial_research,frozen_collision,,,frozen:paving,true,https://exp76.ru/category/ukladka-trotuarnoy-plitki/,webmaster,,,all,,,,1,0,0.0,9.0,,2026-08-20T18:17:52+03:00,reviewed,frozen_owner,frozen_collision
K002691,можно ли укладывать тротуарную плитку на старое покрытие,можно ли укладывать тротуарную плитку на старое покрытие,,commercial_research,frozen_collision,,,frozen:paving,true,https://exp76.ru/category/ukladka-trotuarnoy-plitki/,webmaster,,,all,,,,2,0,0.0,6.5,,2026-08-20T18:17:52+03:00,reviewed,frozen_owner,frozen_collision
K002692,можно ли укладывать тротуарную плитку на старую,можно ли укладывать тротуарную плитку на старую,,commercial_research,frozen_collision,,,frozen:paving,true,https://exp76.ru/category/ukladka-trotuarnoy-plitki/,webmaster,,,all,,,,1,0,0.0,9.0,,2026-08-20T18:17:52+03:00,reviewed,frozen_owner,frozen_collision
K002693,можно ли укладывать тротуарную плитку на старую плитку,можно ли укладывать тротуарную плитку на старую плитку,,commercial_research,frozen_collision,,,frozen:paving,true,https://exp76.ru/category/ukladka-trotuarnoy-plitki/,webmaster,,,all,,,,3,0,0.0,3.0,,2026-08-20T18:17:52+03:00,reviewed,frozen_owner,frozen_collision
K002694,можно ли укладывать тротуарную плитку на старую тротуарную плитку,можно ли укладывать тротуарную плитку на старую тротуарную плитку,,commercial_research,frozen_collision,,,frozen:paving,true,https://exp76.ru/category/ukladka-trotuarnoy-plitki/,webmaster,,,all,,,,2,1,50.0,2.5,,2026-08-20T18:17:52+03:00,reviewed,frozen_owner,frozen_collision
K002695,можно ли укладывать тротуарную плитку по верх старой,можно ли укладывать тротуарную плитку по верх старой,,commercial_research,frozen_collision,,,frozen:paving,true,https://exp76.ru/category/ukladka-trotuarnoy-plitki/,webmaster,,,all,,,,3,2,66.67,5.0,,2026-08-20T18:17:52+03:00,reviewed,frozen_owner,frozen_collision
K002696,можно ли укладывать уличную плитку на старую,можно ли укладывать уличную плитку на старую,,commercial_research,frozen_collision,,,frozen:paving,true,https://exp76.ru/category/ukladka-trotuarnoy-plitki/,webmaster,,,all,,,,1,0,0.0,9.0,,2026-08-20T18:17:52+03:00,reviewed,frozen_owner,frozen_collision
K002697,можно ли уложить брусчатку на старую крепкую плитку во дворе дома,можно ли уложить брусчатку на старую крепкую плитку во дворе дома,,commercial_research,frozen_collision,,,frozen:paving,true,https://exp76.ru/category/ukladka-trotuarnoy-plitki/,webmaster,,,all,,,,1,0,0.0,5.0,,2026-08-20T18:17:52+03:00,reviewed,frozen_owner,frozen_collision
K002698,можно ли уложить брусчатку на старую плитку во дворе,можно ли уложить брусчатку на старую плитку во дворе,,commercial_research,frozen_collision,,,frozen:paving,true,https://exp76.ru/category/ukladka-trotuarnoy-plitki/,webmaster,,,all,,,,1,1,100.0,3.0,,2026-08-20T18:17:52+03:00,reviewed,frozen_owner,frozen_collision
K002701,можно ли уложить тротуарную плитку на старую плитку,можно ли уложить тротуарную плитку на старую плитку,,commercial_research,frozen_collision,,,frozen:paving,true,https://exp76.ru/category/ukladka-trotuarnoy-plitki/,webmaster,,,all,,,,1,0,0.0,3.0,,2026-08-20T18:17:52+03:00,reviewed,frozen_owner,frozen_collision
K002702,можно ли уложить тротуарную плитку поверх старой,можно ли уложить тротуарную плитку поверх старой,,commercial_research,frozen_collision,,,frozen:paving,true,https://exp76.ru/category/ukladka-trotuarnoy-plitki/,webmaster,,,all,,,,2,0,0.0,2.0,,2026-08-20T18:17:52+03:00,reviewed,frozen_owner,frozen_collision
K002703,можно на керамическую плитку ложить тротуарную плитку на улице видео,можно на керамическую плитку ложить тротуарную плитку на улице видео,,commercial_research,frozen_collision,,,frozen:paving,true,https://exp76.ru/category/ukladka-trotuarnoy-plitki/,webmaster,,,all,,,,1,1,100.0,4.0,,2026-08-20T18:17:52+03:00,reviewed,frozen_owner,frozen_collision
K002704,можно но ли класть плитку на улице на старую,можно но ли класть плитку на улице на старую,,commercial_research,frozen_collision,,,frozen:paving,true,https://exp76.ru/category/ukladka-trotuarnoy-plitki/,webmaster,,,all,,,,1,1,100.0,4.0,,2026-08-20T18:17:52+03:00,reviewed,frozen_owner,frozen_collision
K002705,можно переложить уже положенную тротуарную плитку,можно переложить уже положенную тротуарную плитку,,commercial_research,frozen_collision,,,frozen:paving,true,https://exp76.ru/category/ukladka-trotuarnoy-plitki/,webmaster,,,all,,,,2,0,0.0,5.0,,2026-08-20T18:17:52+03:00,reviewed,frozen_owner,frozen_collision
K002706,можно положить кафель на тротуарную плитку,можно положить кафель на тротуарную плитку,,commercial_research,frozen_collision,,,frozen:paving,true,https://exp76.ru/category/ukladka-trotuarnoy-plitki/,webmaster,,,all,,,,1,0,0.0,6.0,,2026-08-20T18:17:52+03:00,reviewed,frozen_owner,frozen_collision
K002707,можно положить тротуарную плитку на кафельную,можно положить тротуарную плитку на кафельную,,commercial_research,frozen_collision,,,frozen:paving,true,https://exp76.ru/category/ukladka-trotuarnoy-plitki/,webmaster,,,all,,,,1,0,0.0,3.0,,2026-08-20T18:17:52+03:00,reviewed,frozen_owner,frozen_collision
K002709,можно старую плитку заново ложить на улице,можно старую плитку заново ложить на улице,,commercial_research,frozen_collision,,,frozen:paving,true,https://exp76.ru/category/ukladka-trotuarnoy-plitki/,webmaster,,,all,,,,1,0,0.0,3.0,,2026-08-20T18:17:52+03:00,reviewed,frozen_owner,frozen_collision
K002710,можно. тротуарную. плитку. делать. со старого,можно тротуарную плитку делать со старого,,commercial_research,frozen_collision,,,frozen:paving,true,https://exp76.ru/category/ukladka-trotuarnoy-plitki/,webmaster,,,all,,,,1,0,0.0,4.0,,2026-08-20T18:17:52+03:00,reviewed,frozen_owner,frozen_collision
K002711,можно. тротуарную. плитку. делать. со старой,можно тротуарную плитку делать со старой,,commercial_research,frozen_collision,,,frozen:paving,true,https://exp76.ru/category/ukladka-trotuarnoy-plitki/,webmaster,,,all,,,,1,0,0.0,3.0,,2026-08-20T18:17:52+03:00,reviewed,frozen_owner,frozen_collision
K002712,можно укладывать брусчатку на старую тротуарную плитку,можно укладывать брусчатку на старую тротуарную плитку,,commercial_research,frozen_collision,,,frozen:paving,true,https://exp76.ru/category/ukladka-trotuarnoy-plitki/,webmaster,,,all,,,,2,1,50.0,2.0,,2026-08-20T18:17:52+03:00,reviewed,frozen_owner,frozen_collision
K002715,монтаж дренажной трубы цена за работу за метр,монтаж дренажной трубы цена за работу за метр,,transactional,frozen_collision,,,frozen:drainage,true,https://exp76.ru/category/drenazh-uchastka/,webmaster,,,all,,,,2,0,0.0,8.5,,2026-08-20T18:17:52+03:00,reviewed,frozen_owner,frozen_collision
K002716,монтаж и устройство лотков водоотведения от фундамента в ярославле,монтаж и устройство лотков водоотведения от фундамента в ярославле,,transactional,frozen_collision,,,frozen:storm_sewer,true,https://exp76.ru/category/livnevaya-kanalizatsiya/,webmaster,,,all,,,,1,1,100.0,2.0,,2026-08-20T18:17:52+03:00,reviewed,frozen_owner,frozen_collision
K002718,монтаж ливневой канализации в ярославле,монтаж ливневой канализации в ярославле,,transactional,frozen_collision,,,frozen:storm_sewer,true,https://exp76.ru/category/livnevaya-kanalizatsiya/,webmaster,,,all,,,,3,1,33.33,5.33,,2026-08-20T18:17:52+03:00,reviewed,frozen_owner,frozen_collision
K002719,монтаж ливневой канализации расценка,монтаж ливневой канализации расценка,,transactional,frozen_collision,,,frozen:storm_sewer,true,https://exp76.ru/category/livnevaya-kanalizatsiya/,webmaster,,,all,,,,1,0,0.0,5.0,,2026-08-20T18:17:52+03:00,reviewed,frozen_owner,frozen_collision
K002720,монтаж ливневой канализации цена за метр,монтаж ливневой канализации цена за метр,,transactional,frozen_collision,,,frozen:storm_sewer,true,https://exp76.ru/category/livnevaya-kanalizatsiya/,webmaster,,,all,,,,2,0,0.0,10.0,,2026-08-20T18:17:52+03:00,reviewed,frozen_owner,frozen_collision
K002721,монтаж ливневой канализации ярославль,монтаж ливневой канализации ярославль,,transactional,frozen_collision,,Ярославль,frozen:storm_sewer,true,https://exp76.ru/category/livnevaya-kanalizatsiya/,webmaster,,,all,,,,1,0,0.0,2.0,,2026-08-20T18:17:52+03:00,reviewed,frozen_owner,frozen_collision
K002728,монтаж плитняка на старую брусчатку,монтаж плитняка на старую брусчатку,,transactional,frozen_collision,,,frozen:paving,true,https://exp76.ru/category/ukladka-trotuarnoy-plitki/,webmaster,,,all,,,,1,0,0.0,7.0,,2026-08-20T18:17:52+03:00,reviewed,frozen_owner,frozen_collision
K002729,монтаж системы капельного полива углич,монтаж системы капельного полива углич,,transactional,frozen_collision,,Углич,frozen:irrigation,true,https://exp76.ru/category/avtopoliv-na-uchastke/,webmaster,,,all,,,,1,0,0.0,12.0,,2026-08-20T18:17:52+03:00,reviewed,frozen_owner,frozen_collision
K002730,монтаж тротуарной плитки nova-st.ru,монтаж тротуарной плитки nova st ru,,transactional,frozen_collision,,,frozen:paving,true,https://exp76.ru/category/ukladka-trotuarnoy-plitki/,webmaster,,,all,,,,1,0,0.0,12.0,,2026-08-20T18:17:52+03:00,reviewed,frozen_owner,frozen_collision
K002732,мост через дренажную канаву цена рыбинск,мост через дренажную канаву цена рыбинск,,transactional,frozen_collision,,Рыбинск,frozen:drainage,true,https://exp76.ru/category/drenazh-uchastka/,webmaster,,,all,,,,1,0,0.0,2.0,,2026-08-20T18:17:52+03:00,reviewed,frozen_owner,frozen_collision
K002741,мягкая отмостка услуги в ярославле,мягкая отмостка услуги в ярославле,,transactional,frozen_collision,,,frozen:blind_area,true,https://exp76.ru/category/otmostka-vokrug-doma/,webmaster,,,all,,,,1,1,100.0,8.0,,2026-08-20T18:17:52+03:00,reviewed,frozen_owner,frozen_collision
K002742,мягкая отмостка цена под ключ ярославль,мягкая отмостка цена под ключ ярославль,,transactional,frozen_collision,,Ярославль,frozen:blind_area,true,https://exp76.ru/category/otmostka-vokrug-doma/,webmaster,,,all,,,,1,0,0.0,6.0,,2026-08-20T18:17:52+03:00,reviewed,frozen_owner,frozen_collision
K002743,мягкая отмостка ярославль,мягкая отмостка ярославль,,commercial_research,frozen_collision,,Ярославль,frozen:blind_area,true,https://exp76.ru/category/otmostka-vokrug-doma/,webmaster,,,all,,,,1,0,0.0,9.0,,2026-08-20T18:17:52+03:00,reviewed,frozen_owner,frozen_collision
K002746,на новой отмостке пошли микротрещины это страшно? ответ мастера,на новой отмостке пошли микротрещины это страшно ответ мастера,,commercial_research,frozen_collision,,,frozen:blind_area,true,https://exp76.ru/category/otmostka-vokrug-doma/,webmaster,,,all,,,,1,0,0.0,4.0,,2026-08-20T18:17:52+03:00,reviewed,frozen_owner,frozen_collision
K002773,надо ли менять основание тротуарной плитки при ее замене на новую плитку,надо ли менять основание тротуарной плитки при ее замене на новую плитку,,commercial_research,frozen_collision,,,frozen:paving,true,https://exp76.ru/category/ukladka-trotuarnoy-plitki/,webmaster,,,all,,,,1,0,0.0,3.0,,2026-08-20T18:17:52+03:00,reviewed,frozen_owner,frozen_collision
K002869,нужен ли дренаж на участке 6 соток,нужен ли дренаж на участке 6 соток,,commercial_research,frozen_collision,,,frozen:drainage,true,https://exp76.ru/category/drenazh-uchastka/,webmaster,,,all,,,,1,0,0.0,8.0,,2026-08-20T18:17:52+03:00,reviewed,frozen_owner,frozen_collision
K002874,нужно ли ложить в новый дом старую тротуарную плитку,нужно ли ложить в новый дом старую тротуарную плитку,,commercial_research,frozen_collision,,,frozen:paving,true,https://exp76.ru/category/ukladka-trotuarnoy-plitki/,webmaster,,,all,,,,2,0,0.0,8.0,,2026-08-20T18:17:52+03:00,reviewed,frozen_owner,frozen_collision
K003259,онлайн калькулятор для расчета стоимости работ по благоустройству устройство закрытой дренажной системы 60 метров,онлайн калькулятор для расчета стоимости работ по благоустройству устройство закрытой дренажной системы 60 метров,S1,transactional,manual_review,,,service:S1|frozen:drainage,true,https://exp76.ru/category/drenazh-uchastka/,webmaster,,,all,,,,2,0,0.0,5.5,,2026-08-20T18:17:52+03:00,reviewed,frozen_owner,mixed_frozen_collision
K003265,онлайн расчет стоимости дренажа участка,онлайн расчет стоимости дренажа участка,,transactional,frozen_collision,,,frozen:drainage|object:site,true,https://exp76.ru/category/drenazh-uchastka/,webmaster,,,all,,,,1,0,0.0,6.0,,2026-08-20T18:17:52+03:00,reviewed,frozen_owner,frozen_collision
K003275,организации в ярославле по строительству ливневой канализации,организации в ярославле по строительству ливневой канализации,,commercial_research,frozen_collision,,,frozen:storm_sewer,true,https://exp76.ru/category/livnevaya-kanalizatsiya/,webmaster,,,all,,,,1,0,0.0,1.0,,2026-08-20T18:17:52+03:00,reviewed,frozen_owner,frozen_collision
K003279,организация в ярославле занимающаяся ливневкой,организация в ярославле занимающаяся ливневкой,,commercial_research,frozen_collision,,,frozen:storm_sewer,true,https://exp76.ru/category/livnevaya-kanalizatsiya/,webmaster,,,all,,,,1,0,0.0,4.0,,2026-08-20T18:17:52+03:00,reviewed,frozen_owner,frozen_collision
K003381,осушение участка рыбинск,осушение участка рыбинск,,commercial_research,frozen_collision,,Рыбинск,frozen:dewatering|object:site,true,https://exp76.ru/category/osushenie-uchastka/,webmaster,,,all,,,,2,0,0.0,5.5,,2026-08-20T18:17:52+03:00,reviewed,frozen_owner,frozen_collision
K003382,осушение участка с высоким уровнем грунтовых вод ярославская область,осушение участка с высоким уровнем грунтовых вод ярославская область,,commercial_research,frozen_collision,,Ярославская область,frozen:dewatering|object:site,true,https://exp76.ru/category/osushenie-uchastka/,webmaster,,,all,,,,2,1,50.0,15.0,,2026-08-20T18:17:52+03:00,reviewed,frozen_owner,frozen_collision
K003383,осушение участке в ярославской области,осушение участке в ярославской области,,commercial_research,frozen_collision,,Ярославская область,frozen:dewatering,true,https://exp76.ru/category/osushenie-uchastka/,webmaster,,,all,,,,2,0,0.0,5.5,,2026-08-20T18:17:52+03:00,reviewed,frozen_owner,frozen_collision
K003384,осушение участков ярославль,осушение участков ярославль,,commercial_research,frozen_collision,,Ярославль,frozen:dewatering,true,https://exp76.ru/category/osushenie-uchastka/,webmaster,,,all,,,,1,0,0.0,3.0,,2026-08-20T18:17:52+03:00,reviewed,frozen_owner,frozen_collision
K003385,от нехватки чего лопается отмостка залитая только,от нехватки чего лопается отмостка залитая только,,commercial_research,frozen_collision,,,frozen:blind_area,true,https://exp76.ru/category/otmostka-vokrug-doma/,webmaster,,,all,,,,1,0,0.0,12.0,,2026-08-20T18:17:52+03:00,reviewed,frozen_owner,frozen_collision
K003394,отмостка благоустройство ярославль,отмостка благоустройство ярославль,S1,commercial_research,manual_review,,Ярославль,service:S1|frozen:blind_area,true,https://exp76.ru/category/otmostka-vokrug-doma/,webmaster,,,all,,,,4,0,0.0,9.0,,2026-08-20T18:17:52+03:00,reviewed,frozen_owner,mixed_frozen_collision
K003395,отмостка брусчатка ярославль,отмостка брусчатка ярославль,,commercial_research,frozen_collision,,Ярославль,frozen:blind_area,true,https://exp76.ru/category/otmostka-vokrug-doma/,webmaster,,,all,,,,2,0,0.0,11.0,,2026-08-20T18:17:52+03:00,reviewed,frozen_owner,frozen_collision
K003396,отмостка в переславле,отмостка в переславле,,commercial_research,frozen_collision,,,frozen:blind_area,true,https://exp76.ru/category/otmostka-vokrug-doma/,webmaster,,,all,,,,3,0,0.0,3.0,,2026-08-20T18:17:52+03:00,reviewed,frozen_owner,frozen_collision
K003397,отмостка в частном доме ярославль,отмостка в частном доме ярославль,,commercial_research,frozen_collision,,Ярославль,frozen:blind_area,true,https://exp76.ru/category/otmostka-vokrug-doma/,webmaster,,,all,,,,2,0,0.0,4.5,,2026-08-20T18:17:52+03:00,reviewed,frozen_owner,frozen_collision
K003398,отмостка вокруг дома в ярославле,отмостка вокруг дома в ярославле,,commercial_research,frozen_collision,,,frozen:blind_area,true,https://exp76.ru/category/otmostka-vokrug-doma/,webmaster,,,all,,,,3,1,33.33,7.33,,2026-08-20T18:17:52+03:00,reviewed,frozen_owner,frozen_collision
K003399,отмостка вокруг дома рыбинск,отмостка вокруг дома рыбинск,,commercial_research,frozen_collision,,Рыбинск,frozen:blind_area,true,https://exp76.ru/category/otmostka-vokrug-doma/,webmaster,,,all,,,,2,1,50.0,5.5,,2026-08-20T18:17:52+03:00,reviewed,frozen_owner,frozen_collision
K003400,отмостка вокруг дома цена,отмостка вокруг дома цена,,transactional,frozen_collision,,,frozen:blind_area,true,https://exp76.ru/category/otmostka-vokrug-doma/,webmaster,,,all,,,,1,0,0.0,10.0,,2026-08-20T18:17:52+03:00,reviewed,frozen_owner,frozen_collision
K003401,отмостка вокруг дома цена под ключ в переславле залесском,отмостка вокруг дома цена под ключ в переславле залесском,,transactional,frozen_collision,,,frozen:blind_area,true,https://exp76.ru/category/otmostka-vokrug-doma/,webmaster,,,all,,,,5,0,0.0,3.8,,2026-08-20T18:17:52+03:00,reviewed,frozen_owner,frozen_collision
K003402,отмостка вокруг дома ярославль,отмостка вокруг дома ярославль,,commercial_research,frozen_collision,,Ярославль,frozen:blind_area,true,https://exp76.ru/category/otmostka-vokrug-doma/,webmaster,,,all,,,,2,0,0.0,8.0,,2026-08-20T18:17:52+03:00,reviewed,frozen_owner,frozen_collision
K003403,отмостка для дома в ярославле,отмостка для дома в ярославле,,commercial_research,frozen_collision,,,frozen:blind_area,true,https://exp76.ru/category/otmostka-vokrug-doma/,webmaster,,,all,,,,1,0,0.0,3.0,,2026-08-20T18:17:52+03:00,reviewed,frozen_owner,frozen_collision
K003404,отмостка дома ярославль заволга,отмостка дома ярославль заволга,,commercial_research,frozen_collision,,Ярославль,frozen:blind_area,true,https://exp76.ru/category/otmostka-vokrug-doma/,webmaster,,,all,,,,4,0,0.0,6.25,,2026-08-20T18:17:52+03:00,reviewed,frozen_owner,frozen_collision
K003405,отмостка заказать в переславле,отмостка заказать в переславле,,transactional,frozen_collision,,,frozen:blind_area,true,https://exp76.ru/category/otmostka-vokrug-doma/,webmaster,,,all,,,,2,0,0.0,5.0,,2026-08-20T18:17:52+03:00,reviewed,frozen_owner,frozen_collision
K003406,отмостка из бетона под ключ ярославль,отмостка из бетона под ключ ярославль,,transactional,frozen_collision,,Ярославль,frozen:blind_area,true,https://exp76.ru/category/otmostka-vokrug-doma/,webmaster,,,all,,,,1,0,0.0,5.0,,2026-08-20T18:17:52+03:00,reviewed,frozen_owner,frozen_collision
K003407,отмостка из гравия ярославль,отмостка из гравия ярославль,,commercial_research,frozen_collision,,Ярославль,frozen:blind_area,true,https://exp76.ru/category/otmostka-vokrug-doma/,webmaster,,,all,,,,1,0,0.0,6.0,,2026-08-20T18:17:52+03:00,reviewed,frozen_owner,frozen_collision
K003408,отмостка из щебня вокруг дома под ключ ярославль,отмостка из щебня вокруг дома под ключ ярославль,,transactional,frozen_collision,,Ярославль,frozen:blind_area,true,https://exp76.ru/category/otmostka-vokrug-doma/,webmaster,,,all,,,,1,0,0.0,5.0,,2026-08-20T18:17:52+03:00,reviewed,frozen_owner,frozen_collision
K003409,отмостка под ключ рыбинск,отмостка под ключ рыбинск,,transactional,frozen_collision,,Рыбинск,frozen:blind_area,true,https://exp76.ru/category/otmostka-vokrug-doma/,webmaster,,,all,,,,1,1,100.0,2.0,,2026-08-20T18:17:52+03:00,reviewed,frozen_owner,frozen_collision
K003410,отмостка под ключ цена за м2 ярославль,отмостка под ключ цена за м2 ярославль,,transactional,frozen_collision,,Ярославль,frozen:blind_area,true,https://exp76.ru/category/otmostka-vokrug-doma/,webmaster,,,all,,,,1,0,0.0,9.0,,2026-08-20T18:17:52+03:00,reviewed,frozen_owner,frozen_collision
K003411,отмостка рыбинск,отмостка рыбинск,,commercial_research,frozen_collision,,Рыбинск,frozen:blind_area,true,https://exp76.ru/category/otmostka-vokrug-doma/,webmaster,,,all,,,,1,0,0.0,6.0,,2026-08-20T18:17:52+03:00,reviewed,frozen_owner,frozen_collision
K003412,отмостка трещина треска,отмостка трещина треска,,commercial_research,frozen_collision,,,frozen:blind_area,true,https://exp76.ru/category/otmostka-vokrug-doma/,webmaster,,,all,,,,2,0,0.0,9.5,,2026-08-20T18:17:52+03:00,reviewed,frozen_owner,frozen_collision
K003413,отмостка утепленная вокруг дома в ярославле,отмостка утепленная вокруг дома в ярославле,,commercial_research,frozen_collision,,,frozen:blind_area,true,https://exp76.ru/category/otmostka-vokrug-doma/,webmaster,,,all,,,,2,0,0.0,6.0,,2026-08-20T18:17:52+03:00,reviewed,frozen_owner,frozen_collision
K003414,отмостка цена за работу в ярославле за метр,отмостка цена за работу в ярославле за метр,,transactional,frozen_collision,,,frozen:blind_area,true,https://exp76.ru/category/otmostka-vokrug-doma/,webmaster,,,all,,,,1,0,0.0,12.0,,2026-08-20T18:17:52+03:00,reviewed,frozen_owner,frozen_collision
K003415,отмостка ярославль,отмостка ярославль,,commercial_research,frozen_collision,,Ярославль,frozen:blind_area,true,https://exp76.ru/category/otmostka-vokrug-doma/,webmaster,,,all,,,,6,1,16.67,5.5,,2026-08-20T18:17:52+03:00,reviewed,frozen_owner,frozen_collision
K003416,отмостку вокруг дома сколько стоит в ярославле сделать,отмостку вокруг дома сколько стоит в ярославле сделать,,commercial_research,frozen_collision,,,frozen:blind_area,true,https://exp76.ru/category/otmostka-vokrug-doma/,webmaster,,,all,,,,3,1,33.33,7.67,,2026-08-20T18:17:52+03:00,reviewed,frozen_owner,frozen_collision
K003418,отремонтировать просадку брусчатки,отремонтировать просадку брусчатки,,commercial_research,frozen_collision,,,frozen:paving,true,https://exp76.ru/category/ukladka-trotuarnoy-plitki/,webmaster,,,all,,,,1,0,0.0,25.0,,2026-08-20T18:17:52+03:00,reviewed,frozen_owner,frozen_collision
K003508,план дренажа на 6 соток,план дренажа на 6 соток,,commercial_research,frozen_collision,,,frozen:drainage,true,https://exp76.ru/category/drenazh-uchastka/,webmaster,,,all,,,,2,0,0.0,7.0,,2026-08-20T18:17:52+03:00,reviewed,frozen_owner,frozen_collision
K003675,планировка дренажа участка,планировка дренажа участка,S5,commercial_research,manual_review,,,service:S5|frozen:drainage|object:site,true,https://exp76.ru/category/drenazh-uchastka/,wordstat,планировка участка,Russia_discovery,all,33,,,,,,,,2026-08-20T18:42:58+03:00,reviewed,frozen_owner,mixed_frozen_collision
K004829,плитка ливневка для участка,плитка ливневка для участка,,commercial_research,frozen_collision,,,frozen:paving|object:site,true,https://exp76.ru/category/ukladka-trotuarnoy-plitki/,webmaster,,,all,,,,1,0,0.0,12.0,,2026-08-20T18:17:52+03:00,reviewed,frozen_owner,frozen_collision
K004830,плитка на въезде на участок,плитка на въезде на участок,S8,commercial_research,manual_review,,,service:S8|frozen:paving|object:site,true,https://exp76.ru/category/ukladka-trotuarnoy-plitki/,wordstat,въезд на участок,Ярославская область,all,1,,,,,,,,2026-08-20T18:35:06+03:00,reviewed,frozen_owner,mixed_frozen_collision
K004850,повторная укладка тротуарной плитки,повторная укладка тротуарной плитки,,commercial_research,frozen_collision,,,frozen:paving,true,https://exp76.ru/category/ukladka-trotuarnoy-plitki/,webmaster,,,all,,,,1,0,0.0,7.0,,2026-08-20T18:17:52+03:00,reviewed,frozen_owner,frozen_collision
K004851,погонный метр сколько стоит дренаж в городе ярославль,погонный метр сколько стоит дренаж в городе ярославль,,commercial_research,frozen_collision,,Ярославль,frozen:drainage,true,https://exp76.ru/category/drenazh-uchastka/,webmaster,,,all,,,,1,0,0.0,8.0,,2026-08-20T18:17:52+03:00,reviewed,frozen_owner,frozen_collision
K004939,подсветка брусчатки и дорожек,подсветка брусчатки и дорожек,S7,commercial_research,manual_review,,,service:S7|frozen:paving,true,https://exp76.ru/category/ukladka-trotuarnoy-plitki/,wordstat,подсветка дорожек,Ярославская область,all,5,,,,,,,,2026-08-20T18:34:56+03:00,reviewed,frozen_owner,mixed_frozen_collision
K004997,положить брусчатку найти мастера в ярославле,положить брусчатку найти мастера в ярославле,,commercial_research,frozen_collision,,,frozen:paving,true,https://exp76.ru/category/ukladka-trotuarnoy-plitki/,webmaster,,,all,,,,1,0,0.0,10.0,,2026-08-20T18:17:52+03:00,reviewed,frozen_owner,frozen_collision
K004998,положить плитку на старую дорожку,положить плитку на старую дорожку,,commercial_research,frozen_collision,,,frozen:paving,true,https://exp76.ru/category/ukladka-trotuarnoy-plitki/,webmaster,,,all,,,,2,0,0.0,3.0,,2026-08-20T18:17:52+03:00,reviewed,frozen_owner,frozen_collision
K004999,положить плитку на старую плитку на дорожку,положить плитку на старую плитку на дорожку,,commercial_research,frozen_collision,,,frozen:paving,true,https://exp76.ru/category/ukladka-trotuarnoy-plitki/,webmaster,,,all,,,,1,1,100.0,1.0,,2026-08-20T18:17:52+03:00,reviewed,frozen_owner,frozen_collision
K005000,положить плитку на старую плитку на улице,положить плитку на старую плитку на улице,,commercial_research,frozen_collision,,,frozen:paving,true,https://exp76.ru/category/ukladka-trotuarnoy-plitki/,webmaster,,,all,,,,2,0,0.0,5.5,,2026-08-20T18:17:52+03:00,reviewed,frozen_owner,frozen_collision
K005001,положить плитку на участке цена,положить плитку на участке цена,,transactional,frozen_collision,,,frozen:paving,true,https://exp76.ru/category/ukladka-trotuarnoy-plitki/,webmaster,,,all,,,,1,0,0.0,10.0,,2026-08-20T18:17:52+03:00,reviewed,frozen_owner,frozen_collision
K005003,положить тротуарную плитку на тротуарную плитку,положить тротуарную плитку на тротуарную плитку,,commercial_research,frozen_collision,,,frozen:paving,true,https://exp76.ru/category/ukladka-trotuarnoy-plitki/,webmaster,,,all,,,,1,0,0.0,1.0,,2026-08-20T18:17:52+03:00,reviewed,frozen_owner,frozen_collision
K005004,положить тротуарную плитку поверх старой плитка,положить тротуарную плитку поверх старой плитка,,commercial_research,frozen_collision,,,frozen:paving,true,https://exp76.ru/category/ukladka-trotuarnoy-plitki/,webmaster,,,all,,,,2,0,0.0,2.0,,2026-08-20T18:17:52+03:00,reviewed,frozen_owner,frozen_collision
K005381,посадка плодовых деревьев на заболоченных почвах,посадка плодовых деревьев на заболоченных почвах,S3,commercial_research,manual_review,,,service:S3|frozen:dewatering,true,https://exp76.ru/category/osushenie-uchastka/,wordstat,посадка деревьев,Russia_discovery,all,5,,,,,,,,2026-08-20T18:42:53+03:00,reviewed,frozen_owner,mixed_frozen_collision
K005548,почему тротуарная плитка пошла волнами,почему тротуарная плитка пошла волнами,,commercial_research,frozen_collision,,,frozen:paving,true,https://exp76.ru/category/ukladka-trotuarnoy-plitki/,webmaster,,,all,,,,1,0,0.0,12.0,,2026-08-20T18:17:52+03:00,reviewed,frozen_owner,frozen_collision
K005610,правильно переложить старую тротуарную плитку,правильно переложить старую тротуарную плитку,,commercial_research,frozen_collision,,,frozen:paving,true,https://exp76.ru/category/ukladka-trotuarnoy-plitki/,webmaster,,,all,,,,6,0,0.0,9.83,,2026-08-20T18:17:52+03:00,reviewed,frozen_owner,frozen_collision
K005623,прайс лист на перекладку брусчатки,прайс лист на перекладку брусчатки,,commercial_research,frozen_collision,,,frozen:paving,true,https://exp76.ru/category/ukladka-trotuarnoy-plitki/,webmaster,,,all,,,,1,0,0.0,11.0,,2026-08-20T18:17:52+03:00,reviewed,frozen_owner,frozen_collision
K005624,прайс лист на укладку тротуарной плитки и бордюров,прайс лист на укладку тротуарной плитки и бордюров,,commercial_research,frozen_collision,,,frozen:paving,true,https://exp76.ru/category/ukladka-trotuarnoy-plitki/,webmaster,,,all,,,,1,0,0.0,8.0,,2026-08-20T18:17:52+03:00,reviewed,frozen_owner,frozen_collision
K005625,прайс на устройство дренажа,прайс на устройство дренажа,,transactional,frozen_collision,,,frozen:drainage,true,https://exp76.ru/category/drenazh-uchastka/,webmaster,,,all,,,,4,1,25.0,8.25,,2026-08-20T18:17:52+03:00,reviewed,frozen_owner,frozen_collision
K005651,примерная стоимость заезда на участок сделать где есть канава с ливневкой,примерная стоимость заезда на участок сделать где есть канава с ливневкой,S8,transactional,manual_review,,,service:S8|frozen:storm_sewer|object:site,true,https://exp76.ru/category/livnevaya-kanalizatsiya/,webmaster,,,all,,,,2,0,0.0,11.5,,2026-08-20T18:17:52+03:00,reviewed,frozen_owner,mixed_frozen_collision
K005652,примерная схема дренажа на частном участке 10 соток,примерная схема дренажа на частном участке 10 соток,,informational,frozen_collision,,,frozen:drainage,true,https://exp76.ru/category/drenazh-uchastka/,webmaster,,,all,,,,2,0,0.0,6.0,,2026-08-20T18:17:52+03:00,reviewed,frozen_owner,frozen_collision
K005653,примерная цена за квадратный метр за укладку тротуарной плитки с материалом,примерная цена за квадратный метр за укладку тротуарной плитки с материалом,,transactional,frozen_collision,,,frozen:paving,true,https://exp76.ru/category/ukladka-trotuarnoy-plitki/,webmaster,,,all,,,,1,1,100.0,5.0,,2026-08-20T18:17:52+03:00,reviewed,frozen_owner,frozen_collision
K005753,проект дренажной системы для участка 10 соток,проект дренажной системы для участка 10 соток,,commercial_research,frozen_collision,,,frozen:drainage|object:site,true,https://exp76.ru/category/drenazh-uchastka/,webmaster,,,all,,,,1,0,0.0,7.0,,2026-08-20T18:17:52+03:00,reviewed,frozen_owner,frozen_collision
K005912,проект укладки тротуарной плитки в ярославле кто делает,проект укладки тротуарной плитки в ярославле кто делает,,commercial_research,frozen_collision,,,frozen:paving,true,https://exp76.ru/category/ukladka-trotuarnoy-plitki/,webmaster,,,all,,,,2,0,0.0,12.0,,2026-08-20T18:17:52+03:00,reviewed,frozen_owner,frozen_collision
K005915,проектирование дренажа ярославль,проектирование дренажа ярославль,,commercial_research,frozen_collision,,Ярославль,frozen:drainage,true,https://exp76.ru/category/drenazh-uchastka/,webmaster,,,all,,,,1,0,0.0,6.0,,2026-08-20T18:17:52+03:00,reviewed,frozen_owner,frozen_collision
K005923,проектирование систем автополива,проектирование систем автополива,,commercial_research,frozen_collision,,,frozen:irrigation,true,https://exp76.ru/category/avtopoliv-na-uchastke/,webmaster,,,all,,,,2,0,0.0,46.0,,2026-08-20T18:17:52+03:00,reviewed,frozen_owner,frozen_collision
K005945,прокладка дренажа вокруг дома стоимость работ ярославль,прокладка дренажа вокруг дома стоимость работ ярославль,,transactional,frozen_collision,,Ярославль,frozen:drainage,true,https://exp76.ru/category/drenazh-uchastka/,webmaster,,,all,,,,1,0,0.0,16.0,,2026-08-20T18:17:52+03:00,reviewed,frozen_owner,frozen_collision
K005946,прокладка дренажной трубы в геотекстиле и засыпка щебнем цена за метр погонный за работу по переславлю залесскому,прокладка дренажной трубы в геотекстиле и засыпка щебнем цена за метр погонный за работу по переславлю залесскому,,transactional,frozen_collision,,,frozen:drainage,true,https://exp76.ru/category/drenazh-uchastka/,webmaster,,,all,,,,1,2,200.0,4.0,,2026-08-20T18:17:52+03:00,reviewed,frozen_owner,frozen_collision
K005951,профессиональное осушение территории рыбинск,профессиональное осушение территории рыбинск,,commercial_research,frozen_collision,,Рыбинск,frozen:dewatering,true,https://exp76.ru/category/osushenie-uchastka/,webmaster,,,all,,,,2,0,0.0,7.5,,2026-08-20T18:17:52+03:00,reviewed,frozen_owner,frozen_collision
K005957,прочистить дренажную канаву переславль,прочистить дренажную канаву переславль,,commercial_research,frozen_collision,,Переславль-Залесский,frozen:drainage,true,https://exp76.ru/category/drenazh-uchastka/,webmaster,,,all,,,,1,0,0.0,6.0,,2026-08-20T18:17:52+03:00,reviewed,frozen_owner,frozen_collision
K005998,работы по укладке пола из тротуарной плитки в гараже с гидроизоляцией ярославль,работы по укладке пола из тротуарной плитки в гараже с гидроизоляцией ярославль,,commercial_research,frozen_collision,,Ярославль,frozen:paving,true,https://exp76.ru/category/ukladka-trotuarnoy-plitki/,webmaster,,,all,,,,2,1,50.0,8.5,,2026-08-20T18:17:52+03:00,reviewed,frozen_owner,frozen_collision
K005999,работы по укладке тротуарной плитки с виратором ярославль,работы по укладке тротуарной плитки с виратором ярославль,,commercial_research,frozen_collision,,Ярославль,frozen:paving,true,https://exp76.ru/category/ukladka-trotuarnoy-plitki/,webmaster,,,all,,,,2,0,0.0,13.0,,2026-08-20T18:17:52+03:00,reviewed,frozen_owner,frozen_collision
K006033,ракурс дренаж ярославль,ракурс дренаж ярославль,,commercial_research,frozen_collision,,Ярославль,frozen:drainage,true,https://exp76.ru/category/drenazh-uchastka/,webmaster,,,all,,,,6,0,0.0,37.0,,2026-08-20T18:17:52+03:00,reviewed,frozen_owner,frozen_collision
K006086,рассчитать стоимость дренажа,рассчитать стоимость дренажа,,transactional,frozen_collision,,,frozen:drainage,true,https://exp76.ru/category/drenazh-uchastka/,webmaster,,,all,,,,1,0,0.0,20.0,,2026-08-20T18:17:52+03:00,reviewed,frozen_owner,frozen_collision
K006087,рассчитать стоимость дренажа онлайн,рассчитать стоимость дренажа онлайн,,transactional,frozen_collision,,,frozen:drainage,true,https://exp76.ru/category/drenazh-uchastka/,webmaster,,,all,,,,1,0,0.0,14.0,,2026-08-20T18:17:52+03:00,reviewed,frozen_owner,frozen_collision
K006088,рассчитать стоимость отмостки вокруг дома калькулятор земличист,рассчитать стоимость отмостки вокруг дома калькулятор земличист,,transactional,frozen_collision,,,frozen:blind_area,true,https://exp76.ru/category/otmostka-vokrug-doma/,webmaster,,,all,,,,1,0,0.0,7.0,,2026-08-20T18:17:52+03:00,reviewed,frozen_owner,frozen_collision
K006092,рассчитать стоимость проектных работ по дренажу онлайн калькулятор,рассчитать стоимость проектных работ по дренажу онлайн калькулятор,,transactional,frozen_collision,,,frozen:drainage,true,https://exp76.ru/category/drenazh-uchastka/,webmaster,,,all,,,,1,0,0.0,6.0,,2026-08-20T18:17:52+03:00,reviewed,frozen_owner,frozen_collision
K006093,рассчитать стоимость работ по укладке тротуарной плитки онлайн,рассчитать стоимость работ по укладке тротуарной плитки онлайн,,transactional,frozen_collision,,,frozen:paving,true,https://exp76.ru/category/ukladka-trotuarnoy-plitki/,webmaster,,,all,,,,1,0,0.0,10.0,,2026-08-20T18:17:52+03:00,reviewed,frozen_owner,frozen_collision
K006095,растения водохлебы для осушения участка,растения водохлебы для осушения участка,,commercial_research,frozen_collision,,,frozen:dewatering|object:site,true,https://exp76.ru/category/osushenie-uchastka/,webmaster,,,all,,,,1,0,0.0,13.0,,2026-08-20T18:17:52+03:00,reviewed,frozen_owner,frozen_collision
K006098,расценка на дренажные работы,расценка на дренажные работы,,commercial_research,frozen_collision,,,frozen:drainage,true,https://exp76.ru/category/drenazh-uchastka/,webmaster,,,all,,,,1,0,0.0,8.0,,2026-08-20T18:17:52+03:00,reviewed,frozen_owner,frozen_collision
K006101,расценки за дренаж поверхностный за погонный метр в ярославской области,расценки за дренаж поверхностный за погонный метр в ярославской области,,commercial_research,frozen_collision,,Ярославская область,frozen:drainage,true,https://exp76.ru/category/drenazh-uchastka/,webmaster,,,all,,,,1,0,0.0,7.0,,2026-08-20T18:17:52+03:00,reviewed,frozen_owner,frozen_collision
K006102,расценки на дренажные работы без материалов,расценки на дренажные работы без материалов,,commercial_research,frozen_collision,,,frozen:drainage,true,https://exp76.ru/category/drenazh-uchastka/,webmaster,,,all,,,,1,0,0.0,10.0,,2026-08-20T18:17:52+03:00,reviewed,frozen_owner,frozen_collision
K006103,расценки на монтаж отмостки в ярославле,расценки на монтаж отмостки в ярославле,,transactional,frozen_collision,,,frozen:blind_area,true,https://exp76.ru/category/otmostka-vokrug-doma/,webmaster,,,all,,,,1,1,100.0,5.0,,2026-08-20T18:17:52+03:00,reviewed,frozen_owner,frozen_collision
K006105,расценки на отмостку вокруг дома из бетона цена за работу в ярославле,расценки на отмостку вокруг дома из бетона цена за работу в ярославле,,transactional,frozen_collision,,,frozen:blind_area,true,https://exp76.ru/category/otmostka-vokrug-doma/,webmaster,,,all,,,,3,1,33.33,4.0,,2026-08-20T18:17:52+03:00,reviewed,frozen_owner,frozen_collision
K006107,расценки на укладку тротуарной плитки и бордюров в ярославле,расценки на укладку тротуарной плитки и бордюров в ярославле,,commercial_research,frozen_collision,,,frozen:paving,true,https://exp76.ru/category/ukladka-trotuarnoy-plitki/,webmaster,,,all,,,,2,0,0.0,10.0,,2026-08-20T18:17:52+03:00,reviewed,frozen_owner,frozen_collision
K006123,расчет стоимости уложить участок плиткой,расчет стоимости уложить участок плиткой,,transactional,frozen_collision,,,frozen:paving|object:site,true,https://exp76.ru/category/ukladka-trotuarnoy-plitki/,webmaster,,,all,,,,1,1,100.0,2.0,,2026-08-20T18:17:52+03:00,reviewed,frozen_owner,frozen_collision
K006153,ремонт  автополива в ярославле,ремонт автополива в ярославле,,commercial_research,frozen_collision,,,frozen:irrigation,true,https://exp76.ru/category/avtopoliv-na-uchastke/,webmaster,,,all,,,,1,1,100.0,5.0,,2026-08-20T18:17:52+03:00,reviewed,frozen_owner,frozen_collision
K006156,ремонт брусчатки переславль,ремонт брусчатки переславль,,commercial_research,frozen_collision,,Переславль-Залесский,frozen:paving,true,https://exp76.ru/category/ukladka-trotuarnoy-plitki/,webmaster,,,all,,,,1,0,0.0,4.0,,2026-08-20T18:17:52+03:00,reviewed,frozen_owner,frozen_collision
K006159,ремонт ливневки ярославль,ремонт ливневки ярославль,,commercial_research,frozen_collision,,Ярославль,frozen:storm_sewer,true,https://exp76.ru/category/livnevaya-kanalizatsiya/,webmaster,,,all,,,,1,0,0.0,4.0,,2026-08-20T18:17:52+03:00,reviewed,frozen_owner,frozen_collision
K006160,ремонт ливневой канализации,ремонт ливневой канализации,,commercial_research,frozen_collision,,,frozen:storm_sewer,true,https://exp76.ru/category/livnevaya-kanalizatsiya/,webmaster,,,all,,,,1,0,0.0,7.0,,2026-08-20T18:17:52+03:00,reviewed,frozen_owner,frozen_collision
K006165,ремонт отмостки ярославль,ремонт отмостки ярославль,,commercial_research,frozen_collision,,Ярославль,frozen:blind_area,true,https://exp76.ru/category/otmostka-vokrug-doma/,webmaster,,,all,,,,1,0,0.0,10.0,,2026-08-20T18:17:52+03:00,reviewed,frozen_owner,frozen_collision
K006167,"ремонт, содержание сетей и колодцев ливневой канализации в ярославле",ремонт содержание сетей и колодцев ливневой канализации в ярославле,,commercial_research,frozen_collision,,,frozen:storm_sewer,true,https://exp76.ru/category/livnevaya-kanalizatsiya/,webmaster,,,all,,,,2,0,0.0,3.0,,2026-08-20T18:17:52+03:00,reviewed,frozen_owner,frozen_collision
K006284,рыбинск дренаж участка,рыбинск дренаж участка,,commercial_research,frozen_collision,,Рыбинск,frozen:drainage|object:site,true,https://exp76.ru/category/drenazh-uchastka/,webmaster,,,all,,,,2,1,50.0,8.5,,2026-08-20T18:17:52+03:00,reviewed,frozen_owner,frozen_collision
K006291,рыбинск ливнёвка,рыбинск ливневка,,commercial_research,frozen_collision,,Рыбинск,frozen:storm_sewer,true,https://exp76.ru/category/livnevaya-kanalizatsiya/,webmaster,,,all,,,,1,0,0.0,10.0,,2026-08-20T18:17:52+03:00,reviewed,frozen_owner,frozen_collision
K006293,рыбинск мощение площади,рыбинск мощение площади,,commercial_research,frozen_collision,,Рыбинск,frozen:paving,true,https://exp76.ru/category/ukladka-trotuarnoy-plitki/,webmaster,,,all,,,,1,0,0.0,10.0,,2026-08-20T18:17:52+03:00,reviewed,frozen_owner,frozen_collision
K006299,рыбинск подрядчики укладка тротуарной плитки на соборной площади,рыбинск подрядчики укладка тротуарной плитки на соборной площади,,commercial_research,frozen_collision,,Рыбинск,frozen:paving,true,https://exp76.ru/category/ukladka-trotuarnoy-plitki/,webmaster,,,all,,,,1,0,0.0,13.0,,2026-08-20T18:17:52+03:00,reviewed,frozen_owner,frozen_collision
K006301,рыбинск подшивка дренажа,рыбинск подшивка дренажа,,commercial_research,frozen_collision,,Рыбинск,frozen:drainage,true,https://exp76.ru/category/drenazh-uchastka/,webmaster,,,all,,,,2,0,0.0,5.5,,2026-08-20T18:17:52+03:00,reviewed,frozen_owner,frozen_collision
K006307,рыбинск работы по перекладке тротуарной плитки,рыбинск работы по перекладке тротуарной плитки,,commercial_research,frozen_collision,,Рыбинск,frozen:paving,true,https://exp76.ru/category/ukladka-trotuarnoy-plitki/,webmaster,,,all,,,,1,0,0.0,12.0,,2026-08-20T18:17:52+03:00,reviewed,frozen_owner,frozen_collision
K006308,рыбинск расценки на укладку тротуарной плитки,рыбинск расценки на укладку тротуарной плитки,,commercial_research,frozen_collision,,Рыбинск,frozen:paving,true,https://exp76.ru/category/ukladka-trotuarnoy-plitki/,webmaster,,,all,,,,1,0,0.0,10.0,,2026-08-20T18:17:52+03:00,reviewed,frozen_owner,frozen_collision
K006311,рыбинск. сколько стоит работа выложить тротуарную плитку,рыбинск сколько стоит работа выложить тротуарную плитку,,commercial_research,frozen_collision,,Рыбинск,frozen:paving,true,https://exp76.ru/category/ukladka-trotuarnoy-plitki/,webmaster,,,all,,,,2,0,0.0,7.5,,2026-08-20T18:17:52+03:00,reviewed,frozen_owner,frozen_collision
K006400,сделать автополив газона услуга ярославль,сделать автополив газона услуга ярославль,S2,transactional,manual_review,,Ярославль,service:S2|frozen:irrigation,true,https://exp76.ru/category/avtopoliv-na-uchastke/,webmaster,,,all,,,,1,0,0.0,5.0,,2026-08-20T18:17:52+03:00,reviewed,frozen_owner,mixed_frozen_collision
K006412,сделать дренаж на болотистом участке,сделать дренаж на болотистом участке,,commercial_research,frozen_collision,,,frozen:drainage,true,https://exp76.ru/category/drenazh-uchastka/,webmaster,,,all,,,,4,0,0.0,17.25,,2026-08-20T18:17:52+03:00,reviewed,frozen_owner,frozen_collision
K006413,сделать дренаж у дома в рыбинске,сделать дренаж у дома в рыбинске,,commercial_research,frozen_collision,,,frozen:drainage,true,https://exp76.ru/category/drenazh-uchastka/,webmaster,,,all,,,,1,0,0.0,10.0,,2026-08-20T18:17:52+03:00,reviewed,frozen_owner,frozen_collision
K006414,сделать дренаж участка на глинистой почве,сделать дренаж участка на глинистой почве,,commercial_research,frozen_collision,,,frozen:drainage|object:site,true,https://exp76.ru/category/drenazh-uchastka/,webmaster,,,all,,,,2,0,0.0,44.5,,2026-08-20T18:17:52+03:00,reviewed,frozen_owner,frozen_collision
K006415,сделать дренаж ярославль,сделать дренаж ярославль,,commercial_research,frozen_collision,,Ярославль,frozen:drainage,true,https://exp76.ru/category/drenazh-uchastka/,webmaster,,,all,,,,2,0,0.0,7.5,,2026-08-20T18:17:52+03:00,reviewed,frozen_owner,frozen_collision
K006426,сделать отмостку в городе ярославль,сделать отмостку в городе ярославль,,commercial_research,frozen_collision,,Ярославль,frozen:blind_area,true,https://exp76.ru/category/otmostka-vokrug-doma/,webmaster,,,all,,,,1,0,0.0,21.0,,2026-08-20T18:17:52+03:00,reviewed,frozen_owner,frozen_collision
K006427,сделать отмостку вокруг дома в ярославле,сделать отмостку вокруг дома в ярославле,,commercial_research,frozen_collision,,,frozen:blind_area,true,https://exp76.ru/category/otmostka-vokrug-doma/,webmaster,,,all,,,,1,0,0.0,13.0,,2026-08-20T18:17:52+03:00,reviewed,frozen_owner,frozen_collision
K006428,сделать отмостку вокруг дома из бетона цена в ярославской области ростовский район,сделать отмостку вокруг дома из бетона цена в ярославской области ростовский район,,transactional,frozen_collision,,Ярославская область,frozen:blind_area,true,https://exp76.ru/category/otmostka-vokrug-doma/,webmaster,,,all,,,,2,0,0.0,5.0,,2026-08-20T18:17:52+03:00,reviewed,frozen_owner,frozen_collision
K006429,сделать отмостку цена за квадратный метр,сделать отмостку цена за квадратный метр,,transactional,frozen_collision,,,frozen:blind_area,true,https://exp76.ru/category/otmostka-vokrug-doma/,webmaster,,,all,,,,2,1,50.0,7.5,,2026-08-20T18:17:52+03:00,reviewed,frozen_owner,frozen_collision
K006430,сделать отмостку ярославль,сделать отмостку ярославль,,commercial_research,frozen_collision,,Ярославль,frozen:blind_area,true,https://exp76.ru/category/otmostka-vokrug-doma/,webmaster,,,all,,,,7,1,14.29,5.0,,2026-08-20T18:17:52+03:00,reviewed,frozen_owner,frozen_collision
K006486,системы автополива под ключ ярославль,системы автополива под ключ ярославль,,transactional,frozen_collision,,Ярославль,frozen:irrigation,true,https://exp76.ru/category/avtopoliv-na-uchastke/,webmaster,,,all,,,,1,0,0.0,6.0,,2026-08-20T18:17:52+03:00,reviewed,frozen_owner,frozen_collision
K006501,сколько будет стоить дренаж участка 6 соток в ярославской области,сколько будет стоить дренаж участка 6 соток в ярославской области,,commercial_research,frozen_collision,,Ярославская область,frozen:drainage|object:site,true,https://exp76.ru/category/drenazh-uchastka/,webmaster,,,all,,,,1,0,0.0,3.0,,2026-08-20T18:17:52+03:00,reviewed,frozen_owner,frozen_collision
K006512,сколько по времени занимают работы по дренированию участка 6 соток,сколько по времени занимают работы по дренированию участка 6 соток,,commercial_research,frozen_collision,,,frozen:drainage|object:site,true,https://exp76.ru/category/drenazh-uchastka/,webmaster,,,all,,,,2,1,50.0,3.0,,2026-08-20T18:17:52+03:00,reviewed,frozen_owner,frozen_collision
K006513,сколько примерно стоит дренаж участка 10 соток и этапы работ,сколько примерно стоит дренаж участка 10 соток и этапы работ,,commercial_research,frozen_collision,,,frozen:drainage|object:site,true,https://exp76.ru/category/drenazh-uchastka/,webmaster,,,all,,,,1,0,0.0,10.0,,2026-08-20T18:17:52+03:00,reviewed,frozen_owner,frozen_collision
K006514,сколько примерно стоит сделать в рыбинске отмостку вокруг дома в 4 подъезда,сколько примерно стоит сделать в рыбинске отмостку вокруг дома в 4 подъезда,,commercial_research,frozen_collision,,,frozen:blind_area,true,https://exp76.ru/category/otmostka-vokrug-doma/,webmaster,,,all,,,,1,0,0.0,3.0,,2026-08-20T18:17:52+03:00,reviewed,frozen_owner,frozen_collision
K006515,сколько примерно стоит сделать в рыбинске отмостку вокруг дома в 4 подъезда асфальтом,сколько примерно стоит сделать в рыбинске отмостку вокруг дома в 4 подъезда асфальтом,,commercial_research,frozen_collision,,,frozen:blind_area,true,https://exp76.ru/category/otmostka-vokrug-doma/,webmaster,,,all,,,,1,0,0.0,4.0,,2026-08-20T18:17:52+03:00,reviewed,frozen_owner,frozen_collision
K006516,сколько примерно стоит сделать в рыбинске отмостку вокруг дома в 4 подъезда асфальтом примерно назвать цену,сколько примерно стоит сделать в рыбинске отмостку вокруг дома в 4 подъезда асфальтом примерно назвать цену,,commercial_research,frozen_collision,,,frozen:blind_area,true,https://exp76.ru/category/otmostka-vokrug-doma/,webmaster,,,all,,,,1,0,0.0,3.0,,2026-08-20T18:17:52+03:00,reviewed,frozen_owner,frozen_collision
K006519,сколько стоит выложить тротуарную плитку 1 кв метр,сколько стоит выложить тротуарную плитку 1 кв метр,,commercial_research,frozen_collision,,,frozen:paving,true,https://exp76.ru/category/ukladka-trotuarnoy-plitki/,webmaster,,,all,,,,4,0,0.0,6.75,,2026-08-20T18:17:52+03:00,reviewed,frozen_owner,frozen_collision
K006520,сколько стоит выложить тротуарную плитку 1 кв метр ярославль,сколько стоит выложить тротуарную плитку 1 кв метр ярославль,,commercial_research,frozen_collision,,Ярославль,frozen:paving,true,https://exp76.ru/category/ukladka-trotuarnoy-plitki/,webmaster,,,all,,,,1,0,0.0,11.0,,2026-08-20T18:17:52+03:00,reviewed,frozen_owner,frozen_collision
K006525,сколько стоит дренаж в городе ярославль за погонный метр,сколько стоит дренаж в городе ярославль за погонный метр,,commercial_research,frozen_collision,,Ярославль,frozen:drainage,true,https://exp76.ru/category/drenazh-uchastka/,webmaster,,,all,,,,1,0,0.0,9.0,,2026-08-20T18:17:52+03:00,reviewed,frozen_owner,frozen_collision
K006526,сколько стоит дренаж участка 10 соток,сколько стоит дренаж участка 10 соток,,commercial_research,frozen_collision,,,frozen:drainage|object:site,true,https://exp76.ru/category/drenazh-uchastka/,webmaster,,,all,,,,37,0,0.0,20.11,,2026-08-20T18:17:52+03:00,reviewed,frozen_owner,frozen_collision
K006527,сколько стоит дренаж участка 10 соток под ключ,сколько стоит дренаж участка 10 соток под ключ,,transactional,frozen_collision,,,frozen:drainage|object:site,true,https://exp76.ru/category/drenazh-uchastka/,webmaster,,,all,,,,1,0,0.0,5.0,,2026-08-20T18:17:52+03:00,reviewed,frozen_owner,frozen_collision
K006528,сколько стоит дренаж участка 6 соток,сколько стоит дренаж участка 6 соток,,commercial_research,frozen_collision,,,frozen:drainage|object:site,true,https://exp76.ru/category/drenazh-uchastka/,webmaster,,,all,,,,4,0,0.0,29.0,,2026-08-20T18:17:52+03:00,reviewed,frozen_owner,frozen_collision
K006529,сколько стоит дренажная система участка,сколько стоит дренажная система участка,,commercial_research,frozen_collision,,,frozen:drainage|object:site,true,https://exp76.ru/category/drenazh-uchastka/,webmaster,,,all,,,,3,0,0.0,8.0,,2026-08-20T18:17:52+03:00,reviewed,frozen_owner,frozen_collision
K006530,сколько стоит заложить плитку на участке 11 соток,сколько стоит заложить плитку на участке 11 соток,,commercial_research,frozen_collision,,,frozen:paving,true,https://exp76.ru/category/ukladka-trotuarnoy-plitki/,webmaster,,,all,,,,1,0,0.0,3.0,,2026-08-20T18:17:52+03:00,reviewed,frozen_owner,frozen_collision
K006531,сколько стоит квадратный метр положить тротуарную плитку под ключ в ярославле,сколько стоит квадратный метр положить тротуарную плитку под ключ в ярославле,,transactional,frozen_collision,,,frozen:paving,true,https://exp76.ru/category/ukladka-trotuarnoy-plitki/,webmaster,,,all,,,,1,0,0.0,9.0,,2026-08-20T18:17:52+03:00,reviewed,frozen_owner,frozen_collision
K006532,сколько стоит кладка брусчатка,сколько стоит кладка брусчатка,,commercial_research,frozen_collision,,,frozen:paving,true,https://exp76.ru/category/ukladka-trotuarnoy-plitki/,webmaster,,,all,,,,2,0,0.0,10.0,,2026-08-20T18:17:52+03:00,reviewed,frozen_owner,frozen_collision
K006533,сколько стоит м2 работ по укладке тротуарной плитки,сколько стоит м2 работ по укладке тротуарной плитки,,commercial_research,frozen_collision,,,frozen:paving,true,https://exp76.ru/category/ukladka-trotuarnoy-plitki/,webmaster,,,all,,,,4,0,0.0,7.5,,2026-08-20T18:17:52+03:00,reviewed,frozen_owner,frozen_collision
K006534,сколько стоит м2 работ по укладке тротуарной плитки в ярославле,сколько стоит м2 работ по укладке тротуарной плитки в ярославле,,commercial_research,frozen_collision,,,frozen:paving,true,https://exp76.ru/category/ukladka-trotuarnoy-plitki/,webmaster,,,all,,,,2,0,0.0,9.5,,2026-08-20T18:17:52+03:00,reviewed,frozen_owner,frozen_collision
K006539,сколько стоит отмостка вокруг дома из бетона цена под ключ в ярославской области,сколько стоит отмостка вокруг дома из бетона цена под ключ в ярославской области,,transactional,frozen_collision,,Ярославская область,frozen:blind_area,true,https://exp76.ru/category/otmostka-vokrug-doma/,webmaster,,,all,,,,1,0,0.0,7.0,,2026-08-20T18:17:52+03:00,reviewed,frozen_owner,frozen_collision
K006540,сколько стоит отмостка для загородного дома,сколько стоит отмостка для загородного дома,,commercial_research,frozen_collision,,,frozen:blind_area,true,https://exp76.ru/category/otmostka-vokrug-doma/,webmaster,,,all,,,,1,0,0.0,13.0,,2026-08-20T18:17:52+03:00,reviewed,frozen_owner,frozen_collision
K006541,сколько стоит отмостка под ключ ярославль,сколько стоит отмостка под ключ ярославль,,transactional,frozen_collision,,Ярославль,frozen:blind_area,true,https://exp76.ru/category/otmostka-vokrug-doma/,webmaster,,,all,,,,1,0,0.0,7.0,,2026-08-20T18:17:52+03:00,reviewed,frozen_owner,frozen_collision
K006552,сколько стоит положить метр тротуарной плитки квадратный на раствор,сколько стоит положить метр тротуарной плитки квадратный на раствор,,commercial_research,frozen_collision,,,frozen:paving,true,https://exp76.ru/category/ukladka-trotuarnoy-plitki/,webmaster,,,all,,,,1,0,0.0,6.0,,2026-08-20T18:17:52+03:00,reviewed,frozen_owner,frozen_collision
K006554,сколько стоит работа по монтажу дренажной и ливневой системы,сколько стоит работа по монтажу дренажной и ливневой системы,,commercial_research,frozen_collision,,,frozen:drainage,true,https://exp76.ru/category/drenazh-uchastka/,webmaster,,,all,,,,1,0,0.0,12.0,,2026-08-20T18:17:52+03:00,reviewed,frozen_owner,frozen_collision
K006564,сколько стоит сделать дренаж вокруг дома,сколько стоит сделать дренаж вокруг дома,,commercial_research,frozen_collision,,,frozen:drainage,true,https://exp76.ru/category/drenazh-uchastka/,webmaster,,,all,,,,2,0,0.0,10.5,,2026-08-20T18:17:52+03:00,reviewed,frozen_owner,frozen_collision
K006565,сколько стоит сделать дренаж на участке 10 соток в ярославле,сколько стоит сделать дренаж на участке 10 соток в ярославле,,commercial_research,frozen_collision,,,frozen:drainage,true,https://exp76.ru/category/drenazh-uchastka/,webmaster,,,all,,,,1,0,0.0,6.0,,2026-08-20T18:17:52+03:00,reviewed,frozen_owner,frozen_collision
K006567,сколько стоит сделать ливневку вокруг дома,сколько стоит сделать ливневку вокруг дома,,commercial_research,frozen_collision,,,frozen:storm_sewer,true,https://exp76.ru/category/livnevaya-kanalizatsiya/,webmaster,,,all,,,,1,0,0.0,4.0,,2026-08-20T18:17:52+03:00,reviewed,frozen_owner,frozen_collision
K006569,сколько стоит сделать один метр тротуарной плитки,сколько стоит сделать один метр тротуарной плитки,,commercial_research,frozen_collision,,,frozen:paving,true,https://exp76.ru/category/ukladka-trotuarnoy-plitki/,webmaster,,,all,,,,1,0,0.0,5.0,,2026-08-20T18:17:52+03:00,reviewed,frozen_owner,frozen_collision
K006570,сколько стоит сделать отмостку в ярославле,сколько стоит сделать отмостку в ярославле,,commercial_research,frozen_collision,,,frozen:blind_area,true,https://exp76.ru/category/otmostka-vokrug-doma/,webmaster,,,all,,,,1,0,0.0,6.0,,2026-08-20T18:17:52+03:00,reviewed,frozen_owner,frozen_collision
K006571,сколько стоит сделать отмостку вокруг дома цена за метр ярославская область,сколько стоит сделать отмостку вокруг дома цена за метр ярославская область,,transactional,frozen_collision,,Ярославская область,frozen:blind_area,true,https://exp76.ru/category/otmostka-vokrug-doma/,webmaster,,,all,,,,1,0,0.0,7.0,,2026-08-20T18:17:52+03:00,reviewed,frozen_owner,frozen_collision
K006572,сколько стоит сделать отмостку под залив бетона в ярославле,сколько стоит сделать отмостку под залив бетона в ярославле,,commercial_research,frozen_collision,,,frozen:blind_area,true,https://exp76.ru/category/otmostka-vokrug-doma/,webmaster,,,all,,,,1,0,0.0,9.0,,2026-08-20T18:17:52+03:00,reviewed,frozen_owner,frozen_collision
K006576,сколько стоит укладка тротуарной плитки,сколько стоит укладка тротуарной плитки,,commercial_research,frozen_collision,,,frozen:paving,true,https://exp76.ru/category/ukladka-trotuarnoy-plitki/,webmaster,,,all,,,,1,0,0.0,7.0,,2026-08-20T18:17:52+03:00,reviewed,frozen_owner,frozen_collision
K006577,сколько стоит укладка тротуарной плитки за квадратный метр под ключ,сколько стоит укладка тротуарной плитки за квадратный метр под ключ,,transactional,frozen_collision,,,frozen:paving,true,https://exp76.ru/category/ukladka-trotuarnoy-plitki/,webmaster,,,all,,,,2,0,0.0,8.0,,2026-08-20T18:17:52+03:00,reviewed,frozen_owner,frozen_collision
K006578,"сколько стоит уложить один квадратный метр тротуарной плитки, включая стоимость работы и стоимость всех материаллов",сколько стоит уложить один квадратный метр тротуарной плитки включая стоимость работы и стоимость всех материаллов,,transactional,frozen_collision,,,frozen:paving,true,https://exp76.ru/category/ukladka-trotuarnoy-plitki/,webmaster,,,all,,,,1,1,100.0,3.0,,2026-08-20T18:17:52+03:00,reviewed,frozen_owner,frozen_collision
K006579,сколько стоит уложить тротуарную плитку цена за м2,сколько стоит уложить тротуарную плитку цена за м2,,transactional,frozen_collision,,,frozen:paving,true,https://exp76.ru/category/ukladka-trotuarnoy-plitki/,webmaster,,,all,,,,3,0,0.0,9.0,,2026-08-20T18:17:52+03:00,reviewed,frozen_owner,frozen_collision
K006588,смета на автополив,смета на автополив,,commercial_research,frozen_collision,,,frozen:irrigation,true,https://exp76.ru/category/avtopoliv-na-uchastke/,webmaster,,,all,,,,1,0,0.0,7.0,,2026-08-20T18:17:52+03:00,reviewed,frozen_owner,frozen_collision
K006589,смета на дренажные работы,смета на дренажные работы,,commercial_research,frozen_collision,,,frozen:drainage,true,https://exp76.ru/category/drenazh-uchastka/,webmaster,,,all,,,,1,0,0.0,10.0,,2026-08-20T18:17:52+03:00,reviewed,frozen_owner,frozen_collision
K006590,смета на замену дренажных колодцев,смета на замену дренажных колодцев,,commercial_research,frozen_collision,,,frozen:drainage,true,https://exp76.ru/category/drenazh-uchastka/,webmaster,,,all,,,,1,0,0.0,13.0,,2026-08-20T18:17:52+03:00,reviewed,frozen_owner,frozen_collision
K006599,"снимаем старую брусчатку, и ложим новую",снимаем старую брусчатку и ложим новую,,commercial_research,frozen_collision,,,frozen:paving,true,https://exp76.ru/category/ukladka-trotuarnoy-plitki/,webmaster,,,all,,,,1,0,0.0,11.0,,2026-08-20T18:17:52+03:00,reviewed,frozen_owner,frozen_collision
K006620,снял старую тротуарную плитку хочу уложить новую нужно ли демонтировать цсп,снял старую тротуарную плитку хочу уложить новую нужно ли демонтировать цсп,,commercial_research,frozen_collision,,,frozen:paving,true,https://exp76.ru/category/ukladka-trotuarnoy-plitki/,webmaster,,,all,,,,1,0,0.0,11.0,,2026-08-20T18:17:52+03:00,reviewed,frozen_owner,frozen_collision
K006621,снять старую и уложить новую плитку во дворе,снять старую и уложить новую плитку во дворе,,commercial_research,frozen_collision,,,frozen:paving,true,https://exp76.ru/category/ukladka-trotuarnoy-plitki/,webmaster,,,all,,,,1,0,0.0,10.0,,2026-08-20T18:17:52+03:00,reviewed,frozen_owner,frozen_collision
K006622,снять старую тротуарную плитку и положить новую,снять старую тротуарную плитку и положить новую,,commercial_research,frozen_collision,,,frozen:paving,true,https://exp76.ru/category/ukladka-trotuarnoy-plitki/,webmaster,,,all,,,,1,0,0.0,5.0,,2026-08-20T18:17:52+03:00,reviewed,frozen_owner,frozen_collision
K006679,"специализированная организация по ремонту, содержанию сетей и колодцев ливневой канализации",специализированная организация по ремонту содержанию сетей и колодцев ливневой канализации,,commercial_research,frozen_collision,,,frozen:storm_sewer,true,https://exp76.ru/category/livnevaya-kanalizatsiya/,webmaster,,,all,,,,1,0,0.0,5.0,,2026-08-20T18:17:52+03:00,reviewed,frozen_owner,frozen_collision
K006680,специалист по дренажу участка,специалист по дренажу участка,,commercial_research,frozen_collision,,,frozen:drainage|object:site,true,https://exp76.ru/category/drenazh-uchastka/,webmaster,,,all,,,,1,0,0.0,7.0,,2026-08-20T18:17:52+03:00,reviewed,frozen_owner,frozen_collision
K006681,специалист по дренажу участка в ярославле,специалист по дренажу участка в ярославле,,commercial_research,frozen_collision,,,frozen:drainage|object:site,true,https://exp76.ru/category/drenazh-uchastka/,webmaster,,,all,,,,2,1,50.0,6.5,,2026-08-20T18:17:52+03:00,reviewed,frozen_owner,frozen_collision
K006711,спланировать участок для отмостки стоимость,спланировать участок для отмостки стоимость,,transactional,frozen_collision,,,frozen:blind_area|object:site,true,https://exp76.ru/category/otmostka-vokrug-doma/,webmaster,,,all,,,,1,0,0.0,7.0,,2026-08-20T18:17:52+03:00,reviewed,frozen_owner,frozen_collision
K006732,"старой дорожке на даче уже более 15 лет, она просела и стала не очень красивой. можно ли поверх выложить плиткой новую, чтоб бвло выше ровнее и красивее?",старой дорожке на даче уже более 15 лет она просела и стала не очень красивой можно ли поверх выложить плиткой новую чтоб бвло выше ровнее и красивее,,commercial_research,frozen_collision,,,frozen:paving,true,https://exp76.ru/category/ukladka-trotuarnoy-plitki/,webmaster,,,all,,,,1,0,0.0,7.0,,2026-08-20T18:17:52+03:00,reviewed,frozen_owner,frozen_collision
K006750,стоимость дренажа в ярославской области,стоимость дренажа в ярославской области,,transactional,frozen_collision,,Ярославская область,frozen:drainage,true,https://exp76.ru/category/drenazh-uchastka/,webmaster,,,all,,,,1,0,0.0,12.0,,2026-08-20T18:17:52+03:00,reviewed,frozen_owner,frozen_collision
K006751,стоимость дренажа вокруг дома цена под ключ в ярославле,стоимость дренажа вокруг дома цена под ключ в ярославле,,transactional,frozen_collision,,,frozen:drainage,true,https://exp76.ru/category/drenazh-uchastka/,webmaster,,,all,,,,1,0,0.0,3.0,,2026-08-20T18:17:52+03:00,reviewed,frozen_owner,frozen_collision
K006752,стоимость дренажа участка 6 соток,стоимость дренажа участка 6 соток,,transactional,frozen_collision,,,frozen:drainage|object:site,true,https://exp76.ru/category/drenazh-uchastka/,webmaster,,,all,,,,12,0,0.0,24.25,,2026-08-20T18:17:52+03:00,reviewed,frozen_owner,frozen_collision
K006754,стоимость метра отмостки вокруг дома в ярославской области,стоимость метра отмостки вокруг дома в ярославской области,,transactional,frozen_collision,,Ярославская область,frozen:blind_area,true,https://exp76.ru/category/otmostka-vokrug-doma/,webmaster,,,all,,,,1,0,0.0,12.0,,2026-08-20T18:17:52+03:00,reviewed,frozen_owner,frozen_collision
K006757,стоимость отмостки вокруг дома цена ярославль за квадратный,стоимость отмостки вокруг дома цена ярославль за квадратный,,transactional,frozen_collision,,Ярославль,frozen:blind_area,true,https://exp76.ru/category/otmostka-vokrug-doma/,webmaster,,,all,,,,1,0,0.0,5.0,,2026-08-20T18:17:52+03:00,reviewed,frozen_owner,frozen_collision
K006760,стоимость погонного метра дренажа,стоимость погонного метра дренажа,,transactional,frozen_collision,,,frozen:drainage,true,https://exp76.ru/category/drenazh-uchastka/,webmaster,,,all,,,,1,0,0.0,9.0,,2026-08-20T18:17:52+03:00,reviewed,frozen_owner,frozen_collision
K006761,стоимость подготовки и заливки отмостки ярославская область,стоимость подготовки и заливки отмостки ярославская область,,transactional,frozen_collision,,Ярославская область,frozen:blind_area,true,https://exp76.ru/category/otmostka-vokrug-doma/,webmaster,,,all,,,,1,0,0.0,3.0,,2026-08-20T18:17:52+03:00,reviewed,frozen_owner,frozen_collision
K006762,стоимость подготовки и заливки отмостки ярославская область прайс,стоимость подготовки и заливки отмостки ярославская область прайс,,transactional,frozen_collision,,Ярославская область,frozen:blind_area,true,https://exp76.ru/category/otmostka-vokrug-doma/,webmaster,,,all,,,,1,0,0.0,5.0,,2026-08-20T18:17:52+03:00,reviewed,frozen_owner,frozen_collision
K006769,стоимость проектных работ по дренажу калькулятор,стоимость проектных работ по дренажу калькулятор,,transactional,frozen_collision,,,frozen:drainage,true,https://exp76.ru/category/drenazh-uchastka/,webmaster,,,all,,,,1,0,0.0,10.0,,2026-08-20T18:17:52+03:00,reviewed,frozen_owner,frozen_collision
K006770,стоимость работ за отмостку с метра,стоимость работ за отмостку с метра,,transactional,frozen_collision,,,frozen:blind_area,true,https://exp76.ru/category/otmostka-vokrug-doma/,webmaster,,,all,,,,1,0,0.0,9.0,,2026-08-20T18:17:52+03:00,reviewed,frozen_owner,frozen_collision
K006776,стоимость работы укладка тротуарной плитки сейчас на рынке,стоимость работы укладка тротуарной плитки сейчас на рынке,,transactional,frozen_collision,,,frozen:paving,true,https://exp76.ru/category/ukladka-trotuarnoy-plitki/,webmaster,,,all,,,,1,0,0.0,4.0,,2026-08-20T18:17:52+03:00,reviewed,frozen_owner,frozen_collision
K006777,стоимость работы ярославской области по укладке дренажа,стоимость работы ярославской области по укладке дренажа,,transactional,frozen_collision,,Ярославская область,frozen:drainage,true,https://exp76.ru/category/drenazh-uchastka/,webmaster,,,all,,,,1,0,0.0,4.0,,2026-08-20T18:17:52+03:00,reviewed,frozen_owner,frozen_collision
K006780,стоимость укладки 1 квадратного метра тротуарной плитки,стоимость укладки 1 квадратного метра тротуарной плитки,,transactional,frozen_collision,,,frozen:paving,true,https://exp76.ru/category/ukladka-trotuarnoy-plitki/,webmaster,,,all,,,,1,0,0.0,11.0,,2026-08-20T18:17:52+03:00,reviewed,frozen_owner,frozen_collision
K006781,стоимость укладки 1 квадратного метра тротуарной плитки в ярославле,стоимость укладки 1 квадратного метра тротуарной плитки в ярославле,,transactional,frozen_collision,,,frozen:paving,true,https://exp76.ru/category/ukladka-trotuarnoy-plitki/,webmaster,,,all,,,,1,0,0.0,13.0,,2026-08-20T18:17:52+03:00,reviewed,frozen_owner,frozen_collision
K006782,стоимость укладки брусчатки под ключ в переславле залесском цена за квадратный метр,стоимость укладки брусчатки под ключ в переславле залесском цена за квадратный метр,,transactional,frozen_collision,,,frozen:paving,true,https://exp76.ru/category/ukladka-trotuarnoy-plitki/,webmaster,,,all,,,,1,0,0.0,5.0,,2026-08-20T18:17:52+03:00,reviewed,frozen_owner,frozen_collision
K006785,стоимость укладки тротуарной плитки за м2,стоимость укладки тротуарной плитки за м2,,transactional,frozen_collision,,,frozen:paving,true,https://exp76.ru/category/ukladka-trotuarnoy-plitki/,webmaster,,,all,,,,3,0,0.0,6.0,,2026-08-20T18:17:52+03:00,reviewed,frozen_owner,frozen_collision
K006786,стоимость укладки тротуарной плитки за м2 в ярославле,стоимость укладки тротуарной плитки за м2 в ярославле,,transactional,frozen_collision,,,frozen:paving,true,https://exp76.ru/category/ukladka-trotuarnoy-plitki/,webmaster,,,all,,,,1,0,0.0,13.0,,2026-08-20T18:17:52+03:00,reviewed,frozen_owner,frozen_collision
K006787,стоимость укладки тротуарной плитки за м2 с работой и материалом,стоимость укладки тротуарной плитки за м2 с работой и материалом,,transactional,frozen_collision,,,frozen:paving,true,https://exp76.ru/category/ukladka-trotuarnoy-plitki/,webmaster,,,all,,,,1,0,0.0,3.0,,2026-08-20T18:17:52+03:00,reviewed,frozen_owner,frozen_collision
K006788,стоимость укладки тротуарной плитки с разборкой и планировкой,стоимость укладки тротуарной плитки с разборкой и планировкой,,transactional,frozen_collision,,,frozen:paving,true,https://exp76.ru/category/ukladka-trotuarnoy-plitki/,webmaster,,,all,,,,1,0,0.0,10.0,,2026-08-20T18:17:52+03:00,reviewed,frozen_owner,frozen_collision
K006789,стоимость установки 3 погонных метра тротуарной плитки,стоимость установки 3 погонных метра тротуарной плитки,,transactional,frozen_collision,,,frozen:paving,true,https://exp76.ru/category/ukladka-trotuarnoy-plitki/,webmaster,,,all,,,,1,0,0.0,9.0,,2026-08-20T18:17:52+03:00,reviewed,frozen_owner,frozen_collision
K006790,стоимость устройства дренажа на участке за метр,стоимость устройства дренажа на участке за метр,,transactional,frozen_collision,,,frozen:drainage,true,https://exp76.ru/category/drenazh-uchastka/,webmaster,,,all,,,,3,0,0.0,8.67,,2026-08-20T18:17:52+03:00,reviewed,frozen_owner,frozen_collision
K006840,схема дренажа на 6 сотках,схема дренажа на 6 сотках,,informational,frozen_collision,,,frozen:drainage,true,https://exp76.ru/category/drenazh-uchastka/,webmaster,,,all,,,,2,0,0.0,9.0,,2026-08-20T18:17:52+03:00,reviewed,frozen_owner,frozen_collision
K006841,схема дренажа на участке 10 соток,схема дренажа на участке 10 соток,,informational,frozen_collision,,,frozen:drainage,true,https://exp76.ru/category/drenazh-uchastka/,webmaster,,,all,,,,17,1,5.88,7.47,,2026-08-20T18:17:52+03:00,reviewed,frozen_owner,frozen_collision
K006842,схема дренажа на участке 6 соток,схема дренажа на участке 6 соток,,informational,frozen_collision,,,frozen:drainage,true,https://exp76.ru/category/drenazh-uchastka/,webmaster,,,all,,,,2,0,0.0,6.0,,2026-08-20T18:17:52+03:00,reviewed,frozen_owner,frozen_collision
K006843,схема дренажа участка 10 соток с домом,схема дренажа участка 10 соток с домом,,informational,frozen_collision,,,frozen:drainage|object:site,true,https://exp76.ru/category/drenazh-uchastka/,webmaster,,,all,,,,1,0,0.0,10.0,,2026-08-20T18:17:52+03:00,reviewed,frozen_owner,frozen_collision
K006846,схема ливневых колодцев ярославль,схема ливневых колодцев ярославль,,informational,frozen_collision,,Ярославль,frozen:storm_sewer,true,https://exp76.ru/category/livnevaya-kanalizatsiya/,webmaster,,,all,,,,2,0,0.0,15.0,,2026-08-20T18:17:52+03:00,reviewed,frozen_owner,frozen_collision
K006850,схема организации дренажа на участке 6 соток,схема организации дренажа на участке 6 соток,,informational,frozen_collision,,,frozen:drainage,true,https://exp76.ru/category/drenazh-uchastka/,webmaster,,,all,,,,2,0,0.0,7.5,,2026-08-20T18:17:52+03:00,reviewed,frozen_owner,frozen_collision
K006897,считается ли переукладка старой брусчатки и поребриков капитальной стройкой,считается ли переукладка старой брусчатки и поребриков капитальной стройкой,,commercial_research,frozen_collision,,,frozen:paving,true,https://exp76.ru/category/ukladka-trotuarnoy-plitki/,webmaster,,,all,,,,2,0,0.0,7.5,,2026-08-20T18:17:52+03:00,reviewed,frozen_owner,frozen_collision
K006912,тёплая отмостка вокруг дома ярославль,теплая отмостка вокруг дома ярославль,,commercial_research,frozen_collision,,Ярославль,frozen:blind_area,true,https://exp76.ru/category/otmostka-vokrug-doma/,webmaster,,,all,,,,1,0,0.0,6.0,,2026-08-20T18:17:52+03:00,reviewed,frozen_owner,frozen_collision
K006976,тротуарная плитка можно ли укладывать поверх старой,тротуарная плитка можно ли укладывать поверх старой,,commercial_research,frozen_collision,,,frozen:paving,true,https://exp76.ru/category/ukladka-trotuarnoy-plitki/,webmaster,,,all,,,,1,0,0.0,2.0,,2026-08-20T18:17:52+03:00,reviewed,frozen_owner,frozen_collision
K006977,тротуарная плитка сверху старой,тротуарная плитка сверху старой,,commercial_research,frozen_collision,,,frozen:paving,true,https://exp76.ru/category/ukladka-trotuarnoy-plitki/,webmaster,,,all,,,,1,0,0.0,11.0,,2026-08-20T18:17:52+03:00,reviewed,frozen_owner,frozen_collision
K006978,тротуарная плитка цена за работу,тротуарная плитка цена за работу,,transactional,frozen_collision,,,frozen:paving,true,https://exp76.ru/category/ukladka-trotuarnoy-plitki/,webmaster,,,all,,,,1,0,0.0,9.0,,2026-08-20T18:17:52+03:00,reviewed,frozen_owner,frozen_collision
K007008,труба дренажная на въезд участок,труба дренажная на въезд участок,S8,commercial_research,manual_review,,,service:S8|frozen:drainage|object:site,true,https://exp76.ru/category/drenazh-uchastka/,wordstat,въезд на участок,Ярославская область,all,2,,,,,,,,2026-08-20T18:35:06+03:00,reviewed,frozen_owner,mixed_frozen_collision
K007039,тутаев ливневая канализация,тутаев ливневая канализация,,commercial_research,frozen_collision,,Тутаев,frozen:storm_sewer,true,https://exp76.ru/category/livnevaya-kanalizatsiya/,webmaster,,,all,,,,1,0,0.0,2.0,,2026-08-20T18:17:52+03:00,reviewed,frozen_owner,frozen_collision
K007040,тутаев укладка тротуарной плитки цена,тутаев укладка тротуарной плитки цена,,transactional,frozen_collision,,Тутаев,frozen:paving,true,https://exp76.ru/category/ukladka-trotuarnoy-plitki/,webmaster,,,all,,,,1,0,0.0,8.0,,2026-08-20T18:17:52+03:00,reviewed,frozen_owner,frozen_collision
K007041,тутаев яр. область протяженность системы ливневой канализации,тутаев яр область протяженность системы ливневой канализации,,commercial_research,frozen_collision,,Тутаев,frozen:storm_sewer,true,https://exp76.ru/category/livnevaya-kanalizatsiya/,webmaster,,,all,,,,1,0,0.0,8.0,,2026-08-20T18:17:52+03:00,reviewed,frozen_owner,frozen_collision
K007048,у кого в ярославле заказать отмостку,у кого в ярославле заказать отмостку,,transactional,frozen_collision,,,frozen:blind_area,true,https://exp76.ru/category/otmostka-vokrug-doma/,webmaster,,,all,,,,3,0,0.0,8.67,,2026-08-20T18:17:52+03:00,reviewed,frozen_owner,frozen_collision
K007053,углич кладка плитки уличная,углич кладка плитки уличная,,commercial_research,frozen_collision,,Углич,frozen:paving,true,https://exp76.ru/category/ukladka-trotuarnoy-plitki/,webmaster,,,all,,,,1,0,0.0,5.0,,2026-08-20T18:17:52+03:00,reviewed,frozen_owner,frozen_collision
K007084,укладка брусчатки в городе переславль,укладка брусчатки в городе переславль,,commercial_research,frozen_collision,,Переславль-Залесский,frozen:paving,true,https://exp76.ru/category/ukladka-trotuarnoy-plitki/,webmaster,,,all,,,,1,0,0.0,10.0,,2026-08-20T18:17:52+03:00,reviewed,frozen_owner,frozen_collision
K007085,укладка брусчатки в переславле залесском цена,укладка брусчатки в переславле залесском цена,,transactional,frozen_collision,,,frozen:paving,true,https://exp76.ru/category/ukladka-trotuarnoy-plitki/,webmaster,,,all,,,,1,0,0.0,10.0,,2026-08-20T18:17:52+03:00,reviewed,frozen_owner,frozen_collision
K007086,укладка брусчатки поверх старой плитки,укладка брусчатки поверх старой плитки,,commercial_research,frozen_collision,,,frozen:paving,true,https://exp76.ru/category/ukladka-trotuarnoy-plitki/,webmaster,,,all,,,,1,0,0.0,5.0,,2026-08-20T18:17:52+03:00,reviewed,frozen_owner,frozen_collision
K007087,укладка брусчатки рыбинск,укладка брусчатки рыбинск,,commercial_research,frozen_collision,,Рыбинск,frozen:paving,true,https://exp76.ru/category/ukladka-trotuarnoy-plitki/,webmaster,,,all,,,,2,0,0.0,12.5,,2026-08-20T18:17:52+03:00,reviewed,frozen_owner,frozen_collision
K007088,укладка брусчатки стоимость работы,укладка брусчатки стоимость работы,,transactional,frozen_collision,,,frozen:paving,true,https://exp76.ru/category/ukladka-trotuarnoy-plitki/,webmaster,,,all,,,,1,0,0.0,10.0,,2026-08-20T18:17:52+03:00,reviewed,frozen_owner,frozen_collision
K007089,укладка брусчатки цена рыбинск,укладка брусчатки цена рыбинск,,transactional,frozen_collision,,Рыбинск,frozen:paving,true,https://exp76.ru/category/ukladka-trotuarnoy-plitki/,webmaster,,,all,,,,2,2,100.0,6.0,,2026-08-20T18:17:52+03:00,reviewed,frozen_owner,frozen_collision
K007097,укладка дренажной трубы цена в ярославле,укладка дренажной трубы цена в ярославле,,transactional,frozen_collision,,,frozen:drainage,true,https://exp76.ru/category/drenazh-uchastka/,webmaster,,,all,,,,1,0,0.0,12.0,,2026-08-20T18:17:52+03:00,reviewed,frozen_owner,frozen_collision
K007098,укладка дренажной трубы цена за работу,укладка дренажной трубы цена за работу,,transactional,frozen_collision,,,frozen:drainage,true,https://exp76.ru/category/drenazh-uchastka/,webmaster,,,all,,,,5,2,40.0,11.2,,2026-08-20T18:17:52+03:00,reviewed,frozen_owner,frozen_collision
K007100,укладка камня на старую брусчатку фото,укладка камня на старую брусчатку фото,,commercial_research,frozen_collision,,,frozen:paving,true,https://exp76.ru/category/ukladka-trotuarnoy-plitki/,webmaster,,,all,,,,1,0,0.0,11.0,,2026-08-20T18:17:52+03:00,reviewed,frozen_owner,frozen_collision
K007101,укладка новой тротуарной плитки на старую,укладка новой тротуарной плитки на старую,,commercial_research,frozen_collision,,,frozen:paving,true,https://exp76.ru/category/ukladka-trotuarnoy-plitki/,webmaster,,,all,,,,1,0,0.0,2.0,,2026-08-20T18:17:52+03:00,reviewed,frozen_owner,frozen_collision
K007102,"укладка новой тротуарной плитки на старую можно, или лучше не надо?",укладка новой тротуарной плитки на старую можно или лучше не надо,,commercial_research,frozen_collision,,,frozen:paving,true,https://exp76.ru/category/ukladka-trotuarnoy-plitki/,webmaster,,,all,,,,1,0,0.0,2.0,,2026-08-20T18:17:52+03:00,reviewed,frozen_owner,frozen_collision
K007103,укладка новой тротуарной плитки поверх старой,укладка новой тротуарной плитки поверх старой,,commercial_research,frozen_collision,,,frozen:paving,true,https://exp76.ru/category/ukladka-trotuarnoy-plitki/,webmaster,,,all,,,,1,1,100.0,2.0,,2026-08-20T18:17:52+03:00,reviewed,frozen_owner,frozen_collision
K007105,укладка плитки брусчатки ярославль никита,укладка плитки брусчатки ярославль никита,,commercial_research,frozen_collision,,Ярославль,frozen:paving,true,https://exp76.ru/category/ukladka-trotuarnoy-plitki/,webmaster,,,all,,,,1,0,0.0,13.0,,2026-08-20T18:17:52+03:00,reviewed,frozen_owner,frozen_collision
K007108,укладка плитки для во дворе дома сколько стоит квадрат метр переславль залесский,укладка плитки для во дворе дома сколько стоит квадрат метр переславль залесский,,commercial_research,frozen_collision,,Переславль-Залесский,frozen:paving,true,https://exp76.ru/category/ukladka-trotuarnoy-plitki/,webmaster,,,all,,,,1,0,0.0,4.0,,2026-08-20T18:17:52+03:00,reviewed,frozen_owner,frozen_collision
K007109,укладка плитки на даче под ключ,укладка плитки на даче под ключ,,transactional,frozen_collision,,,frozen:paving,true,https://exp76.ru/category/ukladka-trotuarnoy-plitki/,webmaster,,,all,,,,1,0,0.0,12.0,,2026-08-20T18:17:52+03:00,reviewed,frozen_owner,frozen_collision
K007110,укладка плитки на дачном участке ярославль,укладка плитки на дачном участке ярославль,,commercial_research,frozen_collision,,Ярославль,frozen:paving,true,https://exp76.ru/category/ukladka-trotuarnoy-plitki/,webmaster,,,all,,,,1,0,0.0,12.0,,2026-08-20T18:17:52+03:00,reviewed,frozen_owner,frozen_collision
K007125,укладка тротуарной плитки в переславле,укладка тротуарной плитки в переславле,,commercial_research,frozen_collision,,,frozen:paving,true,https://exp76.ru/category/ukladka-trotuarnoy-plitki/,webmaster,,,all,,,,1,0,0.0,5.0,,2026-08-20T18:17:52+03:00,reviewed,frozen_owner,frozen_collision
K007126,укладка тротуарной плитки в рыбинске,укладка тротуарной плитки в рыбинске,,commercial_research,frozen_collision,,,frozen:paving,true,https://exp76.ru/category/ukladka-trotuarnoy-plitki/,webmaster,,,all,,,,1,0,0.0,5.0,,2026-08-20T18:17:52+03:00,reviewed,frozen_owner,frozen_collision
K007127,укладка тротуарной плитки в тутаеве,укладка тротуарной плитки в тутаеве,,commercial_research,frozen_collision,,,frozen:paving,true,https://exp76.ru/category/ukladka-trotuarnoy-plitki/,webmaster,,,all,,,,1,0,0.0,3.0,,2026-08-20T18:17:52+03:00,reviewed,frozen_owner,frozen_collision
K007128,укладка тротуарной плитки в угличе ярославской области,укладка тротуарной плитки в угличе ярославской области,,commercial_research,frozen_collision,,Ярославская область,frozen:paving,true,https://exp76.ru/category/ukladka-trotuarnoy-plitki/,webmaster,,,all,,,,1,0,0.0,9.0,,2026-08-20T18:17:52+03:00,reviewed,frozen_owner,frozen_collision
K007129,укладка тротуарной плитки в ярославле,укладка тротуарной плитки в ярославле,,commercial_research,frozen_collision,,,frozen:paving,true,https://exp76.ru/category/ukladka-trotuarnoy-plitki/,webmaster,,,all,,,,3,0,0.0,8.67,,2026-08-20T18:17:52+03:00,reviewed,frozen_owner,frozen_collision
K007130,укладка тротуарной плитки в ярославле цена за 1м2,укладка тротуарной плитки в ярославле цена за 1м2,,transactional,frozen_collision,,,frozen:paving,true,https://exp76.ru/category/ukladka-trotuarnoy-plitki/,webmaster,,,all,,,,1,0,0.0,10.0,,2026-08-20T18:17:52+03:00,reviewed,frozen_owner,frozen_collision
K007131,укладка тротуарной плитки на готовое основание цена,укладка тротуарной плитки на готовое основание цена,,transactional,frozen_collision,,,frozen:paving,true,https://exp76.ru/category/ukladka-trotuarnoy-plitki/,webmaster,,,all,,,,1,0,0.0,9.0,,2026-08-20T18:17:52+03:00,reviewed,frozen_owner,frozen_collision
K007132,укладка тротуарной плитки на пол цена за м2,укладка тротуарной плитки на пол цена за м2,,transactional,frozen_collision,,,frozen:paving,true,https://exp76.ru/category/ukladka-trotuarnoy-plitki/,webmaster,,,all,,,,1,0,0.0,8.0,,2026-08-20T18:17:52+03:00,reviewed,frozen_owner,frozen_collision
K007133,укладка тротуарной плитки на старое покрытие,укладка тротуарной плитки на старое покрытие,,commercial_research,frozen_collision,,,frozen:paving,true,https://exp76.ru/category/ukladka-trotuarnoy-plitki/,webmaster,,,all,,,,1,0,0.0,10.0,,2026-08-20T18:17:52+03:00,reviewed,frozen_owner,frozen_collision
K007134,укладка тротуарной плитки на старую брусчатку,укладка тротуарной плитки на старую брусчатку,,commercial_research,frozen_collision,,,frozen:paving,true,https://exp76.ru/category/ukladka-trotuarnoy-plitki/,webmaster,,,all,,,,2,0,0.0,3.0,,2026-08-20T18:17:52+03:00,reviewed,frozen_owner,frozen_collision
K007135,укладка тротуарной плитки переславль залесский,укладка тротуарной плитки переславль залесский,,commercial_research,frozen_collision,,Переславль-Залесский,frozen:paving,true,https://exp76.ru/category/ukladka-trotuarnoy-plitki/,webmaster,,,all,,,,1,1,100.0,6.0,,2026-08-20T18:17:52+03:00,reviewed,frozen_owner,frozen_collision
K007136,укладка тротуарной плитки переславль залесский цена за квадратный,укладка тротуарной плитки переславль залесский цена за квадратный,,transactional,frozen_collision,,Переславль-Залесский,frozen:paving,true,https://exp76.ru/category/ukladka-trotuarnoy-plitki/,webmaster,,,all,,,,1,0,0.0,6.0,,2026-08-20T18:17:52+03:00,reviewed,frozen_owner,frozen_collision
K007137,укладка тротуарной плитки под ключ в переславле уена,укладка тротуарной плитки под ключ в переславле уена,,transactional,frozen_collision,,,frozen:paving,true,https://exp76.ru/category/ukladka-trotuarnoy-plitki/,webmaster,,,all,,,,1,0,0.0,6.0,,2026-08-20T18:17:52+03:00,reviewed,frozen_owner,frozen_collision
K007138,укладка тротуарной плитки под ключ переславль-залесский,укладка тротуарной плитки под ключ переславль залесский,,transactional,frozen_collision,,Переславль-Залесский,frozen:paving,true,https://exp76.ru/category/ukladka-trotuarnoy-plitki/,webmaster,,,all,,,,1,2,200.0,6.0,,2026-08-20T18:17:52+03:00,reviewed,frozen_owner,frozen_collision
K007139,укладка тротуарной плитки пошехонье,укладка тротуарной плитки пошехонье,,commercial_research,frozen_collision,,,frozen:paving,true,https://exp76.ru/category/ukladka-trotuarnoy-plitki/,webmaster,,,all,,,,2,1,50.0,4.5,,2026-08-20T18:17:52+03:00,reviewed,frozen_owner,frozen_collision
K007140,укладка тротуарной плитки расценки,укладка тротуарной плитки расценки,,commercial_research,frozen_collision,,,frozen:paving,true,https://exp76.ru/category/ukladka-trotuarnoy-plitki/,webmaster,,,all,,,,2,0,0.0,7.5,,2026-08-20T18:17:52+03:00,reviewed,frozen_owner,frozen_collision
K007141,укладка тротуарной плитки рыбинск,укладка тротуарной плитки рыбинск,,commercial_research,frozen_collision,,Рыбинск,frozen:paving,true,https://exp76.ru/category/ukladka-trotuarnoy-plitki/,webmaster,,,all,,,,2,0,0.0,9.5,,2026-08-20T18:17:52+03:00,reviewed,frozen_owner,frozen_collision
K007142,укладка тротуарной плитки рыбинск цена,укладка тротуарной плитки рыбинск цена,,transactional,frozen_collision,,Рыбинск,frozen:paving,true,https://exp76.ru/category/ukladka-trotuarnoy-plitki/,webmaster,,,all,,,,1,0,0.0,7.0,,2026-08-20T18:17:52+03:00,reviewed,frozen_owner,frozen_collision
K007143,укладка тротуарной плитки стоимость,укладка тротуарной плитки стоимость,,transactional,frozen_collision,,,frozen:paving,true,https://exp76.ru/category/ukladka-trotuarnoy-plitki/,webmaster,,,all,,,,1,0,0.0,12.0,,2026-08-20T18:17:52+03:00,reviewed,frozen_owner,frozen_collision
K007144,укладка тротуарной плитки стоимость ярославская область,укладка тротуарной плитки стоимость ярославская область,,transactional,frozen_collision,,Ярославская область,frozen:paving,true,https://exp76.ru/category/ukladka-trotuarnoy-plitki/,webmaster,,,all,,,,1,1,100.0,11.0,,2026-08-20T18:17:52+03:00,reviewed,frozen_owner,frozen_collision
K007145,укладка тротуарной плитки тутаев,укладка тротуарной плитки тутаев,,commercial_research,frozen_collision,,Тутаев,frozen:paving,true,https://exp76.ru/category/ukladka-trotuarnoy-plitki/,webmaster,,,all,,,,3,0,0.0,9.67,,2026-08-20T18:17:52+03:00,reviewed,frozen_owner,frozen_collision
K007146,укладка тротуарной плитки углич,укладка тротуарной плитки углич,,commercial_research,frozen_collision,,Углич,frozen:paving,true,https://exp76.ru/category/ukladka-trotuarnoy-plitki/,webmaster,,,all,,,,2,1,50.0,6.5,,2026-08-20T18:17:52+03:00,reviewed,frozen_owner,frozen_collision
K007147,укладка тротуарной плитки цена,укладка тротуарной плитки цена,,transactional,frozen_collision,,,frozen:paving,true,https://exp76.ru/category/ukladka-trotuarnoy-plitki/,webmaster,,,all,,,,27,0,0.0,10.41,,2026-08-20T18:17:52+03:00,reviewed,frozen_owner,frozen_collision
K007148,укладка тротуарной плитки цена в ярославле,укладка тротуарной плитки цена в ярославле,,transactional,frozen_collision,,,frozen:paving,true,https://exp76.ru/category/ukladka-trotuarnoy-plitki/,webmaster,,,all,,,,1,0,0.0,12.0,,2026-08-20T18:17:52+03:00,reviewed,frozen_owner,frozen_collision
K007149,укладка тротуарной плитки цена за каждый этап в ярославле,укладка тротуарной плитки цена за каждый этап в ярославле,,transactional,frozen_collision,,,frozen:paving,true,https://exp76.ru/category/ukladka-trotuarnoy-plitki/,webmaster,,,all,,,,2,1,50.0,7.5,,2026-08-20T18:17:52+03:00,reviewed,frozen_owner,frozen_collision
K007150,укладка тротуарной плитки цена работ с ндс,укладка тротуарной плитки цена работ с ндс,,transactional,frozen_collision,,,frozen:paving,true,https://exp76.ru/category/ukladka-trotuarnoy-plitki/,webmaster,,,all,,,,1,0,0.0,8.0,,2026-08-20T18:17:52+03:00,reviewed,frozen_owner,frozen_collision
K007151,укладка тротуарной плитки ярославль,укладка тротуарной плитки ярославль,,commercial_research,frozen_collision,,Ярославль,frozen:paving,true,https://exp76.ru/category/ukladka-trotuarnoy-plitki/,webmaster,,,all,,,,2,0,0.0,24.0,,2026-08-20T18:17:52+03:00,reviewed,frozen_owner,frozen_collision
K007152,укладка тротуарной плитки ярославль цена за м2,укладка тротуарной плитки ярославль цена за м2,,transactional,frozen_collision,,Ярославль,frozen:paving,true,https://exp76.ru/category/ukladka-trotuarnoy-plitki/,webmaster,,,all,,,,19,2,10.53,9.68,,2026-08-20T18:17:52+03:00,reviewed,frozen_owner,frozen_collision
K007164,уличная плитка на даче кладут ли на старую плитку,уличная плитка на даче кладут ли на старую плитку,,commercial_research,frozen_collision,,,frozen:paving,true,https://exp76.ru/category/ukladka-trotuarnoy-plitki/,webmaster,,,all,,,,2,0,0.0,3.0,,2026-08-20T18:17:52+03:00,reviewed,frozen_owner,frozen_collision
K007176,уложить плитку на даче под ключ цена,уложить плитку на даче под ключ цена,,transactional,frozen_collision,,,frozen:paving,true,https://exp76.ru/category/ukladka-trotuarnoy-plitki/,webmaster,,,all,,,,3,0,0.0,11.67,,2026-08-20T18:17:52+03:00,reviewed,frozen_owner,frozen_collision
K007177,уложить плитку с демонтажем старой на участке,уложить плитку с демонтажем старой на участке,,commercial_research,frozen_collision,,,frozen:paving,true,https://exp76.ru/category/ukladka-trotuarnoy-plitki/,webmaster,,,all,,,,1,0,0.0,10.0,,2026-08-20T18:17:52+03:00,reviewed,frozen_owner,frozen_collision
K007178,уложить тротуарную плитку в переславле залесском,уложить тротуарную плитку в переславле залесском,,commercial_research,frozen_collision,,,frozen:paving,true,https://exp76.ru/category/ukladka-trotuarnoy-plitki/,webmaster,,,all,,,,1,0,0.0,6.0,,2026-08-20T18:17:52+03:00,reviewed,frozen_owner,frozen_collision
K007179,уложить тротуарную плитку цена работы за квадратный,уложить тротуарную плитку цена работы за квадратный,,transactional,frozen_collision,,,frozen:paving,true,https://exp76.ru/category/ukladka-trotuarnoy-plitki/,webmaster,,,all,,,,2,0,0.0,8.0,,2026-08-20T18:17:52+03:00,reviewed,frozen_owner,frozen_collision
K007180,уложить тротуарную плитку цена работы за квадратный метр,уложить тротуарную плитку цена работы за квадратный метр,,transactional,frozen_collision,,,frozen:paving,true,https://exp76.ru/category/ukladka-trotuarnoy-plitki/,webmaster,,,all,,,,1,0,0.0,10.0,,2026-08-20T18:17:52+03:00,reviewed,frozen_owner,frozen_collision
K007181,уложить тротуарную плитку цена работы за квадратный метр ярославль,уложить тротуарную плитку цена работы за квадратный метр ярославль,,transactional,frozen_collision,,Ярославль,frozen:paving,true,https://exp76.ru/category/ukladka-trotuarnoy-plitki/,webmaster,,,all,,,,1,0,0.0,11.0,,2026-08-20T18:17:52+03:00,reviewed,frozen_owner,frozen_collision
K007199,услуги дренажа участка,услуги дренажа участка,,transactional,frozen_collision,,,frozen:drainage|object:site,true,https://exp76.ru/category/drenazh-uchastka/,webmaster,,,all,,,,1,0,0.0,7.0,,2026-08-20T18:17:52+03:00,reviewed,frozen_owner,frozen_collision
K007216,услуги по обустройству дренажных систем в ярославле,услуги по обустройству дренажных систем в ярославле,,transactional,frozen_collision,,,frozen:drainage,true,https://exp76.ru/category/drenazh-uchastka/,webmaster,,,all,,,,1,0,0.0,13.0,,2026-08-20T18:17:52+03:00,reviewed,frozen_owner,frozen_collision
K007224,услуги по укладке тротуарной плитки цена в ярославле за квадратный метр,услуги по укладке тротуарной плитки цена в ярославле за квадратный метр,,transactional,frozen_collision,,,frozen:paving,true,https://exp76.ru/category/ukladka-trotuarnoy-plitki/,webmaster,,,all,,,,2,0,0.0,10.5,,2026-08-20T18:17:52+03:00,reviewed,frozen_owner,frozen_collision
K007237,установка автополива в ярославле,установка автополива в ярославле,,commercial_research,frozen_collision,,,frozen:irrigation,true,https://exp76.ru/category/avtopoliv-na-uchastke/,webmaster,,,all,,,,1,0,0.0,6.0,,2026-08-20T18:17:52+03:00,reviewed,frozen_owner,frozen_collision
K007239,установка бордюров для тротуарной плитки цена за работу в ярославле,установка бордюров для тротуарной плитки цена за работу в ярославле,,transactional,frozen_collision,,,frozen:paving,true,https://exp76.ru/category/ukladka-trotuarnoy-plitki/,webmaster,,,all,,,,3,1,33.33,11.0,,2026-08-20T18:17:52+03:00,reviewed,frozen_owner,frozen_collision
K007240,установка дренажа на участке цена ярославль,установка дренажа на участке цена ярославль,,transactional,frozen_collision,,Ярославль,frozen:drainage,true,https://exp76.ru/category/drenazh-uchastka/,webmaster,,,all,,,,1,0,0.0,11.0,,2026-08-20T18:17:52+03:00,reviewed,frozen_owner,frozen_collision
K007246,установка тротуарная плитка к дому цена ярославль,установка тротуарная плитка к дому цена ярославль,,transactional,frozen_collision,,Ярославль,frozen:paving,true,https://exp76.ru/category/ukladka-trotuarnoy-plitki/,webmaster,,,all,,,,1,0,0.0,11.0,,2026-08-20T18:17:52+03:00,reviewed,frozen_owner,frozen_collision
K007247,установка тротуарной плитки в переславле залесском,установка тротуарной плитки в переславле залесском,,commercial_research,frozen_collision,,,frozen:paving,true,https://exp76.ru/category/ukladka-trotuarnoy-plitki/,webmaster,,,all,,,,1,0,0.0,4.0,,2026-08-20T18:17:52+03:00,reviewed,frozen_owner,frozen_collision
K007251,устройство въезда на участок через дренажную канаву,устройство въезда на участок через дренажную канаву,S8,transactional,manual_review,,,service:S8|frozen:drainage|object:site,true,https://exp76.ru/category/drenazh-uchastka/,wordstat,въезд через канаву,Russia_discovery,all,28,,,,,,,,2026-08-20T18:43:04+03:00,reviewed,frozen_owner,mixed_frozen_collision
K007273,устройство дренажа вокруг дома рыбинск,устройство дренажа вокруг дома рыбинск,,transactional,frozen_collision,,Рыбинск,frozen:drainage,true,https://exp76.ru/category/drenazh-uchastka/,webmaster,,,all,,,,1,0,0.0,5.0,,2026-08-20T18:17:52+03:00,reviewed,frozen_owner,frozen_collision
K007274,устройство дренажа вокруг дома цена за работу,устройство дренажа вокруг дома цена за работу,,transactional,frozen_collision,,,frozen:drainage,true,https://exp76.ru/category/drenazh-uchastka/,webmaster,,,all,,,,3,0,0.0,9.0,,2026-08-20T18:17:52+03:00,reviewed,frozen_owner,frozen_collision
K007275,устройство дренажа на участке ярославская область цена,устройство дренажа на участке ярославская область цена,,transactional,frozen_collision,,Ярославская область,frozen:drainage,true,https://exp76.ru/category/drenazh-uchastka/,webmaster,,,all,,,,1,0,0.0,3.0,,2026-08-20T18:17:52+03:00,reviewed,frozen_owner,frozen_collision
K007279,устройство ливневки и отмостки в ярославле,устройство ливневки и отмостки в ярославле,,transactional,frozen_collision,,,frozen:storm_sewer,true,https://exp76.ru/category/livnevaya-kanalizatsiya/,webmaster,,,all,,,,2,1,50.0,5.5,,2026-08-20T18:17:52+03:00,reviewed,frozen_owner,frozen_collision
K007287,устройство отмостки в ярославле,устройство отмостки в ярославле,,transactional,frozen_collision,,,frozen:blind_area,true,https://exp76.ru/category/otmostka-vokrug-doma/,webmaster,,,all,,,,2,0,0.0,6.0,,2026-08-20T18:17:52+03:00,reviewed,frozen_owner,frozen_collision
K007332,утепление отмостки. фундамента в ярославле,утепление отмостки фундамента в ярославле,,commercial_research,frozen_collision,,,frozen:blind_area,true,https://exp76.ru/category/otmostka-vokrug-doma/,webmaster,,,all,,,,1,0,0.0,4.0,,2026-08-20T18:17:52+03:00,reviewed,frozen_owner,frozen_collision
K007522,участок 6 соток дренажная система,участок 6 соток дренажная система,,commercial_research,frozen_collision,,,frozen:drainage|object:site,true,https://exp76.ru/category/drenazh-uchastka/,webmaster,,,all,,,,1,0,0.0,9.0,,2026-08-20T18:17:52+03:00,reviewed,frozen_owner,frozen_collision
K007571,"фирмы занимающиеся подготовкой участка к строительству - выравнивание, ландшафтный дизайн, расчет уклонов и дренажа, укладка плитки",фирмы занимающиеся подготовкой участка к строительству выравнивание ландшафтный дизайн расчет уклонов и дренажа укладка плитки,S1,commercial_research,manual_review,,,service:S1|frozen:drainage|object:site,true,https://exp76.ru/category/drenazh-uchastka/,webmaster,,,all,,,,1,1,100.0,4.0,,2026-08-20T18:17:52+03:00,reviewed,frozen_owner,mixed_frozen_collision
K007630,цена дренажа за метр работы,цена дренажа за метр работы,,transactional,frozen_collision,,,frozen:drainage,true,https://exp76.ru/category/drenazh-uchastka/,webmaster,,,all,,,,5,0,0.0,5.2,,2026-08-20T18:17:52+03:00,reviewed,frozen_owner,frozen_collision
K007635,цена отмостки под ключ,цена отмостки под ключ,,transactional,frozen_collision,,,frozen:blind_area,true,https://exp76.ru/category/otmostka-vokrug-doma/,webmaster,,,all,,,,1,0,0.0,5.0,,2026-08-20T18:17:52+03:00,reviewed,frozen_owner,frozen_collision
K007636,цена отмостки под ключ рыбинск,цена отмостки под ключ рыбинск,,transactional,frozen_collision,,Рыбинск,frozen:blind_area,true,https://exp76.ru/category/otmostka-vokrug-doma/,webmaster,,,all,,,,2,0,0.0,4.5,,2026-08-20T18:17:52+03:00,reviewed,frozen_owner,frozen_collision
K007638,цена укладки брусчатки за квадратный метр,цена укладки брусчатки за квадратный метр,,transactional,frozen_collision,,,frozen:paving,true,https://exp76.ru/category/ukladka-trotuarnoy-plitki/,webmaster,,,all,,,,1,0,0.0,10.0,,2026-08-20T18:17:52+03:00,reviewed,frozen_owner,frozen_collision
K007639,цена укладки дренажа углич,цена укладки дренажа углич,,transactional,frozen_collision,,Углич,frozen:drainage,true,https://exp76.ru/category/drenazh-uchastka/,webmaster,,,all,,,,4,1,25.0,5.5,,2026-08-20T18:17:52+03:00,reviewed,frozen_owner,frozen_collision
K007640,цена укладки за квадрат тротуарной плитки в ярославской области,цена укладки за квадрат тротуарной плитки в ярославской области,,transactional,frozen_collision,,Ярославская область,frozen:paving,true,https://exp76.ru/category/ukladka-trotuarnoy-plitki/,webmaster,,,all,,,,1,1,100.0,10.0,,2026-08-20T18:17:52+03:00,reviewed,frozen_owner,frozen_collision
K007641,цена укладки тротуарной плитки за 1 м2 стоимость,цена укладки тротуарной плитки за 1 м2 стоимость,,transactional,frozen_collision,,,frozen:paving,true,https://exp76.ru/category/ukladka-trotuarnoy-plitki/,webmaster,,,all,,,,1,0,0.0,5.0,,2026-08-20T18:17:52+03:00,reviewed,frozen_owner,frozen_collision
K007642,цена укладки тротуарной плитки за 1 м2 стоимость ярославль,цена укладки тротуарной плитки за 1 м2 стоимость ярославль,,transactional,frozen_collision,,Ярославль,frozen:paving,true,https://exp76.ru/category/ukladka-trotuarnoy-plitki/,webmaster,,,all,,,,1,0,0.0,5.0,,2026-08-20T18:17:52+03:00,reviewed,frozen_owner,frozen_collision
K007643,цена устройства отмостки частного дома в ярославле,цена устройства отмостки частного дома в ярославле,,transactional,frozen_collision,,,frozen:blind_area,true,https://exp76.ru/category/otmostka-vokrug-doma/,webmaster,,,all,,,,1,0,0.0,6.0,,2026-08-20T18:17:52+03:00,reviewed,frozen_owner,frozen_collision
K007695,чистка ливневой канализации рыбинск,чистка ливневой канализации рыбинск,,commercial_research,frozen_collision,,Рыбинск,frozen:storm_sewer,true,https://exp76.ru/category/livnevaya-kanalizatsiya/,webmaster,,,all,,,,2,0,0.0,8.5,,2026-08-20T18:17:52+03:00,reviewed,frozen_owner,frozen_collision
K007711,что лучше переложить плитку на участке или положить новую,что лучше переложить плитку на участке или положить новую,,commercial_research,frozen_collision,,,frozen:paving,true,https://exp76.ru/category/ukladka-trotuarnoy-plitki/,webmaster,,,all,,,,1,0,0.0,5.0,,2026-08-20T18:17:52+03:00,reviewed,frozen_owner,frozen_collision
K007715,что положить на старую тротуарную плитку,что положить на старую тротуарную плитку,,commercial_research,frozen_collision,,,frozen:paving,true,https://exp76.ru/category/ukladka-trotuarnoy-plitki/,webmaster,,,all,,,,1,0,0.0,5.0,,2026-08-20T18:17:52+03:00,reviewed,frozen_owner,frozen_collision
K007716,что постелить во дворе частного дома на старую плитку,что постелить во дворе частного дома на старую плитку,,commercial_research,frozen_collision,,,frozen:paving,true,https://exp76.ru/category/ukladka-trotuarnoy-plitki/,webmaster,,,all,,,,1,0,0.0,7.0,,2026-08-20T18:17:52+03:00,reviewed,frozen_owner,frozen_collision
K007720,что такое дренажная система на частном участке завражье рыбинск,что такое дренажная система на частном участке завражье рыбинск,,commercial_research,frozen_collision,,Рыбинск,frozen:drainage,true,https://exp76.ru/category/drenazh-uchastka/,webmaster,,,all,,,,1,0,0.0,8.0,,2026-08-20T18:17:52+03:00,reviewed,frozen_owner,frozen_collision
K007742,ширина отмостки в ярославской области,ширина отмостки в ярославской области,,commercial_research,frozen_collision,,Ярославская область,frozen:blind_area,true,https://exp76.ru/category/otmostka-vokrug-doma/,webmaster,,,all,,,,1,0,0.0,2.0,,2026-08-20T18:17:52+03:00,reviewed,frozen_owner,frozen_collision
K007757,эколенд автополив ярославль,эколенд автополив ярославль,,commercial_research,frozen_collision,,Ярославль,frozen:irrigation,true,https://exp76.ru/category/avtopoliv-na-uchastke/,webmaster,,,all,,,,1,1,100.0,10.0,,2026-08-20T18:17:52+03:00,reviewed,frozen_owner,frozen_collision
K007794,ярославль грунтовые работы осушение участков,ярославль грунтовые работы осушение участков,,commercial_research,frozen_collision,,Ярославль,frozen:dewatering,true,https://exp76.ru/category/osushenie-uchastka/,webmaster,,,all,,,,1,0,0.0,4.0,,2026-08-20T18:17:52+03:00,reviewed,frozen_owner,frozen_collision
K007795,ярославль дренаж,ярославль дренаж,,commercial_research,frozen_collision,,Ярославль,frozen:drainage,true,https://exp76.ru/category/drenazh-uchastka/,webmaster,,,all,,,,5,0,0.0,33.8,,2026-08-20T18:17:52+03:00,reviewed,frozen_owner,frozen_collision
K007796,ярославль дренаж вокруг строения,ярославль дренаж вокруг строения,,commercial_research,frozen_collision,,Ярославль,frozen:drainage,true,https://exp76.ru/category/drenazh-uchastka/,webmaster,,,all,,,,3,0,0.0,23.0,,2026-08-20T18:17:52+03:00,reviewed,frozen_owner,frozen_collision
K007797,ярославль дренаж компания рента,ярославль дренаж компания рента,,commercial_research,frozen_collision,,Ярославль,frozen:drainage,true,https://exp76.ru/category/drenazh-uchastka/,webmaster,,,all,,,,2,0,0.0,12.5,,2026-08-20T18:17:52+03:00,reviewed,frozen_owner,frozen_collision
K007798,ярославль купить гибкую отмостку цена адрес,ярославль купить гибкую отмостку цена адрес,,transactional,frozen_collision,,Ярославль,frozen:blind_area,true,https://exp76.ru/category/otmostka-vokrug-doma/,webmaster,,,all,,,,2,0,0.0,10.0,,2026-08-20T18:17:52+03:00,reviewed,frozen_owner,frozen_collision
K007799,ярославль монтаж отмостки цена за м2,ярославль монтаж отмостки цена за м2,,transactional,frozen_collision,,Ярославль,frozen:blind_area,true,https://exp76.ru/category/otmostka-vokrug-doma/,webmaster,,,all,,,,1,0,0.0,8.0,,2026-08-20T18:17:52+03:00,reviewed,frozen_owner,frozen_collision
K007800,ярославль организации по ремонту отмостки,ярославль организации по ремонту отмостки,,commercial_research,frozen_collision,,Ярославль,frozen:blind_area,true,https://exp76.ru/category/otmostka-vokrug-doma/,webmaster,,,all,,,,5,2,40.0,7.2,,2026-08-20T18:17:52+03:00,reviewed,frozen_owner,frozen_collision
K007801,ярославль осушение участков,ярославль осушение участков,,commercial_research,frozen_collision,,Ярославль,frozen:dewatering,true,https://exp76.ru/category/osushenie-uchastka/,webmaster,,,all,,,,1,1,100.0,4.0,,2026-08-20T18:17:52+03:00,reviewed,frozen_owner,frozen_collision
K007802,ярославль отмостка к дому,ярославль отмостка к дому,,commercial_research,frozen_collision,,Ярославль,frozen:blind_area,true,https://exp76.ru/category/otmostka-vokrug-doma/,webmaster,,,all,,,,2,0,0.0,5.5,,2026-08-20T18:17:52+03:00,reviewed,frozen_owner,frozen_collision
K007803,ярославль ремонт отмостки вокруг дома,ярославль ремонт отмостки вокруг дома,,commercial_research,frozen_collision,,Ярославль,frozen:blind_area,true,https://exp76.ru/category/otmostka-vokrug-doma/,webmaster,,,all,,,,2,0,0.0,4.0,,2026-08-20T18:17:52+03:00,reviewed,frozen_owner,frozen_collision
K007804,ярославль сделать отмостку,ярославль сделать отмостку,,commercial_research,frozen_collision,,Ярославль,frozen:blind_area,true,https://exp76.ru/category/otmostka-vokrug-doma/,webmaster,,,all,,,,2,0,0.0,5.0,,2026-08-20T18:17:52+03:00,reviewed,frozen_owner,frozen_collision
K007806,ярославль стоимость отмостки вокруг дома,ярославль стоимость отмостки вокруг дома,,transactional,frozen_collision,,Ярославль,frozen:blind_area,true,https://exp76.ru/category/otmostka-vokrug-doma/,webmaster,,,all,,,,1,0,0.0,5.0,,2026-08-20T18:17:52+03:00,reviewed,frozen_owner,frozen_collision
K007814,ярославская область город рыбинск .заказать сделать отмостку дома,ярославская область город рыбинск заказать сделать отмостку дома,,transactional,frozen_collision,,Ярославская область,frozen:blind_area,true,https://exp76.ru/category/otmostka-vokrug-doma/,webmaster,,,all,,,,1,0,0.0,5.0,,2026-08-20T18:17:52+03:00,reviewed,frozen_owner,frozen_collision
