pair_id,left_query_id,right_query_id,left_query,right_query,left_service_id,right_service_id,left_intent,right_intent,overlap,shared_urls,decision,owner_action,validation_status,review_status,reviewer,rationale
PAIR-2DBC55B17F37,Q000003,Q000023,благоустройство в рыбинске,ландшафтный дизайн рыбинск,S1,S1,commercial_research,commercial_research,2,https://avito.ru/rybinsk/predlozheniya_uslug/|https://exp76.ru/,manual_review,hold_current_url,serp_pair_pending_review,pending,,same-service SERP pair meets the explicit manual-review threshold; the existing owner is held and no split or new URL is approved
PAIR-CDD6D30D005E,Q000004,Q000005,благоустройство дачного участка под ключ,благоустройство участка,S1,S1,transactional,commercial_research,4,https://avito.ru/yaroslavl/predlozheniya_uslug/|https://exp76.ru/|https://uslugi.yandex.ru/16-yaroslavl/category/|https://yaroslavl.blago-s.ru/,manual_review,hold_current_url,serp_pair_pending_review,pending,,same-service SERP pair meets the explicit manual-review threshold; the existing owner is held and no split or new URL is approved
PAIR-BD34C52AC9BF,Q000004,Q000006,благоустройство дачного участка под ключ,благоустройство участка участка ярославль,S1,S1,transactional,commercial_research,5,https://avito.ru/yaroslavl/predlozheniya_uslug/|https://exp76.ru/|https://uslugi.yandex.ru/16-yaroslavl/category/|https://yaroslavl.blago-s.ru/|https://yaroslavl.dizajn-landshaftnyj.ru/blagoustrojstvo-uchastka/,manual_review,hold_current_url,serp_pair_pending_review,pending,,same-service SERP pair meets the explicit manual-review threshold; the existing owner is held and no split or new URL is approved
PAIR-D66CE5353E52,Q000004,Q000007,благоустройство дачного участка под ключ,благоустройство участка ярославская область,S1,S1,transactional,commercial_research,3,https://exp76.ru/|https://uslugi.yandex.ru/16-yaroslavl/category/|https://yaroslavl.blago-s.ru/,manual_review,hold_current_url,serp_pair_pending_review,pending,,same-service SERP pair meets the explicit manual-review threshold; the existing owner is held and no split or new URL is approved
PAIR-A3A22B222A69,Q000004,Q000008,благоустройство дачного участка под ключ,благоустройство участков ярославль,S1,S1,transactional,commercial_research,4,https://avito.ru/yaroslavl/predlozheniya_uslug/|https://exp76.ru/|https://uslugi.yandex.ru/16-yaroslavl/category/|https://yaroslavl.blago-s.ru/,manual_review,hold_current_url,serp_pair_pending_review,pending,,same-service SERP pair meets the explicit manual-review threshold; the existing owner is held and no split or new URL is approved
PAIR-085510987278,Q000004,Q000009,благоустройство дачного участка под ключ,благоучтройство дачного участка в ярославской области,S1,S1,transactional,commercial_research,3,https://uslugi.yandex.ru/16-yaroslavl/category/|https://yaroslavl.blago-s.ru/|https://yaroslavl.dizajn-landshaftnyj.ru/blagoustrojstvo-uchastka/,manual_review,hold_current_url,serp_pair_pending_review,pending,,same-service SERP pair meets the explicit manual-review threshold; the existing owner is held and no split or new URL is approved
PAIR-09F402336907,Q000004,Q000010,благоустройство дачного участка под ключ,дизайн проект участка,S1,S1,transactional,commercial_research,3,https://avito.ru/yaroslavl/predlozheniya_uslug/|https://uslugi.yandex.ru/16-yaroslavl/category/|https://yaroslavl.mslandshaft.ru/,manual_review,hold_current_url,serp_pair_pending_review,pending,,same-service SERP pair meets the explicit manual-review threshold; the existing owner is held and no split or new URL is approved
PAIR-1A2555073A36,Q000004,Q000011,благоустройство дачного участка под ключ,заказать дизайн проект участка,S1,S1,transactional,transactional,3,https://avito.ru/yaroslavl/predlozheniya_uslug/|https://uslugi.yandex.ru/16-yaroslavl/category/|https://yaroslavl.mslandshaft.ru/,manual_review,hold_current_url,serp_pair_pending_review,pending,,same-service SERP pair meets the explicit manual-review threshold; the existing owner is held and no split or new URL is approved
PAIR-BEBF5AFB9C26,Q000004,Q000015,благоустройство дачного участка под ключ,комплексное благоустройство частных территорий,S1,S1,transactional,commercial_research,5,https://avito.ru/yaroslavl/predlozheniya_uslug/|https://exp76.ru/|https://uslugi.yandex.ru/16-yaroslavl/category/|https://yaroslavl.blago-s.ru/|https://yaroslavl.mslandshaft.ru/,manual_review,hold_current_url,serp_pair_pending_review,pending,,same-service SERP pair meets the explicit manual-review threshold; the existing owner is held and no split or new URL is approved
PAIR-A3BB22B223E1,Q000004,Q000017,благоустройство дачного участка под ключ,ландшафтная компания эксперты,S1,S1,transactional,commercial_research,2,https://exp76.ru/|https://uslugi.yandex.ru/16-yaroslavl/category/,manual_review,hold_current_url,serp_pair_pending_review,pending,,same-service SERP pair meets the explicit manual-review threshold; the existing owner is held and no split or new URL is approved
PAIR-D9A358CB238B,Q000004,Q000019,благоустройство дачного участка под ключ,ландшафтное проектирование участка,S1,S1,transactional,commercial_research,2,https://uslugi.yandex.ru/16-yaroslavl/category/|https://yaroslavl.mslandshaft.ru/,manual_review,hold_current_url,serp_pair_pending_review,pending,,same-service SERP pair meets the explicit manual-review threshold; the existing owner is held and no split or new URL is approved
PAIR-FC38935458C1,Q000004,Q000024,благоустройство дачного участка под ключ,ландшафтный дизайн участка,S1,S1,transactional,commercial_research,2,https://avito.ru/yaroslavl/predlozheniya_uslug/|https://yaroslavl.mslandshaft.ru/,manual_review,hold_current_url,serp_pair_pending_review,pending,,same-service SERP pair meets the explicit manual-review threshold; the existing owner is held and no split or new URL is approved
PAIR-AECC2DACF327,Q000004,Q000027,благоустройство дачного участка под ключ,прейскурант цен на благоустройство придомовой территории в ярославской области,S1,S1,transactional,commercial_research,2,https://avito.ru/yaroslavl/predlozheniya_uslug/|https://uslugi.yandex.ru/16-yaroslavl/category/,manual_review,hold_current_url,serp_pair_pending_review,pending,,same-service SERP pair meets the explicit manual-review threshold; the existing owner is held and no split or new URL is approved
PAIR-1BB123E9828A,Q000004,Q000028,благоустройство дачного участка под ключ,проект благоустройства участка,S1,S1,transactional,commercial_research,2,https://avito.ru/yaroslavl/predlozheniya_uslug/|https://yaroslavl.blago-s.ru/,manual_review,hold_current_url,serp_pair_pending_review,pending,,same-service SERP pair meets the explicit manual-review threshold; the existing owner is held and no split or new URL is approved
PAIR-F00A384558CE,Q000004,Q000030,благоустройство дачного участка под ключ,сайты благоустройства участков,S1,S1,transactional,commercial_research,4,https://avito.ru/yaroslavl/predlozheniya_uslug/|https://exp76.ru/|https://uslugi.yandex.ru/16-yaroslavl/category/|https://yaroslavl.blago-s.ru/,manual_review,hold_current_url,serp_pair_pending_review,pending,,same-service SERP pair meets the explicit manual-review threshold; the existing owner is held and no split or new URL is approved
PAIR-A90E2AE44885,Q000004,Q000032,благоустройство дачного участка под ключ,стоимость работ по благоустройству территории ярославль,S1,S1,transactional,transactional,3,https://avito.ru/yaroslavl/predlozheniya_uslug/|https://avito.ru/yaroslavl/predlozheniya_uslug/sad_blagoustroystvo-ASgBAgICAUSYC8KfAQ/|https://uslugi.yandex.ru/16-yaroslavl/category/,manual_review,hold_current_url,serp_pair_pending_review,pending,,same-service SERP pair meets the explicit manual-review threshold; the existing owner is held and no split or new URL is approved
PAIR-B873CE9E47F0,Q000004,Q000033,благоустройство дачного участка под ключ,стоимость реализации проекта обустройства частного участка в ярославской области компании,S1,S1,transactional,transactional,2,https://avito.ru/yaroslavl/predlozheniya_uslug/|https://uslugi.yandex.ru/16-yaroslavl/category/,manual_review,hold_current_url,serp_pair_pending_review,pending,,same-service SERP pair meets the explicit manual-review threshold; the existing owner is held and no split or new URL is approved
PAIR-F6F188D24888,Q000004,Q000035,благоустройство дачного участка под ключ,цены на работу по благоустройству,S1,S1,transactional,transactional,2,https://avito.ru/yaroslavl/predlozheniya_uslug/|https://uslugi.yandex.ru/16-yaroslavl/category/,manual_review,hold_current_url,serp_pair_pending_review,pending,,same-service SERP pair meets the explicit manual-review threshold; the existing owner is held and no split or new URL is approved
PAIR-42E387D2E1B5,Q000004,Q000040,благоустройство дачного участка под ключ,газон под ключ,S1,S2,transactional,transactional,2,https://avito.ru/yaroslavl/predlozheniya_uslug/|https://avito.ru/yaroslavl/predlozheniya_uslug/sad_blagoustroystvo-ASgBAgICAUSYC8KfAQ/,owner_boundary_split,hold_distinct_service_owners,cross_service_owner_boundary_reviewed,reviewed,policy_scope_owner,cross-service SERP pair meets a merge or manual-review threshold; the approved S1-S8 service-owner boundary prevents an automatic merge or reassignment
PAIR-271822D0FB4C,Q000004,Q000042,благоустройство дачного участка под ключ,газон под ключ полесье ярославль,S1,S2,transactional,transactional,2,https://avito.ru/yaroslavl/predlozheniya_uslug/|https://avito.ru/yaroslavl/predlozheniya_uslug/sad_blagoustroystvo-ASgBAgICAUSYC8KfAQ/,owner_boundary_split,hold_distinct_service_owners,cross_service_owner_boundary_reviewed,reviewed,policy_scope_owner,cross-service SERP pair meets a merge or manual-review threshold; the approved S1-S8 service-owner boundary prevents an automatic merge or reassignment
PAIR-44829E59C81D,Q000004,Q000043,благоустройство дачного участка под ключ,газон под ключ цена,S1,S2,transactional,transactional,2,https://avito.ru/yaroslavl/predlozheniya_uslug/|https://avito.ru/yaroslavl/predlozheniya_uslug/sad_blagoustroystvo-ASgBAgICAUSYC8KfAQ/,owner_boundary_split,hold_distinct_service_owners,cross_service_owner_boundary_reviewed,reviewed,policy_scope_owner,cross-service SERP pair meets a merge or manual-review threshold; the approved S1-S8 service-owner boundary prevents an automatic merge or reassignment
PAIR-630B19C7ABEE,Q000004,Q000046,благоустройство дачного участка под ключ,полив газонов ярославль,S1,S2,transactional,commercial_research,3,https://avito.ru/yaroslavl/predlozheniya_uslug/|https://avito.ru/yaroslavl/predlozheniya_uslug/sad_blagoustroystvo-ASgBAgICAUSYC8KfAQ/|https://uslugi.yandex.ru/16-yaroslavl/category/,owner_boundary_split,hold_distinct_service_owners,cross_service_owner_boundary_reviewed,reviewed,policy_scope_owner,cross-service SERP pair meets a merge or manual-review threshold; the approved S1-S8 service-owner boundary prevents an automatic merge or reassignment
PAIR-8C754403FC12,Q000004,Q000048,благоустройство дачного участка под ключ,посевной газон под ключ г ярославль ул магистральная 7 7,S1,S2,transactional,transactional,2,https://avito.ru/yaroslavl/predlozheniya_uslug/|https://avito.ru/yaroslavl/predlozheniya_uslug/sad_blagoustroystvo-ASgBAgICAUSYC8KfAQ/,owner_boundary_split,hold_distinct_service_owners,cross_service_owner_boundary_reviewed,reviewed,policy_scope_owner,cross-service SERP pair meets a merge or manual-review threshold; the approved S1-S8 service-owner boundary prevents an automatic merge or reassignment
PAIR-2C4B99ED55E6,Q000004,Q000057,благоустройство дачного участка под ключ,устройство газона,S1,S2,transactional,transactional,2,https://avito.ru/yaroslavl/predlozheniya_uslug/|https://uslugi.yandex.ru/16-yaroslavl/category/,owner_boundary_split,hold_distinct_service_owners,cross_service_owner_boundary_reviewed,reviewed,policy_scope_owner,cross-service SERP pair meets a merge or manual-review threshold; the approved S1-S8 service-owner boundary prevents an automatic merge or reassignment
PAIR-E2941CA0CD8A,Q000004,Q000060,благоустройство дачного участка под ключ,заказать посадку дерева,S1,S3,transactional,transactional,3,https://avito.ru/yaroslavl/predlozheniya_uslug/|https://avito.ru/yaroslavl/predlozheniya_uslug/sad_blagoustroystvo-ASgBAgICAUSYC8KfAQ/|https://uslugi.yandex.ru/16-yaroslavl/category/,owner_boundary_split,hold_distinct_service_owners,cross_service_owner_boundary_reviewed,reviewed,policy_scope_owner,cross-service SERP pair meets a merge or manual-review threshold; the approved S1-S8 service-owner boundary prevents an automatic merge or reassignment
PAIR-8190D709308D,Q000004,Q000062,благоустройство дачного участка под ключ,озеленение участка под ключ и благоустройство ярославль,S1,S3,transactional,transactional,2,https://avito.ru/yaroslavl/predlozheniya_uslug/|https://yaroslavl.blago-s.ru/,owner_boundary_split,hold_distinct_service_owners,cross_service_owner_boundary_reviewed,reviewed,policy_scope_owner,cross-service SERP pair meets a merge or manual-review threshold; the approved S1-S8 service-owner boundary prevents an automatic merge or reassignment
PAIR-90FDEEE10816,Q000004,Q000067,благоустройство дачного участка под ключ,стоимость посадки деревьев,S1,S3,transactional,transactional,2,https://avito.ru/yaroslavl/predlozheniya_uslug/|https://uslugi.yandex.ru/16-yaroslavl/category/,owner_boundary_split,hold_distinct_service_owners,cross_service_owner_boundary_reviewed,reviewed,policy_scope_owner,cross-service SERP pair meets a merge or manual-review threshold; the approved S1-S8 service-owner boundary prevents an automatic merge or reassignment
PAIR-12833B5821E9,Q000004,Q000068,благоустройство дачного участка под ключ,услуги по выбору и посадке фруктовых деревьев в ярославле,S1,S3,transactional,transactional,2,https://avito.ru/yaroslavl/predlozheniya_uslug/|https://uslugi.yandex.ru/16-yaroslavl/category/,owner_boundary_split,hold_distinct_service_owners,cross_service_owner_boundary_reviewed,reviewed,policy_scope_owner,cross-service SERP pair meets a merge or manual-review threshold; the approved S1-S8 service-owner boundary prevents an automatic merge or reassignment
PAIR-5B22C9A7CB17,Q000004,Q000069,благоустройство дачного участка под ключ,заказать обрезку деревьев,S1,S4,transactional,transactional,3,https://avito.ru/yaroslavl/predlozheniya_uslug/|https://avito.ru/yaroslavl/predlozheniya_uslug/sad_blagoustroystvo-ASgBAgICAUSYC8KfAQ/|https://uslugi.yandex.ru/16-yaroslavl/category/,owner_boundary_split,hold_distinct_service_owners,cross_service_owner_boundary_reviewed,reviewed,policy_scope_owner,cross-service SERP pair meets a merge or manual-review threshold; the approved S1-S8 service-owner boundary prevents an automatic merge or reassignment
PAIR-13BE5B378E0F,Q000004,Q000079,благоустройство дачного участка под ключ,уход за садом цена,S1,S4,transactional,transactional,3,https://avito.ru/yaroslavl/predlozheniya_uslug/|https://avito.ru/yaroslavl/predlozheniya_uslug/sad_blagoustroystvo-ASgBAgICAUSYC8KfAQ/|https://uslugi.yandex.ru/16-yaroslavl/category/,owner_boundary_split,hold_distinct_service_owners,cross_service_owner_boundary_reviewed,reviewed,policy_scope_owner,cross-service SERP pair meets a merge or manual-review threshold; the approved S1-S8 service-owner boundary prevents an automatic merge or reassignment
PAIR-41E80BCCF49D,Q000004,Q000081,благоустройство дачного участка под ключ,выравнивание участка,S1,S5,transactional,commercial_research,2,https://avito.ru/yaroslavl/predlozheniya_uslug/|https://uslugi.yandex.ru/16-yaroslavl/category/,owner_boundary_split,hold_distinct_service_owners,cross_service_owner_boundary_reviewed,reviewed,policy_scope_owner,cross-service SERP pair meets a merge or manual-review threshold; the approved S1-S8 service-owner boundary prevents an automatic merge or reassignment
PAIR-FCABB22F6590,Q000004,Q000082,благоустройство дачного участка под ключ,выравнивание участка цена,S1,S5,transactional,transactional,2,https://avito.ru/yaroslavl/predlozheniya_uslug/|https://uslugi.yandex.ru/16-yaroslavl/category/,owner_boundary_split,hold_distinct_service_owners,cross_service_owner_boundary_reviewed,reviewed,policy_scope_owner,cross-service SERP pair meets a merge or manual-review threshold; the approved S1-S8 service-owner boundary prevents an automatic merge or reassignment
PAIR-56F6A5E19651,Q000004,Q000083,благоустройство дачного участка под ключ,выравнивание участка ярославль,S1,S5,transactional,commercial_research,2,https://avito.ru/yaroslavl/predlozheniya_uslug/|https://uslugi.yandex.ru/16-yaroslavl/category/,owner_boundary_split,hold_distinct_service_owners,cross_service_owner_boundary_reviewed,reviewed,policy_scope_owner,cross-service SERP pair meets a merge or manual-review threshold; the approved S1-S8 service-owner boundary prevents an automatic merge or reassignment
PAIR-6A72512A63EA,Q000004,Q000088,благоустройство дачного участка под ключ,заказать выравнивание участка,S1,S5,transactional,transactional,2,https://avito.ru/yaroslavl/predlozheniya_uslug/|https://uslugi.yandex.ru/16-yaroslavl/category/,owner_boundary_split,hold_distinct_service_owners,cross_service_owner_boundary_reviewed,reviewed,policy_scope_owner,cross-service SERP pair meets a merge or manual-review threshold; the approved S1-S8 service-owner boundary prevents an automatic merge or reassignment
PAIR-796C8B755EEB,Q000004,Q000089,благоустройство дачного участка под ключ,заказать планировку участка,S1,S5,transactional,transactional,2,https://avito.ru/yaroslavl/predlozheniya_uslug/|https://uslugi.yandex.ru/16-yaroslavl/category/,owner_boundary_split,hold_distinct_service_owners,cross_service_owner_boundary_reviewed,reviewed,policy_scope_owner,cross-service SERP pair meets a merge or manual-review threshold; the approved S1-S8 service-owner boundary prevents an automatic merge or reassignment
PAIR-8DEBF0BA4383,Q000004,Q000093,благоустройство дачного участка под ключ,планировка территории цена,S1,S5,transactional,transactional,2,https://avito.ru/yaroslavl/predlozheniya_uslug/|https://uslugi.yandex.ru/16-yaroslavl/category/,owner_boundary_split,hold_distinct_service_owners,cross_service_owner_boundary_reviewed,reviewed,policy_scope_owner,cross-service SERP pair meets a merge or manual-review threshold; the approved S1-S8 service-owner boundary prevents an automatic merge or reassignment
PAIR-C6BF8C8DBCCE,Q000004,Q000097,благоустройство дачного участка под ключ,планировка участка цена,S1,S5,transactional,transactional,2,https://avito.ru/yaroslavl/predlozheniya_uslug/|https://uslugi.yandex.ru/16-yaroslavl/category/,owner_boundary_split,hold_distinct_service_owners,cross_service_owner_boundary_reviewed,reviewed,policy_scope_owner,cross-service SERP pair meets a merge or manual-review threshold; the approved S1-S8 service-owner boundary prevents an automatic merge or reassignment
PAIR-3F3EBC509E5B,Q000004,Q000098,благоустройство дачного участка под ключ,планировка участка ярославль,S1,S5,transactional,commercial_research,2,https://avito.ru/yaroslavl/predlozheniya_uslug/|https://uslugi.yandex.ru/16-yaroslavl/category/,owner_boundary_split,hold_distinct_service_owners,cross_service_owner_boundary_reviewed,reviewed,policy_scope_owner,cross-service SERP pair meets a merge or manual-review threshold; the approved S1-S8 service-owner boundary prevents an automatic merge or reassignment
PAIR-F9EE0C610548,Q000004,Q000116,благоустройство дачного участка под ключ,въезд на участок цена,S1,S8,transactional,transactional,2,https://avito.ru/yaroslavl/predlozheniya_uslug/|https://uslugi.yandex.ru/16-yaroslavl/category/,owner_boundary_split,hold_distinct_service_owners,cross_service_owner_boundary_reviewed,reviewed,policy_scope_owner,cross-service SERP pair meets a merge or manual-review threshold; the approved S1-S8 service-owner boundary prevents an automatic merge or reassignment
PAIR-FF4936B0D151,Q000004,Q000119,благоустройство дачного участка под ключ,въезд через канаву под ключ,S1,S8,transactional,transactional,2,https://avito.ru/yaroslavl/predlozheniya_uslug/|https://uslugi.yandex.ru/16-yaroslavl/category/,owner_boundary_split,hold_distinct_service_owners,cross_service_owner_boundary_reviewed,reviewed,policy_scope_owner,cross-service SERP pair meets a merge or manual-review threshold; the approved S1-S8 service-owner boundary prevents an automatic merge or reassignment
PAIR-E851F76D775C,Q000004,Q000120,благоустройство дачного участка под ключ,въезд через канаву цена,S1,S8,transactional,transactional,2,https://avito.ru/yaroslavl/predlozheniya_uslug/|https://uslugi.yandex.ru/16-yaroslavl/category/,owner_boundary_split,hold_distinct_service_owners,cross_service_owner_boundary_reviewed,reviewed,policy_scope_owner,cross-service SERP pair meets a merge or manual-review threshold; the approved S1-S8 service-owner boundary prevents an automatic merge or reassignment
PAIR-1FD54DFA816B,Q000004,Q000122,благоустройство дачного участка под ключ,заезд на участок под ключ,S1,S8,transactional,transactional,3,https://avito.ru/yaroslavl/predlozheniya_uslug/|https://avito.ru/yaroslavl/predlozheniya_uslug/sad_blagoustroystvo-ASgBAgICAUSYC8KfAQ/|https://uslugi.yandex.ru/16-yaroslavl/category/,owner_boundary_split,hold_distinct_service_owners,cross_service_owner_boundary_reviewed,reviewed,policy_scope_owner,cross-service SERP pair meets a merge or manual-review threshold; the approved S1-S8 service-owner boundary prevents an automatic merge or reassignment
PAIR-D17AB68D30B9,Q000004,Q000124,благоустройство дачного участка под ключ,заезд на участок цена,S1,S8,transactional,transactional,2,https://avito.ru/yaroslavl/predlozheniya_uslug/|https://uslugi.yandex.ru/16-yaroslavl/category/,owner_boundary_split,hold_distinct_service_owners,cross_service_owner_boundary_reviewed,reviewed,policy_scope_owner,cross-service SERP pair meets a merge or manual-review threshold; the approved S1-S8 service-owner boundary prevents an automatic merge or reassignment
PAIR-557DFA331EC3,Q000004,Q000125,благоустройство дачного участка под ключ,заезд на участок через канаву в тутаеве,S1,S8,transactional,commercial_research,2,https://avito.ru/yaroslavl/predlozheniya_uslug/|https://uslugi.yandex.ru/16-yaroslavl/category/,owner_boundary_split,hold_distinct_service_owners,cross_service_owner_boundary_reviewed,reviewed,policy_scope_owner,cross-service SERP pair meets a merge or manual-review threshold; the approved S1-S8 service-owner boundary prevents an automatic merge or reassignment
PAIR-70DA49B653AC,Q000004,Q000126,благоустройство дачного участка под ключ,заезд на участок через канаву под ключ,S1,S8,transactional,transactional,2,https://avito.ru/yaroslavl/predlozheniya_uslug/|https://uslugi.yandex.ru/16-yaroslavl/category/,owner_boundary_split,hold_distinct_service_owners,cross_service_owner_boundary_reviewed,reviewed,policy_scope_owner,cross-service SERP pair meets a merge or manual-review threshold; the approved S1-S8 service-owner boundary prevents an automatic merge or reassignment
PAIR-6D653CADF242,Q000004,Q000128,благоустройство дачного участка под ключ,заезд на участок через канаву под ключ тутаев,S1,S8,transactional,transactional,2,https://avito.ru/yaroslavl/predlozheniya_uslug/|https://uslugi.yandex.ru/16-yaroslavl/category/,owner_boundary_split,hold_distinct_service_owners,cross_service_owner_boundary_reviewed,reviewed,policy_scope_owner,cross-service SERP pair meets a merge or manual-review threshold; the approved S1-S8 service-owner boundary prevents an automatic merge or reassignment
PAIR-7D6F646149CD,Q000004,Q000129,благоустройство дачного участка под ключ,заезд на участок через канаву под ключ ярославль,S1,S8,transactional,transactional,2,https://avito.ru/yaroslavl/predlozheniya_uslug/|https://uslugi.yandex.ru/16-yaroslavl/category/,owner_boundary_split,hold_distinct_service_owners,cross_service_owner_boundary_reviewed,reviewed,policy_scope_owner,cross-service SERP pair meets a merge or manual-review threshold; the approved S1-S8 service-owner boundary prevents an automatic merge or reassignment
PAIR-27D34413A29F,Q000004,Q000131,благоустройство дачного участка под ключ,заезд на участок через канаву цена,S1,S8,transactional,transactional,2,https://avito.ru/yaroslavl/predlozheniya_uslug/|https://uslugi.yandex.ru/16-yaroslavl/category/,owner_boundary_split,hold_distinct_service_owners,cross_service_owner_boundary_reviewed,reviewed,policy_scope_owner,cross-service SERP pair meets a merge or manual-review threshold; the approved S1-S8 service-owner boundary prevents an automatic merge or reassignment
PAIR-CE49FEC05D89,Q000004,Q000133,благоустройство дачного участка под ключ,заезд через канаву на участок,S1,S8,transactional,commercial_research,2,https://avito.ru/yaroslavl/predlozheniya_uslug/|https://uslugi.yandex.ru/16-yaroslavl/category/,owner_boundary_split,hold_distinct_service_owners,cross_service_owner_boundary_reviewed,reviewed,policy_scope_owner,cross-service SERP pair meets a merge or manual-review threshold; the approved S1-S8 service-owner boundary prevents an automatic merge or reassignment
PAIR-1209AB005D81,Q000004,Q000135,благоустройство дачного участка под ключ,заказать въезд на участок,S1,S8,transactional,transactional,2,https://avito.ru/yaroslavl/predlozheniya_uslug/|https://uslugi.yandex.ru/16-yaroslavl/category/,owner_boundary_split,hold_distinct_service_owners,cross_service_owner_boundary_reviewed,reviewed,policy_scope_owner,cross-service SERP pair meets a merge or manual-review threshold; the approved S1-S8 service-owner boundary prevents an automatic merge or reassignment
PAIR-3A4C78B4DD74,Q000004,Q000141,благоустройство дачного участка под ключ,ярославская область сделать въезд в канаву,S1,S8,transactional,commercial_research,2,https://avito.ru/yaroslavl/predlozheniya_uslug/|https://uslugi.yandex.ru/16-yaroslavl/category/,owner_boundary_split,hold_distinct_service_owners,cross_service_owner_boundary_reviewed,reviewed,policy_scope_owner,cross-service SERP pair meets a merge or manual-review threshold; the approved S1-S8 service-owner boundary prevents an automatic merge or reassignment
PAIR-8348965A5EB5,Q000005,Q000009,благоустройство участка,благоучтройство дачного участка в ярославской области,S1,S1,commercial_research,commercial_research,3,https://atlant76.com/landshaftnye-raboty/|https://uslugi.yandex.ru/16-yaroslavl/category/|https://yaroslavl.blago-s.ru/,manual_review,hold_current_url,serp_pair_pending_review,pending,,same-service SERP pair meets the explicit manual-review threshold; the existing owner is held and no split or new URL is approved
PAIR-E541C5AF631A,Q000005,Q000010,благоустройство участка,дизайн проект участка,S1,S1,commercial_research,commercial_research,2,https://avito.ru/yaroslavl/predlozheniya_uslug/|https://uslugi.yandex.ru/16-yaroslavl/category/,manual_review,hold_current_url,serp_pair_pending_review,pending,,same-service SERP pair meets the explicit manual-review threshold; the existing owner is held and no split or new URL is approved
PAIR-0BFC66C22F70,Q000005,Q000011,благоустройство участка,заказать дизайн проект участка,S1,S1,commercial_research,transactional,3,https://avito.ru/yaroslavl/predlozheniya_uslug/|https://om-garden.ru/|https://uslugi.yandex.ru/16-yaroslavl/category/,manual_review,hold_current_url,serp_pair_pending_review,pending,,same-service SERP pair meets the explicit manual-review threshold; the existing owner is held and no split or new URL is approved
PAIR-B14F6CD90FA6,Q000005,Q000017,благоустройство участка,ландшафтная компания эксперты,S1,S1,commercial_research,commercial_research,2,https://exp76.ru/|https://uslugi.yandex.ru/16-yaroslavl/category/,manual_review,hold_current_url,serp_pair_pending_review,pending,,same-service SERP pair meets the explicit manual-review threshold; the existing owner is held and no split or new URL is approved
PAIR-B31308CEBD30,Q000005,Q000025,благоустройство участка,ландшафтный дизайнер коприно,S1,S1,commercial_research,commercial_research,2,https://exp76.ru/|https://om-garden.ru/,manual_review,hold_current_url,serp_pair_pending_review,pending,,same-service SERP pair meets the explicit manual-review threshold; the existing owner is held and no split or new URL is approved
PAIR-A4C9044CB53A,Q000005,Q000027,благоустройство участка,прейскурант цен на благоустройство придомовой территории в ярославской области,S1,S1,commercial_research,commercial_research,2,https://avito.ru/yaroslavl/predlozheniya_uslug/|https://uslugi.yandex.ru/16-yaroslavl/category/,manual_review,hold_current_url,serp_pair_pending_review,pending,,same-service SERP pair meets the explicit manual-review threshold; the existing owner is held and no split or new URL is approved
PAIR-1FE4FD0F65E3,Q000005,Q000028,благоустройство участка,проект благоустройства участка,S1,S1,commercial_research,commercial_research,3,https://avito.ru/yaroslavl/predlozheniya_uslug/|https://dzen.ru/a/amH4nZcZkS4zKha-/|https://yaroslavl.blago-s.ru/,manual_review,hold_current_url,serp_pair_pending_review,pending,,same-service SERP pair meets the explicit manual-review threshold; the existing owner is held and no split or new URL is approved
PAIR-65FE36ADEFC8,Q000005,Q000032,благоустройство участка,стоимость работ по благоустройству территории ярославль,S1,S1,commercial_research,transactional,2,https://avito.ru/yaroslavl/predlozheniya_uslug/|https://uslugi.yandex.ru/16-yaroslavl/category/,manual_review,hold_current_url,serp_pair_pending_review,pending,,same-service SERP pair meets the explicit manual-review threshold; the existing owner is held and no split or new URL is approved
PAIR-58AC2FDA8689,Q000005,Q000033,благоустройство участка,стоимость реализации проекта обустройства частного участка в ярославской области компании,S1,S1,commercial_research,transactional,2,https://avito.ru/yaroslavl/predlozheniya_uslug/|https://uslugi.yandex.ru/16-yaroslavl/category/,manual_review,hold_current_url,serp_pair_pending_review,pending,,same-service SERP pair meets the explicit manual-review threshold; the existing owner is held and no split or new URL is approved
PAIR-415F64C62578,Q000005,Q000035,благоустройство участка,цены на работу по благоустройству,S1,S1,commercial_research,transactional,2,https://avito.ru/yaroslavl/predlozheniya_uslug/|https://uslugi.yandex.ru/16-yaroslavl/category/,manual_review,hold_current_url,serp_pair_pending_review,pending,,same-service SERP pair meets the explicit manual-review threshold; the existing owner is held and no split or new URL is approved
PAIR-BBE9884847C6,Q000005,Q000046,благоустройство участка,полив газонов ярославль,S1,S2,commercial_research,commercial_research,2,https://avito.ru/yaroslavl/predlozheniya_uslug/|https://uslugi.yandex.ru/16-yaroslavl/category/,owner_boundary_split,hold_distinct_service_owners,cross_service_owner_boundary_reviewed,reviewed,policy_scope_owner,cross-service SERP pair meets a merge or manual-review threshold; the approved S1-S8 service-owner boundary prevents an automatic merge or reassignment
PAIR-BD28D6CAFCBE,Q000005,Q000057,благоустройство участка,устройство газона,S1,S2,commercial_research,transactional,2,https://avito.ru/yaroslavl/predlozheniya_uslug/|https://uslugi.yandex.ru/16-yaroslavl/category/,owner_boundary_split,hold_distinct_service_owners,cross_service_owner_boundary_reviewed,reviewed,policy_scope_owner,cross-service SERP pair meets a merge or manual-review threshold; the approved S1-S8 service-owner boundary prevents an automatic merge or reassignment
PAIR-827F47481650,Q000005,Q000060,благоустройство участка,заказать посадку дерева,S1,S3,commercial_research,transactional,2,https://avito.ru/yaroslavl/predlozheniya_uslug/|https://uslugi.yandex.ru/16-yaroslavl/category/,owner_boundary_split,hold_distinct_service_owners,cross_service_owner_boundary_reviewed,reviewed,policy_scope_owner,cross-service SERP pair meets a merge or manual-review threshold; the approved S1-S8 service-owner boundary prevents an automatic merge or reassignment
PAIR-5B833C9F70F1,Q000005,Q000062,благоустройство участка,озеленение участка под ключ и благоустройство ярославль,S1,S3,commercial_research,transactional,3,https://atlant76.com/landshaftnye-raboty/|https://avito.ru/yaroslavl/predlozheniya_uslug/|https://yaroslavl.blago-s.ru/,owner_boundary_split,hold_distinct_service_owners,cross_service_owner_boundary_reviewed,reviewed,policy_scope_owner,cross-service SERP pair meets a merge or manual-review threshold; the approved S1-S8 service-owner boundary prevents an automatic merge or reassignment
PAIR-2E44EAF6E9C6,Q000005,Q000067,благоустройство участка,стоимость посадки деревьев,S1,S3,commercial_research,transactional,2,https://avito.ru/yaroslavl/predlozheniya_uslug/|https://uslugi.yandex.ru/16-yaroslavl/category/,owner_boundary_split,hold_distinct_service_owners,cross_service_owner_boundary_reviewed,reviewed,policy_scope_owner,cross-service SERP pair meets a merge or manual-review threshold; the approved S1-S8 service-owner boundary prevents an automatic merge or reassignment
PAIR-37E0E10597C2,Q000005,Q000068,благоустройство участка,услуги по выбору и посадке фруктовых деревьев в ярославле,S1,S3,commercial_research,transactional,2,https://avito.ru/yaroslavl/predlozheniya_uslug/|https://uslugi.yandex.ru/16-yaroslavl/category/,owner_boundary_split,hold_distinct_service_owners,cross_service_owner_boundary_reviewed,reviewed,policy_scope_owner,cross-service SERP pair meets a merge or manual-review threshold; the approved S1-S8 service-owner boundary prevents an automatic merge or reassignment
PAIR-845BD49A17CC,Q000005,Q000069,благоустройство участка,заказать обрезку деревьев,S1,S4,commercial_research,transactional,2,https://avito.ru/yaroslavl/predlozheniya_uslug/|https://uslugi.yandex.ru/16-yaroslavl/category/,owner_boundary_split,hold_distinct_service_owners,cross_service_owner_boundary_reviewed,reviewed,policy_scope_owner,cross-service SERP pair meets a merge or manual-review threshold; the approved S1-S8 service-owner boundary prevents an automatic merge or reassignment
PAIR-BDA748E2D2F1,Q000005,Q000079,благоустройство участка,уход за садом цена,S1,S4,commercial_research,transactional,2,https://avito.ru/yaroslavl/predlozheniya_uslug/|https://uslugi.yandex.ru/16-yaroslavl/category/,owner_boundary_split,hold_distinct_service_owners,cross_service_owner_boundary_reviewed,reviewed,policy_scope_owner,cross-service SERP pair meets a merge or manual-review threshold; the approved S1-S8 service-owner boundary prevents an automatic merge or reassignment
PAIR-B74ED55DAA94,Q000005,Q000081,благоустройство участка,выравнивание участка,S1,S5,commercial_research,commercial_research,2,https://avito.ru/yaroslavl/predlozheniya_uslug/|https://uslugi.yandex.ru/16-yaroslavl/category/,owner_boundary_split,hold_distinct_service_owners,cross_service_owner_boundary_reviewed,reviewed,policy_scope_owner,cross-service SERP pair meets a merge or manual-review threshold; the approved S1-S8 service-owner boundary prevents an automatic merge or reassignment
PAIR-970F12B41ECB,Q000005,Q000082,благоустройство участка,выравнивание участка цена,S1,S5,commercial_research,transactional,2,https://avito.ru/yaroslavl/predlozheniya_uslug/|https://uslugi.yandex.ru/16-yaroslavl/category/,owner_boundary_split,hold_distinct_service_owners,cross_service_owner_boundary_reviewed,reviewed,policy_scope_owner,cross-service SERP pair meets a merge or manual-review threshold; the approved S1-S8 service-owner boundary prevents an automatic merge or reassignment
PAIR-F1D84F48C41F,Q000005,Q000083,благоустройство участка,выравнивание участка ярославль,S1,S5,commercial_research,commercial_research,2,https://avito.ru/yaroslavl/predlozheniya_uslug/|https://uslugi.yandex.ru/16-yaroslavl/category/,owner_boundary_split,hold_distinct_service_owners,cross_service_owner_boundary_reviewed,reviewed,policy_scope_owner,cross-service SERP pair meets a merge or manual-review threshold; the approved S1-S8 service-owner boundary prevents an automatic merge or reassignment
PAIR-AC01A86362F4,Q000005,Q000088,благоустройство участка,заказать выравнивание участка,S1,S5,commercial_research,transactional,2,https://avito.ru/yaroslavl/predlozheniya_uslug/|https://uslugi.yandex.ru/16-yaroslavl/category/,owner_boundary_split,hold_distinct_service_owners,cross_service_owner_boundary_reviewed,reviewed,policy_scope_owner,cross-service SERP pair meets a merge or manual-review threshold; the approved S1-S8 service-owner boundary prevents an automatic merge or reassignment
PAIR-1E879BF42586,Q000005,Q000089,благоустройство участка,заказать планировку участка,S1,S5,commercial_research,transactional,2,https://avito.ru/yaroslavl/predlozheniya_uslug/|https://uslugi.yandex.ru/16-yaroslavl/category/,owner_boundary_split,hold_distinct_service_owners,cross_service_owner_boundary_reviewed,reviewed,policy_scope_owner,cross-service SERP pair meets a merge or manual-review threshold; the approved S1-S8 service-owner boundary prevents an automatic merge or reassignment
PAIR-DDA7A81EEAFC,Q000005,Q000093,благоустройство участка,планировка территории цена,S1,S5,commercial_research,transactional,2,https://avito.ru/yaroslavl/predlozheniya_uslug/|https://uslugi.yandex.ru/16-yaroslavl/category/,owner_boundary_split,hold_distinct_service_owners,cross_service_owner_boundary_reviewed,reviewed,policy_scope_owner,cross-service SERP pair meets a merge or manual-review threshold; the approved S1-S8 service-owner boundary prevents an automatic merge or reassignment
PAIR-9A09044E27CD,Q000005,Q000097,благоустройство участка,планировка участка цена,S1,S5,commercial_research,transactional,2,https://avito.ru/yaroslavl/predlozheniya_uslug/|https://uslugi.yandex.ru/16-yaroslavl/category/,owner_boundary_split,hold_distinct_service_owners,cross_service_owner_boundary_reviewed,reviewed,policy_scope_owner,cross-service SERP pair meets a merge or manual-review threshold; the approved S1-S8 service-owner boundary prevents an automatic merge or reassignment
PAIR-F1B28D7313E7,Q000005,Q000098,благоустройство участка,планировка участка ярославль,S1,S5,commercial_research,commercial_research,2,https://avito.ru/yaroslavl/predlozheniya_uslug/|https://uslugi.yandex.ru/16-yaroslavl/category/,owner_boundary_split,hold_distinct_service_owners,cross_service_owner_boundary_reviewed,reviewed,policy_scope_owner,cross-service SERP pair meets a merge or manual-review threshold; the approved S1-S8 service-owner boundary prevents an automatic merge or reassignment
PAIR-DD821B584EE2,Q000005,Q000116,благоустройство участка,въезд на участок цена,S1,S8,commercial_research,transactional,2,https://avito.ru/yaroslavl/predlozheniya_uslug/|https://uslugi.yandex.ru/16-yaroslavl/category/,owner_boundary_split,hold_distinct_service_owners,cross_service_owner_boundary_reviewed,reviewed,policy_scope_owner,cross-service SERP pair meets a merge or manual-review threshold; the approved S1-S8 service-owner boundary prevents an automatic merge or reassignment
PAIR-A963B2B3D739,Q000005,Q000119,благоустройство участка,въезд через канаву под ключ,S1,S8,commercial_research,transactional,2,https://avito.ru/yaroslavl/predlozheniya_uslug/|https://uslugi.yandex.ru/16-yaroslavl/category/,owner_boundary_split,hold_distinct_service_owners,cross_service_owner_boundary_reviewed,reviewed,policy_scope_owner,cross-service SERP pair meets a merge or manual-review threshold; the approved S1-S8 service-owner boundary prevents an automatic merge or reassignment
PAIR-8D5665F9A630,Q000005,Q000120,благоустройство участка,въезд через канаву цена,S1,S8,commercial_research,transactional,2,https://avito.ru/yaroslavl/predlozheniya_uslug/|https://uslugi.yandex.ru/16-yaroslavl/category/,owner_boundary_split,hold_distinct_service_owners,cross_service_owner_boundary_reviewed,reviewed,policy_scope_owner,cross-service SERP pair meets a merge or manual-review threshold; the approved S1-S8 service-owner boundary prevents an automatic merge or reassignment
PAIR-223F7AB837DA,Q000005,Q000122,благоустройство участка,заезд на участок под ключ,S1,S8,commercial_research,transactional,2,https://avito.ru/yaroslavl/predlozheniya_uslug/|https://uslugi.yandex.ru/16-yaroslavl/category/,owner_boundary_split,hold_distinct_service_owners,cross_service_owner_boundary_reviewed,reviewed,policy_scope_owner,cross-service SERP pair meets a merge or manual-review threshold; the approved S1-S8 service-owner boundary prevents an automatic merge or reassignment
PAIR-31F8F923B9EE,Q000005,Q000124,благоустройство участка,заезд на участок цена,S1,S8,commercial_research,transactional,2,https://avito.ru/yaroslavl/predlozheniya_uslug/|https://uslugi.yandex.ru/16-yaroslavl/category/,owner_boundary_split,hold_distinct_service_owners,cross_service_owner_boundary_reviewed,reviewed,policy_scope_owner,cross-service SERP pair meets a merge or manual-review threshold; the approved S1-S8 service-owner boundary prevents an automatic merge or reassignment
PAIR-A9E4819D0DEA,Q000005,Q000125,благоустройство участка,заезд на участок через канаву в тутаеве,S1,S8,commercial_research,commercial_research,2,https://avito.ru/yaroslavl/predlozheniya_uslug/|https://uslugi.yandex.ru/16-yaroslavl/category/,owner_boundary_split,hold_distinct_service_owners,cross_service_owner_boundary_reviewed,reviewed,policy_scope_owner,cross-service SERP pair meets a merge or manual-review threshold; the approved S1-S8 service-owner boundary prevents an automatic merge or reassignment
PAIR-D258ADE4C31A,Q000005,Q000126,благоустройство участка,заезд на участок через канаву под ключ,S1,S8,commercial_research,transactional,2,https://avito.ru/yaroslavl/predlozheniya_uslug/|https://uslugi.yandex.ru/16-yaroslavl/category/,owner_boundary_split,hold_distinct_service_owners,cross_service_owner_boundary_reviewed,reviewed,policy_scope_owner,cross-service SERP pair meets a merge or manual-review threshold; the approved S1-S8 service-owner boundary prevents an automatic merge or reassignment
PAIR-516B70B5EE6D,Q000005,Q000128,благоустройство участка,заезд на участок через канаву под ключ тутаев,S1,S8,commercial_research,transactional,2,https://avito.ru/yaroslavl/predlozheniya_uslug/|https://uslugi.yandex.ru/16-yaroslavl/category/,owner_boundary_split,hold_distinct_service_owners,cross_service_owner_boundary_reviewed,reviewed,policy_scope_owner,cross-service SERP pair meets a merge or manual-review threshold; the approved S1-S8 service-owner boundary prevents an automatic merge or reassignment
PAIR-4820647F5CF6,Q000005,Q000129,благоустройство участка,заезд на участок через канаву под ключ ярославль,S1,S8,commercial_research,transactional,2,https://avito.ru/yaroslavl/predlozheniya_uslug/|https://uslugi.yandex.ru/16-yaroslavl/category/,owner_boundary_split,hold_distinct_service_owners,cross_service_owner_boundary_reviewed,reviewed,policy_scope_owner,cross-service SERP pair meets a merge or manual-review threshold; the approved S1-S8 service-owner boundary prevents an automatic merge or reassignment
PAIR-48280C339136,Q000005,Q000131,благоустройство участка,заезд на участок через канаву цена,S1,S8,commercial_research,transactional,2,https://avito.ru/yaroslavl/predlozheniya_uslug/|https://uslugi.yandex.ru/16-yaroslavl/category/,owner_boundary_split,hold_distinct_service_owners,cross_service_owner_boundary_reviewed,reviewed,policy_scope_owner,cross-service SERP pair meets a merge or manual-review threshold; the approved S1-S8 service-owner boundary prevents an automatic merge or reassignment
PAIR-AAE11CE979C3,Q000005,Q000133,благоустройство участка,заезд через канаву на участок,S1,S8,commercial_research,commercial_research,2,https://avito.ru/yaroslavl/predlozheniya_uslug/|https://uslugi.yandex.ru/16-yaroslavl/category/,owner_boundary_split,hold_distinct_service_owners,cross_service_owner_boundary_reviewed,reviewed,policy_scope_owner,cross-service SERP pair meets a merge or manual-review threshold; the approved S1-S8 service-owner boundary prevents an automatic merge or reassignment
PAIR-CEA23DD43068,Q000005,Q000135,благоустройство участка,заказать въезд на участок,S1,S8,commercial_research,transactional,2,https://avito.ru/yaroslavl/predlozheniya_uslug/|https://uslugi.yandex.ru/16-yaroslavl/category/,owner_boundary_split,hold_distinct_service_owners,cross_service_owner_boundary_reviewed,reviewed,policy_scope_owner,cross-service SERP pair meets a merge or manual-review threshold; the approved S1-S8 service-owner boundary prevents an automatic merge or reassignment
PAIR-492DEBB18B2A,Q000005,Q000141,благоустройство участка,ярославская область сделать въезд в канаву,S1,S8,commercial_research,commercial_research,2,https://avito.ru/yaroslavl/predlozheniya_uslug/|https://uslugi.yandex.ru/16-yaroslavl/category/,owner_boundary_split,hold_distinct_service_owners,cross_service_owner_boundary_reviewed,reviewed,policy_scope_owner,cross-service SERP pair meets a merge or manual-review threshold; the approved S1-S8 service-owner boundary prevents an automatic merge or reassignment
PAIR-694589B74D21,Q000006,Q000010,благоустройство участка участка ярославль,дизайн проект участка,S1,S1,commercial_research,commercial_research,2,https://avito.ru/yaroslavl/predlozheniya_uslug/|https://uslugi.yandex.ru/16-yaroslavl/category/,manual_review,hold_current_url,serp_pair_pending_review,pending,,same-service SERP pair meets the explicit manual-review threshold; the existing owner is held and no split or new URL is approved
PAIR-61979998DB0E,Q000006,Q000011,благоустройство участка участка ярославль,заказать дизайн проект участка,S1,S1,commercial_research,transactional,2,https://avito.ru/yaroslavl/predlozheniya_uslug/|https://uslugi.yandex.ru/16-yaroslavl/category/,manual_review,hold_current_url,serp_pair_pending_review,pending,,same-service SERP pair meets the explicit manual-review threshold; the existing owner is held and no split or new URL is approved
PAIR-0D034538ECE4,Q000006,Q000017,благоустройство участка участка ярославль,ландшафтная компания эксперты,S1,S1,commercial_research,commercial_research,2,https://exp76.ru/|https://uslugi.yandex.ru/16-yaroslavl/category/,manual_review,hold_current_url,serp_pair_pending_review,pending,,same-service SERP pair meets the explicit manual-review threshold; the existing owner is held and no split or new URL is approved
PAIR-9D52A088C574,Q000006,Q000027,благоустройство участка участка ярославль,прейскурант цен на благоустройство придомовой территории в ярославской области,S1,S1,commercial_research,commercial_research,2,https://avito.ru/yaroslavl/predlozheniya_uslug/|https://uslugi.yandex.ru/16-yaroslavl/category/,manual_review,hold_current_url,serp_pair_pending_review,pending,,same-service SERP pair meets the explicit manual-review threshold; the existing owner is held and no split or new URL is approved
PAIR-41E2D596D9A3,Q000006,Q000028,благоустройство участка участка ярославль,проект благоустройства участка,S1,S1,commercial_research,commercial_research,2,https://avito.ru/yaroslavl/predlozheniya_uslug/|https://yaroslavl.blago-s.ru/,manual_review,hold_current_url,serp_pair_pending_review,pending,,same-service SERP pair meets the explicit manual-review threshold; the existing owner is held and no split or new URL is approved
PAIR-FB09EDB11ECF,Q000006,Q000032,благоустройство участка участка ярославль,стоимость работ по благоустройству территории ярославль,S1,S1,commercial_research,transactional,2,https://avito.ru/yaroslavl/predlozheniya_uslug/|https://uslugi.yandex.ru/16-yaroslavl/category/,manual_review,hold_current_url,serp_pair_pending_review,pending,,same-service SERP pair meets the explicit manual-review threshold; the existing owner is held and no split or new URL is approved
PAIR-14D457A299BC,Q000006,Q000033,благоустройство участка участка ярославль,стоимость реализации проекта обустройства частного участка в ярославской области компании,S1,S1,commercial_research,transactional,2,https://avito.ru/yaroslavl/predlozheniya_uslug/|https://uslugi.yandex.ru/16-yaroslavl/category/,manual_review,hold_current_url,serp_pair_pending_review,pending,,same-service SERP pair meets the explicit manual-review threshold; the existing owner is held and no split or new URL is approved
PAIR-5066F422331D,Q000006,Q000035,благоустройство участка участка ярославль,цены на работу по благоустройству,S1,S1,commercial_research,transactional,2,https://avito.ru/yaroslavl/predlozheniya_uslug/|https://uslugi.yandex.ru/16-yaroslavl/category/,manual_review,hold_current_url,serp_pair_pending_review,pending,,same-service SERP pair meets the explicit manual-review threshold; the existing owner is held and no split or new URL is approved
PAIR-17C07849CD29,Q000006,Q000046,благоустройство участка участка ярославль,полив газонов ярославль,S1,S2,commercial_research,commercial_research,2,https://avito.ru/yaroslavl/predlozheniya_uslug/|https://uslugi.yandex.ru/16-yaroslavl/category/,owner_boundary_split,hold_distinct_service_owners,cross_service_owner_boundary_reviewed,reviewed,policy_scope_owner,cross-service SERP pair meets a merge or manual-review threshold; the approved S1-S8 service-owner boundary prevents an automatic merge or reassignment
PAIR-AED19F7D3D9F,Q000006,Q000057,благоустройство участка участка ярославль,устройство газона,S1,S2,commercial_research,transactional,2,https://avito.ru/yaroslavl/predlozheniya_uslug/|https://uslugi.yandex.ru/16-yaroslavl/category/,owner_boundary_split,hold_distinct_service_owners,cross_service_owner_boundary_reviewed,reviewed,policy_scope_owner,cross-service SERP pair meets a merge or manual-review threshold; the approved S1-S8 service-owner boundary prevents an automatic merge or reassignment
PAIR-5E27F8AB9833,Q000006,Q000060,благоустройство участка участка ярославль,заказать посадку дерева,S1,S3,commercial_research,transactional,2,https://avito.ru/yaroslavl/predlozheniya_uslug/|https://uslugi.yandex.ru/16-yaroslavl/category/,owner_boundary_split,hold_distinct_service_owners,cross_service_owner_boundary_reviewed,reviewed,policy_scope_owner,cross-service SERP pair meets a merge or manual-review threshold; the approved S1-S8 service-owner boundary prevents an automatic merge or reassignment
PAIR-DE3B7C0EAAAD,Q000006,Q000062,благоустройство участка участка ярославль,озеленение участка под ключ и благоустройство ярославль,S1,S3,commercial_research,transactional,3,https://atlant76.com/landshaftnye-raboty/|https://avito.ru/yaroslavl/predlozheniya_uslug/|https://yaroslavl.blago-s.ru/,owner_boundary_split,hold_distinct_service_owners,cross_service_owner_boundary_reviewed,reviewed,policy_scope_owner,cross-service SERP pair meets a merge or manual-review threshold; the approved S1-S8 service-owner boundary prevents an automatic merge or reassignment
PAIR-652A7043D09A,Q000006,Q000067,благоустройство участка участка ярославль,стоимость посадки деревьев,S1,S3,commercial_research,transactional,2,https://avito.ru/yaroslavl/predlozheniya_uslug/|https://uslugi.yandex.ru/16-yaroslavl/category/,owner_boundary_split,hold_distinct_service_owners,cross_service_owner_boundary_reviewed,reviewed,policy_scope_owner,cross-service SERP pair meets a merge or manual-review threshold; the approved S1-S8 service-owner boundary prevents an automatic merge or reassignment
PAIR-5304F4AD9E92,Q000006,Q000068,благоустройство участка участка ярославль,услуги по выбору и посадке фруктовых деревьев в ярославле,S1,S3,commercial_research,transactional,2,https://avito.ru/yaroslavl/predlozheniya_uslug/|https://uslugi.yandex.ru/16-yaroslavl/category/,owner_boundary_split,hold_distinct_service_owners,cross_service_owner_boundary_reviewed,reviewed,policy_scope_owner,cross-service SERP pair meets a merge or manual-review threshold; the approved S1-S8 service-owner boundary prevents an automatic merge or reassignment
PAIR-EA4384A2B375,Q000006,Q000069,благоустройство участка участка ярославль,заказать обрезку деревьев,S1,S4,commercial_research,transactional,2,https://avito.ru/yaroslavl/predlozheniya_uslug/|https://uslugi.yandex.ru/16-yaroslavl/category/,owner_boundary_split,hold_distinct_service_owners,cross_service_owner_boundary_reviewed,reviewed,policy_scope_owner,cross-service SERP pair meets a merge or manual-review threshold; the approved S1-S8 service-owner boundary prevents an automatic merge or reassignment
PAIR-884A17185730,Q000006,Q000079,благоустройство участка участка ярославль,уход за садом цена,S1,S4,commercial_research,transactional,2,https://avito.ru/yaroslavl/predlozheniya_uslug/|https://uslugi.yandex.ru/16-yaroslavl/category/,owner_boundary_split,hold_distinct_service_owners,cross_service_owner_boundary_reviewed,reviewed,policy_scope_owner,cross-service SERP pair meets a merge or manual-review threshold; the approved S1-S8 service-owner boundary prevents an automatic merge or reassignment
PAIR-7EF3EB5E9922,Q000006,Q000081,благоустройство участка участка ярославль,выравнивание участка,S1,S5,commercial_research,commercial_research,2,https://avito.ru/yaroslavl/predlozheniya_uslug/|https://uslugi.yandex.ru/16-yaroslavl/category/,owner_boundary_split,hold_distinct_service_owners,cross_service_owner_boundary_reviewed,reviewed,policy_scope_owner,cross-service SERP pair meets a merge or manual-review threshold; the approved S1-S8 service-owner boundary prevents an automatic merge or reassignment
PAIR-B8F3428A9C9B,Q000006,Q000082,благоустройство участка участка ярославль,выравнивание участка цена,S1,S5,commercial_research,transactional,2,https://avito.ru/yaroslavl/predlozheniya_uslug/|https://uslugi.yandex.ru/16-yaroslavl/category/,owner_boundary_split,hold_distinct_service_owners,cross_service_owner_boundary_reviewed,reviewed,policy_scope_owner,cross-service SERP pair meets a merge or manual-review threshold; the approved S1-S8 service-owner boundary prevents an automatic merge or reassignment
PAIR-3D437875DD44,Q000006,Q000083,благоустройство участка участка ярославль,выравнивание участка ярославль,S1,S5,commercial_research,commercial_research,2,https://avito.ru/yaroslavl/predlozheniya_uslug/|https://uslugi.yandex.ru/16-yaroslavl/category/,owner_boundary_split,hold_distinct_service_owners,cross_service_owner_boundary_reviewed,reviewed,policy_scope_owner,cross-service SERP pair meets a merge or manual-review threshold; the approved S1-S8 service-owner boundary prevents an automatic merge or reassignment
PAIR-D7AD9F2E4E8E,Q000006,Q000088,благоустройство участка участка ярославль,заказать выравнивание участка,S1,S5,commercial_research,transactional,2,https://avito.ru/yaroslavl/predlozheniya_uslug/|https://uslugi.yandex.ru/16-yaroslavl/category/,owner_boundary_split,hold_distinct_service_owners,cross_service_owner_boundary_reviewed,reviewed,policy_scope_owner,cross-service SERP pair meets a merge or manual-review threshold; the approved S1-S8 service-owner boundary prevents an automatic merge or reassignment
PAIR-9461FFFF39DA,Q000006,Q000089,благоустройство участка участка ярославль,заказать планировку участка,S1,S5,commercial_research,transactional,2,https://avito.ru/yaroslavl/predlozheniya_uslug/|https://uslugi.yandex.ru/16-yaroslavl/category/,owner_boundary_split,hold_distinct_service_owners,cross_service_owner_boundary_reviewed,reviewed,policy_scope_owner,cross-service SERP pair meets a merge or manual-review threshold; the approved S1-S8 service-owner boundary prevents an automatic merge or reassignment
PAIR-A8D55602AF0B,Q000006,Q000093,благоустройство участка участка ярославль,планировка территории цена,S1,S5,commercial_research,transactional,2,https://avito.ru/yaroslavl/predlozheniya_uslug/|https://uslugi.yandex.ru/16-yaroslavl/category/,owner_boundary_split,hold_distinct_service_owners,cross_service_owner_boundary_reviewed,reviewed,policy_scope_owner,cross-service SERP pair meets a merge or manual-review threshold; the approved S1-S8 service-owner boundary prevents an automatic merge or reassignment
PAIR-9394D13D5A82,Q000006,Q000097,благоустройство участка участка ярославль,планировка участка цена,S1,S5,commercial_research,transactional,2,https://avito.ru/yaroslavl/predlozheniya_uslug/|https://uslugi.yandex.ru/16-yaroslavl/category/,owner_boundary_split,hold_distinct_service_owners,cross_service_owner_boundary_reviewed,reviewed,policy_scope_owner,cross-service SERP pair meets a merge or manual-review threshold; the approved S1-S8 service-owner boundary prevents an automatic merge or reassignment
PAIR-35E801D07B04,Q000006,Q000098,благоустройство участка участка ярославль,планировка участка ярославль,S1,S5,commercial_research,commercial_research,2,https://avito.ru/yaroslavl/predlozheniya_uslug/|https://uslugi.yandex.ru/16-yaroslavl/category/,owner_boundary_split,hold_distinct_service_owners,cross_service_owner_boundary_reviewed,reviewed,policy_scope_owner,cross-service SERP pair meets a merge or manual-review threshold; the approved S1-S8 service-owner boundary prevents an automatic merge or reassignment
PAIR-4B75C6EE2C11,Q000006,Q000116,благоустройство участка участка ярославль,въезд на участок цена,S1,S8,commercial_research,transactional,2,https://avito.ru/yaroslavl/predlozheniya_uslug/|https://uslugi.yandex.ru/16-yaroslavl/category/,owner_boundary_split,hold_distinct_service_owners,cross_service_owner_boundary_reviewed,reviewed,policy_scope_owner,cross-service SERP pair meets a merge or manual-review threshold; the approved S1-S8 service-owner boundary prevents an automatic merge or reassignment
PAIR-537D73BF90EB,Q000006,Q000119,благоустройство участка участка ярославль,въезд через канаву под ключ,S1,S8,commercial_research,transactional,2,https://avito.ru/yaroslavl/predlozheniya_uslug/|https://uslugi.yandex.ru/16-yaroslavl/category/,owner_boundary_split,hold_distinct_service_owners,cross_service_owner_boundary_reviewed,reviewed,policy_scope_owner,cross-service SERP pair meets a merge or manual-review threshold; the approved S1-S8 service-owner boundary prevents an automatic merge or reassignment
PAIR-4D5AA93EF005,Q000006,Q000120,благоустройство участка участка ярославль,въезд через канаву цена,S1,S8,commercial_research,transactional,2,https://avito.ru/yaroslavl/predlozheniya_uslug/|https://uslugi.yandex.ru/16-yaroslavl/category/,owner_boundary_split,hold_distinct_service_owners,cross_service_owner_boundary_reviewed,reviewed,policy_scope_owner,cross-service SERP pair meets a merge or manual-review threshold; the approved S1-S8 service-owner boundary prevents an automatic merge or reassignment
PAIR-C14B962146E8,Q000006,Q000122,благоустройство участка участка ярославль,заезд на участок под ключ,S1,S8,commercial_research,transactional,2,https://avito.ru/yaroslavl/predlozheniya_uslug/|https://uslugi.yandex.ru/16-yaroslavl/category/,owner_boundary_split,hold_distinct_service_owners,cross_service_owner_boundary_reviewed,reviewed,policy_scope_owner,cross-service SERP pair meets a merge or manual-review threshold; the approved S1-S8 service-owner boundary prevents an automatic merge or reassignment
PAIR-DCABE0D3F1EB,Q000006,Q000124,благоустройство участка участка ярославль,заезд на участок цена,S1,S8,commercial_research,transactional,2,https://avito.ru/yaroslavl/predlozheniya_uslug/|https://uslugi.yandex.ru/16-yaroslavl/category/,owner_boundary_split,hold_distinct_service_owners,cross_service_owner_boundary_reviewed,reviewed,policy_scope_owner,cross-service SERP pair meets a merge or manual-review threshold; the approved S1-S8 service-owner boundary prevents an automatic merge or reassignment
PAIR-86EF1B450DA8,Q000006,Q000125,благоустройство участка участка ярославль,заезд на участок через канаву в тутаеве,S1,S8,commercial_research,commercial_research,2,https://avito.ru/yaroslavl/predlozheniya_uslug/|https://uslugi.yandex.ru/16-yaroslavl/category/,owner_boundary_split,hold_distinct_service_owners,cross_service_owner_boundary_reviewed,reviewed,policy_scope_owner,cross-service SERP pair meets a merge or manual-review threshold; the approved S1-S8 service-owner boundary prevents an automatic merge or reassignment
PAIR-DE5BBC2A2780,Q000006,Q000126,благоустройство участка участка ярославль,заезд на участок через канаву под ключ,S1,S8,commercial_research,transactional,2,https://avito.ru/yaroslavl/predlozheniya_uslug/|https://uslugi.yandex.ru/16-yaroslavl/category/,owner_boundary_split,hold_distinct_service_owners,cross_service_owner_boundary_reviewed,reviewed,policy_scope_owner,cross-service SERP pair meets a merge or manual-review threshold; the approved S1-S8 service-owner boundary prevents an automatic merge or reassignment
PAIR-62883C54E1C5,Q000006,Q000128,благоустройство участка участка ярославль,заезд на участок через канаву под ключ тутаев,S1,S8,commercial_research,transactional,2,https://avito.ru/yaroslavl/predlozheniya_uslug/|https://uslugi.yandex.ru/16-yaroslavl/category/,owner_boundary_split,hold_distinct_service_owners,cross_service_owner_boundary_reviewed,reviewed,policy_scope_owner,cross-service SERP pair meets a merge or manual-review threshold; the approved S1-S8 service-owner boundary prevents an automatic merge or reassignment
PAIR-95B2C2CBDE2D,Q000006,Q000129,благоустройство участка участка ярославль,заезд на участок через канаву под ключ ярославль,S1,S8,commercial_research,transactional,2,https://avito.ru/yaroslavl/predlozheniya_uslug/|https://uslugi.yandex.ru/16-yaroslavl/category/,owner_boundary_split,hold_distinct_service_owners,cross_service_owner_boundary_reviewed,reviewed,policy_scope_owner,cross-service SERP pair meets a merge or manual-review threshold; the approved S1-S8 service-owner boundary prevents an automatic merge or reassignment
PAIR-14D1CE949C7F,Q000006,Q000131,благоустройство участка участка ярославль,заезд на участок через канаву цена,S1,S8,commercial_research,transactional,2,https://avito.ru/yaroslavl/predlozheniya_uslug/|https://uslugi.yandex.ru/16-yaroslavl/category/,owner_boundary_split,hold_distinct_service_owners,cross_service_owner_boundary_reviewed,reviewed,policy_scope_owner,cross-service SERP pair meets a merge or manual-review threshold; the approved S1-S8 service-owner boundary prevents an automatic merge or reassignment
PAIR-048E3921C465,Q000006,Q000133,благоустройство участка участка ярославль,заезд через канаву на участок,S1,S8,commercial_research,commercial_research,2,https://avito.ru/yaroslavl/predlozheniya_uslug/|https://uslugi.yandex.ru/16-yaroslavl/category/,owner_boundary_split,hold_distinct_service_owners,cross_service_owner_boundary_reviewed,reviewed,policy_scope_owner,cross-service SERP pair meets a merge or manual-review threshold; the approved S1-S8 service-owner boundary prevents an automatic merge or reassignment
PAIR-2B40CDDC3A5F,Q000006,Q000135,благоустройство участка участка ярославль,заказать въезд на участок,S1,S8,commercial_research,transactional,2,https://avito.ru/yaroslavl/predlozheniya_uslug/|https://uslugi.yandex.ru/16-yaroslavl/category/,owner_boundary_split,hold_distinct_service_owners,cross_service_owner_boundary_reviewed,reviewed,policy_scope_owner,cross-service SERP pair meets a merge or manual-review threshold; the approved S1-S8 service-owner boundary prevents an automatic merge or reassignment
PAIR-DF1B33A255DE,Q000006,Q000141,благоустройство участка участка ярославль,ярославская область сделать въезд в канаву,S1,S8,commercial_research,commercial_research,2,https://avito.ru/yaroslavl/predlozheniya_uslug/|https://uslugi.yandex.ru/16-yaroslavl/category/,owner_boundary_split,hold_distinct_service_owners,cross_service_owner_boundary_reviewed,reviewed,policy_scope_owner,cross-service SERP pair meets a merge or manual-review threshold; the approved S1-S8 service-owner boundary prevents an automatic merge or reassignment
PAIR-C5A7E9DF40BC,Q000007,Q000011,благоустройство участка ярославская область,заказать дизайн проект участка,S1,S1,commercial_research,transactional,3,https://avito.ru/yaroslavskaya_oblast/predlozheniya_uslug/|https://om-garden.ru/|https://uslugi.yandex.ru/16-yaroslavl/category/,manual_review,hold_current_url,serp_pair_pending_review,pending,,same-service SERP pair meets the explicit manual-review threshold; the existing owner is held and no split or new URL is approved
PAIR-9671F9D99039,Q000007,Q000017,благоустройство участка ярославская область,ландшафтная компания эксперты,S1,S1,commercial_research,commercial_research,2,https://exp76.ru/|https://uslugi.yandex.ru/16-yaroslavl/category/,manual_review,hold_current_url,serp_pair_pending_review,pending,,same-service SERP pair meets the explicit manual-review threshold; the existing owner is held and no split or new URL is approved
PAIR-26A2F2249E79,Q000007,Q000019,благоустройство участка ярославская область,ландшафтное проектирование участка,S1,S1,commercial_research,commercial_research,2,https://avito.ru/yaroslavskaya_oblast/predlozheniya_uslug/|https://uslugi.yandex.ru/16-yaroslavl/category/,manual_review,hold_current_url,serp_pair_pending_review,pending,,same-service SERP pair meets the explicit manual-review threshold; the existing owner is held and no split or new URL is approved
PAIR-5616727DAD84,Q000007,Q000025,благоустройство участка ярославская область,ландшафтный дизайнер коприно,S1,S1,commercial_research,commercial_research,2,https://exp76.ru/|https://om-garden.ru/,manual_review,hold_current_url,serp_pair_pending_review,pending,,same-service SERP pair meets the explicit manual-review threshold; the existing owner is held and no split or new URL is approved
PAIR-1E21BA47C00D,Q000007,Q000027,благоустройство участка ярославская область,прейскурант цен на благоустройство придомовой территории в ярославской области,S1,S1,commercial_research,commercial_research,2,https://landshaftniy-dizayn.ru/region/yaroslavl/blagoustroystvo/territorii/|https://uslugi.yandex.ru/16-yaroslavl/category/,manual_review,hold_current_url,serp_pair_pending_review,pending,,same-service SERP pair meets the explicit manual-review threshold; the existing owner is held and no split or new URL is approved
PAIR-929BDD615C07,Q000007,Q000032,благоустройство участка ярославская область,стоимость работ по благоустройству территории ярославль,S1,S1,commercial_research,transactional,2,https://landshaftniy-dizayn.ru/region/yaroslavl/blagoustroystvo/territorii/|https://uslugi.yandex.ru/16-yaroslavl/category/,manual_review,hold_current_url,serp_pair_pending_review,pending,,same-service SERP pair meets the explicit manual-review threshold; the existing owner is held and no split or new URL is approved
PAIR-24867A2430DB,Q000007,Q000033,благоустройство участка ярославская область,стоимость реализации проекта обустройства частного участка в ярославской области компании,S1,S1,commercial_research,transactional,2,https://avito.ru/yaroslavskaya_oblast/predlozheniya_uslug/|https://uslugi.yandex.ru/16-yaroslavl/category/,manual_review,hold_current_url,serp_pair_pending_review,pending,,same-service SERP pair meets the explicit manual-review threshold; the existing owner is held and no split or new URL is approved
PAIR-DE7217E6F0A3,Q000007,Q000035,благоустройство участка ярославская область,цены на работу по благоустройству,S1,S1,commercial_research,transactional,2,https://avito.ru/yaroslavskaya_oblast/predlozheniya_uslug/|https://uslugi.yandex.ru/16-yaroslavl/category/,manual_review,hold_current_url,serp_pair_pending_review,pending,,same-service SERP pair meets the explicit manual-review threshold; the existing owner is held and no split or new URL is approved
PAIR-83E49E4A6E1A,Q000007,Q000062,благоустройство участка ярославская область,озеленение участка под ключ и благоустройство ярославль,S1,S3,commercial_research,transactional,2,https://atlant76.com/landshaftnye-raboty/|https://yaroslavl.blago-s.ru/,owner_boundary_split,hold_distinct_service_owners,cross_service_owner_boundary_reviewed,reviewed,policy_scope_owner,cross-service SERP pair meets a merge or manual-review threshold; the approved S1-S8 service-owner boundary prevents an automatic merge or reassignment
PAIR-35D450B4636C,Q000007,Q000068,благоустройство участка ярославская область,услуги по выбору и посадке фруктовых деревьев в ярославле,S1,S3,commercial_research,transactional,2,https://avito.ru/yaroslavskaya_oblast/predlozheniya_uslug/|https://uslugi.yandex.ru/16-yaroslavl/category/,owner_boundary_split,hold_distinct_service_owners,cross_service_owner_boundary_reviewed,reviewed,policy_scope_owner,cross-service SERP pair meets a merge or manual-review threshold; the approved S1-S8 service-owner boundary prevents an automatic merge or reassignment
PAIR-33B6C90CF2F5,Q000007,Q000069,благоустройство участка ярославская область,заказать обрезку деревьев,S1,S4,commercial_research,transactional,2,https://avito.ru/yaroslavskaya_oblast/predlozheniya_uslug/|https://uslugi.yandex.ru/16-yaroslavl/category/,owner_boundary_split,hold_distinct_service_owners,cross_service_owner_boundary_reviewed,reviewed,policy_scope_owner,cross-service SERP pair meets a merge or manual-review threshold; the approved S1-S8 service-owner boundary prevents an automatic merge or reassignment
PAIR-48E771029D70,Q000007,Q000089,благоустройство участка ярославская область,заказать планировку участка,S1,S5,commercial_research,transactional,2,https://avito.ru/yaroslavskaya_oblast/predlozheniya_uslug/|https://uslugi.yandex.ru/16-yaroslavl/category/,owner_boundary_split,hold_distinct_service_owners,cross_service_owner_boundary_reviewed,reviewed,policy_scope_owner,cross-service SERP pair meets a merge or manual-review threshold; the approved S1-S8 service-owner boundary prevents an automatic merge or reassignment
PAIR-CC9C6A780B70,Q000007,Q000093,благоустройство участка ярославская область,планировка территории цена,S1,S5,commercial_research,transactional,2,https://avito.ru/yaroslavskaya_oblast/predlozheniya_uslug/|https://uslugi.yandex.ru/16-yaroslavl/category/,owner_boundary_split,hold_distinct_service_owners,cross_service_owner_boundary_reviewed,reviewed,policy_scope_owner,cross-service SERP pair meets a merge or manual-review threshold; the approved S1-S8 service-owner boundary prevents an automatic merge or reassignment
PAIR-2786EFCB12F8,Q000007,Q000098,благоустройство участка ярославская область,планировка участка ярославль,S1,S5,commercial_research,commercial_research,2,https://avito.ru/yaroslavskaya_oblast/predlozheniya_uslug/|https://uslugi.yandex.ru/16-yaroslavl/category/,owner_boundary_split,hold_distinct_service_owners,cross_service_owner_boundary_reviewed,reviewed,policy_scope_owner,cross-service SERP pair meets a merge or manual-review threshold; the approved S1-S8 service-owner boundary prevents an automatic merge or reassignment
PAIR-3943ED2F2140,Q000007,Q000100,благоустройство участка ярославская область,организация выполняющая установкой гравитационной подпорной стены ярославль,S1,S6,commercial_research,commercial_research,2,https://avito.ru/yaroslavskaya_oblast/predlozheniya_uslug/|https://uslugi.yandex.ru/16-yaroslavl/category/,owner_boundary_split,hold_distinct_service_owners,cross_service_owner_boundary_reviewed,reviewed,policy_scope_owner,cross-service SERP pair meets a merge or manual-review threshold; the approved S1-S8 service-owner boundary prevents an automatic merge or reassignment
PAIR-EDF2CE4BBBFD,Q000007,Q000116,благоустройство участка ярославская область,въезд на участок цена,S1,S8,commercial_research,transactional,2,https://avito.ru/yaroslavskaya_oblast/predlozheniya_uslug/|https://uslugi.yandex.ru/16-yaroslavl/category/,owner_boundary_split,hold_distinct_service_owners,cross_service_owner_boundary_reviewed,reviewed,policy_scope_owner,cross-service SERP pair meets a merge or manual-review threshold; the approved S1-S8 service-owner boundary prevents an automatic merge or reassignment
PAIR-9D465865FFCE,Q000007,Q000135,благоустройство участка ярославская область,заказать въезд на участок,S1,S8,commercial_research,transactional,2,https://avito.ru/yaroslavskaya_oblast/predlozheniya_uslug/|https://uslugi.yandex.ru/16-yaroslavl/category/,owner_boundary_split,hold_distinct_service_owners,cross_service_owner_boundary_reviewed,reviewed,policy_scope_owner,cross-service SERP pair meets a merge or manual-review threshold; the approved S1-S8 service-owner boundary prevents an automatic merge or reassignment
PAIR-2F3E3DEEFAEC,Q000007,Q000141,благоустройство участка ярославская область,ярославская область сделать въезд в канаву,S1,S8,commercial_research,commercial_research,2,https://avito.ru/yaroslavskaya_oblast/predlozheniya_uslug/|https://uslugi.yandex.ru/16-yaroslavl/category/,owner_boundary_split,hold_distinct_service_owners,cross_service_owner_boundary_reviewed,reviewed,policy_scope_owner,cross-service SERP pair meets a merge or manual-review threshold; the approved S1-S8 service-owner boundary prevents an automatic merge or reassignment
PAIR-72A2A6EADE20,Q000008,Q000010,благоустройство участков ярославль,дизайн проект участка,S1,S1,commercial_research,commercial_research,2,https://avito.ru/yaroslavl/predlozheniya_uslug/|https://uslugi.yandex.ru/16-yaroslavl/category/,manual_review,hold_current_url,serp_pair_pending_review,pending,,same-service SERP pair meets the explicit manual-review threshold; the existing owner is held and no split or new URL is approved
PAIR-E7C613EF0B27,Q000008,Q000011,благоустройство участков ярославль,заказать дизайн проект участка,S1,S1,commercial_research,transactional,2,https://avito.ru/yaroslavl/predlozheniya_uslug/|https://uslugi.yandex.ru/16-yaroslavl/category/,manual_review,hold_current_url,serp_pair_pending_review,pending,,same-service SERP pair meets the explicit manual-review threshold; the existing owner is held and no split or new URL is approved
PAIR-BAD7BC4971F6,Q000008,Q000017,благоустройство участков ярославль,ландшафтная компания эксперты,S1,S1,commercial_research,commercial_research,2,https://exp76.ru/|https://uslugi.yandex.ru/16-yaroslavl/category/,manual_review,hold_current_url,serp_pair_pending_review,pending,,same-service SERP pair meets the explicit manual-review threshold; the existing owner is held and no split or new URL is approved
PAIR-B911ACC0AE77,Q000008,Q000027,благоустройство участков ярославль,прейскурант цен на благоустройство придомовой территории в ярославской области,S1,S1,commercial_research,commercial_research,3,https://avito.ru/yaroslavl/predlozheniya_uslug/|https://landshaftniy-dizayn.ru/region/yaroslavl/blagoustroystvo/territorii/|https://uslugi.yandex.ru/16-yaroslavl/category/,manual_review,hold_current_url,serp_pair_pending_review,pending,,same-service SERP pair meets the explicit manual-review threshold; the existing owner is held and no split or new URL is approved
PAIR-D5AFB549045B,Q000008,Q000028,благоустройство участков ярославль,проект благоустройства участка,S1,S1,commercial_research,commercial_research,2,https://avito.ru/yaroslavl/predlozheniya_uslug/|https://yaroslavl.blago-s.ru/,manual_review,hold_current_url,serp_pair_pending_review,pending,,same-service SERP pair meets the explicit manual-review threshold; the existing owner is held and no split or new URL is approved
PAIR-105DFA06D65B,Q000008,Q000032,благоустройство участков ярославль,стоимость работ по благоустройству территории ярославль,S1,S1,commercial_research,transactional,3,https://avito.ru/yaroslavl/predlozheniya_uslug/|https://landshaftniy-dizayn.ru/region/yaroslavl/blagoustroystvo/territorii/|https://uslugi.yandex.ru/16-yaroslavl/category/,manual_review,hold_current_url,serp_pair_pending_review,pending,,same-service SERP pair meets the explicit manual-review threshold; the existing owner is held and no split or new URL is approved
PAIR-2839032691A9,Q000008,Q000033,благоустройство участков ярославль,стоимость реализации проекта обустройства частного участка в ярославской области компании,S1,S1,commercial_research,transactional,2,https://avito.ru/yaroslavl/predlozheniya_uslug/|https://uslugi.yandex.ru/16-yaroslavl/category/,manual_review,hold_current_url,serp_pair_pending_review,pending,,same-service SERP pair meets the explicit manual-review threshold; the existing owner is held and no split or new URL is approved
PAIR-9B8AAA65FF19,Q000008,Q000035,благоустройство участков ярославль,цены на работу по благоустройству,S1,S1,commercial_research,transactional,2,https://avito.ru/yaroslavl/predlozheniya_uslug/|https://uslugi.yandex.ru/16-yaroslavl/category/,manual_review,hold_current_url,serp_pair_pending_review,pending,,same-service SERP pair meets the explicit manual-review threshold; the existing owner is held and no split or new URL is approved
PAIR-387D62069EE0,Q000008,Q000046,благоустройство участков ярославль,полив газонов ярославль,S1,S2,commercial_research,commercial_research,2,https://avito.ru/yaroslavl/predlozheniya_uslug/|https://uslugi.yandex.ru/16-yaroslavl/category/,owner_boundary_split,hold_distinct_service_owners,cross_service_owner_boundary_reviewed,reviewed,policy_scope_owner,cross-service SERP pair meets a merge or manual-review threshold; the approved S1-S8 service-owner boundary prevents an automatic merge or reassignment
PAIR-EF8925148A0F,Q000008,Q000057,благоустройство участков ярославль,устройство газона,S1,S2,commercial_research,transactional,2,https://avito.ru/yaroslavl/predlozheniya_uslug/|https://uslugi.yandex.ru/16-yaroslavl/category/,owner_boundary_split,hold_distinct_service_owners,cross_service_owner_boundary_reviewed,reviewed,policy_scope_owner,cross-service SERP pair meets a merge or manual-review threshold; the approved S1-S8 service-owner boundary prevents an automatic merge or reassignment
PAIR-FB12BDC2621D,Q000008,Q000060,благоустройство участков ярославль,заказать посадку дерева,S1,S3,commercial_research,transactional,2,https://avito.ru/yaroslavl/predlozheniya_uslug/|https://uslugi.yandex.ru/16-yaroslavl/category/,owner_boundary_split,hold_distinct_service_owners,cross_service_owner_boundary_reviewed,reviewed,policy_scope_owner,cross-service SERP pair meets a merge or manual-review threshold; the approved S1-S8 service-owner boundary prevents an automatic merge or reassignment
PAIR-621DAC87BDEF,Q000008,Q000062,благоустройство участков ярославль,озеленение участка под ключ и благоустройство ярославль,S1,S3,commercial_research,transactional,3,https://atlant76.com/landshaftnye-raboty/|https://avito.ru/yaroslavl/predlozheniya_uslug/|https://yaroslavl.blago-s.ru/,owner_boundary_split,hold_distinct_service_owners,cross_service_owner_boundary_reviewed,reviewed,policy_scope_owner,cross-service SERP pair meets a merge or manual-review threshold; the approved S1-S8 service-owner boundary prevents an automatic merge or reassignment
PAIR-2A3A6021380E,Q000008,Q000067,благоустройство участков ярославль,стоимость посадки деревьев,S1,S3,commercial_research,transactional,2,https://avito.ru/yaroslavl/predlozheniya_uslug/|https://uslugi.yandex.ru/16-yaroslavl/category/,owner_boundary_split,hold_distinct_service_owners,cross_service_owner_boundary_reviewed,reviewed,policy_scope_owner,cross-service SERP pair meets a merge or manual-review threshold; the approved S1-S8 service-owner boundary prevents an automatic merge or reassignment
PAIR-88D9C1CF33F6,Q000008,Q000068,благоустройство участков ярославль,услуги по выбору и посадке фруктовых деревьев в ярославле,S1,S3,commercial_research,transactional,2,https://avito.ru/yaroslavl/predlozheniya_uslug/|https://uslugi.yandex.ru/16-yaroslavl/category/,owner_boundary_split,hold_distinct_service_owners,cross_service_owner_boundary_reviewed,reviewed,policy_scope_owner,cross-service SERP pair meets a merge or manual-review threshold; the approved S1-S8 service-owner boundary prevents an automatic merge or reassignment
PAIR-136ABF4C3D3A,Q000008,Q000069,благоустройство участков ярославль,заказать обрезку деревьев,S1,S4,commercial_research,transactional,2,https://avito.ru/yaroslavl/predlozheniya_uslug/|https://uslugi.yandex.ru/16-yaroslavl/category/,owner_boundary_split,hold_distinct_service_owners,cross_service_owner_boundary_reviewed,reviewed,policy_scope_owner,cross-service SERP pair meets a merge or manual-review threshold; the approved S1-S8 service-owner boundary prevents an automatic merge or reassignment
PAIR-8B768844CE81,Q000008,Q000079,благоустройство участков ярославль,уход за садом цена,S1,S4,commercial_research,transactional,2,https://avito.ru/yaroslavl/predlozheniya_uslug/|https://uslugi.yandex.ru/16-yaroslavl/category/,owner_boundary_split,hold_distinct_service_owners,cross_service_owner_boundary_reviewed,reviewed,policy_scope_owner,cross-service SERP pair meets a merge or manual-review threshold; the approved S1-S8 service-owner boundary prevents an automatic merge or reassignment
PAIR-FD7BFAB5CDD9,Q000008,Q000081,благоустройство участков ярославль,выравнивание участка,S1,S5,commercial_research,commercial_research,2,https://avito.ru/yaroslavl/predlozheniya_uslug/|https://uslugi.yandex.ru/16-yaroslavl/category/,owner_boundary_split,hold_distinct_service_owners,cross_service_owner_boundary_reviewed,reviewed,policy_scope_owner,cross-service SERP pair meets a merge or manual-review threshold; the approved S1-S8 service-owner boundary prevents an automatic merge or reassignment
PAIR-599E07EBE2F8,Q000008,Q000082,благоустройство участков ярославль,выравнивание участка цена,S1,S5,commercial_research,transactional,2,https://avito.ru/yaroslavl/predlozheniya_uslug/|https://uslugi.yandex.ru/16-yaroslavl/category/,owner_boundary_split,hold_distinct_service_owners,cross_service_owner_boundary_reviewed,reviewed,policy_scope_owner,cross-service SERP pair meets a merge or manual-review threshold; the approved S1-S8 service-owner boundary prevents an automatic merge or reassignment
PAIR-5A6E230EFF6F,Q000008,Q000083,благоустройство участков ярославль,выравнивание участка ярославль,S1,S5,commercial_research,commercial_research,2,https://avito.ru/yaroslavl/predlozheniya_uslug/|https://uslugi.yandex.ru/16-yaroslavl/category/,owner_boundary_split,hold_distinct_service_owners,cross_service_owner_boundary_reviewed,reviewed,policy_scope_owner,cross-service SERP pair meets a merge or manual-review threshold; the approved S1-S8 service-owner boundary prevents an automatic merge or reassignment
PAIR-2068F723B51A,Q000008,Q000088,благоустройство участков ярославль,заказать выравнивание участка,S1,S5,commercial_research,transactional,2,https://avito.ru/yaroslavl/predlozheniya_uslug/|https://uslugi.yandex.ru/16-yaroslavl/category/,owner_boundary_split,hold_distinct_service_owners,cross_service_owner_boundary_reviewed,reviewed,policy_scope_owner,cross-service SERP pair meets a merge or manual-review threshold; the approved S1-S8 service-owner boundary prevents an automatic merge or reassignment
PAIR-FDF5A2F9D532,Q000008,Q000089,благоустройство участков ярославль,заказать планировку участка,S1,S5,commercial_research,transactional,2,https://avito.ru/yaroslavl/predlozheniya_uslug/|https://uslugi.yandex.ru/16-yaroslavl/category/,owner_boundary_split,hold_distinct_service_owners,cross_service_owner_boundary_reviewed,reviewed,policy_scope_owner,cross-service SERP pair meets a merge or manual-review threshold; the approved S1-S8 service-owner boundary prevents an automatic merge or reassignment
PAIR-31D05A9FE2DE,Q000008,Q000093,благоустройство участков ярославль,планировка территории цена,S1,S5,commercial_research,transactional,2,https://avito.ru/yaroslavl/predlozheniya_uslug/|https://uslugi.yandex.ru/16-yaroslavl/category/,owner_boundary_split,hold_distinct_service_owners,cross_service_owner_boundary_reviewed,reviewed,policy_scope_owner,cross-service SERP pair meets a merge or manual-review threshold; the approved S1-S8 service-owner boundary prevents an automatic merge or reassignment
PAIR-B3191D0EACD7,Q000008,Q000097,благоустройство участков ярославль,планировка участка цена,S1,S5,commercial_research,transactional,2,https://avito.ru/yaroslavl/predlozheniya_uslug/|https://uslugi.yandex.ru/16-yaroslavl/category/,owner_boundary_split,hold_distinct_service_owners,cross_service_owner_boundary_reviewed,reviewed,policy_scope_owner,cross-service SERP pair meets a merge or manual-review threshold; the approved S1-S8 service-owner boundary prevents an automatic merge or reassignment
PAIR-73F7BE6201A3,Q000008,Q000098,благоустройство участков ярославль,планировка участка ярославль,S1,S5,commercial_research,commercial_research,2,https://avito.ru/yaroslavl/predlozheniya_uslug/|https://uslugi.yandex.ru/16-yaroslavl/category/,owner_boundary_split,hold_distinct_service_owners,cross_service_owner_boundary_reviewed,reviewed,policy_scope_owner,cross-service SERP pair meets a merge or manual-review threshold; the approved S1-S8 service-owner boundary prevents an automatic merge or reassignment
PAIR-7640EAB06919,Q000008,Q000116,благоустройство участков ярославль,въезд на участок цена,S1,S8,commercial_research,transactional,2,https://avito.ru/yaroslavl/predlozheniya_uslug/|https://uslugi.yandex.ru/16-yaroslavl/category/,owner_boundary_split,hold_distinct_service_owners,cross_service_owner_boundary_reviewed,reviewed,policy_scope_owner,cross-service SERP pair meets a merge or manual-review threshold; the approved S1-S8 service-owner boundary prevents an automatic merge or reassignment
PAIR-5041200D5044,Q000008,Q000119,благоустройство участков ярославль,въезд через канаву под ключ,S1,S8,commercial_research,transactional,2,https://avito.ru/yaroslavl/predlozheniya_uslug/|https://uslugi.yandex.ru/16-yaroslavl/category/,owner_boundary_split,hold_distinct_service_owners,cross_service_owner_boundary_reviewed,reviewed,policy_scope_owner,cross-service SERP pair meets a merge or manual-review threshold; the approved S1-S8 service-owner boundary prevents an automatic merge or reassignment
PAIR-7E6BD2B156AC,Q000008,Q000120,благоустройство участков ярославль,въезд через канаву цена,S1,S8,commercial_research,transactional,2,https://avito.ru/yaroslavl/predlozheniya_uslug/|https://uslugi.yandex.ru/16-yaroslavl/category/,owner_boundary_split,hold_distinct_service_owners,cross_service_owner_boundary_reviewed,reviewed,policy_scope_owner,cross-service SERP pair meets a merge or manual-review threshold; the approved S1-S8 service-owner boundary prevents an automatic merge or reassignment
PAIR-5AB0861082C0,Q000008,Q000122,благоустройство участков ярославль,заезд на участок под ключ,S1,S8,commercial_research,transactional,2,https://avito.ru/yaroslavl/predlozheniya_uslug/|https://uslugi.yandex.ru/16-yaroslavl/category/,owner_boundary_split,hold_distinct_service_owners,cross_service_owner_boundary_reviewed,reviewed,policy_scope_owner,cross-service SERP pair meets a merge or manual-review threshold; the approved S1-S8 service-owner boundary prevents an automatic merge or reassignment
PAIR-6980E9A40B81,Q000008,Q000124,благоустройство участков ярославль,заезд на участок цена,S1,S8,commercial_research,transactional,2,https://avito.ru/yaroslavl/predlozheniya_uslug/|https://uslugi.yandex.ru/16-yaroslavl/category/,owner_boundary_split,hold_distinct_service_owners,cross_service_owner_boundary_reviewed,reviewed,policy_scope_owner,cross-service SERP pair meets a merge or manual-review threshold; the approved S1-S8 service-owner boundary prevents an automatic merge or reassignment
PAIR-26D4B8D63314,Q000008,Q000125,благоустройство участков ярославль,заезд на участок через канаву в тутаеве,S1,S8,commercial_research,commercial_research,2,https://avito.ru/yaroslavl/predlozheniya_uslug/|https://uslugi.yandex.ru/16-yaroslavl/category/,owner_boundary_split,hold_distinct_service_owners,cross_service_owner_boundary_reviewed,reviewed,policy_scope_owner,cross-service SERP pair meets a merge or manual-review threshold; the approved S1-S8 service-owner boundary prevents an automatic merge or reassignment
PAIR-A7D3F65FD472,Q000008,Q000126,благоустройство участков ярославль,заезд на участок через канаву под ключ,S1,S8,commercial_research,transactional,2,https://avito.ru/yaroslavl/predlozheniya_uslug/|https://uslugi.yandex.ru/16-yaroslavl/category/,owner_boundary_split,hold_distinct_service_owners,cross_service_owner_boundary_reviewed,reviewed,policy_scope_owner,cross-service SERP pair meets a merge or manual-review threshold; the approved S1-S8 service-owner boundary prevents an automatic merge or reassignment
PAIR-13704F4D76F4,Q000008,Q000128,благоустройство участков ярославль,заезд на участок через канаву под ключ тутаев,S1,S8,commercial_research,transactional,2,https://avito.ru/yaroslavl/predlozheniya_uslug/|https://uslugi.yandex.ru/16-yaroslavl/category/,owner_boundary_split,hold_distinct_service_owners,cross_service_owner_boundary_reviewed,reviewed,policy_scope_owner,cross-service SERP pair meets a merge or manual-review threshold; the approved S1-S8 service-owner boundary prevents an automatic merge or reassignment
PAIR-1DCCE0D1B7F2,Q000008,Q000129,благоустройство участков ярославль,заезд на участок через канаву под ключ ярославль,S1,S8,commercial_research,transactional,2,https://avito.ru/yaroslavl/predlozheniya_uslug/|https://uslugi.yandex.ru/16-yaroslavl/category/,owner_boundary_split,hold_distinct_service_owners,cross_service_owner_boundary_reviewed,reviewed,policy_scope_owner,cross-service SERP pair meets a merge or manual-review threshold; the approved S1-S8 service-owner boundary prevents an automatic merge or reassignment
PAIR-FCA08F55E99A,Q000008,Q000131,благоустройство участков ярославль,заезд на участок через канаву цена,S1,S8,commercial_research,transactional,2,https://avito.ru/yaroslavl/predlozheniya_uslug/|https://uslugi.yandex.ru/16-yaroslavl/category/,owner_boundary_split,hold_distinct_service_owners,cross_service_owner_boundary_reviewed,reviewed,policy_scope_owner,cross-service SERP pair meets a merge or manual-review threshold; the approved S1-S8 service-owner boundary prevents an automatic merge or reassignment
PAIR-27BFBFF751E0,Q000008,Q000133,благоустройство участков ярославль,заезд через канаву на участок,S1,S8,commercial_research,commercial_research,2,https://avito.ru/yaroslavl/predlozheniya_uslug/|https://uslugi.yandex.ru/16-yaroslavl/category/,owner_boundary_split,hold_distinct_service_owners,cross_service_owner_boundary_reviewed,reviewed,policy_scope_owner,cross-service SERP pair meets a merge or manual-review threshold; the approved S1-S8 service-owner boundary prevents an automatic merge or reassignment
PAIR-4A004BDF3221,Q000008,Q000135,благоустройство участков ярославль,заказать въезд на участок,S1,S8,commercial_research,transactional,2,https://avito.ru/yaroslavl/predlozheniya_uslug/|https://uslugi.yandex.ru/16-yaroslavl/category/,owner_boundary_split,hold_distinct_service_owners,cross_service_owner_boundary_reviewed,reviewed,policy_scope_owner,cross-service SERP pair meets a merge or manual-review threshold; the approved S1-S8 service-owner boundary prevents an automatic merge or reassignment
PAIR-5DF6B5A074AA,Q000008,Q000141,благоустройство участков ярославль,ярославская область сделать въезд в канаву,S1,S8,commercial_research,commercial_research,2,https://avito.ru/yaroslavl/predlozheniya_uslug/|https://uslugi.yandex.ru/16-yaroslavl/category/,owner_boundary_split,hold_distinct_service_owners,cross_service_owner_boundary_reviewed,reviewed,policy_scope_owner,cross-service SERP pair meets a merge or manual-review threshold; the approved S1-S8 service-owner boundary prevents an automatic merge or reassignment
PAIR-4BD50C8E6434,Q000009,Q000011,благоучтройство дачного участка в ярославской области,заказать дизайн проект участка,S1,S1,commercial_research,transactional,2,https://avito.ru/yaroslavskaya_oblast/predlozheniya_uslug/|https://uslugi.yandex.ru/16-yaroslavl/category/,manual_review,hold_current_url,serp_pair_pending_review,pending,,same-service SERP pair meets the explicit manual-review threshold; the existing owner is held and no split or new URL is approved
PAIR-232E8A691A76,Q000009,Q000015,благоучтройство дачного участка в ярославской области,комплексное благоустройство частных территорий,S1,S1,commercial_research,commercial_research,3,https://landshaftniy-dizayn.ru/region/yaroslavl/blagoustroystvo/territorii/|https://uslugi.yandex.ru/16-yaroslavl/category/|https://yaroslavl.blago-s.ru/,manual_review,hold_current_url,serp_pair_pending_review,pending,,same-service SERP pair meets the explicit manual-review threshold; the existing owner is held and no split or new URL is approved
PAIR-1D650D422BB8,Q000009,Q000019,благоучтройство дачного участка в ярославской области,ландшафтное проектирование участка,S1,S1,commercial_research,commercial_research,2,https://avito.ru/yaroslavskaya_oblast/predlozheniya_uslug/|https://uslugi.yandex.ru/16-yaroslavl/category/,manual_review,hold_current_url,serp_pair_pending_review,pending,,same-service SERP pair meets the explicit manual-review threshold; the existing owner is held and no split or new URL is approved
PAIR-ECBA3E09141F,Q000009,Q000027,благоучтройство дачного участка в ярославской области,прейскурант цен на благоустройство придомовой территории в ярославской области,S1,S1,commercial_research,commercial_research,2,https://landshaftniy-dizayn.ru/region/yaroslavl/blagoustroystvo/territorii/|https://uslugi.yandex.ru/16-yaroslavl/category/,manual_review,hold_current_url,serp_pair_pending_review,pending,,same-service SERP pair meets the explicit manual-review threshold; the existing owner is held and no split or new URL is approved
PAIR-86BDACD8D138,Q000009,Q000030,благоучтройство дачного участка в ярославской области,сайты благоустройства участков,S1,S1,commercial_research,commercial_research,3,https://atlant76.com/landshaftnye-raboty/|https://uslugi.yandex.ru/16-yaroslavl/category/|https://yaroslavl.blago-s.ru/,manual_review,hold_current_url,serp_pair_pending_review,pending,,same-service SERP pair meets the explicit manual-review threshold; the existing owner is held and no split or new URL is approved
PAIR-AD56431CB370,Q000009,Q000032,благоучтройство дачного участка в ярославской области,стоимость работ по благоустройству территории ярославль,S1,S1,commercial_research,transactional,2,https://landshaftniy-dizayn.ru/region/yaroslavl/blagoustroystvo/territorii/|https://uslugi.yandex.ru/16-yaroslavl/category/,manual_review,hold_current_url,serp_pair_pending_review,pending,,same-service SERP pair meets the explicit manual-review threshold; the existing owner is held and no split or new URL is approved
PAIR-E2A5846A7388,Q000009,Q000033,благоучтройство дачного участка в ярославской области,стоимость реализации проекта обустройства частного участка в ярославской области компании,S1,S1,commercial_research,transactional,2,https://avito.ru/yaroslavskaya_oblast/predlozheniya_uslug/|https://uslugi.yandex.ru/16-yaroslavl/category/,manual_review,hold_current_url,serp_pair_pending_review,pending,,same-service SERP pair meets the explicit manual-review threshold; the existing owner is held and no split or new URL is approved
PAIR-AD71B9A7B74A,Q000009,Q000035,благоучтройство дачного участка в ярославской области,цены на работу по благоустройству,S1,S1,commercial_research,transactional,2,https://avito.ru/yaroslavskaya_oblast/predlozheniya_uslug/|https://uslugi.yandex.ru/16-yaroslavl/category/,manual_review,hold_current_url,serp_pair_pending_review,pending,,same-service SERP pair meets the explicit manual-review threshold; the existing owner is held and no split or new URL is approved
PAIR-DF6FF9E8A28B,Q000009,Q000062,благоучтройство дачного участка в ярославской области,озеленение участка под ключ и благоустройство ярославль,S1,S3,commercial_research,transactional,2,https://atlant76.com/landshaftnye-raboty/|https://yaroslavl.blago-s.ru/,owner_boundary_split,hold_distinct_service_owners,cross_service_owner_boundary_reviewed,reviewed,policy_scope_owner,cross-service SERP pair meets a merge or manual-review threshold; the approved S1-S8 service-owner boundary prevents an automatic merge or reassignment
PAIR-79A835BC7928,Q000009,Q000068,благоучтройство дачного участка в ярославской области,услуги по выбору и посадке фруктовых деревьев в ярославле,S1,S3,commercial_research,transactional,2,https://avito.ru/yaroslavskaya_oblast/predlozheniya_uslug/|https://uslugi.yandex.ru/16-yaroslavl/category/,owner_boundary_split,hold_distinct_service_owners,cross_service_owner_boundary_reviewed,reviewed,policy_scope_owner,cross-service SERP pair meets a merge or manual-review threshold; the approved S1-S8 service-owner boundary prevents an automatic merge or reassignment
PAIR-8F7B2A7EA203,Q000009,Q000069,благоучтройство дачного участка в ярославской области,заказать обрезку деревьев,S1,S4,commercial_research,transactional,2,https://avito.ru/yaroslavskaya_oblast/predlozheniya_uslug/|https://uslugi.yandex.ru/16-yaroslavl/category/,owner_boundary_split,hold_distinct_service_owners,cross_service_owner_boundary_reviewed,reviewed,policy_scope_owner,cross-service SERP pair meets a merge or manual-review threshold; the approved S1-S8 service-owner boundary prevents an automatic merge or reassignment
PAIR-ACE1F79514E4,Q000009,Q000089,благоучтройство дачного участка в ярославской области,заказать планировку участка,S1,S5,commercial_research,transactional,2,https://avito.ru/yaroslavskaya_oblast/predlozheniya_uslug/|https://uslugi.yandex.ru/16-yaroslavl/category/,owner_boundary_split,hold_distinct_service_owners,cross_service_owner_boundary_reviewed,reviewed,policy_scope_owner,cross-service SERP pair meets a merge or manual-review threshold; the approved S1-S8 service-owner boundary prevents an automatic merge or reassignment
PAIR-C1E955A66A56,Q000009,Q000093,благоучтройство дачного участка в ярославской области,планировка территории цена,S1,S5,commercial_research,transactional,2,https://avito.ru/yaroslavskaya_oblast/predlozheniya_uslug/|https://uslugi.yandex.ru/16-yaroslavl/category/,owner_boundary_split,hold_distinct_service_owners,cross_service_owner_boundary_reviewed,reviewed,policy_scope_owner,cross-service SERP pair meets a merge or manual-review threshold; the approved S1-S8 service-owner boundary prevents an automatic merge or reassignment
PAIR-9E4928430359,Q000009,Q000098,благоучтройство дачного участка в ярославской области,планировка участка ярославль,S1,S5,commercial_research,commercial_research,2,https://avito.ru/yaroslavskaya_oblast/predlozheniya_uslug/|https://uslugi.yandex.ru/16-yaroslavl/category/,owner_boundary_split,hold_distinct_service_owners,cross_service_owner_boundary_reviewed,reviewed,policy_scope_owner,cross-service SERP pair meets a merge or manual-review threshold; the approved S1-S8 service-owner boundary prevents an automatic merge or reassignment
PAIR-C3E3BB9D208E,Q000009,Q000100,благоучтройство дачного участка в ярославской области,организация выполняющая установкой гравитационной подпорной стены ярославль,S1,S6,commercial_research,commercial_research,2,https://avito.ru/yaroslavskaya_oblast/predlozheniya_uslug/|https://uslugi.yandex.ru/16-yaroslavl/category/,owner_boundary_split,hold_distinct_service_owners,cross_service_owner_boundary_reviewed,reviewed,policy_scope_owner,cross-service SERP pair meets a merge or manual-review threshold; the approved S1-S8 service-owner boundary prevents an automatic merge or reassignment
PAIR-F4ECD830D0B5,Q000009,Q000116,благоучтройство дачного участка в ярославской области,въезд на участок цена,S1,S8,commercial_research,transactional,2,https://avito.ru/yaroslavskaya_oblast/predlozheniya_uslug/|https://uslugi.yandex.ru/16-yaroslavl/category/,owner_boundary_split,hold_distinct_service_owners,cross_service_owner_boundary_reviewed,reviewed,policy_scope_owner,cross-service SERP pair meets a merge or manual-review threshold; the approved S1-S8 service-owner boundary prevents an automatic merge or reassignment
PAIR-79668C0CB185,Q000009,Q000135,благоучтройство дачного участка в ярославской области,заказать въезд на участок,S1,S8,commercial_research,transactional,2,https://avito.ru/yaroslavskaya_oblast/predlozheniya_uslug/|https://uslugi.yandex.ru/16-yaroslavl/category/,owner_boundary_split,hold_distinct_service_owners,cross_service_owner_boundary_reviewed,reviewed,policy_scope_owner,cross-service SERP pair meets a merge or manual-review threshold; the approved S1-S8 service-owner boundary prevents an automatic merge or reassignment
PAIR-F6FAEB7589C5,Q000009,Q000141,благоучтройство дачного участка в ярославской области,ярославская область сделать въезд в канаву,S1,S8,commercial_research,commercial_research,2,https://avito.ru/yaroslavskaya_oblast/predlozheniya_uslug/|https://uslugi.yandex.ru/16-yaroslavl/category/,owner_boundary_split,hold_distinct_service_owners,cross_service_owner_boundary_reviewed,reviewed,policy_scope_owner,cross-service SERP pair meets a merge or manual-review threshold; the approved S1-S8 service-owner boundary prevents an automatic merge or reassignment
PAIR-1B4BEE06FB5A,Q000010,Q000011,дизайн проект участка,заказать дизайн проект участка,S1,S1,commercial_research,transactional,4,https://avito.ru/yaroslavl/predlozheniya_uslug/|https://progarden.group/|https://uslugi.yandex.ru/16-yaroslavl/category/|https://yaroslavl.mslandshaft.ru/,manual_review,hold_current_url,serp_pair_pending_review,pending,,same-service SERP pair meets the explicit manual-review threshold; the existing owner is held and no split or new URL is approved
PAIR-324FDF688692,Q000010,Q000015,дизайн проект участка,комплексное благоустройство частных территорий,S1,S1,commercial_research,commercial_research,3,https://avito.ru/yaroslavl/predlozheniya_uslug/|https://uslugi.yandex.ru/16-yaroslavl/category/|https://yaroslavl.mslandshaft.ru/,manual_review,hold_current_url,serp_pair_pending_review,pending,,same-service SERP pair meets the explicit manual-review threshold; the existing owner is held and no split or new URL is approved
PAIR-74CC68A2BE5F,Q000010,Q000019,дизайн проект участка,ландшафтное проектирование участка,S1,S1,commercial_research,commercial_research,3,https://klerk.ru/blogs/gdekurs/694312/|https://uslugi.yandex.ru/16-yaroslavl/category/|https://yaroslavl.mslandshaft.ru/,manual_review,hold_current_url,serp_pair_pending_review,pending,,same-service SERP pair meets the explicit manual-review threshold; the existing owner is held and no split or new URL is approved
PAIR-E39C2294AF12,Q000010,Q000024,дизайн проект участка,ландшафтный дизайн участка,S1,S1,commercial_research,commercial_research,2,https://avito.ru/yaroslavl/predlozheniya_uslug/|https://yaroslavl.mslandshaft.ru/,manual_review,hold_current_url,serp_pair_pending_review,pending,,same-service SERP pair meets the explicit manual-review threshold; the existing owner is held and no split or new URL is approved
PAIR-38B69001B9AA,Q000010,Q000027,дизайн проект участка,прейскурант цен на благоустройство придомовой территории в ярославской области,S1,S1,commercial_research,commercial_research,2,https://avito.ru/yaroslavl/predlozheniya_uslug/|https://uslugi.yandex.ru/16-yaroslavl/category/,manual_review,hold_current_url,serp_pair_pending_review,pending,,same-service SERP pair meets the explicit manual-review threshold; the existing owner is held and no split or new URL is approved
PAIR-2AFE8F1C158D,Q000010,Q000030,дизайн проект участка,сайты благоустройства участков,S1,S1,commercial_research,commercial_research,2,https://avito.ru/yaroslavl/predlozheniya_uslug/|https://uslugi.yandex.ru/16-yaroslavl/category/,manual_review,hold_current_url,serp_pair_pending_review,pending,,same-service SERP pair meets the explicit manual-review threshold; the existing owner is held and no split or new URL is approved
PAIR-5617E6079E93,Q000010,Q000032,дизайн проект участка,стоимость работ по благоустройству территории ярославль,S1,S1,commercial_research,transactional,2,https://avito.ru/yaroslavl/predlozheniya_uslug/|https://uslugi.yandex.ru/16-yaroslavl/category/,manual_review,hold_current_url,serp_pair_pending_review,pending,,same-service SERP pair meets the explicit manual-review threshold; the existing owner is held and no split or new URL is approved
PAIR-4B79684A4FD0,Q000010,Q000033,дизайн проект участка,стоимость реализации проекта обустройства частного участка в ярославской области компании,S1,S1,commercial_research,transactional,2,https://avito.ru/yaroslavl/predlozheniya_uslug/|https://uslugi.yandex.ru/16-yaroslavl/category/,manual_review,hold_current_url,serp_pair_pending_review,pending,,same-service SERP pair meets the explicit manual-review threshold; the existing owner is held and no split or new URL is approved
PAIR-B99465B2D7C0,Q000010,Q000035,дизайн проект участка,цены на работу по благоустройству,S1,S1,commercial_research,transactional,2,https://avito.ru/yaroslavl/predlozheniya_uslug/|https://uslugi.yandex.ru/16-yaroslavl/category/,manual_review,hold_current_url,serp_pair_pending_review,pending,,same-service SERP pair meets the explicit manual-review threshold; the existing owner is held and no split or new URL is approved
PAIR-121DC2606DAD,Q000010,Q000046,дизайн проект участка,полив газонов ярославль,S1,S2,commercial_research,commercial_research,2,https://avito.ru/yaroslavl/predlozheniya_uslug/|https://uslugi.yandex.ru/16-yaroslavl/category/,owner_boundary_split,hold_distinct_service_owners,cross_service_owner_boundary_reviewed,reviewed,policy_scope_owner,cross-service SERP pair meets a merge or manual-review threshold; the approved S1-S8 service-owner boundary prevents an automatic merge or reassignment
PAIR-7B264EE16D36,Q000010,Q000048,дизайн проект участка,посевной газон под ключ г ярославль ул магистральная 7 7,S1,S2,commercial_research,transactional,2,https://avito.ru/yaroslavl/predlozheniya_uslug/|https://progarden.group/,owner_boundary_split,hold_distinct_service_owners,cross_service_owner_boundary_reviewed,reviewed,policy_scope_owner,cross-service SERP pair meets a merge or manual-review threshold; the approved S1-S8 service-owner boundary prevents an automatic merge or reassignment
PAIR-8C327C2EC530,Q000010,Q000057,дизайн проект участка,устройство газона,S1,S2,commercial_research,transactional,2,https://avito.ru/yaroslavl/predlozheniya_uslug/|https://uslugi.yandex.ru/16-yaroslavl/category/,owner_boundary_split,hold_distinct_service_owners,cross_service_owner_boundary_reviewed,reviewed,policy_scope_owner,cross-service SERP pair meets a merge or manual-review threshold; the approved S1-S8 service-owner boundary prevents an automatic merge or reassignment
PAIR-4C3601F0BB8A,Q000010,Q000060,дизайн проект участка,заказать посадку дерева,S1,S3,commercial_research,transactional,2,https://avito.ru/yaroslavl/predlozheniya_uslug/|https://uslugi.yandex.ru/16-yaroslavl/category/,owner_boundary_split,hold_distinct_service_owners,cross_service_owner_boundary_reviewed,reviewed,policy_scope_owner,cross-service SERP pair meets a merge or manual-review threshold; the approved S1-S8 service-owner boundary prevents an automatic merge or reassignment
PAIR-1059F6E319C5,Q000010,Q000061,дизайн проект участка,озеленение участка,S1,S3,commercial_research,commercial_research,2,https://avito.ru/yaroslavl/predlozheniya_uslug/|https://progarden.group/,owner_boundary_split,hold_distinct_service_owners,cross_service_owner_boundary_reviewed,reviewed,policy_scope_owner,cross-service SERP pair meets a merge or manual-review threshold; the approved S1-S8 service-owner boundary prevents an automatic merge or reassignment
PAIR-5A0EE6A9F8EA,Q000010,Q000062,дизайн проект участка,озеленение участка под ключ и благоустройство ярославль,S1,S3,commercial_research,transactional,2,https://avito.ru/yaroslavl/predlozheniya_uslug/|https://progarden.group/,owner_boundary_split,hold_distinct_service_owners,cross_service_owner_boundary_reviewed,reviewed,policy_scope_owner,cross-service SERP pair meets a merge or manual-review threshold; the approved S1-S8 service-owner boundary prevents an automatic merge or reassignment
PAIR-0772E3FA29DD,Q000010,Q000067,дизайн проект участка,стоимость посадки деревьев,S1,S3,commercial_research,transactional,2,https://avito.ru/yaroslavl/predlozheniya_uslug/|https://uslugi.yandex.ru/16-yaroslavl/category/,owner_boundary_split,hold_distinct_service_owners,cross_service_owner_boundary_reviewed,reviewed,policy_scope_owner,cross-service SERP pair meets a merge or manual-review threshold; the approved S1-S8 service-owner boundary prevents an automatic merge or reassignment
PAIR-3B0EEF696375,Q000010,Q000068,дизайн проект участка,услуги по выбору и посадке фруктовых деревьев в ярославле,S1,S3,commercial_research,transactional,2,https://avito.ru/yaroslavl/predlozheniya_uslug/|https://uslugi.yandex.ru/16-yaroslavl/category/,owner_boundary_split,hold_distinct_service_owners,cross_service_owner_boundary_reviewed,reviewed,policy_scope_owner,cross-service SERP pair meets a merge or manual-review threshold; the approved S1-S8 service-owner boundary prevents an automatic merge or reassignment
PAIR-6EC440ECE0D2,Q000010,Q000069,дизайн проект участка,заказать обрезку деревьев,S1,S4,commercial_research,transactional,2,https://avito.ru/yaroslavl/predlozheniya_uslug/|https://uslugi.yandex.ru/16-yaroslavl/category/,owner_boundary_split,hold_distinct_service_owners,cross_service_owner_boundary_reviewed,reviewed,policy_scope_owner,cross-service SERP pair meets a merge or manual-review threshold; the approved S1-S8 service-owner boundary prevents an automatic merge or reassignment
PAIR-EFAE86E1E127,Q000010,Q000079,дизайн проект участка,уход за садом цена,S1,S4,commercial_research,transactional,2,https://avito.ru/yaroslavl/predlozheniya_uslug/|https://uslugi.yandex.ru/16-yaroslavl/category/,owner_boundary_split,hold_distinct_service_owners,cross_service_owner_boundary_reviewed,reviewed,policy_scope_owner,cross-service SERP pair meets a merge or manual-review threshold; the approved S1-S8 service-owner boundary prevents an automatic merge or reassignment
PAIR-5096792E170C,Q000010,Q000081,дизайн проект участка,выравнивание участка,S1,S5,commercial_research,commercial_research,2,https://avito.ru/yaroslavl/predlozheniya_uslug/|https://uslugi.yandex.ru/16-yaroslavl/category/,owner_boundary_split,hold_distinct_service_owners,cross_service_owner_boundary_reviewed,reviewed,policy_scope_owner,cross-service SERP pair meets a merge or manual-review threshold; the approved S1-S8 service-owner boundary prevents an automatic merge or reassignment
PAIR-5C98F922EDAA,Q000010,Q000082,дизайн проект участка,выравнивание участка цена,S1,S5,commercial_research,transactional,2,https://avito.ru/yaroslavl/predlozheniya_uslug/|https://uslugi.yandex.ru/16-yaroslavl/category/,owner_boundary_split,hold_distinct_service_owners,cross_service_owner_boundary_reviewed,reviewed,policy_scope_owner,cross-service SERP pair meets a merge or manual-review threshold; the approved S1-S8 service-owner boundary prevents an automatic merge or reassignment
PAIR-4CBE5E8D35F6,Q000010,Q000083,дизайн проект участка,выравнивание участка ярославль,S1,S5,commercial_research,commercial_research,2,https://avito.ru/yaroslavl/predlozheniya_uslug/|https://uslugi.yandex.ru/16-yaroslavl/category/,owner_boundary_split,hold_distinct_service_owners,cross_service_owner_boundary_reviewed,reviewed,policy_scope_owner,cross-service SERP pair meets a merge or manual-review threshold; the approved S1-S8 service-owner boundary prevents an automatic merge or reassignment
PAIR-7A8B99D4C7F5,Q000010,Q000088,дизайн проект участка,заказать выравнивание участка,S1,S5,commercial_research,transactional,2,https://avito.ru/yaroslavl/predlozheniya_uslug/|https://uslugi.yandex.ru/16-yaroslavl/category/,owner_boundary_split,hold_distinct_service_owners,cross_service_owner_boundary_reviewed,reviewed,policy_scope_owner,cross-service SERP pair meets a merge or manual-review threshold; the approved S1-S8 service-owner boundary prevents an automatic merge or reassignment
PAIR-DB3440CD938A,Q000010,Q000089,дизайн проект участка,заказать планировку участка,S1,S5,commercial_research,transactional,2,https://avito.ru/yaroslavl/predlozheniya_uslug/|https://uslugi.yandex.ru/16-yaroslavl/category/,owner_boundary_split,hold_distinct_service_owners,cross_service_owner_boundary_reviewed,reviewed,policy_scope_owner,cross-service SERP pair meets a merge or manual-review threshold; the approved S1-S8 service-owner boundary prevents an automatic merge or reassignment
PAIR-5B6EAF09FA8B,Q000010,Q000093,дизайн проект участка,планировка территории цена,S1,S5,commercial_research,transactional,2,https://avito.ru/yaroslavl/predlozheniya_uslug/|https://uslugi.yandex.ru/16-yaroslavl/category/,owner_boundary_split,hold_distinct_service_owners,cross_service_owner_boundary_reviewed,reviewed,policy_scope_owner,cross-service SERP pair meets a merge or manual-review threshold; the approved S1-S8 service-owner boundary prevents an automatic merge or reassignment
PAIR-F459ECC3E5F1,Q000010,Q000097,дизайн проект участка,планировка участка цена,S1,S5,commercial_research,transactional,2,https://avito.ru/yaroslavl/predlozheniya_uslug/|https://uslugi.yandex.ru/16-yaroslavl/category/,owner_boundary_split,hold_distinct_service_owners,cross_service_owner_boundary_reviewed,reviewed,policy_scope_owner,cross-service SERP pair meets a merge or manual-review threshold; the approved S1-S8 service-owner boundary prevents an automatic merge or reassignment
PAIR-91C3972E78FD,Q000010,Q000098,дизайн проект участка,планировка участка ярославль,S1,S5,commercial_research,commercial_research,2,https://avito.ru/yaroslavl/predlozheniya_uslug/|https://uslugi.yandex.ru/16-yaroslavl/category/,owner_boundary_split,hold_distinct_service_owners,cross_service_owner_boundary_reviewed,reviewed,policy_scope_owner,cross-service SERP pair meets a merge or manual-review threshold; the approved S1-S8 service-owner boundary prevents an automatic merge or reassignment
PAIR-5708559E59A6,Q000010,Q000116,дизайн проект участка,въезд на участок цена,S1,S8,commercial_research,transactional,2,https://avito.ru/yaroslavl/predlozheniya_uslug/|https://uslugi.yandex.ru/16-yaroslavl/category/,owner_boundary_split,hold_distinct_service_owners,cross_service_owner_boundary_reviewed,reviewed,policy_scope_owner,cross-service SERP pair meets a merge or manual-review threshold; the approved S1-S8 service-owner boundary prevents an automatic merge or reassignment
PAIR-F268732E489E,Q000010,Q000119,дизайн проект участка,въезд через канаву под ключ,S1,S8,commercial_research,transactional,2,https://avito.ru/yaroslavl/predlozheniya_uslug/|https://uslugi.yandex.ru/16-yaroslavl/category/,owner_boundary_split,hold_distinct_service_owners,cross_service_owner_boundary_reviewed,reviewed,policy_scope_owner,cross-service SERP pair meets a merge or manual-review threshold; the approved S1-S8 service-owner boundary prevents an automatic merge or reassignment
PAIR-AA570FBF8398,Q000010,Q000120,дизайн проект участка,въезд через канаву цена,S1,S8,commercial_research,transactional,2,https://avito.ru/yaroslavl/predlozheniya_uslug/|https://uslugi.yandex.ru/16-yaroslavl/category/,owner_boundary_split,hold_distinct_service_owners,cross_service_owner_boundary_reviewed,reviewed,policy_scope_owner,cross-service SERP pair meets a merge or manual-review threshold; the approved S1-S8 service-owner boundary prevents an automatic merge or reassignment
PAIR-A88A8FB9284C,Q000010,Q000122,дизайн проект участка,заезд на участок под ключ,S1,S8,commercial_research,transactional,2,https://avito.ru/yaroslavl/predlozheniya_uslug/|https://uslugi.yandex.ru/16-yaroslavl/category/,owner_boundary_split,hold_distinct_service_owners,cross_service_owner_boundary_reviewed,reviewed,policy_scope_owner,cross-service SERP pair meets a merge or manual-review threshold; the approved S1-S8 service-owner boundary prevents an automatic merge or reassignment
PAIR-D88CBC9FCB26,Q000010,Q000124,дизайн проект участка,заезд на участок цена,S1,S8,commercial_research,transactional,2,https://avito.ru/yaroslavl/predlozheniya_uslug/|https://uslugi.yandex.ru/16-yaroslavl/category/,owner_boundary_split,hold_distinct_service_owners,cross_service_owner_boundary_reviewed,reviewed,policy_scope_owner,cross-service SERP pair meets a merge or manual-review threshold; the approved S1-S8 service-owner boundary prevents an automatic merge or reassignment
PAIR-2C588D67E976,Q000010,Q000125,дизайн проект участка,заезд на участок через канаву в тутаеве,S1,S8,commercial_research,commercial_research,2,https://avito.ru/yaroslavl/predlozheniya_uslug/|https://uslugi.yandex.ru/16-yaroslavl/category/,owner_boundary_split,hold_distinct_service_owners,cross_service_owner_boundary_reviewed,reviewed,policy_scope_owner,cross-service SERP pair meets a merge or manual-review threshold; the approved S1-S8 service-owner boundary prevents an automatic merge or reassignment
PAIR-A69E158BA789,Q000010,Q000126,дизайн проект участка,заезд на участок через канаву под ключ,S1,S8,commercial_research,transactional,2,https://avito.ru/yaroslavl/predlozheniya_uslug/|https://uslugi.yandex.ru/16-yaroslavl/category/,owner_boundary_split,hold_distinct_service_owners,cross_service_owner_boundary_reviewed,reviewed,policy_scope_owner,cross-service SERP pair meets a merge or manual-review threshold; the approved S1-S8 service-owner boundary prevents an automatic merge or reassignment
PAIR-64D7F0EC2A49,Q000010,Q000128,дизайн проект участка,заезд на участок через канаву под ключ тутаев,S1,S8,commercial_research,transactional,2,https://avito.ru/yaroslavl/predlozheniya_uslug/|https://uslugi.yandex.ru/16-yaroslavl/category/,owner_boundary_split,hold_distinct_service_owners,cross_service_owner_boundary_reviewed,reviewed,policy_scope_owner,cross-service SERP pair meets a merge or manual-review threshold; the approved S1-S8 service-owner boundary prevents an automatic merge or reassignment
PAIR-D69D0BA73E99,Q000010,Q000129,дизайн проект участка,заезд на участок через канаву под ключ ярославль,S1,S8,commercial_research,transactional,2,https://avito.ru/yaroslavl/predlozheniya_uslug/|https://uslugi.yandex.ru/16-yaroslavl/category/,owner_boundary_split,hold_distinct_service_owners,cross_service_owner_boundary_reviewed,reviewed,policy_scope_owner,cross-service SERP pair meets a merge or manual-review threshold; the approved S1-S8 service-owner boundary prevents an automatic merge or reassignment
PAIR-4D905920EC0B,Q000010,Q000131,дизайн проект участка,заезд на участок через канаву цена,S1,S8,commercial_research,transactional,2,https://avito.ru/yaroslavl/predlozheniya_uslug/|https://uslugi.yandex.ru/16-yaroslavl/category/,owner_boundary_split,hold_distinct_service_owners,cross_service_owner_boundary_reviewed,reviewed,policy_scope_owner,cross-service SERP pair meets a merge or manual-review threshold; the approved S1-S8 service-owner boundary prevents an automatic merge or reassignment
PAIR-AA3E6863BC33,Q000010,Q000133,дизайн проект участка,заезд через канаву на участок,S1,S8,commercial_research,commercial_research,2,https://avito.ru/yaroslavl/predlozheniya_uslug/|https://uslugi.yandex.ru/16-yaroslavl/category/,owner_boundary_split,hold_distinct_service_owners,cross_service_owner_boundary_reviewed,reviewed,policy_scope_owner,cross-service SERP pair meets a merge or manual-review threshold; the approved S1-S8 service-owner boundary prevents an automatic merge or reassignment
PAIR-09E6327418DC,Q000010,Q000135,дизайн проект участка,заказать въезд на участок,S1,S8,commercial_research,transactional,2,https://avito.ru/yaroslavl/predlozheniya_uslug/|https://uslugi.yandex.ru/16-yaroslavl/category/,owner_boundary_split,hold_distinct_service_owners,cross_service_owner_boundary_reviewed,reviewed,policy_scope_owner,cross-service SERP pair meets a merge or manual-review threshold; the approved S1-S8 service-owner boundary prevents an automatic merge or reassignment
PAIR-82916CC17874,Q000010,Q000141,дизайн проект участка,ярославская область сделать въезд в канаву,S1,S8,commercial_research,commercial_research,2,https://avito.ru/yaroslavl/predlozheniya_uslug/|https://uslugi.yandex.ru/16-yaroslavl/category/,owner_boundary_split,hold_distinct_service_owners,cross_service_owner_boundary_reviewed,reviewed,policy_scope_owner,cross-service SERP pair meets a merge or manual-review threshold; the approved S1-S8 service-owner boundary prevents an automatic merge or reassignment
PAIR-9F0DED4E83F4,Q000011,Q000015,заказать дизайн проект участка,комплексное благоустройство частных территорий,S1,S1,transactional,commercial_research,4,https://avito.ru/yaroslavl/predlozheniya_uslug/|https://om-garden.ru/|https://uslugi.yandex.ru/16-yaroslavl/category/|https://yaroslavl.mslandshaft.ru/,manual_review,hold_current_url,serp_pair_pending_review,pending,,same-service SERP pair meets the explicit manual-review threshold; the existing owner is held and no split or new URL is approved
PAIR-558DA1893B40,Q000011,Q000019,заказать дизайн проект участка,ландшафтное проектирование участка,S1,S1,transactional,commercial_research,4,https://avito.ru/yaroslavskaya_oblast/predlozheniya_uslug/|https://profi.ru/geo-yar/remont/landshaftniy-dizain/landshaftnoe-proektirovanie/|https://uslugi.yandex.ru/16-yaroslavl/category/|https://yaroslavl.mslandshaft.ru/,manual_review,hold_current_url,serp_pair_pending_review,pending,,same-service SERP pair meets the explicit manual-review threshold; the existing owner is held and no split or new URL is approved
PAIR-E11A7B14FD81,Q000011,Q000024,заказать дизайн проект участка,ландшафтный дизайн участка,S1,S1,transactional,commercial_research,2,https://avito.ru/yaroslavl/predlozheniya_uslug/|https://yaroslavl.mslandshaft.ru/,manual_review,hold_current_url,serp_pair_pending_review,pending,,same-service SERP pair meets the explicit manual-review threshold; the existing owner is held and no split or new URL is approved
PAIR-FF6FF6E9F1ED,Q000011,Q000025,заказать дизайн проект участка,ландшафтный дизайнер коприно,S1,S1,transactional,commercial_research,2,https://om-garden.ru/|https://progarden.group/,manual_review,hold_current_url,serp_pair_pending_review,pending,,same-service SERP pair meets the explicit manual-review threshold; the existing owner is held and no split or new URL is approved
PAIR-138295498AE6,Q000011,Q000027,заказать дизайн проект участка,прейскурант цен на благоустройство придомовой территории в ярославской области,S1,S1,transactional,commercial_research,2,https://avito.ru/yaroslavl/predlozheniya_uslug/|https://uslugi.yandex.ru/16-yaroslavl/category/,manual_review,hold_current_url,serp_pair_pending_review,pending,,same-service SERP pair meets the explicit manual-review threshold; the existing owner is held and no split or new URL is approved
PAIR-620AF2568B96,Q000011,Q000030,заказать дизайн проект участка,сайты благоустройства участков,S1,S1,transactional,commercial_research,2,https://avito.ru/yaroslavl/predlozheniya_uslug/|https://uslugi.yandex.ru/16-yaroslavl/category/,manual_review,hold_current_url,serp_pair_pending_review,pending,,same-service SERP pair meets the explicit manual-review threshold; the existing owner is held and no split or new URL is approved
PAIR-285679FA98A8,Q000011,Q000032,заказать дизайн проект участка,стоимость работ по благоустройству территории ярославль,S1,S1,transactional,transactional,2,https://avito.ru/yaroslavl/predlozheniya_uslug/|https://uslugi.yandex.ru/16-yaroslavl/category/,manual_review,hold_current_url,serp_pair_pending_review,pending,,same-service SERP pair meets the explicit manual-review threshold; the existing owner is held and no split or new URL is approved
PAIR-1E93E8286BC4,Q000011,Q000033,заказать дизайн проект участка,стоимость реализации проекта обустройства частного участка в ярославской области компании,S1,S1,transactional,transactional,3,https://avito.ru/yaroslavl/predlozheniya_uslug/|https://avito.ru/yaroslavskaya_oblast/predlozheniya_uslug/|https://uslugi.yandex.ru/16-yaroslavl/category/,manual_review,hold_current_url,serp_pair_pending_review,pending,,same-service SERP pair meets the explicit manual-review threshold; the existing owner is held and no split or new URL is approved
PAIR-E05A3D48156B,Q000011,Q000035,заказать дизайн проект участка,цены на работу по благоустройству,S1,S1,transactional,transactional,3,https://avito.ru/yaroslavl/predlozheniya_uslug/|https://avito.ru/yaroslavskaya_oblast/predlozheniya_uslug/|https://uslugi.yandex.ru/16-yaroslavl/category/,manual_review,hold_current_url,serp_pair_pending_review,pending,,same-service SERP pair meets the explicit manual-review threshold; the existing owner is held and no split or new URL is approved
PAIR-77A55DC49729,Q000011,Q000046,заказать дизайн проект участка,полив газонов ярославль,S1,S2,transactional,commercial_research,2,https://avito.ru/yaroslavl/predlozheniya_uslug/|https://uslugi.yandex.ru/16-yaroslavl/category/,owner_boundary_split,hold_distinct_service_owners,cross_service_owner_boundary_reviewed,reviewed,policy_scope_owner,cross-service SERP pair meets a merge or manual-review threshold; the approved S1-S8 service-owner boundary prevents an automatic merge or reassignment
PAIR-B6B291360893,Q000011,Q000048,заказать дизайн проект участка,посевной газон под ключ г ярославль ул магистральная 7 7,S1,S2,transactional,transactional,3,https://avito.ru/yaroslavl/predlozheniya_uslug/|https://avito.ru/yaroslavskaya_oblast/predlozheniya_uslug/|https://progarden.group/,owner_boundary_split,hold_distinct_service_owners,cross_service_owner_boundary_reviewed,reviewed,policy_scope_owner,cross-service SERP pair meets a merge or manual-review threshold; the approved S1-S8 service-owner boundary prevents an automatic merge or reassignment
PAIR-B354359C2D54,Q000011,Q000057,заказать дизайн проект участка,устройство газона,S1,S2,transactional,transactional,2,https://avito.ru/yaroslavl/predlozheniya_uslug/|https://uslugi.yandex.ru/16-yaroslavl/category/,owner_boundary_split,hold_distinct_service_owners,cross_service_owner_boundary_reviewed,reviewed,policy_scope_owner,cross-service SERP pair meets a merge or manual-review threshold; the approved S1-S8 service-owner boundary prevents an automatic merge or reassignment
PAIR-AFB83D0D73A8,Q000011,Q000060,заказать дизайн проект участка,заказать посадку дерева,S1,S3,transactional,transactional,2,https://avito.ru/yaroslavl/predlozheniya_uslug/|https://uslugi.yandex.ru/16-yaroslavl/category/,owner_boundary_split,hold_distinct_service_owners,cross_service_owner_boundary_reviewed,reviewed,policy_scope_owner,cross-service SERP pair meets a merge or manual-review threshold; the approved S1-S8 service-owner boundary prevents an automatic merge or reassignment
PAIR-893C90BEDDAE,Q000011,Q000061,заказать дизайн проект участка,озеленение участка,S1,S3,transactional,commercial_research,2,https://avito.ru/yaroslavl/predlozheniya_uslug/|https://progarden.group/,owner_boundary_split,hold_distinct_service_owners,cross_service_owner_boundary_reviewed,reviewed,policy_scope_owner,cross-service SERP pair meets a merge or manual-review threshold; the approved S1-S8 service-owner boundary prevents an automatic merge or reassignment
PAIR-3FE95A4952E6,Q000011,Q000062,заказать дизайн проект участка,озеленение участка под ключ и благоустройство ярославль,S1,S3,transactional,transactional,2,https://avito.ru/yaroslavl/predlozheniya_uslug/|https://progarden.group/,owner_boundary_split,hold_distinct_service_owners,cross_service_owner_boundary_reviewed,reviewed,policy_scope_owner,cross-service SERP pair meets a merge or manual-review threshold; the approved S1-S8 service-owner boundary prevents an automatic merge or reassignment
PAIR-052BE343A24A,Q000011,Q000067,заказать дизайн проект участка,стоимость посадки деревьев,S1,S3,transactional,transactional,2,https://avito.ru/yaroslavl/predlozheniya_uslug/|https://uslugi.yandex.ru/16-yaroslavl/category/,owner_boundary_split,hold_distinct_service_owners,cross_service_owner_boundary_reviewed,reviewed,policy_scope_owner,cross-service SERP pair meets a merge or manual-review threshold; the approved S1-S8 service-owner boundary prevents an automatic merge or reassignment
PAIR-5A37AC0EF46F,Q000011,Q000068,заказать дизайн проект участка,услуги по выбору и посадке фруктовых деревьев в ярославле,S1,S3,transactional,transactional,3,https://avito.ru/yaroslavl/predlozheniya_uslug/|https://avito.ru/yaroslavskaya_oblast/predlozheniya_uslug/|https://uslugi.yandex.ru/16-yaroslavl/category/,owner_boundary_split,hold_distinct_service_owners,cross_service_owner_boundary_reviewed,reviewed,policy_scope_owner,cross-service SERP pair meets a merge or manual-review threshold; the approved S1-S8 service-owner boundary prevents an automatic merge or reassignment
PAIR-DB7860B4D9F9,Q000011,Q000069,заказать дизайн проект участка,заказать обрезку деревьев,S1,S4,transactional,transactional,3,https://avito.ru/yaroslavl/predlozheniya_uslug/|https://avito.ru/yaroslavskaya_oblast/predlozheniya_uslug/|https://uslugi.yandex.ru/16-yaroslavl/category/,owner_boundary_split,hold_distinct_service_owners,cross_service_owner_boundary_reviewed,reviewed,policy_scope_owner,cross-service SERP pair meets a merge or manual-review threshold; the approved S1-S8 service-owner boundary prevents an automatic merge or reassignment
PAIR-FD4C6F08D5CC,Q000011,Q000079,заказать дизайн проект участка,уход за садом цена,S1,S4,transactional,transactional,2,https://avito.ru/yaroslavl/predlozheniya_uslug/|https://uslugi.yandex.ru/16-yaroslavl/category/,owner_boundary_split,hold_distinct_service_owners,cross_service_owner_boundary_reviewed,reviewed,policy_scope_owner,cross-service SERP pair meets a merge or manual-review threshold; the approved S1-S8 service-owner boundary prevents an automatic merge or reassignment
PAIR-FBA513BDA73E,Q000011,Q000081,заказать дизайн проект участка,выравнивание участка,S1,S5,transactional,commercial_research,2,https://avito.ru/yaroslavl/predlozheniya_uslug/|https://uslugi.yandex.ru/16-yaroslavl/category/,owner_boundary_split,hold_distinct_service_owners,cross_service_owner_boundary_reviewed,reviewed,policy_scope_owner,cross-service SERP pair meets a merge or manual-review threshold; the approved S1-S8 service-owner boundary prevents an automatic merge or reassignment
PAIR-A8FAB2B41A66,Q000011,Q000082,заказать дизайн проект участка,выравнивание участка цена,S1,S5,transactional,transactional,2,https://avito.ru/yaroslavl/predlozheniya_uslug/|https://uslugi.yandex.ru/16-yaroslavl/category/,owner_boundary_split,hold_distinct_service_owners,cross_service_owner_boundary_reviewed,reviewed,policy_scope_owner,cross-service SERP pair meets a merge or manual-review threshold; the approved S1-S8 service-owner boundary prevents an automatic merge or reassignment
PAIR-27E5DA269DE1,Q000011,Q000083,заказать дизайн проект участка,выравнивание участка ярославль,S1,S5,transactional,commercial_research,2,https://avito.ru/yaroslavl/predlozheniya_uslug/|https://uslugi.yandex.ru/16-yaroslavl/category/,owner_boundary_split,hold_distinct_service_owners,cross_service_owner_boundary_reviewed,reviewed,policy_scope_owner,cross-service SERP pair meets a merge or manual-review threshold; the approved S1-S8 service-owner boundary prevents an automatic merge or reassignment
PAIR-47E2E1FCF742,Q000011,Q000088,заказать дизайн проект участка,заказать выравнивание участка,S1,S5,transactional,transactional,2,https://avito.ru/yaroslavl/predlozheniya_uslug/|https://uslugi.yandex.ru/16-yaroslavl/category/,owner_boundary_split,hold_distinct_service_owners,cross_service_owner_boundary_reviewed,reviewed,policy_scope_owner,cross-service SERP pair meets a merge or manual-review threshold; the approved S1-S8 service-owner boundary prevents an automatic merge or reassignment
PAIR-536F7C67A528,Q000011,Q000089,заказать дизайн проект участка,заказать планировку участка,S1,S5,transactional,transactional,3,https://avito.ru/yaroslavl/predlozheniya_uslug/|https://avito.ru/yaroslavskaya_oblast/predlozheniya_uslug/|https://uslugi.yandex.ru/16-yaroslavl/category/,owner_boundary_split,hold_distinct_service_owners,cross_service_owner_boundary_reviewed,reviewed,policy_scope_owner,cross-service SERP pair meets a merge or manual-review threshold; the approved S1-S8 service-owner boundary prevents an automatic merge or reassignment
PAIR-AF9C5C99CD41,Q000011,Q000093,заказать дизайн проект участка,планировка территории цена,S1,S5,transactional,transactional,3,https://avito.ru/yaroslavl/predlozheniya_uslug/|https://avito.ru/yaroslavskaya_oblast/predlozheniya_uslug/|https://uslugi.yandex.ru/16-yaroslavl/category/,owner_boundary_split,hold_distinct_service_owners,cross_service_owner_boundary_reviewed,reviewed,policy_scope_owner,cross-service SERP pair meets a merge or manual-review threshold; the approved S1-S8 service-owner boundary prevents an automatic merge or reassignment
PAIR-22DE3198CCBC,Q000011,Q000097,заказать дизайн проект участка,планировка участка цена,S1,S5,transactional,transactional,2,https://avito.ru/yaroslavl/predlozheniya_uslug/|https://uslugi.yandex.ru/16-yaroslavl/category/,owner_boundary_split,hold_distinct_service_owners,cross_service_owner_boundary_reviewed,reviewed,policy_scope_owner,cross-service SERP pair meets a merge or manual-review threshold; the approved S1-S8 service-owner boundary prevents an automatic merge or reassignment
PAIR-03668C26296E,Q000011,Q000098,заказать дизайн проект участка,планировка участка ярославль,S1,S5,transactional,commercial_research,3,https://avito.ru/yaroslavl/predlozheniya_uslug/|https://avito.ru/yaroslavskaya_oblast/predlozheniya_uslug/|https://uslugi.yandex.ru/16-yaroslavl/category/,owner_boundary_split,hold_distinct_service_owners,cross_service_owner_boundary_reviewed,reviewed,policy_scope_owner,cross-service SERP pair meets a merge or manual-review threshold; the approved S1-S8 service-owner boundary prevents an automatic merge or reassignment
PAIR-A606A7B9B080,Q000011,Q000100,заказать дизайн проект участка,организация выполняющая установкой гравитационной подпорной стены ярославль,S1,S6,transactional,commercial_research,2,https://avito.ru/yaroslavskaya_oblast/predlozheniya_uslug/|https://uslugi.yandex.ru/16-yaroslavl/category/,owner_boundary_split,hold_distinct_service_owners,cross_service_owner_boundary_reviewed,reviewed,policy_scope_owner,cross-service SERP pair meets a merge or manual-review threshold; the approved S1-S8 service-owner boundary prevents an automatic merge or reassignment
PAIR-801E1D90361C,Q000011,Q000116,заказать дизайн проект участка,въезд на участок цена,S1,S8,transactional,transactional,3,https://avito.ru/yaroslavl/predlozheniya_uslug/|https://avito.ru/yaroslavskaya_oblast/predlozheniya_uslug/|https://uslugi.yandex.ru/16-yaroslavl/category/,owner_boundary_split,hold_distinct_service_owners,cross_service_owner_boundary_reviewed,reviewed,policy_scope_owner,cross-service SERP pair meets a merge or manual-review threshold; the approved S1-S8 service-owner boundary prevents an automatic merge or reassignment
PAIR-2E383371DC6B,Q000011,Q000119,заказать дизайн проект участка,въезд через канаву под ключ,S1,S8,transactional,transactional,2,https://avito.ru/yaroslavl/predlozheniya_uslug/|https://uslugi.yandex.ru/16-yaroslavl/category/,owner_boundary_split,hold_distinct_service_owners,cross_service_owner_boundary_reviewed,reviewed,policy_scope_owner,cross-service SERP pair meets a merge or manual-review threshold; the approved S1-S8 service-owner boundary prevents an automatic merge or reassignment
PAIR-F6978F9F7019,Q000011,Q000120,заказать дизайн проект участка,въезд через канаву цена,S1,S8,transactional,transactional,2,https://avito.ru/yaroslavl/predlozheniya_uslug/|https://uslugi.yandex.ru/16-yaroslavl/category/,owner_boundary_split,hold_distinct_service_owners,cross_service_owner_boundary_reviewed,reviewed,policy_scope_owner,cross-service SERP pair meets a merge or manual-review threshold; the approved S1-S8 service-owner boundary prevents an automatic merge or reassignment
PAIR-EC2340DA9AFA,Q000011,Q000122,заказать дизайн проект участка,заезд на участок под ключ,S1,S8,transactional,transactional,2,https://avito.ru/yaroslavl/predlozheniya_uslug/|https://uslugi.yandex.ru/16-yaroslavl/category/,owner_boundary_split,hold_distinct_service_owners,cross_service_owner_boundary_reviewed,reviewed,policy_scope_owner,cross-service SERP pair meets a merge or manual-review threshold; the approved S1-S8 service-owner boundary prevents an automatic merge or reassignment
PAIR-69F7EC14F3A2,Q000011,Q000124,заказать дизайн проект участка,заезд на участок цена,S1,S8,transactional,transactional,2,https://avito.ru/yaroslavl/predlozheniya_uslug/|https://uslugi.yandex.ru/16-yaroslavl/category/,owner_boundary_split,hold_distinct_service_owners,cross_service_owner_boundary_reviewed,reviewed,policy_scope_owner,cross-service SERP pair meets a merge or manual-review threshold; the approved S1-S8 service-owner boundary prevents an automatic merge or reassignment
PAIR-619E2A957429,Q000011,Q000125,заказать дизайн проект участка,заезд на участок через канаву в тутаеве,S1,S8,transactional,commercial_research,2,https://avito.ru/yaroslavl/predlozheniya_uslug/|https://uslugi.yandex.ru/16-yaroslavl/category/,owner_boundary_split,hold_distinct_service_owners,cross_service_owner_boundary_reviewed,reviewed,policy_scope_owner,cross-service SERP pair meets a merge or manual-review threshold; the approved S1-S8 service-owner boundary prevents an automatic merge or reassignment
PAIR-1A461367F1F7,Q000011,Q000126,заказать дизайн проект участка,заезд на участок через канаву под ключ,S1,S8,transactional,transactional,2,https://avito.ru/yaroslavl/predlozheniya_uslug/|https://uslugi.yandex.ru/16-yaroslavl/category/,owner_boundary_split,hold_distinct_service_owners,cross_service_owner_boundary_reviewed,reviewed,policy_scope_owner,cross-service SERP pair meets a merge or manual-review threshold; the approved S1-S8 service-owner boundary prevents an automatic merge or reassignment
PAIR-7486454160E0,Q000011,Q000128,заказать дизайн проект участка,заезд на участок через канаву под ключ тутаев,S1,S8,transactional,transactional,2,https://avito.ru/yaroslavl/predlozheniya_uslug/|https://uslugi.yandex.ru/16-yaroslavl/category/,owner_boundary_split,hold_distinct_service_owners,cross_service_owner_boundary_reviewed,reviewed,policy_scope_owner,cross-service SERP pair meets a merge or manual-review threshold; the approved S1-S8 service-owner boundary prevents an automatic merge or reassignment
PAIR-FD77AEE8E9BC,Q000011,Q000129,заказать дизайн проект участка,заезд на участок через канаву под ключ ярославль,S1,S8,transactional,transactional,2,https://avito.ru/yaroslavl/predlozheniya_uslug/|https://uslugi.yandex.ru/16-yaroslavl/category/,owner_boundary_split,hold_distinct_service_owners,cross_service_owner_boundary_reviewed,reviewed,policy_scope_owner,cross-service SERP pair meets a merge or manual-review threshold; the approved S1-S8 service-owner boundary prevents an automatic merge or reassignment
PAIR-F0A72244BC6C,Q000011,Q000131,заказать дизайн проект участка,заезд на участок через канаву цена,S1,S8,transactional,transactional,2,https://avito.ru/yaroslavl/predlozheniya_uslug/|https://uslugi.yandex.ru/16-yaroslavl/category/,owner_boundary_split,hold_distinct_service_owners,cross_service_owner_boundary_reviewed,reviewed,policy_scope_owner,cross-service SERP pair meets a merge or manual-review threshold; the approved S1-S8 service-owner boundary prevents an automatic merge or reassignment
PAIR-601528E4565A,Q000011,Q000133,заказать дизайн проект участка,заезд через канаву на участок,S1,S8,transactional,commercial_research,2,https://avito.ru/yaroslavl/predlozheniya_uslug/|https://uslugi.yandex.ru/16-yaroslavl/category/,owner_boundary_split,hold_distinct_service_owners,cross_service_owner_boundary_reviewed,reviewed,policy_scope_owner,cross-service SERP pair meets a merge or manual-review threshold; the approved S1-S8 service-owner boundary prevents an automatic merge or reassignment
PAIR-FD938183A6EE,Q000011,Q000135,заказать дизайн проект участка,заказать въезд на участок,S1,S8,transactional,transactional,3,https://avito.ru/yaroslavl/predlozheniya_uslug/|https://avito.ru/yaroslavskaya_oblast/predlozheniya_uslug/|https://uslugi.yandex.ru/16-yaroslavl/category/,owner_boundary_split,hold_distinct_service_owners,cross_service_owner_boundary_reviewed,reviewed,policy_scope_owner,cross-service SERP pair meets a merge or manual-review threshold; the approved S1-S8 service-owner boundary prevents an automatic merge or reassignment
PAIR-57E3DAFC8B16,Q000011,Q000141,заказать дизайн проект участка,ярославская область сделать въезд в канаву,S1,S8,transactional,commercial_research,3,https://avito.ru/yaroslavl/predlozheniya_uslug/|https://avito.ru/yaroslavskaya_oblast/predlozheniya_uslug/|https://uslugi.yandex.ru/16-yaroslavl/category/,owner_boundary_split,hold_distinct_service_owners,cross_service_owner_boundary_reviewed,reviewed,policy_scope_owner,cross-service SERP pair meets a merge or manual-review threshold; the approved S1-S8 service-owner boundary prevents an automatic merge or reassignment
PAIR-E1227F1C2E4B,Q000012,Q000026,калькулятор расценок на работы по благоустройству территории,онлайн калькулятор для расчета стоимости работ по благоустройству,S1,S1,commercial_research,transactional,7,https://calcal.ru/landscape-budget-calculator/|https://exp76.ru/kalkuljator-uslug/|https://good-lawn.ru/online-kalkulator-blagoustroistva/|https://hovela.ru/price-blagoustroistvo/|https://kalk.pro/landscape/|https://konturland.ru/price/kalkulyator/|https://yka.ru/calc/works/,shared_special_owner,hold_shared_special_owner,shared_special_owner_reviewed,reviewed,policy_special_owner,both queries have the same explicit calculator owner; SERP overlap cannot reassign either query to an S1-S8 service page
PAIR-1987832A2FAD,Q000012,Q000031,калькулятор расценок на работы по благоустройству территории,стоимость благоустройства территории за м2 калькулятор,S1,S1,commercial_research,transactional,6,https://calcal.ru/landscape-budget-calculator/|https://exp76.ru/kalkuljator-uslug/|https://good-lawn.ru/online-kalkulator-blagoustroistva/|https://kalk.pro/landscape/|https://konturland.ru/price/kalkulyator/|https://xn--80aaahqpcuvhvipz6j.xn--p1acf/ceny/stoimost-blagoustroystva-territorii.php/,shared_special_owner,hold_shared_special_owner,shared_special_owner_reviewed,reviewed,policy_special_owner,both queries have the same explicit calculator owner; SERP overlap cannot reassign either query to an S1-S8 service page
PAIR-A9CCAB5043E0,Q000012,Q000070,калькулятор расценок на работы по благоустройству территории,калькулятор работ садовых,S1,S4,commercial_research,commercial_research,4,https://calcal.ru/landscape-budget-calculator/|https://exp76.ru/kalkuljator-uslug/|https://konturland.ru/price/kalkulyator/|https://yka.ru/calc/works/,shared_special_owner,hold_shared_special_owner,shared_special_owner_reviewed,reviewed,policy_special_owner,both queries have the same explicit calculator owner; SERP overlap cannot reassign either query to an S1-S8 service page
PAIR-36B4FE74C4C5,Q000013,Q000020,компании по ландшафтному дизайну рыбинск под ключ,ландшафтные работы рыбинск,S1,S1,transactional,commercial_research,5,https://avito.ru/rybinsk/predlozheniya_uslug/sad_blagoustroystvo-ASgBAgICAUSYC8KfAQ/|https://exp76.ru/|https://rybinsk.dizajn-landshaftnyj.ru/|https://rybinsk.mslandshaft.ru/|https://uslugi.yandex.ru/10839-rybinsk/category/dizajneryi/landshaftnyij-dizajner--273/,manual_review,hold_current_url,serp_pair_pending_review,pending,,same-service SERP pair meets the explicit manual-review threshold; the existing owner is held and no split or new URL is approved
PAIR-7031AA4C2C00,Q000013,Q000021,компании по ландшафтному дизайну рыбинск под ключ,ландшафтные работы это рыбинск,S1,S1,transactional,commercial_research,6,https://avito.ru/rybinsk/predlozheniya_uslug/sad_blagoustroystvo-ASgBAgICAUSYC8KfAQ/|https://exp76.ru/|https://monolit76.ru/landshaftnoe-proektirovanie/|https://rybinsk.dizajn-landshaftnyj.ru/|https://rybinsk.mslandshaft.ru/|https://uslugi.yandex.ru/10839-rybinsk/category/dizajneryi/landshaftnyij-dizajner--273/,manual_review,hold_current_url,serp_pair_pending_review,pending,,same-service SERP pair meets the explicit manual-review threshold; the existing owner is held and no split or new URL is approved
PAIR-73C34D069339,Q000013,Q000023,компании по ландшафтному дизайну рыбинск под ключ,ландшафтный дизайн рыбинск,S1,S1,transactional,commercial_research,5,https://exp76.ru/|https://rybinsk.dizajn-landshaftnyj.ru/|https://rybinsk.mslandshaft.ru/|https://rybinsk.stplitka.ru/landshaftnyj-dizajn/|https://uslugi.yandex.ru/10839-rybinsk/category/dizajneryi/landshaftnyij-dizajner--273/,manual_review,hold_current_url,serp_pair_pending_review,pending,,same-service SERP pair meets the explicit manual-review threshold; the existing owner is held and no split or new URL is approved
PAIR-581E3CED4828,Q000015,Q000017,комплексное благоустройство частных территорий,ландшафтная компания эксперты,S1,S1,commercial_research,commercial_research,2,https://exp76.ru/|https://uslugi.yandex.ru/16-yaroslavl/category/,manual_review,hold_current_url,serp_pair_pending_review,pending,,same-service SERP pair meets the explicit manual-review threshold; the existing owner is held and no split or new URL is approved
PAIR-47A901333D40,Q000015,Q000019,комплексное благоустройство частных территорий,ландшафтное проектирование участка,S1,S1,commercial_research,commercial_research,2,https://uslugi.yandex.ru/16-yaroslavl/category/|https://yaroslavl.mslandshaft.ru/,manual_review,hold_current_url,serp_pair_pending_review,pending,,same-service SERP pair meets the explicit manual-review threshold; the existing owner is held and no split or new URL is approved
PAIR-280BB59C0AEB,Q000015,Q000024,комплексное благоустройство частных территорий,ландшафтный дизайн участка,S1,S1,commercial_research,commercial_research,2,https://avito.ru/yaroslavl/predlozheniya_uslug/|https://yaroslavl.mslandshaft.ru/,manual_review,hold_current_url,serp_pair_pending_review,pending,,same-service SERP pair meets the explicit manual-review threshold; the existing owner is held and no split or new URL is approved
PAIR-2930977F761B,Q000015,Q000025,комплексное благоустройство частных территорий,ландшафтный дизайнер коприно,S1,S1,commercial_research,commercial_research,2,https://exp76.ru/|https://om-garden.ru/,manual_review,hold_current_url,serp_pair_pending_review,pending,,same-service SERP pair meets the explicit manual-review threshold; the existing owner is held and no split or new URL is approved
PAIR-B53BF0F6362F,Q000015,Q000027,комплексное благоустройство частных территорий,прейскурант цен на благоустройство придомовой территории в ярославской области,S1,S1,commercial_research,commercial_research,3,https://avito.ru/yaroslavl/predlozheniya_uslug/|https://landshaftniy-dizayn.ru/region/yaroslavl/blagoustroystvo/territorii/|https://uslugi.yandex.ru/16-yaroslavl/category/,manual_review,hold_current_url,serp_pair_pending_review,pending,,same-service SERP pair meets the explicit manual-review threshold; the existing owner is held and no split or new URL is approved
PAIR-E5B853A4E1EA,Q000015,Q000028,комплексное благоустройство частных территорий,проект благоустройства участка,S1,S1,commercial_research,commercial_research,2,https://avito.ru/yaroslavl/predlozheniya_uslug/|https://yaroslavl.blago-s.ru/,manual_review,hold_current_url,serp_pair_pending_review,pending,,same-service SERP pair meets the explicit manual-review threshold; the existing owner is held and no split or new URL is approved
PAIR-F24D9E79EFBF,Q000015,Q000032,комплексное благоустройство частных территорий,стоимость работ по благоустройству территории ярославль,S1,S1,commercial_research,transactional,3,https://avito.ru/yaroslavl/predlozheniya_uslug/|https://landshaftniy-dizayn.ru/region/yaroslavl/blagoustroystvo/territorii/|https://uslugi.yandex.ru/16-yaroslavl/category/,manual_review,hold_current_url,serp_pair_pending_review,pending,,same-service SERP pair meets the explicit manual-review threshold; the existing owner is held and no split or new URL is approved
PAIR-19EC3F1BBD73,Q000015,Q000033,комплексное благоустройство частных территорий,стоимость реализации проекта обустройства частного участка в ярославской области компании,S1,S1,commercial_research,transactional,2,https://avito.ru/yaroslavl/predlozheniya_uslug/|https://uslugi.yandex.ru/16-yaroslavl/category/,manual_review,hold_current_url,serp_pair_pending_review,pending,,same-service SERP pair meets the explicit manual-review threshold; the existing owner is held and no split or new URL is approved
PAIR-36CD737095B6,Q000015,Q000035,комплексное благоустройство частных территорий,цены на работу по благоустройству,S1,S1,commercial_research,transactional,2,https://avito.ru/yaroslavl/predlozheniya_uslug/|https://uslugi.yandex.ru/16-yaroslavl/category/,manual_review,hold_current_url,serp_pair_pending_review,pending,,same-service SERP pair meets the explicit manual-review threshold; the existing owner is held and no split or new URL is approved
PAIR-460B1FBAAC10,Q000015,Q000046,комплексное благоустройство частных территорий,полив газонов ярославль,S1,S2,commercial_research,commercial_research,2,https://avito.ru/yaroslavl/predlozheniya_uslug/|https://uslugi.yandex.ru/16-yaroslavl/category/,owner_boundary_split,hold_distinct_service_owners,cross_service_owner_boundary_reviewed,reviewed,policy_scope_owner,cross-service SERP pair meets a merge or manual-review threshold; the approved S1-S8 service-owner boundary prevents an automatic merge or reassignment
PAIR-1DD1EAF32C23,Q000015,Q000057,комплексное благоустройство частных территорий,устройство газона,S1,S2,commercial_research,transactional,2,https://avito.ru/yaroslavl/predlozheniya_uslug/|https://uslugi.yandex.ru/16-yaroslavl/category/,owner_boundary_split,hold_distinct_service_owners,cross_service_owner_boundary_reviewed,reviewed,policy_scope_owner,cross-service SERP pair meets a merge or manual-review threshold; the approved S1-S8 service-owner boundary prevents an automatic merge or reassignment
PAIR-B923BF76F831,Q000015,Q000060,комплексное благоустройство частных территорий,заказать посадку дерева,S1,S3,commercial_research,transactional,2,https://avito.ru/yaroslavl/predlozheniya_uslug/|https://uslugi.yandex.ru/16-yaroslavl/category/,owner_boundary_split,hold_distinct_service_owners,cross_service_owner_boundary_reviewed,reviewed,policy_scope_owner,cross-service SERP pair meets a merge or manual-review threshold; the approved S1-S8 service-owner boundary prevents an automatic merge or reassignment
PAIR-271A07800EDF,Q000015,Q000062,комплексное благоустройство частных территорий,озеленение участка под ключ и благоустройство ярославль,S1,S3,commercial_research,transactional,2,https://avito.ru/yaroslavl/predlozheniya_uslug/|https://yaroslavl.blago-s.ru/,owner_boundary_split,hold_distinct_service_owners,cross_service_owner_boundary_reviewed,reviewed,policy_scope_owner,cross-service SERP pair meets a merge or manual-review threshold; the approved S1-S8 service-owner boundary prevents an automatic merge or reassignment
PAIR-9A7615C58A79,Q000015,Q000067,комплексное благоустройство частных территорий,стоимость посадки деревьев,S1,S3,commercial_research,transactional,2,https://avito.ru/yaroslavl/predlozheniya_uslug/|https://uslugi.yandex.ru/16-yaroslavl/category/,owner_boundary_split,hold_distinct_service_owners,cross_service_owner_boundary_reviewed,reviewed,policy_scope_owner,cross-service SERP pair meets a merge or manual-review threshold; the approved S1-S8 service-owner boundary prevents an automatic merge or reassignment
PAIR-0487D1DFC85B,Q000015,Q000068,комплексное благоустройство частных территорий,услуги по выбору и посадке фруктовых деревьев в ярославле,S1,S3,commercial_research,transactional,2,https://avito.ru/yaroslavl/predlozheniya_uslug/|https://uslugi.yandex.ru/16-yaroslavl/category/,owner_boundary_split,hold_distinct_service_owners,cross_service_owner_boundary_reviewed,reviewed,policy_scope_owner,cross-service SERP pair meets a merge or manual-review threshold; the approved S1-S8 service-owner boundary prevents an automatic merge or reassignment
PAIR-FF039EAD3F85,Q000015,Q000069,комплексное благоустройство частных территорий,заказать обрезку деревьев,S1,S4,commercial_research,transactional,2,https://avito.ru/yaroslavl/predlozheniya_uslug/|https://uslugi.yandex.ru/16-yaroslavl/category/,owner_boundary_split,hold_distinct_service_owners,cross_service_owner_boundary_reviewed,reviewed,policy_scope_owner,cross-service SERP pair meets a merge or manual-review threshold; the approved S1-S8 service-owner boundary prevents an automatic merge or reassignment
PAIR-413E8817F87B,Q000015,Q000079,комплексное благоустройство частных территорий,уход за садом цена,S1,S4,commercial_research,transactional,2,https://avito.ru/yaroslavl/predlozheniya_uslug/|https://uslugi.yandex.ru/16-yaroslavl/category/,owner_boundary_split,hold_distinct_service_owners,cross_service_owner_boundary_reviewed,reviewed,policy_scope_owner,cross-service SERP pair meets a merge or manual-review threshold; the approved S1-S8 service-owner boundary prevents an automatic merge or reassignment
PAIR-378F8DE9FBD8,Q000015,Q000081,комплексное благоустройство частных территорий,выравнивание участка,S1,S5,commercial_research,commercial_research,2,https://avito.ru/yaroslavl/predlozheniya_uslug/|https://uslugi.yandex.ru/16-yaroslavl/category/,owner_boundary_split,hold_distinct_service_owners,cross_service_owner_boundary_reviewed,reviewed,policy_scope_owner,cross-service SERP pair meets a merge or manual-review threshold; the approved S1-S8 service-owner boundary prevents an automatic merge or reassignment
PAIR-2320E6C6E134,Q000015,Q000082,комплексное благоустройство частных территорий,выравнивание участка цена,S1,S5,commercial_research,transactional,2,https://avito.ru/yaroslavl/predlozheniya_uslug/|https://uslugi.yandex.ru/16-yaroslavl/category/,owner_boundary_split,hold_distinct_service_owners,cross_service_owner_boundary_reviewed,reviewed,policy_scope_owner,cross-service SERP pair meets a merge or manual-review threshold; the approved S1-S8 service-owner boundary prevents an automatic merge or reassignment
PAIR-B7A2220DD2CF,Q000015,Q000083,комплексное благоустройство частных территорий,выравнивание участка ярославль,S1,S5,commercial_research,commercial_research,2,https://avito.ru/yaroslavl/predlozheniya_uslug/|https://uslugi.yandex.ru/16-yaroslavl/category/,owner_boundary_split,hold_distinct_service_owners,cross_service_owner_boundary_reviewed,reviewed,policy_scope_owner,cross-service SERP pair meets a merge or manual-review threshold; the approved S1-S8 service-owner boundary prevents an automatic merge or reassignment
PAIR-984E7B546AAE,Q000015,Q000088,комплексное благоустройство частных территорий,заказать выравнивание участка,S1,S5,commercial_research,transactional,2,https://avito.ru/yaroslavl/predlozheniya_uslug/|https://uslugi.yandex.ru/16-yaroslavl/category/,owner_boundary_split,hold_distinct_service_owners,cross_service_owner_boundary_reviewed,reviewed,policy_scope_owner,cross-service SERP pair meets a merge or manual-review threshold; the approved S1-S8 service-owner boundary prevents an automatic merge or reassignment
PAIR-1A0F0F1092F8,Q000015,Q000089,комплексное благоустройство частных территорий,заказать планировку участка,S1,S5,commercial_research,transactional,2,https://avito.ru/yaroslavl/predlozheniya_uslug/|https://uslugi.yandex.ru/16-yaroslavl/category/,owner_boundary_split,hold_distinct_service_owners,cross_service_owner_boundary_reviewed,reviewed,policy_scope_owner,cross-service SERP pair meets a merge or manual-review threshold; the approved S1-S8 service-owner boundary prevents an automatic merge or reassignment
PAIR-26BA736CFA9A,Q000015,Q000093,комплексное благоустройство частных территорий,планировка территории цена,S1,S5,commercial_research,transactional,2,https://avito.ru/yaroslavl/predlozheniya_uslug/|https://uslugi.yandex.ru/16-yaroslavl/category/,owner_boundary_split,hold_distinct_service_owners,cross_service_owner_boundary_reviewed,reviewed,policy_scope_owner,cross-service SERP pair meets a merge or manual-review threshold; the approved S1-S8 service-owner boundary prevents an automatic merge or reassignment
PAIR-AF7AA5A7B56C,Q000015,Q000097,комплексное благоустройство частных территорий,планировка участка цена,S1,S5,commercial_research,transactional,2,https://avito.ru/yaroslavl/predlozheniya_uslug/|https://uslugi.yandex.ru/16-yaroslavl/category/,owner_boundary_split,hold_distinct_service_owners,cross_service_owner_boundary_reviewed,reviewed,policy_scope_owner,cross-service SERP pair meets a merge or manual-review threshold; the approved S1-S8 service-owner boundary prevents an automatic merge or reassignment
PAIR-9F21CA03EA59,Q000015,Q000098,комплексное благоустройство частных территорий,планировка участка ярославль,S1,S5,commercial_research,commercial_research,2,https://avito.ru/yaroslavl/predlozheniya_uslug/|https://uslugi.yandex.ru/16-yaroslavl/category/,owner_boundary_split,hold_distinct_service_owners,cross_service_owner_boundary_reviewed,reviewed,policy_scope_owner,cross-service SERP pair meets a merge or manual-review threshold; the approved S1-S8 service-owner boundary prevents an automatic merge or reassignment
PAIR-C5970CC9DA7C,Q000015,Q000116,комплексное благоустройство частных территорий,въезд на участок цена,S1,S8,commercial_research,transactional,2,https://avito.ru/yaroslavl/predlozheniya_uslug/|https://uslugi.yandex.ru/16-yaroslavl/category/,owner_boundary_split,hold_distinct_service_owners,cross_service_owner_boundary_reviewed,reviewed,policy_scope_owner,cross-service SERP pair meets a merge or manual-review threshold; the approved S1-S8 service-owner boundary prevents an automatic merge or reassignment
PAIR-B8538B59DF66,Q000015,Q000119,комплексное благоустройство частных территорий,въезд через канаву под ключ,S1,S8,commercial_research,transactional,2,https://avito.ru/yaroslavl/predlozheniya_uslug/|https://uslugi.yandex.ru/16-yaroslavl/category/,owner_boundary_split,hold_distinct_service_owners,cross_service_owner_boundary_reviewed,reviewed,policy_scope_owner,cross-service SERP pair meets a merge or manual-review threshold; the approved S1-S8 service-owner boundary prevents an automatic merge or reassignment
PAIR-E72E6D3EFA0F,Q000015,Q000120,комплексное благоустройство частных территорий,въезд через канаву цена,S1,S8,commercial_research,transactional,2,https://avito.ru/yaroslavl/predlozheniya_uslug/|https://uslugi.yandex.ru/16-yaroslavl/category/,owner_boundary_split,hold_distinct_service_owners,cross_service_owner_boundary_reviewed,reviewed,policy_scope_owner,cross-service SERP pair meets a merge or manual-review threshold; the approved S1-S8 service-owner boundary prevents an automatic merge or reassignment
PAIR-AF6E808E0E47,Q000015,Q000122,комплексное благоустройство частных территорий,заезд на участок под ключ,S1,S8,commercial_research,transactional,2,https://avito.ru/yaroslavl/predlozheniya_uslug/|https://uslugi.yandex.ru/16-yaroslavl/category/,owner_boundary_split,hold_distinct_service_owners,cross_service_owner_boundary_reviewed,reviewed,policy_scope_owner,cross-service SERP pair meets a merge or manual-review threshold; the approved S1-S8 service-owner boundary prevents an automatic merge or reassignment
PAIR-0650A761C0CC,Q000015,Q000124,комплексное благоустройство частных территорий,заезд на участок цена,S1,S8,commercial_research,transactional,2,https://avito.ru/yaroslavl/predlozheniya_uslug/|https://uslugi.yandex.ru/16-yaroslavl/category/,owner_boundary_split,hold_distinct_service_owners,cross_service_owner_boundary_reviewed,reviewed,policy_scope_owner,cross-service SERP pair meets a merge or manual-review threshold; the approved S1-S8 service-owner boundary prevents an automatic merge or reassignment
PAIR-4AC36D0B0AE0,Q000015,Q000125,комплексное благоустройство частных территорий,заезд на участок через канаву в тутаеве,S1,S8,commercial_research,commercial_research,2,https://avito.ru/yaroslavl/predlozheniya_uslug/|https://uslugi.yandex.ru/16-yaroslavl/category/,owner_boundary_split,hold_distinct_service_owners,cross_service_owner_boundary_reviewed,reviewed,policy_scope_owner,cross-service SERP pair meets a merge or manual-review threshold; the approved S1-S8 service-owner boundary prevents an automatic merge or reassignment
PAIR-85A5F4D02F67,Q000015,Q000126,комплексное благоустройство частных территорий,заезд на участок через канаву под ключ,S1,S8,commercial_research,transactional,2,https://avito.ru/yaroslavl/predlozheniya_uslug/|https://uslugi.yandex.ru/16-yaroslavl/category/,owner_boundary_split,hold_distinct_service_owners,cross_service_owner_boundary_reviewed,reviewed,policy_scope_owner,cross-service SERP pair meets a merge or manual-review threshold; the approved S1-S8 service-owner boundary prevents an automatic merge or reassignment
PAIR-5C636F50DF98,Q000015,Q000128,комплексное благоустройство частных территорий,заезд на участок через канаву под ключ тутаев,S1,S8,commercial_research,transactional,2,https://avito.ru/yaroslavl/predlozheniya_uslug/|https://uslugi.yandex.ru/16-yaroslavl/category/,owner_boundary_split,hold_distinct_service_owners,cross_service_owner_boundary_reviewed,reviewed,policy_scope_owner,cross-service SERP pair meets a merge or manual-review threshold; the approved S1-S8 service-owner boundary prevents an automatic merge or reassignment
PAIR-88D94A50C5D0,Q000015,Q000129,комплексное благоустройство частных территорий,заезд на участок через канаву под ключ ярославль,S1,S8,commercial_research,transactional,2,https://avito.ru/yaroslavl/predlozheniya_uslug/|https://uslugi.yandex.ru/16-yaroslavl/category/,owner_boundary_split,hold_distinct_service_owners,cross_service_owner_boundary_reviewed,reviewed,policy_scope_owner,cross-service SERP pair meets a merge or manual-review threshold; the approved S1-S8 service-owner boundary prevents an automatic merge or reassignment
PAIR-9DD35DD1A9F5,Q000015,Q000131,комплексное благоустройство частных территорий,заезд на участок через канаву цена,S1,S8,commercial_research,transactional,2,https://avito.ru/yaroslavl/predlozheniya_uslug/|https://uslugi.yandex.ru/16-yaroslavl/category/,owner_boundary_split,hold_distinct_service_owners,cross_service_owner_boundary_reviewed,reviewed,policy_scope_owner,cross-service SERP pair meets a merge or manual-review threshold; the approved S1-S8 service-owner boundary prevents an automatic merge or reassignment
PAIR-04CEC1C620DA,Q000015,Q000133,комплексное благоустройство частных территорий,заезд через канаву на участок,S1,S8,commercial_research,commercial_research,2,https://avito.ru/yaroslavl/predlozheniya_uslug/|https://uslugi.yandex.ru/16-yaroslavl/category/,owner_boundary_split,hold_distinct_service_owners,cross_service_owner_boundary_reviewed,reviewed,policy_scope_owner,cross-service SERP pair meets a merge or manual-review threshold; the approved S1-S8 service-owner boundary prevents an automatic merge or reassignment
PAIR-35CC1DD13450,Q000015,Q000135,комплексное благоустройство частных территорий,заказать въезд на участок,S1,S8,commercial_research,transactional,2,https://avito.ru/yaroslavl/predlozheniya_uslug/|https://uslugi.yandex.ru/16-yaroslavl/category/,owner_boundary_split,hold_distinct_service_owners,cross_service_owner_boundary_reviewed,reviewed,policy_scope_owner,cross-service SERP pair meets a merge or manual-review threshold; the approved S1-S8 service-owner boundary prevents an automatic merge or reassignment
PAIR-665BA760875C,Q000015,Q000141,комплексное благоустройство частных территорий,ярославская область сделать въезд в канаву,S1,S8,commercial_research,commercial_research,2,https://avito.ru/yaroslavl/predlozheniya_uslug/|https://uslugi.yandex.ru/16-yaroslavl/category/,owner_boundary_split,hold_distinct_service_owners,cross_service_owner_boundary_reviewed,reviewed,policy_scope_owner,cross-service SERP pair meets a merge or manual-review threshold; the approved S1-S8 service-owner boundary prevents an automatic merge or reassignment
PAIR-D69EF9DE689A,Q000016,Q000025,ландшафтная компания эксперт,ландшафтный дизайнер коприно,S1,S1,commercial_research,commercial_research,2,https://exp76.ru/|https://progarden.group/,manual_review,hold_current_url,serp_pair_pending_review,pending,,same-service SERP pair meets the explicit manual-review threshold; the existing owner is held and no split or new URL is approved
PAIR-00550A72A595,Q000017,Q000030,ландшафтная компания эксперты,сайты благоустройства участков,S1,S1,commercial_research,commercial_research,2,https://exp76.ru/|https://uslugi.yandex.ru/16-yaroslavl/category/,manual_review,hold_current_url,serp_pair_pending_review,pending,,same-service SERP pair meets the explicit manual-review threshold; the existing owner is held and no split or new URL is approved
PAIR-1B6845F126D7,Q000019,Q000024,ландшафтное проектирование участка,ландшафтный дизайн участка,S1,S1,commercial_research,commercial_research,2,https://skillbox.ru/media/design/landshaftnoe-proektirovanie-prostye-pravila-dlya-nachinayuschih/|https://yaroslavl.mslandshaft.ru/,manual_review,hold_current_url,serp_pair_pending_review,pending,,same-service SERP pair meets the explicit manual-review threshold; the existing owner is held and no split or new URL is approved
PAIR-8C82AE5D78FA,Q000019,Q000033,ландшафтное проектирование участка,стоимость реализации проекта обустройства частного участка в ярославской области компании,S1,S1,commercial_research,transactional,2,https://avito.ru/yaroslavskaya_oblast/predlozheniya_uslug/|https://uslugi.yandex.ru/16-yaroslavl/category/,manual_review,hold_current_url,serp_pair_pending_review,pending,,same-service SERP pair meets the explicit manual-review threshold; the existing owner is held and no split or new URL is approved
PAIR-D6E3639D4B31,Q000019,Q000035,ландшафтное проектирование участка,цены на работу по благоустройству,S1,S1,commercial_research,transactional,2,https://avito.ru/yaroslavskaya_oblast/predlozheniya_uslug/|https://uslugi.yandex.ru/16-yaroslavl/category/,manual_review,hold_current_url,serp_pair_pending_review,pending,,same-service SERP pair meets the explicit manual-review threshold; the existing owner is held and no split or new URL is approved
PAIR-4357B73FCA10,Q000019,Q000068,ландшафтное проектирование участка,услуги по выбору и посадке фруктовых деревьев в ярославле,S1,S3,commercial_research,transactional,2,https://avito.ru/yaroslavskaya_oblast/predlozheniya_uslug/|https://uslugi.yandex.ru/16-yaroslavl/category/,owner_boundary_split,hold_distinct_service_owners,cross_service_owner_boundary_reviewed,reviewed,policy_scope_owner,cross-service SERP pair meets a merge or manual-review threshold; the approved S1-S8 service-owner boundary prevents an automatic merge or reassignment
PAIR-FB206C06A485,Q000019,Q000069,ландшафтное проектирование участка,заказать обрезку деревьев,S1,S4,commercial_research,transactional,2,https://avito.ru/yaroslavskaya_oblast/predlozheniya_uslug/|https://uslugi.yandex.ru/16-yaroslavl/category/,owner_boundary_split,hold_distinct_service_owners,cross_service_owner_boundary_reviewed,reviewed,policy_scope_owner,cross-service SERP pair meets a merge or manual-review threshold; the approved S1-S8 service-owner boundary prevents an automatic merge or reassignment
PAIR-851E4529A9BD,Q000019,Q000089,ландшафтное проектирование участка,заказать планировку участка,S1,S5,commercial_research,transactional,2,https://avito.ru/yaroslavskaya_oblast/predlozheniya_uslug/|https://uslugi.yandex.ru/16-yaroslavl/category/,owner_boundary_split,hold_distinct_service_owners,cross_service_owner_boundary_reviewed,reviewed,policy_scope_owner,cross-service SERP pair meets a merge or manual-review threshold; the approved S1-S8 service-owner boundary prevents an automatic merge or reassignment
PAIR-1F029D5B6C88,Q000019,Q000093,ландшафтное проектирование участка,планировка территории цена,S1,S5,commercial_research,transactional,2,https://avito.ru/yaroslavskaya_oblast/predlozheniya_uslug/|https://uslugi.yandex.ru/16-yaroslavl/category/,owner_boundary_split,hold_distinct_service_owners,cross_service_owner_boundary_reviewed,reviewed,policy_scope_owner,cross-service SERP pair meets a merge or manual-review threshold; the approved S1-S8 service-owner boundary prevents an automatic merge or reassignment
PAIR-239649AEC6CD,Q000019,Q000098,ландшафтное проектирование участка,планировка участка ярославль,S1,S5,commercial_research,commercial_research,2,https://avito.ru/yaroslavskaya_oblast/predlozheniya_uslug/|https://uslugi.yandex.ru/16-yaroslavl/category/,owner_boundary_split,hold_distinct_service_owners,cross_service_owner_boundary_reviewed,reviewed,policy_scope_owner,cross-service SERP pair meets a merge or manual-review threshold; the approved S1-S8 service-owner boundary prevents an automatic merge or reassignment
PAIR-9ECF1714B9F0,Q000019,Q000100,ландшафтное проектирование участка,организация выполняющая установкой гравитационной подпорной стены ярославль,S1,S6,commercial_research,commercial_research,2,https://avito.ru/yaroslavskaya_oblast/predlozheniya_uslug/|https://uslugi.yandex.ru/16-yaroslavl/category/,owner_boundary_split,hold_distinct_service_owners,cross_service_owner_boundary_reviewed,reviewed,policy_scope_owner,cross-service SERP pair meets a merge or manual-review threshold; the approved S1-S8 service-owner boundary prevents an automatic merge or reassignment
PAIR-68D712EF31DE,Q000019,Q000116,ландшафтное проектирование участка,въезд на участок цена,S1,S8,commercial_research,transactional,2,https://avito.ru/yaroslavskaya_oblast/predlozheniya_uslug/|https://uslugi.yandex.ru/16-yaroslavl/category/,owner_boundary_split,hold_distinct_service_owners,cross_service_owner_boundary_reviewed,reviewed,policy_scope_owner,cross-service SERP pair meets a merge or manual-review threshold; the approved S1-S8 service-owner boundary prevents an automatic merge or reassignment
PAIR-C45D081CAF79,Q000019,Q000135,ландшафтное проектирование участка,заказать въезд на участок,S1,S8,commercial_research,transactional,2,https://avito.ru/yaroslavskaya_oblast/predlozheniya_uslug/|https://uslugi.yandex.ru/16-yaroslavl/category/,owner_boundary_split,hold_distinct_service_owners,cross_service_owner_boundary_reviewed,reviewed,policy_scope_owner,cross-service SERP pair meets a merge or manual-review threshold; the approved S1-S8 service-owner boundary prevents an automatic merge or reassignment
PAIR-9CDFB8CF314C,Q000019,Q000141,ландшафтное проектирование участка,ярославская область сделать въезд в канаву,S1,S8,commercial_research,commercial_research,2,https://avito.ru/yaroslavskaya_oblast/predlozheniya_uslug/|https://uslugi.yandex.ru/16-yaroslavl/category/,owner_boundary_split,hold_distinct_service_owners,cross_service_owner_boundary_reviewed,reviewed,policy_scope_owner,cross-service SERP pair meets a merge or manual-review threshold; the approved S1-S8 service-owner boundary prevents an automatic merge or reassignment
PAIR-39A50C7C5FE7,Q000022,Q000094,ландшафтный дизайн планировка участка,планировка участка,S1,S5,commercial_research,commercial_research,2,https://garden-planner.ru/|https://skillbox.ru/media/design/planirovka-dachnogo-uchastka-idei-shemy-i-pravila-zonirovaniya/,owner_boundary_split,hold_distinct_service_owners,cross_service_owner_boundary_reviewed,reviewed,policy_scope_owner,cross-service SERP pair meets a merge or manual-review threshold; the approved S1-S8 service-owner boundary prevents an automatic merge or reassignment
PAIR-92B749CCDA33,Q000025,Q000048,ландшафтный дизайнер коприно,посевной газон под ключ г ярославль ул магистральная 7 7,S1,S2,commercial_research,transactional,2,https://avito.ru/yaroslavskaya_oblast/predlozheniya_uslug/sad_blagoustroystvo-ASgBAgICAUSYC8KfAQ/|https://progarden.group/,owner_boundary_split,hold_distinct_service_owners,cross_service_owner_boundary_reviewed,reviewed,policy_scope_owner,cross-service SERP pair meets a merge or manual-review threshold; the approved S1-S8 service-owner boundary prevents an automatic merge or reassignment
PAIR-064FA8288C3C,Q000026,Q000070,онлайн калькулятор для расчета стоимости работ по благоустройству,калькулятор работ садовых,S1,S4,transactional,commercial_research,4,https://calcal.ru/landscape-budget-calculator/|https://exp76.ru/kalkuljator-uslug/|https://konturland.ru/price/kalkulyator/|https://yka.ru/calc/works/,shared_special_owner,hold_shared_special_owner,shared_special_owner_reviewed,reviewed,policy_special_owner,both queries have the same explicit calculator owner; SERP overlap cannot reassign either query to an S1-S8 service page
PAIR-4FC8B9DE4106,Q000027,Q000030,прейскурант цен на благоустройство придомовой территории в ярославской области,сайты благоустройства участков,S1,S1,commercial_research,commercial_research,2,https://avito.ru/yaroslavl/predlozheniya_uslug/|https://uslugi.yandex.ru/16-yaroslavl/category/,manual_review,hold_current_url,serp_pair_pending_review,pending,,same-service SERP pair meets the explicit manual-review threshold; the existing owner is held and no split or new URL is approved
PAIR-1F17C88FBC87,Q000027,Q000032,прейскурант цен на благоустройство придомовой территории в ярославской области,стоимость работ по благоустройству территории ярославль,S1,S1,commercial_research,transactional,4,https://avito.ru/yaroslavl/predlozheniya_uslug/|https://greenteh76.ru/ceny-na-uslugi-po-blagoustrojstvu.html/|https://landshaftniy-dizayn.ru/region/yaroslavl/blagoustroystvo/territorii/|https://uslugi.yandex.ru/16-yaroslavl/category/,manual_review,hold_current_url,serp_pair_pending_review,pending,,same-service SERP pair meets the explicit manual-review threshold; the existing owner is held and no split or new URL is approved
PAIR-7D0B2858B34B,Q000027,Q000033,прейскурант цен на благоустройство придомовой территории в ярославской области,стоимость реализации проекта обустройства частного участка в ярославской области компании,S1,S1,commercial_research,transactional,4,https://avito.ru/yaroslavl/predlozheniya_uslug/|https://greenteh76.ru/ceny-na-uslugi-po-blagoustrojstvu.html/|https://uslugi.yandex.ru/10841-yaroslavl-oblast/category/|https://uslugi.yandex.ru/16-yaroslavl/category/,manual_review,hold_current_url,serp_pair_pending_review,pending,,same-service SERP pair meets the explicit manual-review threshold; the existing owner is held and no split or new URL is approved
PAIR-3083F3DC5A93,Q000027,Q000035,прейскурант цен на благоустройство придомовой территории в ярославской области,цены на работу по благоустройству,S1,S1,commercial_research,transactional,4,https://avito.ru/yaroslavl/predlozheniya_uslug/|https://greenteh76.ru/ceny-na-uslugi-po-blagoustrojstvu.html/|https://profi.ru/geo-yar/remont/blagoustroistvo-territorii/price/|https://uslugi.yandex.ru/16-yaroslavl/category/,manual_review,hold_current_url,serp_pair_pending_review,pending,,same-service SERP pair meets the explicit manual-review threshold; the existing owner is held and no split or new URL is approved
PAIR-37DE060EDED4,Q000027,Q000046,прейскурант цен на благоустройство придомовой территории в ярославской области,полив газонов ярославль,S1,S2,commercial_research,commercial_research,3,https://avito.ru/yaroslavl/predlozheniya_uslug/|https://uslugi.yandex.ru/10841-yaroslavl-oblast/category/|https://uslugi.yandex.ru/16-yaroslavl/category/,owner_boundary_split,hold_distinct_service_owners,cross_service_owner_boundary_reviewed,reviewed,policy_scope_owner,cross-service SERP pair meets a merge or manual-review threshold; the approved S1-S8 service-owner boundary prevents an automatic merge or reassignment
PAIR-8132AAE917A2,Q000027,Q000057,прейскурант цен на благоустройство придомовой территории в ярославской области,устройство газона,S1,S2,commercial_research,transactional,2,https://avito.ru/yaroslavl/predlozheniya_uslug/|https://uslugi.yandex.ru/16-yaroslavl/category/,owner_boundary_split,hold_distinct_service_owners,cross_service_owner_boundary_reviewed,reviewed,policy_scope_owner,cross-service SERP pair meets a merge or manual-review threshold; the approved S1-S8 service-owner boundary prevents an automatic merge or reassignment
PAIR-46511ED260C4,Q000027,Q000060,прейскурант цен на благоустройство придомовой территории в ярославской области,заказать посадку дерева,S1,S3,commercial_research,transactional,3,https://avito.ru/yaroslavl/predlozheniya_uslug/|https://uslugi.yandex.ru/10841-yaroslavl-oblast/category/|https://uslugi.yandex.ru/16-yaroslavl/category/,owner_boundary_split,hold_distinct_service_owners,cross_service_owner_boundary_reviewed,reviewed,policy_scope_owner,cross-service SERP pair meets a merge or manual-review threshold; the approved S1-S8 service-owner boundary prevents an automatic merge or reassignment
PAIR-67612D09C728,Q000027,Q000061,прейскурант цен на благоустройство придомовой территории в ярославской области,озеленение участка,S1,S3,commercial_research,commercial_research,2,https://avito.ru/yaroslavl/predlozheniya_uslug/|https://uslugi.yandex.ru/10841-yaroslavl-oblast/category/,owner_boundary_split,hold_distinct_service_owners,cross_service_owner_boundary_reviewed,reviewed,policy_scope_owner,cross-service SERP pair meets a merge or manual-review threshold; the approved S1-S8 service-owner boundary prevents an automatic merge or reassignment
PAIR-E9E97C092141,Q000027,Q000067,прейскурант цен на благоустройство придомовой территории в ярославской области,стоимость посадки деревьев,S1,S3,commercial_research,transactional,3,https://avito.ru/yaroslavl/predlozheniya_uslug/|https://uslugi.yandex.ru/10841-yaroslavl-oblast/category/|https://uslugi.yandex.ru/16-yaroslavl/category/,owner_boundary_split,hold_distinct_service_owners,cross_service_owner_boundary_reviewed,reviewed,policy_scope_owner,cross-service SERP pair meets a merge or manual-review threshold; the approved S1-S8 service-owner boundary prevents an automatic merge or reassignment
PAIR-0D0D5FDE3BAE,Q000027,Q000068,прейскурант цен на благоустройство придомовой территории в ярославской области,услуги по выбору и посадке фруктовых деревьев в ярославле,S1,S3,commercial_research,transactional,2,https://avito.ru/yaroslavl/predlozheniya_uslug/|https://uslugi.yandex.ru/16-yaroslavl/category/,owner_boundary_split,hold_distinct_service_owners,cross_service_owner_boundary_reviewed,reviewed,policy_scope_owner,cross-service SERP pair meets a merge or manual-review threshold; the approved S1-S8 service-owner boundary prevents an automatic merge or reassignment
PAIR-5071B35CC9A5,Q000027,Q000069,прейскурант цен на благоустройство придомовой территории в ярославской области,заказать обрезку деревьев,S1,S4,commercial_research,transactional,2,https://avito.ru/yaroslavl/predlozheniya_uslug/|https://uslugi.yandex.ru/16-yaroslavl/category/,owner_boundary_split,hold_distinct_service_owners,cross_service_owner_boundary_reviewed,reviewed,policy_scope_owner,cross-service SERP pair meets a merge or manual-review threshold; the approved S1-S8 service-owner boundary prevents an automatic merge or reassignment
PAIR-5EBE186F3BCD,Q000027,Q000073,прейскурант цен на благоустройство придомовой территории в ярославской области,обрезка деревьев цена,S1,S4,commercial_research,transactional,2,https://uslugi.yandex.ru/10841-yaroslavl-oblast/category/|https://uslugi.yandex.ru/16-yaroslavl/category/,owner_boundary_split,hold_distinct_service_owners,cross_service_owner_boundary_reviewed,reviewed,policy_scope_owner,cross-service SERP pair meets a merge or manual-review threshold; the approved S1-S8 service-owner boundary prevents an automatic merge or reassignment
PAIR-5DD46486EB9B,Q000027,Q000079,прейскурант цен на благоустройство придомовой территории в ярославской области,уход за садом цена,S1,S4,commercial_research,transactional,2,https://avito.ru/yaroslavl/predlozheniya_uslug/|https://uslugi.yandex.ru/16-yaroslavl/category/,owner_boundary_split,hold_distinct_service_owners,cross_service_owner_boundary_reviewed,reviewed,policy_scope_owner,cross-service SERP pair meets a merge or manual-review threshold; the approved S1-S8 service-owner boundary prevents an automatic merge or reassignment
PAIR-A0D7B5BEFC8C,Q000027,Q000081,прейскурант цен на благоустройство придомовой территории в ярославской области,выравнивание участка,S1,S5,commercial_research,commercial_research,3,https://avito.ru/yaroslavl/predlozheniya_uslug/|https://uslugi.yandex.ru/10841-yaroslavl-oblast/category/|https://uslugi.yandex.ru/16-yaroslavl/category/,owner_boundary_split,hold_distinct_service_owners,cross_service_owner_boundary_reviewed,reviewed,policy_scope_owner,cross-service SERP pair meets a merge or manual-review threshold; the approved S1-S8 service-owner boundary prevents an automatic merge or reassignment
PAIR-896781CA83F8,Q000027,Q000082,прейскурант цен на благоустройство придомовой территории в ярославской области,выравнивание участка цена,S1,S5,commercial_research,transactional,3,https://avito.ru/yaroslavl/predlozheniya_uslug/|https://uslugi.yandex.ru/10841-yaroslavl-oblast/category/|https://uslugi.yandex.ru/16-yaroslavl/category/,owner_boundary_split,hold_distinct_service_owners,cross_service_owner_boundary_reviewed,reviewed,policy_scope_owner,cross-service SERP pair meets a merge or manual-review threshold; the approved S1-S8 service-owner boundary prevents an automatic merge or reassignment
PAIR-E5B6D670DB36,Q000027,Q000083,прейскурант цен на благоустройство придомовой территории в ярославской области,выравнивание участка ярославль,S1,S5,commercial_research,commercial_research,2,https://avito.ru/yaroslavl/predlozheniya_uslug/|https://uslugi.yandex.ru/16-yaroslavl/category/,owner_boundary_split,hold_distinct_service_owners,cross_service_owner_boundary_reviewed,reviewed,policy_scope_owner,cross-service SERP pair meets a merge or manual-review threshold; the approved S1-S8 service-owner boundary prevents an automatic merge or reassignment
PAIR-2710DEB2416B,Q000027,Q000088,прейскурант цен на благоустройство придомовой территории в ярославской области,заказать выравнивание участка,S1,S5,commercial_research,transactional,3,https://avito.ru/yaroslavl/predlozheniya_uslug/|https://uslugi.yandex.ru/10841-yaroslavl-oblast/category/|https://uslugi.yandex.ru/16-yaroslavl/category/,owner_boundary_split,hold_distinct_service_owners,cross_service_owner_boundary_reviewed,reviewed,policy_scope_owner,cross-service SERP pair meets a merge or manual-review threshold; the approved S1-S8 service-owner boundary prevents an automatic merge or reassignment
PAIR-7F7ADA6A7205,Q000027,Q000089,прейскурант цен на благоустройство придомовой территории в ярославской области,заказать планировку участка,S1,S5,commercial_research,transactional,3,https://avito.ru/yaroslavl/predlozheniya_uslug/|https://uslugi.yandex.ru/10841-yaroslavl-oblast/category/|https://uslugi.yandex.ru/16-yaroslavl/category/,owner_boundary_split,hold_distinct_service_owners,cross_service_owner_boundary_reviewed,reviewed,policy_scope_owner,cross-service SERP pair meets a merge or manual-review threshold; the approved S1-S8 service-owner boundary prevents an automatic merge or reassignment
PAIR-41AB477A686C,Q000027,Q000093,прейскурант цен на благоустройство придомовой территории в ярославской области,планировка территории цена,S1,S5,commercial_research,transactional,3,https://avito.ru/yaroslavl/predlozheniya_uslug/|https://uslugi.yandex.ru/10841-yaroslavl-oblast/category/|https://uslugi.yandex.ru/16-yaroslavl/category/,owner_boundary_split,hold_distinct_service_owners,cross_service_owner_boundary_reviewed,reviewed,policy_scope_owner,cross-service SERP pair meets a merge or manual-review threshold; the approved S1-S8 service-owner boundary prevents an automatic merge or reassignment
PAIR-5DBE68288FF7,Q000027,Q000097,прейскурант цен на благоустройство придомовой территории в ярославской области,планировка участка цена,S1,S5,commercial_research,transactional,3,https://avito.ru/yaroslavl/predlozheniya_uslug/|https://uslugi.yandex.ru/10841-yaroslavl-oblast/category/|https://uslugi.yandex.ru/16-yaroslavl/category/,owner_boundary_split,hold_distinct_service_owners,cross_service_owner_boundary_reviewed,reviewed,policy_scope_owner,cross-service SERP pair meets a merge or manual-review threshold; the approved S1-S8 service-owner boundary prevents an automatic merge or reassignment
PAIR-B5E888B0A996,Q000027,Q000098,прейскурант цен на благоустройство придомовой территории в ярославской области,планировка участка ярославль,S1,S5,commercial_research,commercial_research,2,https://avito.ru/yaroslavl/predlozheniya_uslug/|https://uslugi.yandex.ru/16-yaroslavl/category/,owner_boundary_split,hold_distinct_service_owners,cross_service_owner_boundary_reviewed,reviewed,policy_scope_owner,cross-service SERP pair meets a merge or manual-review threshold; the approved S1-S8 service-owner boundary prevents an automatic merge or reassignment
PAIR-96A9D28E52E6,Q000027,Q000099,прейскурант цен на благоустройство придомовой территории в ярославской области,рассчитать стоимость выравнивания участка 5 соток,S1,S5,commercial_research,transactional,2,https://avito.ru/yaroslavl/predlozheniya_uslug/|https://uslugi.yandex.ru/10841-yaroslavl-oblast/category/,owner_boundary_split,hold_distinct_service_owners,cross_service_owner_boundary_reviewed,reviewed,policy_scope_owner,cross-service SERP pair meets a merge or manual-review threshold; the approved S1-S8 service-owner boundary prevents an automatic merge or reassignment
PAIR-2B7F1B7D725A,Q000027,Q000116,прейскурант цен на благоустройство придомовой территории в ярославской области,въезд на участок цена,S1,S8,commercial_research,transactional,2,https://avito.ru/yaroslavl/predlozheniya_uslug/|https://uslugi.yandex.ru/16-yaroslavl/category/,owner_boundary_split,hold_distinct_service_owners,cross_service_owner_boundary_reviewed,reviewed,policy_scope_owner,cross-service SERP pair meets a merge or manual-review threshold; the approved S1-S8 service-owner boundary prevents an automatic merge or reassignment
PAIR-066DF893C47B,Q000027,Q000119,прейскурант цен на благоустройство придомовой территории в ярославской области,въезд через канаву под ключ,S1,S8,commercial_research,transactional,2,https://avito.ru/yaroslavl/predlozheniya_uslug/|https://uslugi.yandex.ru/16-yaroslavl/category/,owner_boundary_split,hold_distinct_service_owners,cross_service_owner_boundary_reviewed,reviewed,policy_scope_owner,cross-service SERP pair meets a merge or manual-review threshold; the approved S1-S8 service-owner boundary prevents an automatic merge or reassignment
PAIR-451A20A5F1E6,Q000027,Q000120,прейскурант цен на благоустройство придомовой территории в ярославской области,въезд через канаву цена,S1,S8,commercial_research,transactional,2,https://avito.ru/yaroslavl/predlozheniya_uslug/|https://uslugi.yandex.ru/16-yaroslavl/category/,owner_boundary_split,hold_distinct_service_owners,cross_service_owner_boundary_reviewed,reviewed,policy_scope_owner,cross-service SERP pair meets a merge or manual-review threshold; the approved S1-S8 service-owner boundary prevents an automatic merge or reassignment
PAIR-4861F33D052A,Q000027,Q000122,прейскурант цен на благоустройство придомовой территории в ярославской области,заезд на участок под ключ,S1,S8,commercial_research,transactional,2,https://avito.ru/yaroslavl/predlozheniya_uslug/|https://uslugi.yandex.ru/16-yaroslavl/category/,owner_boundary_split,hold_distinct_service_owners,cross_service_owner_boundary_reviewed,reviewed,policy_scope_owner,cross-service SERP pair meets a merge or manual-review threshold; the approved S1-S8 service-owner boundary prevents an automatic merge or reassignment
PAIR-0EEB523D6B3C,Q000027,Q000124,прейскурант цен на благоустройство придомовой территории в ярославской области,заезд на участок цена,S1,S8,commercial_research,transactional,2,https://avito.ru/yaroslavl/predlozheniya_uslug/|https://uslugi.yandex.ru/16-yaroslavl/category/,owner_boundary_split,hold_distinct_service_owners,cross_service_owner_boundary_reviewed,reviewed,policy_scope_owner,cross-service SERP pair meets a merge or manual-review threshold; the approved S1-S8 service-owner boundary prevents an automatic merge or reassignment
PAIR-67EA133C6EFB,Q000027,Q000125,прейскурант цен на благоустройство придомовой территории в ярославской области,заезд на участок через канаву в тутаеве,S1,S8,commercial_research,commercial_research,2,https://avito.ru/yaroslavl/predlozheniya_uslug/|https://uslugi.yandex.ru/16-yaroslavl/category/,owner_boundary_split,hold_distinct_service_owners,cross_service_owner_boundary_reviewed,reviewed,policy_scope_owner,cross-service SERP pair meets a merge or manual-review threshold; the approved S1-S8 service-owner boundary prevents an automatic merge or reassignment
PAIR-2FE419998DD7,Q000027,Q000126,прейскурант цен на благоустройство придомовой территории в ярославской области,заезд на участок через канаву под ключ,S1,S8,commercial_research,transactional,2,https://avito.ru/yaroslavl/predlozheniya_uslug/|https://uslugi.yandex.ru/16-yaroslavl/category/,owner_boundary_split,hold_distinct_service_owners,cross_service_owner_boundary_reviewed,reviewed,policy_scope_owner,cross-service SERP pair meets a merge or manual-review threshold; the approved S1-S8 service-owner boundary prevents an automatic merge or reassignment
PAIR-0A9269BCEB69,Q000027,Q000128,прейскурант цен на благоустройство придомовой территории в ярославской области,заезд на участок через канаву под ключ тутаев,S1,S8,commercial_research,transactional,2,https://avito.ru/yaroslavl/predlozheniya_uslug/|https://uslugi.yandex.ru/16-yaroslavl/category/,owner_boundary_split,hold_distinct_service_owners,cross_service_owner_boundary_reviewed,reviewed,policy_scope_owner,cross-service SERP pair meets a merge or manual-review threshold; the approved S1-S8 service-owner boundary prevents an automatic merge or reassignment
PAIR-603F20C53E6A,Q000027,Q000129,прейскурант цен на благоустройство придомовой территории в ярославской области,заезд на участок через канаву под ключ ярославль,S1,S8,commercial_research,transactional,2,https://avito.ru/yaroslavl/predlozheniya_uslug/|https://uslugi.yandex.ru/16-yaroslavl/category/,owner_boundary_split,hold_distinct_service_owners,cross_service_owner_boundary_reviewed,reviewed,policy_scope_owner,cross-service SERP pair meets a merge or manual-review threshold; the approved S1-S8 service-owner boundary prevents an automatic merge or reassignment
PAIR-86ABF139F120,Q000027,Q000131,прейскурант цен на благоустройство придомовой территории в ярославской области,заезд на участок через канаву цена,S1,S8,commercial_research,transactional,2,https://avito.ru/yaroslavl/predlozheniya_uslug/|https://uslugi.yandex.ru/16-yaroslavl/category/,owner_boundary_split,hold_distinct_service_owners,cross_service_owner_boundary_reviewed,reviewed,policy_scope_owner,cross-service SERP pair meets a merge or manual-review threshold; the approved S1-S8 service-owner boundary prevents an automatic merge or reassignment
PAIR-C3562015AEAC,Q000027,Q000133,прейскурант цен на благоустройство придомовой территории в ярославской области,заезд через канаву на участок,S1,S8,commercial_research,commercial_research,2,https://avito.ru/yaroslavl/predlozheniya_uslug/|https://uslugi.yandex.ru/16-yaroslavl/category/,owner_boundary_split,hold_distinct_service_owners,cross_service_owner_boundary_reviewed,reviewed,policy_scope_owner,cross-service SERP pair meets a merge or manual-review threshold; the approved S1-S8 service-owner boundary prevents an automatic merge or reassignment
PAIR-F7A93AD69938,Q000027,Q000135,прейскурант цен на благоустройство придомовой территории в ярославской области,заказать въезд на участок,S1,S8,commercial_research,transactional,2,https://avito.ru/yaroslavl/predlozheniya_uslug/|https://uslugi.yandex.ru/16-yaroslavl/category/,owner_boundary_split,hold_distinct_service_owners,cross_service_owner_boundary_reviewed,reviewed,policy_scope_owner,cross-service SERP pair meets a merge or manual-review threshold; the approved S1-S8 service-owner boundary prevents an automatic merge or reassignment
PAIR-49879A56126B,Q000027,Q000141,прейскурант цен на благоустройство придомовой территории в ярославской области,ярославская область сделать въезд в канаву,S1,S8,commercial_research,commercial_research,2,https://avito.ru/yaroslavl/predlozheniya_uslug/|https://uslugi.yandex.ru/16-yaroslavl/category/,owner_boundary_split,hold_distinct_service_owners,cross_service_owner_boundary_reviewed,reviewed,policy_scope_owner,cross-service SERP pair meets a merge or manual-review threshold; the approved S1-S8 service-owner boundary prevents an automatic merge or reassignment
PAIR-948652E31A85,Q000028,Q000030,проект благоустройства участка,сайты благоустройства участков,S1,S1,commercial_research,commercial_research,2,https://avito.ru/yaroslavl/predlozheniya_uslug/|https://yaroslavl.blago-s.ru/,manual_review,hold_current_url,serp_pair_pending_review,pending,,same-service SERP pair meets the explicit manual-review threshold; the existing owner is held and no split or new URL is approved
PAIR-08B7C6CD3F02,Q000028,Q000062,проект благоустройства участка,озеленение участка под ключ и благоустройство ярославль,S1,S3,commercial_research,transactional,2,https://avito.ru/yaroslavl/predlozheniya_uslug/|https://yaroslavl.blago-s.ru/,owner_boundary_split,hold_distinct_service_owners,cross_service_owner_boundary_reviewed,reviewed,policy_scope_owner,cross-service SERP pair meets a merge or manual-review threshold; the approved S1-S8 service-owner boundary prevents an automatic merge or reassignment
PAIR-2756190FCE2C,Q000030,Q000032,сайты благоустройства участков,стоимость работ по благоустройству территории ярославль,S1,S1,commercial_research,transactional,2,https://avito.ru/yaroslavl/predlozheniya_uslug/|https://uslugi.yandex.ru/16-yaroslavl/category/,manual_review,hold_current_url,serp_pair_pending_review,pending,,same-service SERP pair meets the explicit manual-review threshold; the existing owner is held and no split or new URL is approved
PAIR-875A21AED1A4,Q000030,Q000033,сайты благоустройства участков,стоимость реализации проекта обустройства частного участка в ярославской области компании,S1,S1,commercial_research,transactional,2,https://avito.ru/yaroslavl/predlozheniya_uslug/|https://uslugi.yandex.ru/16-yaroslavl/category/,manual_review,hold_current_url,serp_pair_pending_review,pending,,same-service SERP pair meets the explicit manual-review threshold; the existing owner is held and no split or new URL is approved
PAIR-1E6E6D5815E8,Q000030,Q000035,сайты благоустройства участков,цены на работу по благоустройству,S1,S1,commercial_research,transactional,2,https://avito.ru/yaroslavl/predlozheniya_uslug/|https://uslugi.yandex.ru/16-yaroslavl/category/,manual_review,hold_current_url,serp_pair_pending_review,pending,,same-service SERP pair meets the explicit manual-review threshold; the existing owner is held and no split or new URL is approved
PAIR-96D8502425A1,Q000030,Q000046,сайты благоустройства участков,полив газонов ярославль,S1,S2,commercial_research,commercial_research,2,https://avito.ru/yaroslavl/predlozheniya_uslug/|https://uslugi.yandex.ru/16-yaroslavl/category/,owner_boundary_split,hold_distinct_service_owners,cross_service_owner_boundary_reviewed,reviewed,policy_scope_owner,cross-service SERP pair meets a merge or manual-review threshold; the approved S1-S8 service-owner boundary prevents an automatic merge or reassignment
PAIR-43D4FCF5C1FF,Q000030,Q000057,сайты благоустройства участков,устройство газона,S1,S2,commercial_research,transactional,2,https://avito.ru/yaroslavl/predlozheniya_uslug/|https://uslugi.yandex.ru/16-yaroslavl/category/,owner_boundary_split,hold_distinct_service_owners,cross_service_owner_boundary_reviewed,reviewed,policy_scope_owner,cross-service SERP pair meets a merge or manual-review threshold; the approved S1-S8 service-owner boundary prevents an automatic merge or reassignment
PAIR-B2C11DB3FFB0,Q000030,Q000060,сайты благоустройства участков,заказать посадку дерева,S1,S3,commercial_research,transactional,2,https://avito.ru/yaroslavl/predlozheniya_uslug/|https://uslugi.yandex.ru/16-yaroslavl/category/,owner_boundary_split,hold_distinct_service_owners,cross_service_owner_boundary_reviewed,reviewed,policy_scope_owner,cross-service SERP pair meets a merge or manual-review threshold; the approved S1-S8 service-owner boundary prevents an automatic merge or reassignment
PAIR-954FB873620F,Q000030,Q000062,сайты благоустройства участков,озеленение участка под ключ и благоустройство ярославль,S1,S3,commercial_research,transactional,3,https://atlant76.com/landshaftnye-raboty/|https://avito.ru/yaroslavl/predlozheniya_uslug/|https://yaroslavl.blago-s.ru/,owner_boundary_split,hold_distinct_service_owners,cross_service_owner_boundary_reviewed,reviewed,policy_scope_owner,cross-service SERP pair meets a merge or manual-review threshold; the approved S1-S8 service-owner boundary prevents an automatic merge or reassignment
PAIR-4A91A43BC1AB,Q000030,Q000067,сайты благоустройства участков,стоимость посадки деревьев,S1,S3,commercial_research,transactional,2,https://avito.ru/yaroslavl/predlozheniya_uslug/|https://uslugi.yandex.ru/16-yaroslavl/category/,owner_boundary_split,hold_distinct_service_owners,cross_service_owner_boundary_reviewed,reviewed,policy_scope_owner,cross-service SERP pair meets a merge or manual-review threshold; the approved S1-S8 service-owner boundary prevents an automatic merge or reassignment
PAIR-18125CF52A77,Q000030,Q000068,сайты благоустройства участков,услуги по выбору и посадке фруктовых деревьев в ярославле,S1,S3,commercial_research,transactional,2,https://avito.ru/yaroslavl/predlozheniya_uslug/|https://uslugi.yandex.ru/16-yaroslavl/category/,owner_boundary_split,hold_distinct_service_owners,cross_service_owner_boundary_reviewed,reviewed,policy_scope_owner,cross-service SERP pair meets a merge or manual-review threshold; the approved S1-S8 service-owner boundary prevents an automatic merge or reassignment
PAIR-1CDEB698F7E0,Q000030,Q000069,сайты благоустройства участков,заказать обрезку деревьев,S1,S4,commercial_research,transactional,2,https://avito.ru/yaroslavl/predlozheniya_uslug/|https://uslugi.yandex.ru/16-yaroslavl/category/,owner_boundary_split,hold_distinct_service_owners,cross_service_owner_boundary_reviewed,reviewed,policy_scope_owner,cross-service SERP pair meets a merge or manual-review threshold; the approved S1-S8 service-owner boundary prevents an automatic merge or reassignment
PAIR-71ECA262DD1E,Q000030,Q000079,сайты благоустройства участков,уход за садом цена,S1,S4,commercial_research,transactional,2,https://avito.ru/yaroslavl/predlozheniya_uslug/|https://uslugi.yandex.ru/16-yaroslavl/category/,owner_boundary_split,hold_distinct_service_owners,cross_service_owner_boundary_reviewed,reviewed,policy_scope_owner,cross-service SERP pair meets a merge or manual-review threshold; the approved S1-S8 service-owner boundary prevents an automatic merge or reassignment
PAIR-6501D34EE38F,Q000030,Q000081,сайты благоустройства участков,выравнивание участка,S1,S5,commercial_research,commercial_research,2,https://avito.ru/yaroslavl/predlozheniya_uslug/|https://uslugi.yandex.ru/16-yaroslavl/category/,owner_boundary_split,hold_distinct_service_owners,cross_service_owner_boundary_reviewed,reviewed,policy_scope_owner,cross-service SERP pair meets a merge or manual-review threshold; the approved S1-S8 service-owner boundary prevents an automatic merge or reassignment
PAIR-535FFEDB14D8,Q000030,Q000082,сайты благоустройства участков,выравнивание участка цена,S1,S5,commercial_research,transactional,2,https://avito.ru/yaroslavl/predlozheniya_uslug/|https://uslugi.yandex.ru/16-yaroslavl/category/,owner_boundary_split,hold_distinct_service_owners,cross_service_owner_boundary_reviewed,reviewed,policy_scope_owner,cross-service SERP pair meets a merge or manual-review threshold; the approved S1-S8 service-owner boundary prevents an automatic merge or reassignment
PAIR-748A9A7C22CC,Q000030,Q000083,сайты благоустройства участков,выравнивание участка ярославль,S1,S5,commercial_research,commercial_research,2,https://avito.ru/yaroslavl/predlozheniya_uslug/|https://uslugi.yandex.ru/16-yaroslavl/category/,owner_boundary_split,hold_distinct_service_owners,cross_service_owner_boundary_reviewed,reviewed,policy_scope_owner,cross-service SERP pair meets a merge or manual-review threshold; the approved S1-S8 service-owner boundary prevents an automatic merge or reassignment
PAIR-473D6C5ACFAF,Q000030,Q000088,сайты благоустройства участков,заказать выравнивание участка,S1,S5,commercial_research,transactional,2,https://avito.ru/yaroslavl/predlozheniya_uslug/|https://uslugi.yandex.ru/16-yaroslavl/category/,owner_boundary_split,hold_distinct_service_owners,cross_service_owner_boundary_reviewed,reviewed,policy_scope_owner,cross-service SERP pair meets a merge or manual-review threshold; the approved S1-S8 service-owner boundary prevents an automatic merge or reassignment
PAIR-C02C5ADFED82,Q000030,Q000089,сайты благоустройства участков,заказать планировку участка,S1,S5,commercial_research,transactional,2,https://avito.ru/yaroslavl/predlozheniya_uslug/|https://uslugi.yandex.ru/16-yaroslavl/category/,owner_boundary_split,hold_distinct_service_owners,cross_service_owner_boundary_reviewed,reviewed,policy_scope_owner,cross-service SERP pair meets a merge or manual-review threshold; the approved S1-S8 service-owner boundary prevents an automatic merge or reassignment
PAIR-ED2E9CF5196F,Q000030,Q000093,сайты благоустройства участков,планировка территории цена,S1,S5,commercial_research,transactional,2,https://avito.ru/yaroslavl/predlozheniya_uslug/|https://uslugi.yandex.ru/16-yaroslavl/category/,owner_boundary_split,hold_distinct_service_owners,cross_service_owner_boundary_reviewed,reviewed,policy_scope_owner,cross-service SERP pair meets a merge or manual-review threshold; the approved S1-S8 service-owner boundary prevents an automatic merge or reassignment
PAIR-0DADCC42FA13,Q000030,Q000097,сайты благоустройства участков,планировка участка цена,S1,S5,commercial_research,transactional,2,https://avito.ru/yaroslavl/predlozheniya_uslug/|https://uslugi.yandex.ru/16-yaroslavl/category/,owner_boundary_split,hold_distinct_service_owners,cross_service_owner_boundary_reviewed,reviewed,policy_scope_owner,cross-service SERP pair meets a merge or manual-review threshold; the approved S1-S8 service-owner boundary prevents an automatic merge or reassignment
PAIR-9BABA1019555,Q000030,Q000098,сайты благоустройства участков,планировка участка ярославль,S1,S5,commercial_research,commercial_research,2,https://avito.ru/yaroslavl/predlozheniya_uslug/|https://uslugi.yandex.ru/16-yaroslavl/category/,owner_boundary_split,hold_distinct_service_owners,cross_service_owner_boundary_reviewed,reviewed,policy_scope_owner,cross-service SERP pair meets a merge or manual-review threshold; the approved S1-S8 service-owner boundary prevents an automatic merge or reassignment
PAIR-5042258D40F1,Q000030,Q000116,сайты благоустройства участков,въезд на участок цена,S1,S8,commercial_research,transactional,2,https://avito.ru/yaroslavl/predlozheniya_uslug/|https://uslugi.yandex.ru/16-yaroslavl/category/,owner_boundary_split,hold_distinct_service_owners,cross_service_owner_boundary_reviewed,reviewed,policy_scope_owner,cross-service SERP pair meets a merge or manual-review threshold; the approved S1-S8 service-owner boundary prevents an automatic merge or reassignment
PAIR-31A44EFFA5D8,Q000030,Q000119,сайты благоустройства участков,въезд через канаву под ключ,S1,S8,commercial_research,transactional,2,https://avito.ru/yaroslavl/predlozheniya_uslug/|https://uslugi.yandex.ru/16-yaroslavl/category/,owner_boundary_split,hold_distinct_service_owners,cross_service_owner_boundary_reviewed,reviewed,policy_scope_owner,cross-service SERP pair meets a merge or manual-review threshold; the approved S1-S8 service-owner boundary prevents an automatic merge or reassignment
PAIR-2D27AAACC636,Q000030,Q000120,сайты благоустройства участков,въезд через канаву цена,S1,S8,commercial_research,transactional,2,https://avito.ru/yaroslavl/predlozheniya_uslug/|https://uslugi.yandex.ru/16-yaroslavl/category/,owner_boundary_split,hold_distinct_service_owners,cross_service_owner_boundary_reviewed,reviewed,policy_scope_owner,cross-service SERP pair meets a merge or manual-review threshold; the approved S1-S8 service-owner boundary prevents an automatic merge or reassignment
PAIR-3D82C5FA80E7,Q000030,Q000122,сайты благоустройства участков,заезд на участок под ключ,S1,S8,commercial_research,transactional,2,https://avito.ru/yaroslavl/predlozheniya_uslug/|https://uslugi.yandex.ru/16-yaroslavl/category/,owner_boundary_split,hold_distinct_service_owners,cross_service_owner_boundary_reviewed,reviewed,policy_scope_owner,cross-service SERP pair meets a merge or manual-review threshold; the approved S1-S8 service-owner boundary prevents an automatic merge or reassignment
PAIR-03715CCE70C8,Q000030,Q000124,сайты благоустройства участков,заезд на участок цена,S1,S8,commercial_research,transactional,2,https://avito.ru/yaroslavl/predlozheniya_uslug/|https://uslugi.yandex.ru/16-yaroslavl/category/,owner_boundary_split,hold_distinct_service_owners,cross_service_owner_boundary_reviewed,reviewed,policy_scope_owner,cross-service SERP pair meets a merge or manual-review threshold; the approved S1-S8 service-owner boundary prevents an automatic merge or reassignment
PAIR-D9F37B9F7379,Q000030,Q000125,сайты благоустройства участков,заезд на участок через канаву в тутаеве,S1,S8,commercial_research,commercial_research,2,https://avito.ru/yaroslavl/predlozheniya_uslug/|https://uslugi.yandex.ru/16-yaroslavl/category/,owner_boundary_split,hold_distinct_service_owners,cross_service_owner_boundary_reviewed,reviewed,policy_scope_owner,cross-service SERP pair meets a merge or manual-review threshold; the approved S1-S8 service-owner boundary prevents an automatic merge or reassignment
PAIR-B8518A87EEF4,Q000030,Q000126,сайты благоустройства участков,заезд на участок через канаву под ключ,S1,S8,commercial_research,transactional,2,https://avito.ru/yaroslavl/predlozheniya_uslug/|https://uslugi.yandex.ru/16-yaroslavl/category/,owner_boundary_split,hold_distinct_service_owners,cross_service_owner_boundary_reviewed,reviewed,policy_scope_owner,cross-service SERP pair meets a merge or manual-review threshold; the approved S1-S8 service-owner boundary prevents an automatic merge or reassignment
PAIR-5C64343A34F9,Q000030,Q000128,сайты благоустройства участков,заезд на участок через канаву под ключ тутаев,S1,S8,commercial_research,transactional,2,https://avito.ru/yaroslavl/predlozheniya_uslug/|https://uslugi.yandex.ru/16-yaroslavl/category/,owner_boundary_split,hold_distinct_service_owners,cross_service_owner_boundary_reviewed,reviewed,policy_scope_owner,cross-service SERP pair meets a merge or manual-review threshold; the approved S1-S8 service-owner boundary prevents an automatic merge or reassignment
PAIR-39C642603D6D,Q000030,Q000129,сайты благоустройства участков,заезд на участок через канаву под ключ ярославль,S1,S8,commercial_research,transactional,2,https://avito.ru/yaroslavl/predlozheniya_uslug/|https://uslugi.yandex.ru/16-yaroslavl/category/,owner_boundary_split,hold_distinct_service_owners,cross_service_owner_boundary_reviewed,reviewed,policy_scope_owner,cross-service SERP pair meets a merge or manual-review threshold; the approved S1-S8 service-owner boundary prevents an automatic merge or reassignment
PAIR-42CCD3926832,Q000030,Q000131,сайты благоустройства участков,заезд на участок через канаву цена,S1,S8,commercial_research,transactional,2,https://avito.ru/yaroslavl/predlozheniya_uslug/|https://uslugi.yandex.ru/16-yaroslavl/category/,owner_boundary_split,hold_distinct_service_owners,cross_service_owner_boundary_reviewed,reviewed,policy_scope_owner,cross-service SERP pair meets a merge or manual-review threshold; the approved S1-S8 service-owner boundary prevents an automatic merge or reassignment
PAIR-17F07AEA294D,Q000030,Q000133,сайты благоустройства участков,заезд через канаву на участок,S1,S8,commercial_research,commercial_research,2,https://avito.ru/yaroslavl/predlozheniya_uslug/|https://uslugi.yandex.ru/16-yaroslavl/category/,owner_boundary_split,hold_distinct_service_owners,cross_service_owner_boundary_reviewed,reviewed,policy_scope_owner,cross-service SERP pair meets a merge or manual-review threshold; the approved S1-S8 service-owner boundary prevents an automatic merge or reassignment
PAIR-59132E639C28,Q000030,Q000135,сайты благоустройства участков,заказать въезд на участок,S1,S8,commercial_research,transactional,2,https://avito.ru/yaroslavl/predlozheniya_uslug/|https://uslugi.yandex.ru/16-yaroslavl/category/,owner_boundary_split,hold_distinct_service_owners,cross_service_owner_boundary_reviewed,reviewed,policy_scope_owner,cross-service SERP pair meets a merge or manual-review threshold; the approved S1-S8 service-owner boundary prevents an automatic merge or reassignment
PAIR-BA3D6928C7F3,Q000030,Q000141,сайты благоустройства участков,ярославская область сделать въезд в канаву,S1,S8,commercial_research,commercial_research,2,https://avito.ru/yaroslavl/predlozheniya_uslug/|https://uslugi.yandex.ru/16-yaroslavl/category/,owner_boundary_split,hold_distinct_service_owners,cross_service_owner_boundary_reviewed,reviewed,policy_scope_owner,cross-service SERP pair meets a merge or manual-review threshold; the approved S1-S8 service-owner boundary prevents an automatic merge or reassignment
PAIR-07900ACDAF2A,Q000031,Q000070,стоимость благоустройства территории за м2 калькулятор,калькулятор работ садовых,S1,S4,transactional,commercial_research,3,https://calcal.ru/landscape-budget-calculator/|https://exp76.ru/kalkuljator-uslug/|https://konturland.ru/price/kalkulyator/,shared_special_owner,hold_shared_special_owner,shared_special_owner_reviewed,reviewed,policy_special_owner,both queries have the same explicit calculator owner; SERP overlap cannot reassign either query to an S1-S8 service page
PAIR-193B755F9F49,Q000032,Q000033,стоимость работ по благоустройству территории ярославль,стоимость реализации проекта обустройства частного участка в ярославской области компании,S1,S1,transactional,transactional,3,https://avito.ru/yaroslavl/predlozheniya_uslug/|https://greenteh76.ru/ceny-na-uslugi-po-blagoustrojstvu.html/|https://uslugi.yandex.ru/16-yaroslavl/category/,manual_review,hold_current_url,serp_pair_pending_review,pending,,same-service SERP pair meets the explicit manual-review threshold; the existing owner is held and no split or new URL is approved
PAIR-91C38349B4C5,Q000032,Q000035,стоимость работ по благоустройству территории ярославль,цены на работу по благоустройству,S1,S1,transactional,transactional,3,https://avito.ru/yaroslavl/predlozheniya_uslug/|https://greenteh76.ru/ceny-na-uslugi-po-blagoustrojstvu.html/|https://uslugi.yandex.ru/16-yaroslavl/category/,manual_review,hold_current_url,serp_pair_pending_review,pending,,same-service SERP pair meets the explicit manual-review threshold; the existing owner is held and no split or new URL is approved
PAIR-E313B6BD6391,Q000032,Q000040,стоимость работ по благоустройству территории ярославль,газон под ключ,S1,S2,transactional,transactional,2,https://avito.ru/yaroslavl/predlozheniya_uslug/|https://avito.ru/yaroslavl/predlozheniya_uslug/sad_blagoustroystvo-ASgBAgICAUSYC8KfAQ/,owner_boundary_split,hold_distinct_service_owners,cross_service_owner_boundary_reviewed,reviewed,policy_scope_owner,cross-service SERP pair meets a merge or manual-review threshold; the approved S1-S8 service-owner boundary prevents an automatic merge or reassignment
PAIR-666635F7D0DF,Q000032,Q000042,стоимость работ по благоустройству территории ярославль,газон под ключ полесье ярославль,S1,S2,transactional,transactional,2,https://avito.ru/yaroslavl/predlozheniya_uslug/|https://avito.ru/yaroslavl/predlozheniya_uslug/sad_blagoustroystvo-ASgBAgICAUSYC8KfAQ/,owner_boundary_split,hold_distinct_service_owners,cross_service_owner_boundary_reviewed,reviewed,policy_scope_owner,cross-service SERP pair meets a merge or manual-review threshold; the approved S1-S8 service-owner boundary prevents an automatic merge or reassignment
PAIR-308D7FB6AF84,Q000032,Q000043,стоимость работ по благоустройству территории ярославль,газон под ключ цена,S1,S2,transactional,transactional,2,https://avito.ru/yaroslavl/predlozheniya_uslug/|https://avito.ru/yaroslavl/predlozheniya_uslug/sad_blagoustroystvo-ASgBAgICAUSYC8KfAQ/,owner_boundary_split,hold_distinct_service_owners,cross_service_owner_boundary_reviewed,reviewed,policy_scope_owner,cross-service SERP pair meets a merge or manual-review threshold; the approved S1-S8 service-owner boundary prevents an automatic merge or reassignment
PAIR-D32507EBDF54,Q000032,Q000046,стоимость работ по благоустройству территории ярославль,полив газонов ярославль,S1,S2,transactional,commercial_research,3,https://avito.ru/yaroslavl/predlozheniya_uslug/|https://avito.ru/yaroslavl/predlozheniya_uslug/sad_blagoustroystvo-ASgBAgICAUSYC8KfAQ/|https://uslugi.yandex.ru/16-yaroslavl/category/,owner_boundary_split,hold_distinct_service_owners,cross_service_owner_boundary_reviewed,reviewed,policy_scope_owner,cross-service SERP pair meets a merge or manual-review threshold; the approved S1-S8 service-owner boundary prevents an automatic merge or reassignment
PAIR-BDBB4FDBA109,Q000032,Q000048,стоимость работ по благоустройству территории ярославль,посевной газон под ключ г ярославль ул магистральная 7 7,S1,S2,transactional,transactional,2,https://avito.ru/yaroslavl/predlozheniya_uslug/|https://avito.ru/yaroslavl/predlozheniya_uslug/sad_blagoustroystvo-ASgBAgICAUSYC8KfAQ/,owner_boundary_split,hold_distinct_service_owners,cross_service_owner_boundary_reviewed,reviewed,policy_scope_owner,cross-service SERP pair meets a merge or manual-review threshold; the approved S1-S8 service-owner boundary prevents an automatic merge or reassignment
PAIR-D57B9CD1FFC4,Q000032,Q000057,стоимость работ по благоустройству территории ярославль,устройство газона,S1,S2,transactional,transactional,2,https://avito.ru/yaroslavl/predlozheniya_uslug/|https://uslugi.yandex.ru/16-yaroslavl/category/,owner_boundary_split,hold_distinct_service_owners,cross_service_owner_boundary_reviewed,reviewed,policy_scope_owner,cross-service SERP pair meets a merge or manual-review threshold; the approved S1-S8 service-owner boundary prevents an automatic merge or reassignment
PAIR-DF375B6A47F6,Q000032,Q000060,стоимость работ по благоустройству территории ярославль,заказать посадку дерева,S1,S3,transactional,transactional,3,https://avito.ru/yaroslavl/predlozheniya_uslug/|https://avito.ru/yaroslavl/predlozheniya_uslug/sad_blagoustroystvo-ASgBAgICAUSYC8KfAQ/|https://uslugi.yandex.ru/16-yaroslavl/category/,owner_boundary_split,hold_distinct_service_owners,cross_service_owner_boundary_reviewed,reviewed,policy_scope_owner,cross-service SERP pair meets a merge or manual-review threshold; the approved S1-S8 service-owner boundary prevents an automatic merge or reassignment
PAIR-8545B43F7CF4,Q000032,Q000067,стоимость работ по благоустройству территории ярославль,стоимость посадки деревьев,S1,S3,transactional,transactional,2,https://avito.ru/yaroslavl/predlozheniya_uslug/|https://uslugi.yandex.ru/16-yaroslavl/category/,owner_boundary_split,hold_distinct_service_owners,cross_service_owner_boundary_reviewed,reviewed,policy_scope_owner,cross-service SERP pair meets a merge or manual-review threshold; the approved S1-S8 service-owner boundary prevents an automatic merge or reassignment
PAIR-CC87E517FD75,Q000032,Q000068,стоимость работ по благоустройству территории ярославль,услуги по выбору и посадке фруктовых деревьев в ярославле,S1,S3,transactional,transactional,2,https://avito.ru/yaroslavl/predlozheniya_uslug/|https://uslugi.yandex.ru/16-yaroslavl/category/,owner_boundary_split,hold_distinct_service_owners,cross_service_owner_boundary_reviewed,reviewed,policy_scope_owner,cross-service SERP pair meets a merge or manual-review threshold; the approved S1-S8 service-owner boundary prevents an automatic merge or reassignment
PAIR-431805A5B983,Q000032,Q000069,стоимость работ по благоустройству территории ярославль,заказать обрезку деревьев,S1,S4,transactional,transactional,3,https://avito.ru/yaroslavl/predlozheniya_uslug/|https://avito.ru/yaroslavl/predlozheniya_uslug/sad_blagoustroystvo-ASgBAgICAUSYC8KfAQ/|https://uslugi.yandex.ru/16-yaroslavl/category/,owner_boundary_split,hold_distinct_service_owners,cross_service_owner_boundary_reviewed,reviewed,policy_scope_owner,cross-service SERP pair meets a merge or manual-review threshold; the approved S1-S8 service-owner boundary prevents an automatic merge or reassignment
PAIR-917B1404117F,Q000032,Q000079,стоимость работ по благоустройству территории ярославль,уход за садом цена,S1,S4,transactional,transactional,3,https://avito.ru/yaroslavl/predlozheniya_uslug/|https://avito.ru/yaroslavl/predlozheniya_uslug/sad_blagoustroystvo-ASgBAgICAUSYC8KfAQ/|https://uslugi.yandex.ru/16-yaroslavl/category/,owner_boundary_split,hold_distinct_service_owners,cross_service_owner_boundary_reviewed,reviewed,policy_scope_owner,cross-service SERP pair meets a merge or manual-review threshold; the approved S1-S8 service-owner boundary prevents an automatic merge or reassignment
PAIR-5FC8B7F4D04B,Q000032,Q000081,стоимость работ по благоустройству территории ярославль,выравнивание участка,S1,S5,transactional,commercial_research,2,https://avito.ru/yaroslavl/predlozheniya_uslug/|https://uslugi.yandex.ru/16-yaroslavl/category/,owner_boundary_split,hold_distinct_service_owners,cross_service_owner_boundary_reviewed,reviewed,policy_scope_owner,cross-service SERP pair meets a merge or manual-review threshold; the approved S1-S8 service-owner boundary prevents an automatic merge or reassignment
PAIR-7CAA0993F483,Q000032,Q000082,стоимость работ по благоустройству территории ярославль,выравнивание участка цена,S1,S5,transactional,transactional,2,https://avito.ru/yaroslavl/predlozheniya_uslug/|https://uslugi.yandex.ru/16-yaroslavl/category/,owner_boundary_split,hold_distinct_service_owners,cross_service_owner_boundary_reviewed,reviewed,policy_scope_owner,cross-service SERP pair meets a merge or manual-review threshold; the approved S1-S8 service-owner boundary prevents an automatic merge or reassignment
PAIR-25D204EBF37F,Q000032,Q000083,стоимость работ по благоустройству территории ярославль,выравнивание участка ярославль,S1,S5,transactional,commercial_research,2,https://avito.ru/yaroslavl/predlozheniya_uslug/|https://uslugi.yandex.ru/16-yaroslavl/category/,owner_boundary_split,hold_distinct_service_owners,cross_service_owner_boundary_reviewed,reviewed,policy_scope_owner,cross-service SERP pair meets a merge or manual-review threshold; the approved S1-S8 service-owner boundary prevents an automatic merge or reassignment
PAIR-C1C3D8A56FD8,Q000032,Q000088,стоимость работ по благоустройству территории ярославль,заказать выравнивание участка,S1,S5,transactional,transactional,2,https://avito.ru/yaroslavl/predlozheniya_uslug/|https://uslugi.yandex.ru/16-yaroslavl/category/,owner_boundary_split,hold_distinct_service_owners,cross_service_owner_boundary_reviewed,reviewed,policy_scope_owner,cross-service SERP pair meets a merge or manual-review threshold; the approved S1-S8 service-owner boundary prevents an automatic merge or reassignment
PAIR-6251B6B8524E,Q000032,Q000089,стоимость работ по благоустройству территории ярославль,заказать планировку участка,S1,S5,transactional,transactional,2,https://avito.ru/yaroslavl/predlozheniya_uslug/|https://uslugi.yandex.ru/16-yaroslavl/category/,owner_boundary_split,hold_distinct_service_owners,cross_service_owner_boundary_reviewed,reviewed,policy_scope_owner,cross-service SERP pair meets a merge or manual-review threshold; the approved S1-S8 service-owner boundary prevents an automatic merge or reassignment
PAIR-BBE05A9E7459,Q000032,Q000093,стоимость работ по благоустройству территории ярославль,планировка территории цена,S1,S5,transactional,transactional,2,https://avito.ru/yaroslavl/predlozheniya_uslug/|https://uslugi.yandex.ru/16-yaroslavl/category/,owner_boundary_split,hold_distinct_service_owners,cross_service_owner_boundary_reviewed,reviewed,policy_scope_owner,cross-service SERP pair meets a merge or manual-review threshold; the approved S1-S8 service-owner boundary prevents an automatic merge or reassignment
PAIR-821742FE2CEF,Q000032,Q000097,стоимость работ по благоустройству территории ярославль,планировка участка цена,S1,S5,transactional,transactional,2,https://avito.ru/yaroslavl/predlozheniya_uslug/|https://uslugi.yandex.ru/16-yaroslavl/category/,owner_boundary_split,hold_distinct_service_owners,cross_service_owner_boundary_reviewed,reviewed,policy_scope_owner,cross-service SERP pair meets a merge or manual-review threshold; the approved S1-S8 service-owner boundary prevents an automatic merge or reassignment
PAIR-F4950C68F5CD,Q000032,Q000098,стоимость работ по благоустройству территории ярославль,планировка участка ярославль,S1,S5,transactional,commercial_research,2,https://avito.ru/yaroslavl/predlozheniya_uslug/|https://uslugi.yandex.ru/16-yaroslavl/category/,owner_boundary_split,hold_distinct_service_owners,cross_service_owner_boundary_reviewed,reviewed,policy_scope_owner,cross-service SERP pair meets a merge or manual-review threshold; the approved S1-S8 service-owner boundary prevents an automatic merge or reassignment
PAIR-2F8922935E88,Q000032,Q000116,стоимость работ по благоустройству территории ярославль,въезд на участок цена,S1,S8,transactional,transactional,2,https://avito.ru/yaroslavl/predlozheniya_uslug/|https://uslugi.yandex.ru/16-yaroslavl/category/,owner_boundary_split,hold_distinct_service_owners,cross_service_owner_boundary_reviewed,reviewed,policy_scope_owner,cross-service SERP pair meets a merge or manual-review threshold; the approved S1-S8 service-owner boundary prevents an automatic merge or reassignment
PAIR-E8F8EDB377A2,Q000032,Q000119,стоимость работ по благоустройству территории ярославль,въезд через канаву под ключ,S1,S8,transactional,transactional,2,https://avito.ru/yaroslavl/predlozheniya_uslug/|https://uslugi.yandex.ru/16-yaroslavl/category/,owner_boundary_split,hold_distinct_service_owners,cross_service_owner_boundary_reviewed,reviewed,policy_scope_owner,cross-service SERP pair meets a merge or manual-review threshold; the approved S1-S8 service-owner boundary prevents an automatic merge or reassignment
PAIR-0F86633E32A8,Q000032,Q000120,стоимость работ по благоустройству территории ярославль,въезд через канаву цена,S1,S8,transactional,transactional,2,https://avito.ru/yaroslavl/predlozheniya_uslug/|https://uslugi.yandex.ru/16-yaroslavl/category/,owner_boundary_split,hold_distinct_service_owners,cross_service_owner_boundary_reviewed,reviewed,policy_scope_owner,cross-service SERP pair meets a merge or manual-review threshold; the approved S1-S8 service-owner boundary prevents an automatic merge or reassignment
PAIR-2B67E414CDBF,Q000032,Q000122,стоимость работ по благоустройству территории ярославль,заезд на участок под ключ,S1,S8,transactional,transactional,3,https://avito.ru/yaroslavl/predlozheniya_uslug/|https://avito.ru/yaroslavl/predlozheniya_uslug/sad_blagoustroystvo-ASgBAgICAUSYC8KfAQ/|https://uslugi.yandex.ru/16-yaroslavl/category/,owner_boundary_split,hold_distinct_service_owners,cross_service_owner_boundary_reviewed,reviewed,policy_scope_owner,cross-service SERP pair meets a merge or manual-review threshold; the approved S1-S8 service-owner boundary prevents an automatic merge or reassignment
PAIR-4CC02062D90F,Q000032,Q000124,стоимость работ по благоустройству территории ярославль,заезд на участок цена,S1,S8,transactional,transactional,2,https://avito.ru/yaroslavl/predlozheniya_uslug/|https://uslugi.yandex.ru/16-yaroslavl/category/,owner_boundary_split,hold_distinct_service_owners,cross_service_owner_boundary_reviewed,reviewed,policy_scope_owner,cross-service SERP pair meets a merge or manual-review threshold; the approved S1-S8 service-owner boundary prevents an automatic merge or reassignment
PAIR-1E5464D17433,Q000032,Q000125,стоимость работ по благоустройству территории ярославль,заезд на участок через канаву в тутаеве,S1,S8,transactional,commercial_research,2,https://avito.ru/yaroslavl/predlozheniya_uslug/|https://uslugi.yandex.ru/16-yaroslavl/category/,owner_boundary_split,hold_distinct_service_owners,cross_service_owner_boundary_reviewed,reviewed,policy_scope_owner,cross-service SERP pair meets a merge or manual-review threshold; the approved S1-S8 service-owner boundary prevents an automatic merge or reassignment
PAIR-A4D1BF54F2ED,Q000032,Q000126,стоимость работ по благоустройству территории ярославль,заезд на участок через канаву под ключ,S1,S8,transactional,transactional,2,https://avito.ru/yaroslavl/predlozheniya_uslug/|https://uslugi.yandex.ru/16-yaroslavl/category/,owner_boundary_split,hold_distinct_service_owners,cross_service_owner_boundary_reviewed,reviewed,policy_scope_owner,cross-service SERP pair meets a merge or manual-review threshold; the approved S1-S8 service-owner boundary prevents an automatic merge or reassignment
PAIR-EC8DA38F3199,Q000032,Q000128,стоимость работ по благоустройству территории ярославль,заезд на участок через канаву под ключ тутаев,S1,S8,transactional,transactional,2,https://avito.ru/yaroslavl/predlozheniya_uslug/|https://uslugi.yandex.ru/16-yaroslavl/category/,owner_boundary_split,hold_distinct_service_owners,cross_service_owner_boundary_reviewed,reviewed,policy_scope_owner,cross-service SERP pair meets a merge or manual-review threshold; the approved S1-S8 service-owner boundary prevents an automatic merge or reassignment
PAIR-CA98B6705631,Q000032,Q000129,стоимость работ по благоустройству территории ярославль,заезд на участок через канаву под ключ ярославль,S1,S8,transactional,transactional,2,https://avito.ru/yaroslavl/predlozheniya_uslug/|https://uslugi.yandex.ru/16-yaroslavl/category/,owner_boundary_split,hold_distinct_service_owners,cross_service_owner_boundary_reviewed,reviewed,policy_scope_owner,cross-service SERP pair meets a merge or manual-review threshold; the approved S1-S8 service-owner boundary prevents an automatic merge or reassignment
PAIR-1131019FBA04,Q000032,Q000131,стоимость работ по благоустройству территории ярославль,заезд на участок через канаву цена,S1,S8,transactional,transactional,2,https://avito.ru/yaroslavl/predlozheniya_uslug/|https://uslugi.yandex.ru/16-yaroslavl/category/,owner_boundary_split,hold_distinct_service_owners,cross_service_owner_boundary_reviewed,reviewed,policy_scope_owner,cross-service SERP pair meets a merge or manual-review threshold; the approved S1-S8 service-owner boundary prevents an automatic merge or reassignment
PAIR-8AC08ED7869B,Q000032,Q000133,стоимость работ по благоустройству территории ярославль,заезд через канаву на участок,S1,S8,transactional,commercial_research,2,https://avito.ru/yaroslavl/predlozheniya_uslug/|https://uslugi.yandex.ru/16-yaroslavl/category/,owner_boundary_split,hold_distinct_service_owners,cross_service_owner_boundary_reviewed,reviewed,policy_scope_owner,cross-service SERP pair meets a merge or manual-review threshold; the approved S1-S8 service-owner boundary prevents an automatic merge or reassignment
PAIR-A5670FE70021,Q000032,Q000135,стоимость работ по благоустройству территории ярославль,заказать въезд на участок,S1,S8,transactional,transactional,2,https://avito.ru/yaroslavl/predlozheniya_uslug/|https://uslugi.yandex.ru/16-yaroslavl/category/,owner_boundary_split,hold_distinct_service_owners,cross_service_owner_boundary_reviewed,reviewed,policy_scope_owner,cross-service SERP pair meets a merge or manual-review threshold; the approved S1-S8 service-owner boundary prevents an automatic merge or reassignment
PAIR-281298EFB648,Q000032,Q000141,стоимость работ по благоустройству территории ярославль,ярославская область сделать въезд в канаву,S1,S8,transactional,commercial_research,2,https://avito.ru/yaroslavl/predlozheniya_uslug/|https://uslugi.yandex.ru/16-yaroslavl/category/,owner_boundary_split,hold_distinct_service_owners,cross_service_owner_boundary_reviewed,reviewed,policy_scope_owner,cross-service SERP pair meets a merge or manual-review threshold; the approved S1-S8 service-owner boundary prevents an automatic merge or reassignment
PAIR-7EA00EC755B9,Q000033,Q000046,стоимость реализации проекта обустройства частного участка в ярославской области компании,полив газонов ярославль,S1,S2,transactional,commercial_research,3,https://avito.ru/yaroslavl/predlozheniya_uslug/|https://uslugi.yandex.ru/10841-yaroslavl-oblast/category/|https://uslugi.yandex.ru/16-yaroslavl/category/,owner_boundary_split,hold_distinct_service_owners,cross_service_owner_boundary_reviewed,reviewed,policy_scope_owner,cross-service SERP pair meets a merge or manual-review threshold; the approved S1-S8 service-owner boundary prevents an automatic merge or reassignment
PAIR-947BF7B03561,Q000033,Q000048,стоимость реализации проекта обустройства частного участка в ярославской области компании,посевной газон под ключ г ярославль ул магистральная 7 7,S1,S2,transactional,transactional,2,https://avito.ru/yaroslavl/predlozheniya_uslug/|https://avito.ru/yaroslavskaya_oblast/predlozheniya_uslug/,owner_boundary_split,hold_distinct_service_owners,cross_service_owner_boundary_reviewed,reviewed,policy_scope_owner,cross-service SERP pair meets a merge or manual-review threshold; the approved S1-S8 service-owner boundary prevents an automatic merge or reassignment
PAIR-BB6E59A89B72,Q000033,Q000057,стоимость реализации проекта обустройства частного участка в ярославской области компании,устройство газона,S1,S2,transactional,transactional,2,https://avito.ru/yaroslavl/predlozheniya_uslug/|https://uslugi.yandex.ru/16-yaroslavl/category/,owner_boundary_split,hold_distinct_service_owners,cross_service_owner_boundary_reviewed,reviewed,policy_scope_owner,cross-service SERP pair meets a merge or manual-review threshold; the approved S1-S8 service-owner boundary prevents an automatic merge or reassignment
PAIR-B074464069CB,Q000033,Q000060,стоимость реализации проекта обустройства частного участка в ярославской области компании,заказать посадку дерева,S1,S3,transactional,transactional,3,https://avito.ru/yaroslavl/predlozheniya_uslug/|https://uslugi.yandex.ru/10841-yaroslavl-oblast/category/|https://uslugi.yandex.ru/16-yaroslavl/category/,owner_boundary_split,hold_distinct_service_owners,cross_service_owner_boundary_reviewed,reviewed,policy_scope_owner,cross-service SERP pair meets a merge or manual-review threshold; the approved S1-S8 service-owner boundary prevents an automatic merge or reassignment
PAIR-DE49FD3AEB4F,Q000033,Q000061,стоимость реализации проекта обустройства частного участка в ярославской области компании,озеленение участка,S1,S3,transactional,commercial_research,2,https://avito.ru/yaroslavl/predlozheniya_uslug/|https://uslugi.yandex.ru/10841-yaroslavl-oblast/category/,owner_boundary_split,hold_distinct_service_owners,cross_service_owner_boundary_reviewed,reviewed,policy_scope_owner,cross-service SERP pair meets a merge or manual-review threshold; the approved S1-S8 service-owner boundary prevents an automatic merge or reassignment
PAIR-6A4863EA181E,Q000033,Q000067,стоимость реализации проекта обустройства частного участка в ярославской области компании,стоимость посадки деревьев,S1,S3,transactional,transactional,3,https://avito.ru/yaroslavl/predlozheniya_uslug/|https://uslugi.yandex.ru/10841-yaroslavl-oblast/category/|https://uslugi.yandex.ru/16-yaroslavl/category/,owner_boundary_split,hold_distinct_service_owners,cross_service_owner_boundary_reviewed,reviewed,policy_scope_owner,cross-service SERP pair meets a merge or manual-review threshold; the approved S1-S8 service-owner boundary prevents an automatic merge or reassignment
PAIR-13ABEEDE81E5,Q000033,Q000068,стоимость реализации проекта обустройства частного участка в ярославской области компании,услуги по выбору и посадке фруктовых деревьев в ярославле,S1,S3,transactional,transactional,3,https://avito.ru/yaroslavl/predlozheniya_uslug/|https://avito.ru/yaroslavskaya_oblast/predlozheniya_uslug/|https://uslugi.yandex.ru/16-yaroslavl/category/,owner_boundary_split,hold_distinct_service_owners,cross_service_owner_boundary_reviewed,reviewed,policy_scope_owner,cross-service SERP pair meets a merge or manual-review threshold; the approved S1-S8 service-owner boundary prevents an automatic merge or reassignment
PAIR-5853E6D0B913,Q000033,Q000069,стоимость реализации проекта обустройства частного участка в ярославской области компании,заказать обрезку деревьев,S1,S4,transactional,transactional,3,https://avito.ru/yaroslavl/predlozheniya_uslug/|https://avito.ru/yaroslavskaya_oblast/predlozheniya_uslug/|https://uslugi.yandex.ru/16-yaroslavl/category/,owner_boundary_split,hold_distinct_service_owners,cross_service_owner_boundary_reviewed,reviewed,policy_scope_owner,cross-service SERP pair meets a merge or manual-review threshold; the approved S1-S8 service-owner boundary prevents an automatic merge or reassignment
PAIR-DD47900A2083,Q000033,Q000073,стоимость реализации проекта обустройства частного участка в ярославской области компании,обрезка деревьев цена,S1,S4,transactional,transactional,2,https://uslugi.yandex.ru/10841-yaroslavl-oblast/category/|https://uslugi.yandex.ru/16-yaroslavl/category/,owner_boundary_split,hold_distinct_service_owners,cross_service_owner_boundary_reviewed,reviewed,policy_scope_owner,cross-service SERP pair meets a merge or manual-review threshold; the approved S1-S8 service-owner boundary prevents an automatic merge or reassignment
PAIR-8F05133BF7F2,Q000033,Q000079,стоимость реализации проекта обустройства частного участка в ярославской области компании,уход за садом цена,S1,S4,transactional,transactional,2,https://avito.ru/yaroslavl/predlozheniya_uslug/|https://uslugi.yandex.ru/16-yaroslavl/category/,owner_boundary_split,hold_distinct_service_owners,cross_service_owner_boundary_reviewed,reviewed,policy_scope_owner,cross-service SERP pair meets a merge or manual-review threshold; the approved S1-S8 service-owner boundary prevents an automatic merge or reassignment
PAIR-BED9FC7A3FAC,Q000033,Q000081,стоимость реализации проекта обустройства частного участка в ярославской области компании,выравнивание участка,S1,S5,transactional,commercial_research,3,https://avito.ru/yaroslavl/predlozheniya_uslug/|https://uslugi.yandex.ru/10841-yaroslavl-oblast/category/|https://uslugi.yandex.ru/16-yaroslavl/category/,owner_boundary_split,hold_distinct_service_owners,cross_service_owner_boundary_reviewed,reviewed,policy_scope_owner,cross-service SERP pair meets a merge or manual-review threshold; the approved S1-S8 service-owner boundary prevents an automatic merge or reassignment
PAIR-9C23C25FE990,Q000033,Q000082,стоимость реализации проекта обустройства частного участка в ярославской области компании,выравнивание участка цена,S1,S5,transactional,transactional,3,https://avito.ru/yaroslavl/predlozheniya_uslug/|https://uslugi.yandex.ru/10841-yaroslavl-oblast/category/|https://uslugi.yandex.ru/16-yaroslavl/category/,owner_boundary_split,hold_distinct_service_owners,cross_service_owner_boundary_reviewed,reviewed,policy_scope_owner,cross-service SERP pair meets a merge or manual-review threshold; the approved S1-S8 service-owner boundary prevents an automatic merge or reassignment
PAIR-005EE6E07ADC,Q000033,Q000083,стоимость реализации проекта обустройства частного участка в ярославской области компании,выравнивание участка ярославль,S1,S5,transactional,commercial_research,2,https://avito.ru/yaroslavl/predlozheniya_uslug/|https://uslugi.yandex.ru/16-yaroslavl/category/,owner_boundary_split,hold_distinct_service_owners,cross_service_owner_boundary_reviewed,reviewed,policy_scope_owner,cross-service SERP pair meets a merge or manual-review threshold; the approved S1-S8 service-owner boundary prevents an automatic merge or reassignment
PAIR-48C96EDB8FF1,Q000033,Q000088,стоимость реализации проекта обустройства частного участка в ярославской области компании,заказать выравнивание участка,S1,S5,transactional,transactional,3,https://avito.ru/yaroslavl/predlozheniya_uslug/|https://uslugi.yandex.ru/10841-yaroslavl-oblast/category/|https://uslugi.yandex.ru/16-yaroslavl/category/,owner_boundary_split,hold_distinct_service_owners,cross_service_owner_boundary_reviewed,reviewed,policy_scope_owner,cross-service SERP pair meets a merge or manual-review threshold; the approved S1-S8 service-owner boundary prevents an automatic merge or reassignment
PAIR-EE1DFC8EE530,Q000033,Q000089,стоимость реализации проекта обустройства частного участка в ярославской области компании,заказать планировку участка,S1,S5,transactional,transactional,5,https://avito.ru/yaroslavl/predlozheniya_uslug/|https://avito.ru/yaroslavskaya_oblast/predlozheniya_uslug/|https://uslugi.yandex.ru/10841-yaroslavl-oblast/category/|https://uslugi.yandex.ru/16-yaroslavl/category/|https://yaroslavl.blago-s.ru/catalog/planirovka-uchastka/,owner_boundary_split,hold_distinct_service_owners,cross_service_owner_boundary_reviewed,reviewed,policy_scope_owner,cross-service SERP pair meets a merge or manual-review threshold; the approved S1-S8 service-owner boundary prevents an automatic merge or reassignment
PAIR-5A595BB7F555,Q000033,Q000093,стоимость реализации проекта обустройства частного участка в ярославской области компании,планировка территории цена,S1,S5,transactional,transactional,4,https://avito.ru/yaroslavl/predlozheniya_uslug/|https://avito.ru/yaroslavskaya_oblast/predlozheniya_uslug/|https://uslugi.yandex.ru/10841-yaroslavl-oblast/category/|https://uslugi.yandex.ru/16-yaroslavl/category/,owner_boundary_split,hold_distinct_service_owners,cross_service_owner_boundary_reviewed,reviewed,policy_scope_owner,cross-service SERP pair meets a merge or manual-review threshold; the approved S1-S8 service-owner boundary prevents an automatic merge or reassignment
PAIR-2C5C205D8093,Q000033,Q000097,стоимость реализации проекта обустройства частного участка в ярославской области компании,планировка участка цена,S1,S5,transactional,transactional,3,https://avito.ru/yaroslavl/predlozheniya_uslug/|https://uslugi.yandex.ru/10841-yaroslavl-oblast/category/|https://uslugi.yandex.ru/16-yaroslavl/category/,owner_boundary_split,hold_distinct_service_owners,cross_service_owner_boundary_reviewed,reviewed,policy_scope_owner,cross-service SERP pair meets a merge or manual-review threshold; the approved S1-S8 service-owner boundary prevents an automatic merge or reassignment
PAIR-31DB383B6C54,Q000033,Q000098,стоимость реализации проекта обустройства частного участка в ярославской области компании,планировка участка ярославль,S1,S5,transactional,commercial_research,4,https://avito.ru/yaroslavl/predlozheniya_uslug/|https://avito.ru/yaroslavskaya_oblast/predlozheniya_uslug/|https://uslugi.yandex.ru/16-yaroslavl/category/|https://yaroslavl.blago-s.ru/catalog/planirovka-uchastka/,owner_boundary_split,hold_distinct_service_owners,cross_service_owner_boundary_reviewed,reviewed,policy_scope_owner,cross-service SERP pair meets a merge or manual-review threshold; the approved S1-S8 service-owner boundary prevents an automatic merge or reassignment
PAIR-D561A00DD128,Q000033,Q000099,стоимость реализации проекта обустройства частного участка в ярославской области компании,рассчитать стоимость выравнивания участка 5 соток,S1,S5,transactional,transactional,2,https://avito.ru/yaroslavl/predlozheniya_uslug/|https://uslugi.yandex.ru/10841-yaroslavl-oblast/category/,owner_boundary_split,hold_distinct_service_owners,cross_service_owner_boundary_reviewed,reviewed,policy_scope_owner,cross-service SERP pair meets a merge or manual-review threshold; the approved S1-S8 service-owner boundary prevents an automatic merge or reassignment
PAIR-DE12616E821D,Q000033,Q000100,стоимость реализации проекта обустройства частного участка в ярославской области компании,организация выполняющая установкой гравитационной подпорной стены ярославль,S1,S6,transactional,commercial_research,2,https://avito.ru/yaroslavskaya_oblast/predlozheniya_uslug/|https://uslugi.yandex.ru/16-yaroslavl/category/,owner_boundary_split,hold_distinct_service_owners,cross_service_owner_boundary_reviewed,reviewed,policy_scope_owner,cross-service SERP pair meets a merge or manual-review threshold; the approved S1-S8 service-owner boundary prevents an automatic merge or reassignment
PAIR-EB4CD4FC26E7,Q000033,Q000116,стоимость реализации проекта обустройства частного участка в ярославской области компании,въезд на участок цена,S1,S8,transactional,transactional,3,https://avito.ru/yaroslavl/predlozheniya_uslug/|https://avito.ru/yaroslavskaya_oblast/predlozheniya_uslug/|https://uslugi.yandex.ru/16-yaroslavl/category/,owner_boundary_split,hold_distinct_service_owners,cross_service_owner_boundary_reviewed,reviewed,policy_scope_owner,cross-service SERP pair meets a merge or manual-review threshold; the approved S1-S8 service-owner boundary prevents an automatic merge or reassignment
PAIR-4FFF03003B5B,Q000033,Q000119,стоимость реализации проекта обустройства частного участка в ярославской области компании,въезд через канаву под ключ,S1,S8,transactional,transactional,2,https://avito.ru/yaroslavl/predlozheniya_uslug/|https://uslugi.yandex.ru/16-yaroslavl/category/,owner_boundary_split,hold_distinct_service_owners,cross_service_owner_boundary_reviewed,reviewed,policy_scope_owner,cross-service SERP pair meets a merge or manual-review threshold; the approved S1-S8 service-owner boundary prevents an automatic merge or reassignment
PAIR-DDCC986AB011,Q000033,Q000120,стоимость реализации проекта обустройства частного участка в ярославской области компании,въезд через канаву цена,S1,S8,transactional,transactional,2,https://avito.ru/yaroslavl/predlozheniya_uslug/|https://uslugi.yandex.ru/16-yaroslavl/category/,owner_boundary_split,hold_distinct_service_owners,cross_service_owner_boundary_reviewed,reviewed,policy_scope_owner,cross-service SERP pair meets a merge or manual-review threshold; the approved S1-S8 service-owner boundary prevents an automatic merge or reassignment
PAIR-07F19A317980,Q000033,Q000122,стоимость реализации проекта обустройства частного участка в ярославской области компании,заезд на участок под ключ,S1,S8,transactional,transactional,2,https://avito.ru/yaroslavl/predlozheniya_uslug/|https://uslugi.yandex.ru/16-yaroslavl/category/,owner_boundary_split,hold_distinct_service_owners,cross_service_owner_boundary_reviewed,reviewed,policy_scope_owner,cross-service SERP pair meets a merge or manual-review threshold; the approved S1-S8 service-owner boundary prevents an automatic merge or reassignment
PAIR-0BF9481ACEF9,Q000033,Q000124,стоимость реализации проекта обустройства частного участка в ярославской области компании,заезд на участок цена,S1,S8,transactional,transactional,2,https://avito.ru/yaroslavl/predlozheniya_uslug/|https://uslugi.yandex.ru/16-yaroslavl/category/,owner_boundary_split,hold_distinct_service_owners,cross_service_owner_boundary_reviewed,reviewed,policy_scope_owner,cross-service SERP pair meets a merge or manual-review threshold; the approved S1-S8 service-owner boundary prevents an automatic merge or reassignment
PAIR-E47EF1482B8C,Q000033,Q000125,стоимость реализации проекта обустройства частного участка в ярославской области компании,заезд на участок через канаву в тутаеве,S1,S8,transactional,commercial_research,2,https://avito.ru/yaroslavl/predlozheniya_uslug/|https://uslugi.yandex.ru/16-yaroslavl/category/,owner_boundary_split,hold_distinct_service_owners,cross_service_owner_boundary_reviewed,reviewed,policy_scope_owner,cross-service SERP pair meets a merge or manual-review threshold; the approved S1-S8 service-owner boundary prevents an automatic merge or reassignment
PAIR-FC04013FBA93,Q000033,Q000126,стоимость реализации проекта обустройства частного участка в ярославской области компании,заезд на участок через канаву под ключ,S1,S8,transactional,transactional,2,https://avito.ru/yaroslavl/predlozheniya_uslug/|https://uslugi.yandex.ru/16-yaroslavl/category/,owner_boundary_split,hold_distinct_service_owners,cross_service_owner_boundary_reviewed,reviewed,policy_scope_owner,cross-service SERP pair meets a merge or manual-review threshold; the approved S1-S8 service-owner boundary prevents an automatic merge or reassignment
PAIR-47177DC0D144,Q000033,Q000128,стоимость реализации проекта обустройства частного участка в ярославской области компании,заезд на участок через канаву под ключ тутаев,S1,S8,transactional,transactional,2,https://avito.ru/yaroslavl/predlozheniya_uslug/|https://uslugi.yandex.ru/16-yaroslavl/category/,owner_boundary_split,hold_distinct_service_owners,cross_service_owner_boundary_reviewed,reviewed,policy_scope_owner,cross-service SERP pair meets a merge or manual-review threshold; the approved S1-S8 service-owner boundary prevents an automatic merge or reassignment
PAIR-9A5519FC6832,Q000033,Q000129,стоимость реализации проекта обустройства частного участка в ярославской области компании,заезд на участок через канаву под ключ ярославль,S1,S8,transactional,transactional,2,https://avito.ru/yaroslavl/predlozheniya_uslug/|https://uslugi.yandex.ru/16-yaroslavl/category/,owner_boundary_split,hold_distinct_service_owners,cross_service_owner_boundary_reviewed,reviewed,policy_scope_owner,cross-service SERP pair meets a merge or manual-review threshold; the approved S1-S8 service-owner boundary prevents an automatic merge or reassignment
PAIR-B50B9167B709,Q000033,Q000131,стоимость реализации проекта обустройства частного участка в ярославской области компании,заезд на участок через канаву цена,S1,S8,transactional,transactional,2,https://avito.ru/yaroslavl/predlozheniya_uslug/|https://uslugi.yandex.ru/16-yaroslavl/category/,owner_boundary_split,hold_distinct_service_owners,cross_service_owner_boundary_reviewed,reviewed,policy_scope_owner,cross-service SERP pair meets a merge or manual-review threshold; the approved S1-S8 service-owner boundary prevents an automatic merge or reassignment
PAIR-65FE3A3C9FC4,Q000033,Q000133,стоимость реализации проекта обустройства частного участка в ярославской области компании,заезд через канаву на участок,S1,S8,transactional,commercial_research,2,https://avito.ru/yaroslavl/predlozheniya_uslug/|https://uslugi.yandex.ru/16-yaroslavl/category/,owner_boundary_split,hold_distinct_service_owners,cross_service_owner_boundary_reviewed,reviewed,policy_scope_owner,cross-service SERP pair meets a merge or manual-review threshold; the approved S1-S8 service-owner boundary prevents an automatic merge or reassignment
PAIR-5D08F31820CD,Q000033,Q000135,стоимость реализации проекта обустройства частного участка в ярославской области компании,заказать въезд на участок,S1,S8,transactional,transactional,3,https://avito.ru/yaroslavl/predlozheniya_uslug/|https://avito.ru/yaroslavskaya_oblast/predlozheniya_uslug/|https://uslugi.yandex.ru/16-yaroslavl/category/,owner_boundary_split,hold_distinct_service_owners,cross_service_owner_boundary_reviewed,reviewed,policy_scope_owner,cross-service SERP pair meets a merge or manual-review threshold; the approved S1-S8 service-owner boundary prevents an automatic merge or reassignment
PAIR-002E8A4A0F75,Q000033,Q000141,стоимость реализации проекта обустройства частного участка в ярославской области компании,ярославская область сделать въезд в канаву,S1,S8,transactional,commercial_research,3,https://avito.ru/yaroslavl/predlozheniya_uslug/|https://avito.ru/yaroslavskaya_oblast/predlozheniya_uslug/|https://uslugi.yandex.ru/16-yaroslavl/category/,owner_boundary_split,hold_distinct_service_owners,cross_service_owner_boundary_reviewed,reviewed,policy_scope_owner,cross-service SERP pair meets a merge or manual-review threshold; the approved S1-S8 service-owner boundary prevents an automatic merge or reassignment
PAIR-313806ACE069,Q000035,Q000046,цены на работу по благоустройству,полив газонов ярославль,S1,S2,transactional,commercial_research,2,https://avito.ru/yaroslavl/predlozheniya_uslug/|https://uslugi.yandex.ru/16-yaroslavl/category/,owner_boundary_split,hold_distinct_service_owners,cross_service_owner_boundary_reviewed,reviewed,policy_scope_owner,cross-service SERP pair meets a merge or manual-review threshold; the approved S1-S8 service-owner boundary prevents an automatic merge or reassignment
PAIR-567A5F101C4D,Q000035,Q000048,цены на работу по благоустройству,посевной газон под ключ г ярославль ул магистральная 7 7,S1,S2,transactional,transactional,2,https://avito.ru/yaroslavl/predlozheniya_uslug/|https://avito.ru/yaroslavskaya_oblast/predlozheniya_uslug/,owner_boundary_split,hold_distinct_service_owners,cross_service_owner_boundary_reviewed,reviewed,policy_scope_owner,cross-service SERP pair meets a merge or manual-review threshold; the approved S1-S8 service-owner boundary prevents an automatic merge or reassignment
PAIR-5316043239DD,Q000035,Q000057,цены на работу по благоустройству,устройство газона,S1,S2,transactional,transactional,2,https://avito.ru/yaroslavl/predlozheniya_uslug/|https://uslugi.yandex.ru/16-yaroslavl/category/,owner_boundary_split,hold_distinct_service_owners,cross_service_owner_boundary_reviewed,reviewed,policy_scope_owner,cross-service SERP pair meets a merge or manual-review threshold; the approved S1-S8 service-owner boundary prevents an automatic merge or reassignment
PAIR-1C23F747F2C0,Q000035,Q000060,цены на работу по благоустройству,заказать посадку дерева,S1,S3,transactional,transactional,2,https://avito.ru/yaroslavl/predlozheniya_uslug/|https://uslugi.yandex.ru/16-yaroslavl/category/,owner_boundary_split,hold_distinct_service_owners,cross_service_owner_boundary_reviewed,reviewed,policy_scope_owner,cross-service SERP pair meets a merge or manual-review threshold; the approved S1-S8 service-owner boundary prevents an automatic merge or reassignment
PAIR-F35EA46ABD5C,Q000035,Q000067,цены на работу по благоустройству,стоимость посадки деревьев,S1,S3,transactional,transactional,2,https://avito.ru/yaroslavl/predlozheniya_uslug/|https://uslugi.yandex.ru/16-yaroslavl/category/,owner_boundary_split,hold_distinct_service_owners,cross_service_owner_boundary_reviewed,reviewed,policy_scope_owner,cross-service SERP pair meets a merge or manual-review threshold; the approved S1-S8 service-owner boundary prevents an automatic merge or reassignment
PAIR-B095FA3D9EA0,Q000035,Q000068,цены на работу по благоустройству,услуги по выбору и посадке фруктовых деревьев в ярославле,S1,S3,transactional,transactional,3,https://avito.ru/yaroslavl/predlozheniya_uslug/|https://avito.ru/yaroslavskaya_oblast/predlozheniya_uslug/|https://uslugi.yandex.ru/16-yaroslavl/category/,owner_boundary_split,hold_distinct_service_owners,cross_service_owner_boundary_reviewed,reviewed,policy_scope_owner,cross-service SERP pair meets a merge or manual-review threshold; the approved S1-S8 service-owner boundary prevents an automatic merge or reassignment
PAIR-7306DE17D149,Q000035,Q000069,цены на работу по благоустройству,заказать обрезку деревьев,S1,S4,transactional,transactional,3,https://avito.ru/yaroslavl/predlozheniya_uslug/|https://avito.ru/yaroslavskaya_oblast/predlozheniya_uslug/|https://uslugi.yandex.ru/16-yaroslavl/category/,owner_boundary_split,hold_distinct_service_owners,cross_service_owner_boundary_reviewed,reviewed,policy_scope_owner,cross-service SERP pair meets a merge or manual-review threshold; the approved S1-S8 service-owner boundary prevents an automatic merge or reassignment
PAIR-FE020B219747,Q000035,Q000079,цены на работу по благоустройству,уход за садом цена,S1,S4,transactional,transactional,2,https://avito.ru/yaroslavl/predlozheniya_uslug/|https://uslugi.yandex.ru/16-yaroslavl/category/,owner_boundary_split,hold_distinct_service_owners,cross_service_owner_boundary_reviewed,reviewed,policy_scope_owner,cross-service SERP pair meets a merge or manual-review threshold; the approved S1-S8 service-owner boundary prevents an automatic merge or reassignment
PAIR-4AF3E18074B8,Q000035,Q000081,цены на работу по благоустройству,выравнивание участка,S1,S5,transactional,commercial_research,2,https://avito.ru/yaroslavl/predlozheniya_uslug/|https://uslugi.yandex.ru/16-yaroslavl/category/,owner_boundary_split,hold_distinct_service_owners,cross_service_owner_boundary_reviewed,reviewed,policy_scope_owner,cross-service SERP pair meets a merge or manual-review threshold; the approved S1-S8 service-owner boundary prevents an automatic merge or reassignment
PAIR-240E0E541B23,Q000035,Q000082,цены на работу по благоустройству,выравнивание участка цена,S1,S5,transactional,transactional,2,https://avito.ru/yaroslavl/predlozheniya_uslug/|https://uslugi.yandex.ru/16-yaroslavl/category/,owner_boundary_split,hold_distinct_service_owners,cross_service_owner_boundary_reviewed,reviewed,policy_scope_owner,cross-service SERP pair meets a merge or manual-review threshold; the approved S1-S8 service-owner boundary prevents an automatic merge or reassignment
PAIR-79D6A7E1DEB9,Q000035,Q000083,цены на работу по благоустройству,выравнивание участка ярославль,S1,S5,transactional,commercial_research,2,https://avito.ru/yaroslavl/predlozheniya_uslug/|https://uslugi.yandex.ru/16-yaroslavl/category/,owner_boundary_split,hold_distinct_service_owners,cross_service_owner_boundary_reviewed,reviewed,policy_scope_owner,cross-service SERP pair meets a merge or manual-review threshold; the approved S1-S8 service-owner boundary prevents an automatic merge or reassignment
PAIR-00CDB449685D,Q000035,Q000088,цены на работу по благоустройству,заказать выравнивание участка,S1,S5,transactional,transactional,2,https://avito.ru/yaroslavl/predlozheniya_uslug/|https://uslugi.yandex.ru/16-yaroslavl/category/,owner_boundary_split,hold_distinct_service_owners,cross_service_owner_boundary_reviewed,reviewed,policy_scope_owner,cross-service SERP pair meets a merge or manual-review threshold; the approved S1-S8 service-owner boundary prevents an automatic merge or reassignment
PAIR-482A2EABDD14,Q000035,Q000089,цены на работу по благоустройству,заказать планировку участка,S1,S5,transactional,transactional,3,https://avito.ru/yaroslavl/predlozheniya_uslug/|https://avito.ru/yaroslavskaya_oblast/predlozheniya_uslug/|https://uslugi.yandex.ru/16-yaroslavl/category/,owner_boundary_split,hold_distinct_service_owners,cross_service_owner_boundary_reviewed,reviewed,policy_scope_owner,cross-service SERP pair meets a merge or manual-review threshold; the approved S1-S8 service-owner boundary prevents an automatic merge or reassignment
PAIR-5D2802D27BFB,Q000035,Q000093,цены на работу по благоустройству,планировка территории цена,S1,S5,transactional,transactional,3,https://avito.ru/yaroslavl/predlozheniya_uslug/|https://avito.ru/yaroslavskaya_oblast/predlozheniya_uslug/|https://uslugi.yandex.ru/16-yaroslavl/category/,owner_boundary_split,hold_distinct_service_owners,cross_service_owner_boundary_reviewed,reviewed,policy_scope_owner,cross-service SERP pair meets a merge or manual-review threshold; the approved S1-S8 service-owner boundary prevents an automatic merge or reassignment
PAIR-46698EB391FA,Q000035,Q000097,цены на работу по благоустройству,планировка участка цена,S1,S5,transactional,transactional,2,https://avito.ru/yaroslavl/predlozheniya_uslug/|https://uslugi.yandex.ru/16-yaroslavl/category/,owner_boundary_split,hold_distinct_service_owners,cross_service_owner_boundary_reviewed,reviewed,policy_scope_owner,cross-service SERP pair meets a merge or manual-review threshold; the approved S1-S8 service-owner boundary prevents an automatic merge or reassignment
PAIR-8DC9685EFF79,Q000035,Q000098,цены на работу по благоустройству,планировка участка ярославль,S1,S5,transactional,commercial_research,3,https://avito.ru/yaroslavl/predlozheniya_uslug/|https://avito.ru/yaroslavskaya_oblast/predlozheniya_uslug/|https://uslugi.yandex.ru/16-yaroslavl/category/,owner_boundary_split,hold_distinct_service_owners,cross_service_owner_boundary_reviewed,reviewed,policy_scope_owner,cross-service SERP pair meets a merge or manual-review threshold; the approved S1-S8 service-owner boundary prevents an automatic merge or reassignment
PAIR-09D63AC88BAF,Q000035,Q000100,цены на работу по благоустройству,организация выполняющая установкой гравитационной подпорной стены ярославль,S1,S6,transactional,commercial_research,2,https://avito.ru/yaroslavskaya_oblast/predlozheniya_uslug/|https://uslugi.yandex.ru/16-yaroslavl/category/,owner_boundary_split,hold_distinct_service_owners,cross_service_owner_boundary_reviewed,reviewed,policy_scope_owner,cross-service SERP pair meets a merge or manual-review threshold; the approved S1-S8 service-owner boundary prevents an automatic merge or reassignment
PAIR-8D6F3DEFDC2F,Q000035,Q000116,цены на работу по благоустройству,въезд на участок цена,S1,S8,transactional,transactional,3,https://avito.ru/yaroslavl/predlozheniya_uslug/|https://avito.ru/yaroslavskaya_oblast/predlozheniya_uslug/|https://uslugi.yandex.ru/16-yaroslavl/category/,owner_boundary_split,hold_distinct_service_owners,cross_service_owner_boundary_reviewed,reviewed,policy_scope_owner,cross-service SERP pair meets a merge or manual-review threshold; the approved S1-S8 service-owner boundary prevents an automatic merge or reassignment
PAIR-C898CBF45757,Q000035,Q000119,цены на работу по благоустройству,въезд через канаву под ключ,S1,S8,transactional,transactional,2,https://avito.ru/yaroslavl/predlozheniya_uslug/|https://uslugi.yandex.ru/16-yaroslavl/category/,owner_boundary_split,hold_distinct_service_owners,cross_service_owner_boundary_reviewed,reviewed,policy_scope_owner,cross-service SERP pair meets a merge or manual-review threshold; the approved S1-S8 service-owner boundary prevents an automatic merge or reassignment
PAIR-049B66F517C8,Q000035,Q000120,цены на работу по благоустройству,въезд через канаву цена,S1,S8,transactional,transactional,2,https://avito.ru/yaroslavl/predlozheniya_uslug/|https://uslugi.yandex.ru/16-yaroslavl/category/,owner_boundary_split,hold_distinct_service_owners,cross_service_owner_boundary_reviewed,reviewed,policy_scope_owner,cross-service SERP pair meets a merge or manual-review threshold; the approved S1-S8 service-owner boundary prevents an automatic merge or reassignment
PAIR-CA46AD80AB4D,Q000035,Q000122,цены на работу по благоустройству,заезд на участок под ключ,S1,S8,transactional,transactional,2,https://avito.ru/yaroslavl/predlozheniya_uslug/|https://uslugi.yandex.ru/16-yaroslavl/category/,owner_boundary_split,hold_distinct_service_owners,cross_service_owner_boundary_reviewed,reviewed,policy_scope_owner,cross-service SERP pair meets a merge or manual-review threshold; the approved S1-S8 service-owner boundary prevents an automatic merge or reassignment
PAIR-57EE36EA677B,Q000035,Q000124,цены на работу по благоустройству,заезд на участок цена,S1,S8,transactional,transactional,2,https://avito.ru/yaroslavl/predlozheniya_uslug/|https://uslugi.yandex.ru/16-yaroslavl/category/,owner_boundary_split,hold_distinct_service_owners,cross_service_owner_boundary_reviewed,reviewed,policy_scope_owner,cross-service SERP pair meets a merge or manual-review threshold; the approved S1-S8 service-owner boundary prevents an automatic merge or reassignment
PAIR-387C6789535D,Q000035,Q000125,цены на работу по благоустройству,заезд на участок через канаву в тутаеве,S1,S8,transactional,commercial_research,2,https://avito.ru/yaroslavl/predlozheniya_uslug/|https://uslugi.yandex.ru/16-yaroslavl/category/,owner_boundary_split,hold_distinct_service_owners,cross_service_owner_boundary_reviewed,reviewed,policy_scope_owner,cross-service SERP pair meets a merge or manual-review threshold; the approved S1-S8 service-owner boundary prevents an automatic merge or reassignment
PAIR-B2F0058DF02F,Q000035,Q000126,цены на работу по благоустройству,заезд на участок через канаву под ключ,S1,S8,transactional,transactional,2,https://avito.ru/yaroslavl/predlozheniya_uslug/|https://uslugi.yandex.ru/16-yaroslavl/category/,owner_boundary_split,hold_distinct_service_owners,cross_service_owner_boundary_reviewed,reviewed,policy_scope_owner,cross-service SERP pair meets a merge or manual-review threshold; the approved S1-S8 service-owner boundary prevents an automatic merge or reassignment
PAIR-1C8BC8E422C3,Q000035,Q000128,цены на работу по благоустройству,заезд на участок через канаву под ключ тутаев,S1,S8,transactional,transactional,2,https://avito.ru/yaroslavl/predlozheniya_uslug/|https://uslugi.yandex.ru/16-yaroslavl/category/,owner_boundary_split,hold_distinct_service_owners,cross_service_owner_boundary_reviewed,reviewed,policy_scope_owner,cross-service SERP pair meets a merge or manual-review threshold; the approved S1-S8 service-owner boundary prevents an automatic merge or reassignment
PAIR-5066AC1EA061,Q000035,Q000129,цены на работу по благоустройству,заезд на участок через канаву под ключ ярославль,S1,S8,transactional,transactional,2,https://avito.ru/yaroslavl/predlozheniya_uslug/|https://uslugi.yandex.ru/16-yaroslavl/category/,owner_boundary_split,hold_distinct_service_owners,cross_service_owner_boundary_reviewed,reviewed,policy_scope_owner,cross-service SERP pair meets a merge or manual-review threshold; the approved S1-S8 service-owner boundary prevents an automatic merge or reassignment
PAIR-688F1B37E0BA,Q000035,Q000131,цены на работу по благоустройству,заезд на участок через канаву цена,S1,S8,transactional,transactional,2,https://avito.ru/yaroslavl/predlozheniya_uslug/|https://uslugi.yandex.ru/16-yaroslavl/category/,owner_boundary_split,hold_distinct_service_owners,cross_service_owner_boundary_reviewed,reviewed,policy_scope_owner,cross-service SERP pair meets a merge or manual-review threshold; the approved S1-S8 service-owner boundary prevents an automatic merge or reassignment
PAIR-8EAD197523F0,Q000035,Q000133,цены на работу по благоустройству,заезд через канаву на участок,S1,S8,transactional,commercial_research,2,https://avito.ru/yaroslavl/predlozheniya_uslug/|https://uslugi.yandex.ru/16-yaroslavl/category/,owner_boundary_split,hold_distinct_service_owners,cross_service_owner_boundary_reviewed,reviewed,policy_scope_owner,cross-service SERP pair meets a merge or manual-review threshold; the approved S1-S8 service-owner boundary prevents an automatic merge or reassignment
PAIR-76F2D3D2CEE3,Q000035,Q000135,цены на работу по благоустройству,заказать въезд на участок,S1,S8,transactional,transactional,3,https://avito.ru/yaroslavl/predlozheniya_uslug/|https://avito.ru/yaroslavskaya_oblast/predlozheniya_uslug/|https://uslugi.yandex.ru/16-yaroslavl/category/,owner_boundary_split,hold_distinct_service_owners,cross_service_owner_boundary_reviewed,reviewed,policy_scope_owner,cross-service SERP pair meets a merge or manual-review threshold; the approved S1-S8 service-owner boundary prevents an automatic merge or reassignment
PAIR-48C4C405DB0C,Q000035,Q000141,цены на работу по благоустройству,ярославская область сделать въезд в канаву,S1,S8,transactional,commercial_research,3,https://avito.ru/yaroslavl/predlozheniya_uslug/|https://avito.ru/yaroslavskaya_oblast/predlozheniya_uslug/|https://uslugi.yandex.ru/16-yaroslavl/category/,owner_boundary_split,hold_distinct_service_owners,cross_service_owner_boundary_reviewed,reviewed,policy_scope_owner,cross-service SERP pair meets a merge or manual-review threshold; the approved S1-S8 service-owner boundary prevents an automatic merge or reassignment
PAIR-4683E07040E3,Q000040,Q000042,газон под ключ,газон под ключ полесье ярославль,S2,S2,transactional,transactional,3,https://avito.ru/yaroslavl/|https://avito.ru/yaroslavl/predlozheniya_uslug/|https://avito.ru/yaroslavl/predlozheniya_uslug/sad_blagoustroystvo-ASgBAgICAUSYC8KfAQ/,manual_review,hold_current_url,serp_pair_pending_review,pending,,same-service SERP pair meets the explicit manual-review threshold; the existing owner is held and no split or new URL is approved
PAIR-1D6EFA45BF39,Q000040,Q000046,газон под ключ,полив газонов ярославль,S2,S2,transactional,commercial_research,2,https://avito.ru/yaroslavl/predlozheniya_uslug/|https://avito.ru/yaroslavl/predlozheniya_uslug/sad_blagoustroystvo-ASgBAgICAUSYC8KfAQ/,manual_review,hold_current_url,serp_pair_pending_review,pending,,same-service SERP pair meets the explicit manual-review threshold; the existing owner is held and no split or new URL is approved
PAIR-12280E0D4FE6,Q000040,Q000048,газон под ключ,посевной газон под ключ г ярославль ул магистральная 7 7,S2,S2,transactional,transactional,2,https://avito.ru/yaroslavl/predlozheniya_uslug/|https://avito.ru/yaroslavl/predlozheniya_uslug/sad_blagoustroystvo-ASgBAgICAUSYC8KfAQ/,manual_review,hold_current_url,serp_pair_pending_review,pending,,same-service SERP pair meets the explicit manual-review threshold; the existing owner is held and no split or new URL is approved
PAIR-8AACEBB5CBEA,Q000040,Q000060,газон под ключ,заказать посадку дерева,S2,S3,transactional,transactional,2,https://avito.ru/yaroslavl/predlozheniya_uslug/|https://avito.ru/yaroslavl/predlozheniya_uslug/sad_blagoustroystvo-ASgBAgICAUSYC8KfAQ/,owner_boundary_split,hold_distinct_service_owners,cross_service_owner_boundary_reviewed,reviewed,policy_scope_owner,cross-service SERP pair meets a merge or manual-review threshold; the approved S1-S8 service-owner boundary prevents an automatic merge or reassignment
PAIR-D627C3219DA9,Q000040,Q000069,газон под ключ,заказать обрезку деревьев,S2,S4,transactional,transactional,2,https://avito.ru/yaroslavl/predlozheniya_uslug/|https://avito.ru/yaroslavl/predlozheniya_uslug/sad_blagoustroystvo-ASgBAgICAUSYC8KfAQ/,owner_boundary_split,hold_distinct_service_owners,cross_service_owner_boundary_reviewed,reviewed,policy_scope_owner,cross-service SERP pair meets a merge or manual-review threshold; the approved S1-S8 service-owner boundary prevents an automatic merge or reassignment
PAIR-C6AFEE61D62A,Q000040,Q000079,газон под ключ,уход за садом цена,S2,S4,transactional,transactional,2,https://avito.ru/yaroslavl/predlozheniya_uslug/|https://avito.ru/yaroslavl/predlozheniya_uslug/sad_blagoustroystvo-ASgBAgICAUSYC8KfAQ/,owner_boundary_split,hold_distinct_service_owners,cross_service_owner_boundary_reviewed,reviewed,policy_scope_owner,cross-service SERP pair meets a merge or manual-review threshold; the approved S1-S8 service-owner boundary prevents an automatic merge or reassignment
PAIR-42C0F67CC44C,Q000040,Q000122,газон под ключ,заезд на участок под ключ,S2,S8,transactional,transactional,2,https://avito.ru/yaroslavl/predlozheniya_uslug/|https://avito.ru/yaroslavl/predlozheniya_uslug/sad_blagoustroystvo-ASgBAgICAUSYC8KfAQ/,owner_boundary_split,hold_distinct_service_owners,cross_service_owner_boundary_reviewed,reviewed,policy_scope_owner,cross-service SERP pair meets a merge or manual-review threshold; the approved S1-S8 service-owner boundary prevents an automatic merge or reassignment
PAIR-3CE7267F6F69,Q000040,Q000124,газон под ключ,заезд на участок цена,S2,S8,transactional,transactional,2,https://avito.ru/yaroslavl/|https://avito.ru/yaroslavl/predlozheniya_uslug/,owner_boundary_split,hold_distinct_service_owners,cross_service_owner_boundary_reviewed,reviewed,policy_scope_owner,cross-service SERP pair meets a merge or manual-review threshold; the approved S1-S8 service-owner boundary prevents an automatic merge or reassignment
PAIR-9EB9E92B273B,Q000042,Q000043,газон под ключ полесье ярославль,газон под ключ цена,S2,S2,transactional,transactional,2,https://avito.ru/yaroslavl/predlozheniya_uslug/|https://avito.ru/yaroslavl/predlozheniya_uslug/sad_blagoustroystvo-ASgBAgICAUSYC8KfAQ/,manual_review,hold_current_url,serp_pair_pending_review,pending,,same-service SERP pair meets the explicit manual-review threshold; the existing owner is held and no split or new URL is approved
PAIR-2F6EED9972F7,Q000042,Q000046,газон под ключ полесье ярославль,полив газонов ярославль,S2,S2,transactional,commercial_research,2,https://avito.ru/yaroslavl/predlozheniya_uslug/|https://avito.ru/yaroslavl/predlozheniya_uslug/sad_blagoustroystvo-ASgBAgICAUSYC8KfAQ/,manual_review,hold_current_url,serp_pair_pending_review,pending,,same-service SERP pair meets the explicit manual-review threshold; the existing owner is held and no split or new URL is approved
PAIR-F6DBF21E2764,Q000042,Q000048,газон под ключ полесье ярославль,посевной газон под ключ г ярославль ул магистральная 7 7,S2,S2,transactional,transactional,2,https://avito.ru/yaroslavl/predlozheniya_uslug/|https://avito.ru/yaroslavl/predlozheniya_uslug/sad_blagoustroystvo-ASgBAgICAUSYC8KfAQ/,manual_review,hold_current_url,serp_pair_pending_review,pending,,same-service SERP pair meets the explicit manual-review threshold; the existing owner is held and no split or new URL is approved
PAIR-F499DC63B8EF,Q000042,Q000052,газон под ключ полесье ярославль,рулонный газон,S2,S2,transactional,commercial_research,2,https://avito.ru/yaroslavl/rasteniya/|https://avito.ru/yaroslavl/rasteniya/sadovye_rasteniya/gazon-ASgBAgICAkT8lRW4zpEDoJgV2NqRAw/,manual_review,hold_current_url,serp_pair_pending_review,pending,,same-service SERP pair meets the explicit manual-review threshold; the existing owner is held and no split or new URL is approved
PAIR-1422A7088C0B,Q000042,Q000054,газон под ключ полесье ярославль,рулонный газон цена,S2,S2,transactional,transactional,2,https://avito.ru/yaroslavl/rasteniya/|https://avito.ru/yaroslavl/rasteniya/sadovye_rasteniya/gazon-ASgBAgICAkT8lRW4zpEDoJgV2NqRAw/,manual_review,hold_current_url,serp_pair_pending_review,pending,,same-service SERP pair meets the explicit manual-review threshold; the existing owner is held and no split or new URL is approved
PAIR-AB4875D808A1,Q000042,Q000055,газон под ключ полесье ярославль,рулонный газон ярославль,S2,S2,transactional,commercial_research,2,https://avito.ru/yaroslavl/|https://avito.ru/yaroslavl/rasteniya/sadovye_rasteniya/gazon-ASgBAgICAkT8lRW4zpEDoJgV2NqRAw/,manual_review,hold_current_url,serp_pair_pending_review,pending,,same-service SERP pair meets the explicit manual-review threshold; the existing owner is held and no split or new URL is approved
PAIR-88FC80589557,Q000042,Q000058,газон под ключ полесье ярославль,цена за метр раскатного газона,S2,S2,transactional,transactional,3,https://avito.ru/yaroslavl/predlozheniya_uslug/|https://avito.ru/yaroslavl/rasteniya/|https://avito.ru/yaroslavl/rasteniya/sadovye_rasteniya/gazon-ASgBAgICAkT8lRW4zpEDoJgV2NqRAw/,manual_review,hold_current_url,serp_pair_pending_review,pending,,same-service SERP pair meets the explicit manual-review threshold; the existing owner is held and no split or new URL is approved
PAIR-76E5E68BFD04,Q000042,Q000060,газон под ключ полесье ярославль,заказать посадку дерева,S2,S3,transactional,transactional,2,https://avito.ru/yaroslavl/predlozheniya_uslug/|https://avito.ru/yaroslavl/predlozheniya_uslug/sad_blagoustroystvo-ASgBAgICAUSYC8KfAQ/,owner_boundary_split,hold_distinct_service_owners,cross_service_owner_boundary_reviewed,reviewed,policy_scope_owner,cross-service SERP pair meets a merge or manual-review threshold; the approved S1-S8 service-owner boundary prevents an automatic merge or reassignment
PAIR-C76CA2A93959,Q000042,Q000069,газон под ключ полесье ярославль,заказать обрезку деревьев,S2,S4,transactional,transactional,2,https://avito.ru/yaroslavl/predlozheniya_uslug/|https://avito.ru/yaroslavl/predlozheniya_uslug/sad_blagoustroystvo-ASgBAgICAUSYC8KfAQ/,owner_boundary_split,hold_distinct_service_owners,cross_service_owner_boundary_reviewed,reviewed,policy_scope_owner,cross-service SERP pair meets a merge or manual-review threshold; the approved S1-S8 service-owner boundary prevents an automatic merge or reassignment
PAIR-A46D2DA11B2D,Q000042,Q000079,газон под ключ полесье ярославль,уход за садом цена,S2,S4,transactional,transactional,2,https://avito.ru/yaroslavl/predlozheniya_uslug/|https://avito.ru/yaroslavl/predlozheniya_uslug/sad_blagoustroystvo-ASgBAgICAUSYC8KfAQ/,owner_boundary_split,hold_distinct_service_owners,cross_service_owner_boundary_reviewed,reviewed,policy_scope_owner,cross-service SERP pair meets a merge or manual-review threshold; the approved S1-S8 service-owner boundary prevents an automatic merge or reassignment
PAIR-BCB38E59F523,Q000042,Q000122,газон под ключ полесье ярославль,заезд на участок под ключ,S2,S8,transactional,transactional,2,https://avito.ru/yaroslavl/predlozheniya_uslug/|https://avito.ru/yaroslavl/predlozheniya_uslug/sad_blagoustroystvo-ASgBAgICAUSYC8KfAQ/,owner_boundary_split,hold_distinct_service_owners,cross_service_owner_boundary_reviewed,reviewed,policy_scope_owner,cross-service SERP pair meets a merge or manual-review threshold; the approved S1-S8 service-owner boundary prevents an automatic merge or reassignment
PAIR-A72071DC4CE9,Q000042,Q000124,газон под ключ полесье ярославль,заезд на участок цена,S2,S8,transactional,transactional,2,https://avito.ru/yaroslavl/|https://avito.ru/yaroslavl/predlozheniya_uslug/,owner_boundary_split,hold_distinct_service_owners,cross_service_owner_boundary_reviewed,reviewed,policy_scope_owner,cross-service SERP pair meets a merge or manual-review threshold; the approved S1-S8 service-owner boundary prevents an automatic merge or reassignment
PAIR-0FE6AFF82088,Q000043,Q000046,газон под ключ цена,полив газонов ярославль,S2,S2,transactional,commercial_research,2,https://avito.ru/yaroslavl/predlozheniya_uslug/|https://avito.ru/yaroslavl/predlozheniya_uslug/sad_blagoustroystvo-ASgBAgICAUSYC8KfAQ/,manual_review,hold_current_url,serp_pair_pending_review,pending,,same-service SERP pair meets the explicit manual-review threshold; the existing owner is held and no split or new URL is approved
PAIR-E14FE0DE7F54,Q000043,Q000048,газон под ключ цена,посевной газон под ключ г ярославль ул магистральная 7 7,S2,S2,transactional,transactional,2,https://avito.ru/yaroslavl/predlozheniya_uslug/|https://avito.ru/yaroslavl/predlozheniya_uslug/sad_blagoustroystvo-ASgBAgICAUSYC8KfAQ/,manual_review,hold_current_url,serp_pair_pending_review,pending,,same-service SERP pair meets the explicit manual-review threshold; the existing owner is held and no split or new URL is approved
PAIR-7D295E63B3F9,Q000043,Q000058,газон под ключ цена,цена за метр раскатного газона,S2,S2,transactional,transactional,2,https://avito.ru/yaroslavl/predlozheniya_uslug/|https://yaroslavl.wetzavet.ru/obustroystvo-gazonov/prays-list/,manual_review,hold_current_url,serp_pair_pending_review,pending,,same-service SERP pair meets the explicit manual-review threshold; the existing owner is held and no split or new URL is approved
PAIR-4D60B96F297B,Q000043,Q000060,газон под ключ цена,заказать посадку дерева,S2,S3,transactional,transactional,2,https://avito.ru/yaroslavl/predlozheniya_uslug/|https://avito.ru/yaroslavl/predlozheniya_uslug/sad_blagoustroystvo-ASgBAgICAUSYC8KfAQ/,owner_boundary_split,hold_distinct_service_owners,cross_service_owner_boundary_reviewed,reviewed,policy_scope_owner,cross-service SERP pair meets a merge or manual-review threshold; the approved S1-S8 service-owner boundary prevents an automatic merge or reassignment
PAIR-3FE5A885120D,Q000043,Q000069,газон под ключ цена,заказать обрезку деревьев,S2,S4,transactional,transactional,2,https://avito.ru/yaroslavl/predlozheniya_uslug/|https://avito.ru/yaroslavl/predlozheniya_uslug/sad_blagoustroystvo-ASgBAgICAUSYC8KfAQ/,owner_boundary_split,hold_distinct_service_owners,cross_service_owner_boundary_reviewed,reviewed,policy_scope_owner,cross-service SERP pair meets a merge or manual-review threshold; the approved S1-S8 service-owner boundary prevents an automatic merge or reassignment
PAIR-F4AAC9E8D695,Q000043,Q000079,газон под ключ цена,уход за садом цена,S2,S4,transactional,transactional,2,https://avito.ru/yaroslavl/predlozheniya_uslug/|https://avito.ru/yaroslavl/predlozheniya_uslug/sad_blagoustroystvo-ASgBAgICAUSYC8KfAQ/,owner_boundary_split,hold_distinct_service_owners,cross_service_owner_boundary_reviewed,reviewed,policy_scope_owner,cross-service SERP pair meets a merge or manual-review threshold; the approved S1-S8 service-owner boundary prevents an automatic merge or reassignment
PAIR-A712BE879D2C,Q000043,Q000122,газон под ключ цена,заезд на участок под ключ,S2,S8,transactional,transactional,2,https://avito.ru/yaroslavl/predlozheniya_uslug/|https://avito.ru/yaroslavl/predlozheniya_uslug/sad_blagoustroystvo-ASgBAgICAUSYC8KfAQ/,owner_boundary_split,hold_distinct_service_owners,cross_service_owner_boundary_reviewed,reviewed,policy_scope_owner,cross-service SERP pair meets a merge or manual-review threshold; the approved S1-S8 service-owner boundary prevents an automatic merge or reassignment
PAIR-6082160283D3,Q000044,Q000050,газон рулонный в рыбинске,продам газон рулонный авито углич,S2,S2,commercial_research,commercial_research,2,https://avito.ru/yaroslavskaya_oblast/|https://avito.ru/yaroslavskaya_oblast/dlya_doma_i_dachi/,policy_exclusion_split,retain_exclusion_and_service_assignment,policy_exclusion_split_reviewed,reviewed,policy_exclusion,at least one query has a reviewed exclusion action; the excluded intent remains separate from the retained service assignment
PAIR-73D1F78B30C3,Q000044,Q000053,газон рулонный в рыбинске,рулонный газон купить в угличе,S2,S2,commercial_research,product_only,3,https://avito.ru/yaroslavskaya_oblast/dlya_doma_i_dachi/|https://ozon.ru/category/gazonnaya-trava-v-rulonah/|https://wildberries.ru/catalog/tags/gazonnaja-trava-rulonnaja-naturalbnaja/,policy_exclusion_split,retain_exclusion_and_service_assignment,policy_exclusion_split_reviewed,reviewed,policy_exclusion,at least one query has a reviewed exclusion action; the excluded intent remains separate from the retained service assignment
PAIR-602A27C4C3AD,Q000044,Q000123,газон рулонный в рыбинске,заезд на участок рыбинск авито предложения,S2,S8,commercial_research,commercial_research,2,https://avito.ru/rybinsk/|https://avito.ru/rybinsk/predlozheniya_uslug/sad_blagoustroystvo-ASgBAgICAUSYC8KfAQ/,policy_exclusion_split,retain_exclusion_and_service_assignment,policy_exclusion_split_reviewed,reviewed,policy_exclusion,at least one query has a reviewed exclusion action; the excluded intent remains separate from the retained service assignment
PAIR-DD9292E6D537,Q000045,Q000052,заказать рулонные газоны,рулонный газон,S2,S2,transactional,commercial_research,7,https://gazoncity.ru/catalog/rulonnyy_gazon/|https://ozon.ru/category/rulonnyy-gazon/|https://yaroslavl.det-ploshadka.ru/pokrytiya/gazon/rulonnyy/|https://yaroslavl.toruda.ru/pokritie/gazon/rulonnij/|https://yaroslavly.gazon-ka.ru/|https://yaroslavly.gazon-ka.ru/catalog/rulonnyy_gazon/rulonnyy_gazon_ekonom.html/|https://yaroslavly.gazon-ka.ru/catalog/rulonnyy_gazon/standartnyy_rulonnyy_gazon.html/,manual_review,hold_current_url,serp_pair_pending_review,pending,,same-service SERP pair meets the explicit manual-review threshold; the existing owner is held and no split or new URL is approved
PAIR-8F6CF90F81BC,Q000045,Q000055,заказать рулонные газоны,рулонный газон ярославль,S2,S2,transactional,commercial_research,2,https://yaroslavl.det-ploshadka.ru/pokrytiya/gazon/rulonnyy/|https://yaroslavly.gazon-ka.ru/catalog/rulonnyy_gazon/standartnyy_rulonnyy_gazon.html/,manual_review,hold_current_url,serp_pair_pending_review,pending,,same-service SERP pair meets the explicit manual-review threshold; the existing owner is held and no split or new URL is approved
PAIR-8D590D257031,Q000045,Q000058,заказать рулонные газоны,цена за метр раскатного газона,S2,S2,transactional,transactional,2,https://yaroslavl.det-ploshadka.ru/pokrytiya/gazon/rulonnyy/|https://yaroslavly.gazon-ka.ru/catalog/rulonnyy_gazon/standartnyy_rulonnyy_gazon.html/,manual_review,hold_current_url,serp_pair_pending_review,pending,,same-service SERP pair meets the explicit manual-review threshold; the existing owner is held and no split or new URL is approved
PAIR-10C67F31A394,Q000046,Q000048,полив газонов ярославль,посевной газон под ключ г ярославль ул магистральная 7 7,S2,S2,commercial_research,transactional,2,https://avito.ru/yaroslavl/predlozheniya_uslug/|https://avito.ru/yaroslavl/predlozheniya_uslug/sad_blagoustroystvo-ASgBAgICAUSYC8KfAQ/,manual_review,hold_current_url,serp_pair_pending_review,pending,,same-service SERP pair meets the explicit manual-review threshold; the existing owner is held and no split or new URL is approved
PAIR-B540D2B1CA9A,Q000046,Q000057,полив газонов ярославль,устройство газона,S2,S2,commercial_research,transactional,2,https://avito.ru/yaroslavl/predlozheniya_uslug/|https://uslugi.yandex.ru/16-yaroslavl/category/,manual_review,hold_current_url,serp_pair_pending_review,pending,,same-service SERP pair meets the explicit manual-review threshold; the existing owner is held and no split or new URL is approved
PAIR-7FD0FA53D3FD,Q000046,Q000060,полив газонов ярославль,заказать посадку дерева,S2,S3,commercial_research,transactional,4,https://avito.ru/yaroslavl/predlozheniya_uslug/|https://avito.ru/yaroslavl/predlozheniya_uslug/sad_blagoustroystvo-ASgBAgICAUSYC8KfAQ/|https://uslugi.yandex.ru/10841-yaroslavl-oblast/category/|https://uslugi.yandex.ru/16-yaroslavl/category/,owner_boundary_split,hold_distinct_service_owners,cross_service_owner_boundary_reviewed,reviewed,policy_scope_owner,cross-service SERP pair meets a merge or manual-review threshold; the approved S1-S8 service-owner boundary prevents an automatic merge or reassignment
PAIR-28C47030A412,Q000046,Q000061,полив газонов ярославль,озеленение участка,S2,S3,commercial_research,commercial_research,2,https://avito.ru/yaroslavl/predlozheniya_uslug/|https://uslugi.yandex.ru/10841-yaroslavl-oblast/category/,owner_boundary_split,hold_distinct_service_owners,cross_service_owner_boundary_reviewed,reviewed,policy_scope_owner,cross-service SERP pair meets a merge or manual-review threshold; the approved S1-S8 service-owner boundary prevents an automatic merge or reassignment
PAIR-67BAF4AC1CD8,Q000046,Q000067,полив газонов ярославль,стоимость посадки деревьев,S2,S3,commercial_research,transactional,3,https://avito.ru/yaroslavl/predlozheniya_uslug/|https://uslugi.yandex.ru/10841-yaroslavl-oblast/category/|https://uslugi.yandex.ru/16-yaroslavl/category/,owner_boundary_split,hold_distinct_service_owners,cross_service_owner_boundary_reviewed,reviewed,policy_scope_owner,cross-service SERP pair meets a merge or manual-review threshold; the approved S1-S8 service-owner boundary prevents an automatic merge or reassignment
PAIR-AE71E67223E9,Q000046,Q000068,полив газонов ярославль,услуги по выбору и посадке фруктовых деревьев в ярославле,S2,S3,commercial_research,transactional,2,https://avito.ru/yaroslavl/predlozheniya_uslug/|https://uslugi.yandex.ru/16-yaroslavl/category/,owner_boundary_split,hold_distinct_service_owners,cross_service_owner_boundary_reviewed,reviewed,policy_scope_owner,cross-service SERP pair meets a merge or manual-review threshold; the approved S1-S8 service-owner boundary prevents an automatic merge or reassignment
PAIR-5248E938A4B3,Q000046,Q000069,полив газонов ярославль,заказать обрезку деревьев,S2,S4,commercial_research,transactional,3,https://avito.ru/yaroslavl/predlozheniya_uslug/|https://avito.ru/yaroslavl/predlozheniya_uslug/sad_blagoustroystvo-ASgBAgICAUSYC8KfAQ/|https://uslugi.yandex.ru/16-yaroslavl/category/,owner_boundary_split,hold_distinct_service_owners,cross_service_owner_boundary_reviewed,reviewed,policy_scope_owner,cross-service SERP pair meets a merge or manual-review threshold; the approved S1-S8 service-owner boundary prevents an automatic merge or reassignment
PAIR-A7A591A691E3,Q000046,Q000073,полив газонов ярославль,обрезка деревьев цена,S2,S4,commercial_research,transactional,2,https://uslugi.yandex.ru/10841-yaroslavl-oblast/category/|https://uslugi.yandex.ru/16-yaroslavl/category/,owner_boundary_split,hold_distinct_service_owners,cross_service_owner_boundary_reviewed,reviewed,policy_scope_owner,cross-service SERP pair meets a merge or manual-review threshold; the approved S1-S8 service-owner boundary prevents an automatic merge or reassignment
PAIR-7F1328E95FA7,Q000046,Q000079,полив газонов ярославль,уход за садом цена,S2,S4,commercial_research,transactional,4,https://avito.ru/yaroslavl/predlozheniya_uslug/|https://avito.ru/yaroslavl/predlozheniya_uslug/sad_blagoustroystvo-ASgBAgICAUSYC8KfAQ/|https://avito.ru/yaroslavskaya_oblast/predlozheniya_uslug/sad_blagoustroystvo/ozelenenie_uhod_za_sadom_i_ogorodom-ASgBAgICAkSYC8KfAdCuDvy80AE/|https://uslugi.yandex.ru/16-yaroslavl/category/,owner_boundary_split,hold_distinct_service_owners,cross_service_owner_boundary_reviewed,reviewed,policy_scope_owner,cross-service SERP pair meets a merge or manual-review threshold; the approved S1-S8 service-owner boundary prevents an automatic merge or reassignment
PAIR-7B4B6A917425,Q000046,Q000081,полив газонов ярославль,выравнивание участка,S2,S5,commercial_research,commercial_research,3,https://avito.ru/yaroslavl/predlozheniya_uslug/|https://uslugi.yandex.ru/10841-yaroslavl-oblast/category/|https://uslugi.yandex.ru/16-yaroslavl/category/,owner_boundary_split,hold_distinct_service_owners,cross_service_owner_boundary_reviewed,reviewed,policy_scope_owner,cross-service SERP pair meets a merge or manual-review threshold; the approved S1-S8 service-owner boundary prevents an automatic merge or reassignment
PAIR-C9FA65B20C6D,Q000046,Q000082,полив газонов ярославль,выравнивание участка цена,S2,S5,commercial_research,transactional,3,https://avito.ru/yaroslavl/predlozheniya_uslug/|https://uslugi.yandex.ru/10841-yaroslavl-oblast/category/|https://uslugi.yandex.ru/16-yaroslavl/category/,owner_boundary_split,hold_distinct_service_owners,cross_service_owner_boundary_reviewed,reviewed,policy_scope_owner,cross-service SERP pair meets a merge or manual-review threshold; the approved S1-S8 service-owner boundary prevents an automatic merge or reassignment
PAIR-C182D1A439BB,Q000046,Q000083,полив газонов ярославль,выравнивание участка ярославль,S2,S5,commercial_research,commercial_research,2,https://avito.ru/yaroslavl/predlozheniya_uslug/|https://uslugi.yandex.ru/16-yaroslavl/category/,owner_boundary_split,hold_distinct_service_owners,cross_service_owner_boundary_reviewed,reviewed,policy_scope_owner,cross-service SERP pair meets a merge or manual-review threshold; the approved S1-S8 service-owner boundary prevents an automatic merge or reassignment
PAIR-6061C4E48DC5,Q000046,Q000088,полив газонов ярославль,заказать выравнивание участка,S2,S5,commercial_research,transactional,3,https://avito.ru/yaroslavl/predlozheniya_uslug/|https://uslugi.yandex.ru/10841-yaroslavl-oblast/category/|https://uslugi.yandex.ru/16-yaroslavl/category/,owner_boundary_split,hold_distinct_service_owners,cross_service_owner_boundary_reviewed,reviewed,policy_scope_owner,cross-service SERP pair meets a merge or manual-review threshold; the approved S1-S8 service-owner boundary prevents an automatic merge or reassignment
PAIR-7FD2EE2FE418,Q000046,Q000089,полив газонов ярославль,заказать планировку участка,S2,S5,commercial_research,transactional,3,https://avito.ru/yaroslavl/predlozheniya_uslug/|https://uslugi.yandex.ru/10841-yaroslavl-oblast/category/|https://uslugi.yandex.ru/16-yaroslavl/category/,owner_boundary_split,hold_distinct_service_owners,cross_service_owner_boundary_reviewed,reviewed,policy_scope_owner,cross-service SERP pair meets a merge or manual-review threshold; the approved S1-S8 service-owner boundary prevents an automatic merge or reassignment
PAIR-3292EC2EE199,Q000046,Q000093,полив газонов ярославль,планировка территории цена,S2,S5,commercial_research,transactional,3,https://avito.ru/yaroslavl/predlozheniya_uslug/|https://uslugi.yandex.ru/10841-yaroslavl-oblast/category/|https://uslugi.yandex.ru/16-yaroslavl/category/,owner_boundary_split,hold_distinct_service_owners,cross_service_owner_boundary_reviewed,reviewed,policy_scope_owner,cross-service SERP pair meets a merge or manual-review threshold; the approved S1-S8 service-owner boundary prevents an automatic merge or reassignment
PAIR-2BBD40D356B6,Q000046,Q000097,полив газонов ярославль,планировка участка цена,S2,S5,commercial_research,transactional,3,https://avito.ru/yaroslavl/predlozheniya_uslug/|https://uslugi.yandex.ru/10841-yaroslavl-oblast/category/|https://uslugi.yandex.ru/16-yaroslavl/category/,owner_boundary_split,hold_distinct_service_owners,cross_service_owner_boundary_reviewed,reviewed,policy_scope_owner,cross-service SERP pair meets a merge or manual-review threshold; the approved S1-S8 service-owner boundary prevents an automatic merge or reassignment
PAIR-42E37CD4A987,Q000046,Q000098,полив газонов ярославль,планировка участка ярославль,S2,S5,commercial_research,commercial_research,2,https://avito.ru/yaroslavl/predlozheniya_uslug/|https://uslugi.yandex.ru/16-yaroslavl/category/,owner_boundary_split,hold_distinct_service_owners,cross_service_owner_boundary_reviewed,reviewed,policy_scope_owner,cross-service SERP pair meets a merge or manual-review threshold; the approved S1-S8 service-owner boundary prevents an automatic merge or reassignment
PAIR-F29DFEBFF0A7,Q000046,Q000099,полив газонов ярославль,рассчитать стоимость выравнивания участка 5 соток,S2,S5,commercial_research,transactional,2,https://avito.ru/yaroslavl/predlozheniya_uslug/|https://uslugi.yandex.ru/10841-yaroslavl-oblast/category/,owner_boundary_split,hold_distinct_service_owners,cross_service_owner_boundary_reviewed,reviewed,policy_scope_owner,cross-service SERP pair meets a merge or manual-review threshold; the approved S1-S8 service-owner boundary prevents an automatic merge or reassignment
PAIR-FCD2DC7418C9,Q000046,Q000116,полив газонов ярославль,въезд на участок цена,S2,S8,commercial_research,transactional,2,https://avito.ru/yaroslavl/predlozheniya_uslug/|https://uslugi.yandex.ru/16-yaroslavl/category/,owner_boundary_split,hold_distinct_service_owners,cross_service_owner_boundary_reviewed,reviewed,policy_scope_owner,cross-service SERP pair meets a merge or manual-review threshold; the approved S1-S8 service-owner boundary prevents an automatic merge or reassignment
PAIR-0778F4AB0E68,Q000046,Q000119,полив газонов ярославль,въезд через канаву под ключ,S2,S8,commercial_research,transactional,2,https://avito.ru/yaroslavl/predlozheniya_uslug/|https://uslugi.yandex.ru/16-yaroslavl/category/,owner_boundary_split,hold_distinct_service_owners,cross_service_owner_boundary_reviewed,reviewed,policy_scope_owner,cross-service SERP pair meets a merge or manual-review threshold; the approved S1-S8 service-owner boundary prevents an automatic merge or reassignment
PAIR-7C1EA239681E,Q000046,Q000120,полив газонов ярославль,въезд через канаву цена,S2,S8,commercial_research,transactional,2,https://avito.ru/yaroslavl/predlozheniya_uslug/|https://uslugi.yandex.ru/16-yaroslavl/category/,owner_boundary_split,hold_distinct_service_owners,cross_service_owner_boundary_reviewed,reviewed,policy_scope_owner,cross-service SERP pair meets a merge or manual-review threshold; the approved S1-S8 service-owner boundary prevents an automatic merge or reassignment
PAIR-CFC211414097,Q000046,Q000122,полив газонов ярославль,заезд на участок под ключ,S2,S8,commercial_research,transactional,3,https://avito.ru/yaroslavl/predlozheniya_uslug/|https://avito.ru/yaroslavl/predlozheniya_uslug/sad_blagoustroystvo-ASgBAgICAUSYC8KfAQ/|https://uslugi.yandex.ru/16-yaroslavl/category/,owner_boundary_split,hold_distinct_service_owners,cross_service_owner_boundary_reviewed,reviewed,policy_scope_owner,cross-service SERP pair meets a merge or manual-review threshold; the approved S1-S8 service-owner boundary prevents an automatic merge or reassignment
PAIR-E69F024F7303,Q000046,Q000124,полив газонов ярославль,заезд на участок цена,S2,S8,commercial_research,transactional,2,https://avito.ru/yaroslavl/predlozheniya_uslug/|https://uslugi.yandex.ru/16-yaroslavl/category/,owner_boundary_split,hold_distinct_service_owners,cross_service_owner_boundary_reviewed,reviewed,policy_scope_owner,cross-service SERP pair meets a merge or manual-review threshold; the approved S1-S8 service-owner boundary prevents an automatic merge or reassignment
PAIR-7AF544E20A76,Q000046,Q000125,полив газонов ярославль,заезд на участок через канаву в тутаеве,S2,S8,commercial_research,commercial_research,2,https://avito.ru/yaroslavl/predlozheniya_uslug/|https://uslugi.yandex.ru/16-yaroslavl/category/,owner_boundary_split,hold_distinct_service_owners,cross_service_owner_boundary_reviewed,reviewed,policy_scope_owner,cross-service SERP pair meets a merge or manual-review threshold; the approved S1-S8 service-owner boundary prevents an automatic merge or reassignment
PAIR-3A6ECB8CD4F6,Q000046,Q000126,полив газонов ярославль,заезд на участок через канаву под ключ,S2,S8,commercial_research,transactional,2,https://avito.ru/yaroslavl/predlozheniya_uslug/|https://uslugi.yandex.ru/16-yaroslavl/category/,owner_boundary_split,hold_distinct_service_owners,cross_service_owner_boundary_reviewed,reviewed,policy_scope_owner,cross-service SERP pair meets a merge or manual-review threshold; the approved S1-S8 service-owner boundary prevents an automatic merge or reassignment
PAIR-7E1474C58991,Q000046,Q000128,полив газонов ярославль,заезд на участок через канаву под ключ тутаев,S2,S8,commercial_research,transactional,2,https://avito.ru/yaroslavl/predlozheniya_uslug/|https://uslugi.yandex.ru/16-yaroslavl/category/,owner_boundary_split,hold_distinct_service_owners,cross_service_owner_boundary_reviewed,reviewed,policy_scope_owner,cross-service SERP pair meets a merge or manual-review threshold; the approved S1-S8 service-owner boundary prevents an automatic merge or reassignment
PAIR-EE56ECE9C58C,Q000046,Q000129,полив газонов ярославль,заезд на участок через канаву под ключ ярославль,S2,S8,commercial_research,transactional,2,https://avito.ru/yaroslavl/predlozheniya_uslug/|https://uslugi.yandex.ru/16-yaroslavl/category/,owner_boundary_split,hold_distinct_service_owners,cross_service_owner_boundary_reviewed,reviewed,policy_scope_owner,cross-service SERP pair meets a merge or manual-review threshold; the approved S1-S8 service-owner boundary prevents an automatic merge or reassignment
PAIR-36411DDACE8B,Q000046,Q000131,полив газонов ярославль,заезд на участок через канаву цена,S2,S8,commercial_research,transactional,2,https://avito.ru/yaroslavl/predlozheniya_uslug/|https://uslugi.yandex.ru/16-yaroslavl/category/,owner_boundary_split,hold_distinct_service_owners,cross_service_owner_boundary_reviewed,reviewed,policy_scope_owner,cross-service SERP pair meets a merge or manual-review threshold; the approved S1-S8 service-owner boundary prevents an automatic merge or reassignment
PAIR-A89EA8B09561,Q000046,Q000133,полив газонов ярославль,заезд через канаву на участок,S2,S8,commercial_research,commercial_research,2,https://avito.ru/yaroslavl/predlozheniya_uslug/|https://uslugi.yandex.ru/16-yaroslavl/category/,owner_boundary_split,hold_distinct_service_owners,cross_service_owner_boundary_reviewed,reviewed,policy_scope_owner,cross-service SERP pair meets a merge or manual-review threshold; the approved S1-S8 service-owner boundary prevents an automatic merge or reassignment
PAIR-A0AADE417059,Q000046,Q000135,полив газонов ярославль,заказать въезд на участок,S2,S8,commercial_research,transactional,2,https://avito.ru/yaroslavl/predlozheniya_uslug/|https://uslugi.yandex.ru/16-yaroslavl/category/,owner_boundary_split,hold_distinct_service_owners,cross_service_owner_boundary_reviewed,reviewed,policy_scope_owner,cross-service SERP pair meets a merge or manual-review threshold; the approved S1-S8 service-owner boundary prevents an automatic merge or reassignment
PAIR-8DED84438157,Q000046,Q000141,полив газонов ярославль,ярославская область сделать въезд в канаву,S2,S8,commercial_research,commercial_research,2,https://avito.ru/yaroslavl/predlozheniya_uslug/|https://uslugi.yandex.ru/16-yaroslavl/category/,owner_boundary_split,hold_distinct_service_owners,cross_service_owner_boundary_reviewed,reviewed,policy_scope_owner,cross-service SERP pair meets a merge or manual-review threshold; the approved S1-S8 service-owner boundary prevents an automatic merge or reassignment
PAIR-6B55EE8F8DF4,Q000047,Q000049,посевной газон,посевной газон цена,S2,S2,commercial_research,transactional,5,https://market.yandex.ru/search/|https://ozon.ru/category/gazonnaya-trava/|https://vseinstrumenti.ru/category/semena-gazonnoj-travy-6720/|https://vseinstrumenti.ru/tag-page/gazonnaya-trava-universalnaya-100404/|https://wildberries.ru/catalog/dom/dachniy-sezon/rasteniya-semena-i-grunty/tags/gazonnaja-trava/,manual_review,hold_current_url,serp_pair_pending_review,pending,,same-service SERP pair meets the explicit manual-review threshold; the existing owner is held and no split or new URL is approved
PAIR-9ED06F2AC009,Q000048,Q000060,посевной газон под ключ г ярославль ул магистральная 7 7,заказать посадку дерева,S2,S3,transactional,transactional,2,https://avito.ru/yaroslavl/predlozheniya_uslug/|https://avito.ru/yaroslavl/predlozheniya_uslug/sad_blagoustroystvo-ASgBAgICAUSYC8KfAQ/,owner_boundary_split,hold_distinct_service_owners,cross_service_owner_boundary_reviewed,reviewed,policy_scope_owner,cross-service SERP pair meets a merge or manual-review threshold; the approved S1-S8 service-owner boundary prevents an automatic merge or reassignment
PAIR-0B026D3DF344,Q000048,Q000061,посевной газон под ключ г ярославль ул магистральная 7 7,озеленение участка,S2,S3,transactional,commercial_research,2,https://avito.ru/yaroslavl/predlozheniya_uslug/|https://progarden.group/,owner_boundary_split,hold_distinct_service_owners,cross_service_owner_boundary_reviewed,reviewed,policy_scope_owner,cross-service SERP pair meets a merge or manual-review threshold; the approved S1-S8 service-owner boundary prevents an automatic merge or reassignment
PAIR-DABF4C1A09C5,Q000048,Q000062,посевной газон под ключ г ярославль ул магистральная 7 7,озеленение участка под ключ и благоустройство ярославль,S2,S3,transactional,transactional,3,https://avito.ru/yaroslavl/predlozheniya_uslug/|https://greenteh76.ru/|https://progarden.group/,owner_boundary_split,hold_distinct_service_owners,cross_service_owner_boundary_reviewed,reviewed,policy_scope_owner,cross-service SERP pair meets a merge or manual-review threshold; the approved S1-S8 service-owner boundary prevents an automatic merge or reassignment
PAIR-EE786B3FD048,Q000048,Q000068,посевной газон под ключ г ярославль ул магистральная 7 7,услуги по выбору и посадке фруктовых деревьев в ярославле,S2,S3,transactional,transactional,2,https://avito.ru/yaroslavl/predlozheniya_uslug/|https://avito.ru/yaroslavskaya_oblast/predlozheniya_uslug/,owner_boundary_split,hold_distinct_service_owners,cross_service_owner_boundary_reviewed,reviewed,policy_scope_owner,cross-service SERP pair meets a merge or manual-review threshold; the approved S1-S8 service-owner boundary prevents an automatic merge or reassignment
PAIR-C93C2AADC18F,Q000048,Q000069,посевной газон под ключ г ярославль ул магистральная 7 7,заказать обрезку деревьев,S2,S4,transactional,transactional,3,https://avito.ru/yaroslavl/predlozheniya_uslug/|https://avito.ru/yaroslavl/predlozheniya_uslug/sad_blagoustroystvo-ASgBAgICAUSYC8KfAQ/|https://avito.ru/yaroslavskaya_oblast/predlozheniya_uslug/,owner_boundary_split,hold_distinct_service_owners,cross_service_owner_boundary_reviewed,reviewed,policy_scope_owner,cross-service SERP pair meets a merge or manual-review threshold; the approved S1-S8 service-owner boundary prevents an automatic merge or reassignment
PAIR-A3C3DC73AC63,Q000048,Q000079,посевной газон под ключ г ярославль ул магистральная 7 7,уход за садом цена,S2,S4,transactional,transactional,2,https://avito.ru/yaroslavl/predlozheniya_uslug/|https://avito.ru/yaroslavl/predlozheniya_uslug/sad_blagoustroystvo-ASgBAgICAUSYC8KfAQ/,owner_boundary_split,hold_distinct_service_owners,cross_service_owner_boundary_reviewed,reviewed,policy_scope_owner,cross-service SERP pair meets a merge or manual-review threshold; the approved S1-S8 service-owner boundary prevents an automatic merge or reassignment
PAIR-228194CDA1B2,Q000048,Q000089,посевной газон под ключ г ярославль ул магистральная 7 7,заказать планировку участка,S2,S5,transactional,transactional,2,https://avito.ru/yaroslavl/predlozheniya_uslug/|https://avito.ru/yaroslavskaya_oblast/predlozheniya_uslug/,owner_boundary_split,hold_distinct_service_owners,cross_service_owner_boundary_reviewed,reviewed,policy_scope_owner,cross-service SERP pair meets a merge or manual-review threshold; the approved S1-S8 service-owner boundary prevents an automatic merge or reassignment
PAIR-98473FE9C55E,Q000048,Q000093,посевной газон под ключ г ярославль ул магистральная 7 7,планировка территории цена,S2,S5,transactional,transactional,2,https://avito.ru/yaroslavl/predlozheniya_uslug/|https://avito.ru/yaroslavskaya_oblast/predlozheniya_uslug/,owner_boundary_split,hold_distinct_service_owners,cross_service_owner_boundary_reviewed,reviewed,policy_scope_owner,cross-service SERP pair meets a merge or manual-review threshold; the approved S1-S8 service-owner boundary prevents an automatic merge or reassignment
PAIR-327CC6031003,Q000048,Q000098,посевной газон под ключ г ярославль ул магистральная 7 7,планировка участка ярославль,S2,S5,transactional,commercial_research,2,https://avito.ru/yaroslavl/predlozheniya_uslug/|https://avito.ru/yaroslavskaya_oblast/predlozheniya_uslug/,owner_boundary_split,hold_distinct_service_owners,cross_service_owner_boundary_reviewed,reviewed,policy_scope_owner,cross-service SERP pair meets a merge or manual-review threshold; the approved S1-S8 service-owner boundary prevents an automatic merge or reassignment
PAIR-FE59FA7F3998,Q000048,Q000116,посевной газон под ключ г ярославль ул магистральная 7 7,въезд на участок цена,S2,S8,transactional,transactional,2,https://avito.ru/yaroslavl/predlozheniya_uslug/|https://avito.ru/yaroslavskaya_oblast/predlozheniya_uslug/,owner_boundary_split,hold_distinct_service_owners,cross_service_owner_boundary_reviewed,reviewed,policy_scope_owner,cross-service SERP pair meets a merge or manual-review threshold; the approved S1-S8 service-owner boundary prevents an automatic merge or reassignment
PAIR-628EA598736A,Q000048,Q000122,посевной газон под ключ г ярославль ул магистральная 7 7,заезд на участок под ключ,S2,S8,transactional,transactional,2,https://avito.ru/yaroslavl/predlozheniya_uslug/|https://avito.ru/yaroslavl/predlozheniya_uslug/sad_blagoustroystvo-ASgBAgICAUSYC8KfAQ/,owner_boundary_split,hold_distinct_service_owners,cross_service_owner_boundary_reviewed,reviewed,policy_scope_owner,cross-service SERP pair meets a merge or manual-review threshold; the approved S1-S8 service-owner boundary prevents an automatic merge or reassignment
PAIR-9D7398006ED8,Q000048,Q000135,посевной газон под ключ г ярославль ул магистральная 7 7,заказать въезд на участок,S2,S8,transactional,transactional,2,https://avito.ru/yaroslavl/predlozheniya_uslug/|https://avito.ru/yaroslavskaya_oblast/predlozheniya_uslug/,owner_boundary_split,hold_distinct_service_owners,cross_service_owner_boundary_reviewed,reviewed,policy_scope_owner,cross-service SERP pair meets a merge or manual-review threshold; the approved S1-S8 service-owner boundary prevents an automatic merge or reassignment
PAIR-25DA664CF994,Q000048,Q000141,посевной газон под ключ г ярославль ул магистральная 7 7,ярославская область сделать въезд в канаву,S2,S8,transactional,commercial_research,2,https://avito.ru/yaroslavl/predlozheniya_uslug/|https://avito.ru/yaroslavskaya_oblast/predlozheniya_uslug/,owner_boundary_split,hold_distinct_service_owners,cross_service_owner_boundary_reviewed,reviewed,policy_scope_owner,cross-service SERP pair meets a merge or manual-review threshold; the approved S1-S8 service-owner boundary prevents an automatic merge or reassignment
PAIR-0E65EB91DCDD,Q000050,Q000053,продам газон рулонный авито углич,рулонный газон купить в угличе,S2,S2,commercial_research,product_only,2,https://avito.ru/uglich/rasteniya/|https://avito.ru/yaroslavskaya_oblast/dlya_doma_i_dachi/,policy_exclusion_split,retain_exclusion_and_service_assignment,policy_exclusion_split_reviewed,reviewed,policy_exclusion,at least one query has a reviewed exclusion action; the excluded intent remains separate from the retained service assignment
PAIR-CC6584B4C083,Q000051,Q000052,производитель рулонного газона в ярославской области,рулонный газон,S2,S2,product_only,commercial_research,2,https://avito.ru/yaroslavl/rasteniya/sadovye_rasteniya/gazon-ASgBAgICAkT8lRW4zpEDoJgV2NqRAw/|https://yaroslavly.gazon-ka.ru/catalog/rulonnyy_gazon/standartnyy_rulonnyy_gazon.html/,policy_exclusion_split,retain_exclusion_and_service_assignment,policy_exclusion_split_reviewed,reviewed,policy_exclusion,at least one query has a reviewed exclusion action; the excluded intent remains separate from the retained service assignment
PAIR-CF40453DF8F5,Q000051,Q000054,производитель рулонного газона в ярославской области,рулонный газон цена,S2,S2,product_only,transactional,2,https://avito.ru/yaroslavl/rasteniya/sadovye_rasteniya/gazon-ASgBAgICAkT8lRW4zpEDoJgV2NqRAw/|https://yaroslavly.gazon-ka.ru/catalog/rulonnyy_gazon/standartnyy_rulonnyy_gazon.html/,policy_exclusion_split,retain_exclusion_and_service_assignment,policy_exclusion_split_reviewed,reviewed,policy_exclusion,at least one query has a reviewed exclusion action; the excluded intent remains separate from the retained service assignment
PAIR-63F089A02476,Q000051,Q000055,производитель рулонного газона в ярославской области,рулонный газон ярославль,S2,S2,product_only,commercial_research,2,https://avito.ru/yaroslavl/rasteniya/sadovye_rasteniya/gazon-ASgBAgICAkT8lRW4zpEDoJgV2NqRAw/|https://yaroslavly.gazon-ka.ru/catalog/rulonnyy_gazon/standartnyy_rulonnyy_gazon.html/,policy_exclusion_split,retain_exclusion_and_service_assignment,policy_exclusion_split_reviewed,reviewed,policy_exclusion,at least one query has a reviewed exclusion action; the excluded intent remains separate from the retained service assignment
PAIR-D8F62398A3A9,Q000051,Q000058,производитель рулонного газона в ярославской области,цена за метр раскатного газона,S2,S2,product_only,transactional,2,https://avito.ru/yaroslavl/rasteniya/sadovye_rasteniya/gazon-ASgBAgICAkT8lRW4zpEDoJgV2NqRAw/|https://yaroslavly.gazon-ka.ru/catalog/rulonnyy_gazon/standartnyy_rulonnyy_gazon.html/,policy_exclusion_split,retain_exclusion_and_service_assignment,policy_exclusion_split_reviewed,reviewed,policy_exclusion,at least one query has a reviewed exclusion action; the excluded intent remains separate from the retained service assignment
PAIR-5614E8B1C9EE,Q000052,Q000054,рулонный газон,рулонный газон цена,S2,S2,commercial_research,transactional,8,https://avito.ru/yaroslavl/rasteniya/|https://avito.ru/yaroslavl/rasteniya/sadovye_rasteniya/gazon-ASgBAgICAkT8lRW4zpEDoJgV2NqRAw/|https://gazoncity.ru/catalog/rulonnyy_gazon/|https://ozon.ru/category/rulonnyy-gazon/|https://yaroslavl.det-ploshadka.ru/pokrytiya/gazon/rulonnyy/|https://yaroslavl.toruda.ru/pokritie/gazon/rulonnij/|https://yaroslavly.gazon-ka.ru/catalog/rulonnyy_gazon/rulonnyy_gazon_ekonom.html/|https://yaroslavly.gazon-ka.ru/catalog/rulonnyy_gazon/standartnyy_rulonnyy_gazon.html/,manual_review,hold_current_url,serp_pair_pending_review,pending,,same-service SERP pair meets the explicit manual-review threshold; the existing owner is held and no split or new URL is approved
PAIR-327B0BD57151,Q000052,Q000055,рулонный газон,рулонный газон ярославль,S2,S2,commercial_research,commercial_research,3,https://avito.ru/yaroslavl/rasteniya/sadovye_rasteniya/gazon-ASgBAgICAkT8lRW4zpEDoJgV2NqRAw/|https://yaroslavl.det-ploshadka.ru/pokrytiya/gazon/rulonnyy/|https://yaroslavly.gazon-ka.ru/catalog/rulonnyy_gazon/standartnyy_rulonnyy_gazon.html/,manual_review,hold_current_url,serp_pair_pending_review,pending,,same-service SERP pair meets the explicit manual-review threshold; the existing owner is held and no split or new URL is approved
PAIR-5B86DFBAB25E,Q000052,Q000058,рулонный газон,цена за метр раскатного газона,S2,S2,commercial_research,transactional,4,https://avito.ru/yaroslavl/rasteniya/|https://avito.ru/yaroslavl/rasteniya/sadovye_rasteniya/gazon-ASgBAgICAkT8lRW4zpEDoJgV2NqRAw/|https://yaroslavl.det-ploshadka.ru/pokrytiya/gazon/rulonnyy/|https://yaroslavly.gazon-ka.ru/catalog/rulonnyy_gazon/standartnyy_rulonnyy_gazon.html/,manual_review,hold_current_url,serp_pair_pending_review,pending,,same-service SERP pair meets the explicit manual-review threshold; the existing owner is held and no split or new URL is approved
PAIR-228933D3F68D,Q000054,Q000055,рулонный газон цена,рулонный газон ярославль,S2,S2,transactional,commercial_research,4,https://avito.ru/yaroslavl/rasteniya/sadovye_rasteniya/gazon-ASgBAgICAkT8lRW4zpEDoJgV2NqRAw/|https://yaroslavl.det-ploshadka.ru/pokrytiya/gazon/rulonnyy/|https://yaroslavl.lemanapro.ru/product/gazon-naturalnyy-v-rulone-universalnyy-klassicheskiy-40-x-200-sm-08-m2-13920906/|https://yaroslavly.gazon-ka.ru/catalog/rulonnyy_gazon/standartnyy_rulonnyy_gazon.html/,manual_review,hold_current_url,serp_pair_pending_review,pending,,same-service SERP pair meets the explicit manual-review threshold; the existing owner is held and no split or new URL is approved
PAIR-8822BA1C9E16,Q000055,Q000058,рулонный газон ярославль,цена за метр раскатного газона,S2,S2,commercial_research,transactional,4,https://avito.ru/yaroslavl/rasteniya/sadovye_rasteniya/gazon-ASgBAgICAkT8lRW4zpEDoJgV2NqRAw/|https://ozon.ru/category/gazonnaya-trava-v-rulonah/|https://yaroslavl.det-ploshadka.ru/pokrytiya/gazon/rulonnyy/|https://yaroslavly.gazon-ka.ru/catalog/rulonnyy_gazon/standartnyy_rulonnyy_gazon.html/,manual_review,hold_current_url,serp_pair_pending_review,pending,,same-service SERP pair meets the explicit manual-review threshold; the existing owner is held and no split or new URL is approved
PAIR-7041E1A272FC,Q000056,Q000071,укладка рулонного газона рыбинск,найти садовника на участок в рыбинске,S2,S4,commercial_research,commercial_research,3,https://avito.ru/rybinsk/predlozheniya_uslug/|https://avito.ru/rybinsk/predlozheniya_uslug/sad_blagoustroystvo-ASgBAgICAUSYC8KfAQ/|https://uslugi.yandex.ru/10839-rybinsk/category/,owner_boundary_split,hold_distinct_service_owners,cross_service_owner_boundary_reviewed,reviewed,policy_scope_owner,cross-service SERP pair meets a merge or manual-review threshold; the approved S1-S8 service-owner boundary prevents an automatic merge or reassignment
PAIR-B198C8A00664,Q000056,Q000076,укладка рулонного газона рыбинск,садовник на участок рыбинск,S2,S4,commercial_research,commercial_research,3,https://avito.ru/rybinsk/predlozheniya_uslug/|https://avito.ru/rybinsk/predlozheniya_uslug/sad_blagoustroystvo-ASgBAgICAUSYC8KfAQ/|https://uslugi.yandex.ru/10839-rybinsk/category/,owner_boundary_split,hold_distinct_service_owners,cross_service_owner_boundary_reviewed,reviewed,policy_scope_owner,cross-service SERP pair meets a merge or manual-review threshold; the approved S1-S8 service-owner boundary prevents an automatic merge or reassignment
PAIR-34F0DAE96E58,Q000056,Q000077,укладка рулонного газона рыбинск,сезонный уход за садом рыбинск,S2,S4,commercial_research,commercial_research,2,https://avito.ru/rybinsk/predlozheniya_uslug/sad_blagoustroystvo-ASgBAgICAUSYC8KfAQ/|https://uslugi.yandex.ru/10839-rybinsk/category/,owner_boundary_split,hold_distinct_service_owners,cross_service_owner_boundary_reviewed,reviewed,policy_scope_owner,cross-service SERP pair meets a merge or manual-review threshold; the approved S1-S8 service-owner boundary prevents an automatic merge or reassignment
PAIR-44FEA741F8B2,Q000056,Q000096,укладка рулонного газона рыбинск,планировка участка рыбинск,S2,S5,commercial_research,commercial_research,2,https://avito.ru/rybinsk/predlozheniya_uslug/|https://uslugi.yandex.ru/10839-rybinsk/category/,owner_boundary_split,hold_distinct_service_owners,cross_service_owner_boundary_reviewed,reviewed,policy_scope_owner,cross-service SERP pair meets a merge or manual-review threshold; the approved S1-S8 service-owner boundary prevents an automatic merge or reassignment
PAIR-F2CD067798A0,Q000056,Q000109,укладка рулонного газона рыбинск,монтаж освещения участка рыбинск,S2,S7,commercial_research,transactional,2,https://avito.ru/rybinsk/predlozheniya_uslug/|https://uslugi.yandex.ru/10839-rybinsk/category/,owner_boundary_split,hold_distinct_service_owners,cross_service_owner_boundary_reviewed,reviewed,policy_scope_owner,cross-service SERP pair meets a merge or manual-review threshold; the approved S1-S8 service-owner boundary prevents an automatic merge or reassignment
PAIR-4711771CC552,Q000056,Q000123,укладка рулонного газона рыбинск,заезд на участок рыбинск авито предложения,S2,S8,commercial_research,commercial_research,2,https://avito.ru/rybinsk/predlozheniya_uslug/|https://avito.ru/rybinsk/predlozheniya_uslug/sad_blagoustroystvo-ASgBAgICAUSYC8KfAQ/,policy_exclusion_split,retain_exclusion_and_service_assignment,policy_exclusion_split_reviewed,reviewed,policy_exclusion,at least one query has a reviewed exclusion action; the excluded intent remains separate from the retained service assignment
PAIR-699D8A1CD74C,Q000056,Q000127,укладка рулонного газона рыбинск,заезд на участок через канаву под ключ рыбинск,S2,S8,commercial_research,transactional,2,https://avito.ru/rybinsk/predlozheniya_uslug/sad_blagoustroystvo-ASgBAgICAUSYC8KfAQ/|https://uslugi.yandex.ru/10839-rybinsk/category/,owner_boundary_split,hold_distinct_service_owners,cross_service_owner_boundary_reviewed,reviewed,policy_scope_owner,cross-service SERP pair meets a merge or manual-review threshold; the approved S1-S8 service-owner boundary prevents an automatic merge or reassignment
PAIR-32C56814EAA5,Q000056,Q000138,укладка рулонного газона рыбинск,обустройство въезда на участок рыбинск,S2,S8,commercial_research,commercial_research,2,https://avito.ru/rybinsk/predlozheniya_uslug/|https://uslugi.yandex.ru/10839-rybinsk/category/,owner_boundary_split,hold_distinct_service_owners,cross_service_owner_boundary_reviewed,reviewed,policy_scope_owner,cross-service SERP pair meets a merge or manual-review threshold; the approved S1-S8 service-owner boundary prevents an automatic merge or reassignment
PAIR-213A3FFE02D2,Q000056,Q000140,укладка рулонного газона рыбинск,трубу в канаву уложить в рыбинске,S2,S8,commercial_research,commercial_research,2,https://avito.ru/rybinsk/predlozheniya_uslug/|https://uslugi.yandex.ru/10839-rybinsk/category/,owner_boundary_split,hold_distinct_service_owners,cross_service_owner_boundary_reviewed,reviewed,policy_scope_owner,cross-service SERP pair meets a merge or manual-review threshold; the approved S1-S8 service-owner boundary prevents an automatic merge or reassignment
PAIR-69E54FD105E2,Q000057,Q000060,устройство газона,заказать посадку дерева,S2,S3,transactional,transactional,2,https://avito.ru/yaroslavl/predlozheniya_uslug/|https://uslugi.yandex.ru/16-yaroslavl/category/,owner_boundary_split,hold_distinct_service_owners,cross_service_owner_boundary_reviewed,reviewed,policy_scope_owner,cross-service SERP pair meets a merge or manual-review threshold; the approved S1-S8 service-owner boundary prevents an automatic merge or reassignment
PAIR-259734FD7799,Q000057,Q000067,устройство газона,стоимость посадки деревьев,S2,S3,transactional,transactional,2,https://avito.ru/yaroslavl/predlozheniya_uslug/|https://uslugi.yandex.ru/16-yaroslavl/category/,owner_boundary_split,hold_distinct_service_owners,cross_service_owner_boundary_reviewed,reviewed,policy_scope_owner,cross-service SERP pair meets a merge or manual-review threshold; the approved S1-S8 service-owner boundary prevents an automatic merge or reassignment
PAIR-9E00EFCF0281,Q000057,Q000068,устройство газона,услуги по выбору и посадке фруктовых деревьев в ярославле,S2,S3,transactional,transactional,2,https://avito.ru/yaroslavl/predlozheniya_uslug/|https://uslugi.yandex.ru/16-yaroslavl/category/,owner_boundary_split,hold_distinct_service_owners,cross_service_owner_boundary_reviewed,reviewed,policy_scope_owner,cross-service SERP pair meets a merge or manual-review threshold; the approved S1-S8 service-owner boundary prevents an automatic merge or reassignment
PAIR-07E6B26AAF27,Q000057,Q000069,устройство газона,заказать обрезку деревьев,S2,S4,transactional,transactional,2,https://avito.ru/yaroslavl/predlozheniya_uslug/|https://uslugi.yandex.ru/16-yaroslavl/category/,owner_boundary_split,hold_distinct_service_owners,cross_service_owner_boundary_reviewed,reviewed,policy_scope_owner,cross-service SERP pair meets a merge or manual-review threshold; the approved S1-S8 service-owner boundary prevents an automatic merge or reassignment
PAIR-97E3C0183813,Q000057,Q000079,устройство газона,уход за садом цена,S2,S4,transactional,transactional,2,https://avito.ru/yaroslavl/predlozheniya_uslug/|https://uslugi.yandex.ru/16-yaroslavl/category/,owner_boundary_split,hold_distinct_service_owners,cross_service_owner_boundary_reviewed,reviewed,policy_scope_owner,cross-service SERP pair meets a merge or manual-review threshold; the approved S1-S8 service-owner boundary prevents an automatic merge or reassignment
PAIR-A3151ED3CE13,Q000057,Q000081,устройство газона,выравнивание участка,S2,S5,transactional,commercial_research,2,https://avito.ru/yaroslavl/predlozheniya_uslug/|https://uslugi.yandex.ru/16-yaroslavl/category/,owner_boundary_split,hold_distinct_service_owners,cross_service_owner_boundary_reviewed,reviewed,policy_scope_owner,cross-service SERP pair meets a merge or manual-review threshold; the approved S1-S8 service-owner boundary prevents an automatic merge or reassignment
PAIR-81315475D078,Q000057,Q000082,устройство газона,выравнивание участка цена,S2,S5,transactional,transactional,2,https://avito.ru/yaroslavl/predlozheniya_uslug/|https://uslugi.yandex.ru/16-yaroslavl/category/,owner_boundary_split,hold_distinct_service_owners,cross_service_owner_boundary_reviewed,reviewed,policy_scope_owner,cross-service SERP pair meets a merge or manual-review threshold; the approved S1-S8 service-owner boundary prevents an automatic merge or reassignment
PAIR-EDE0D12A4D28,Q000057,Q000083,устройство газона,выравнивание участка ярославль,S2,S5,transactional,commercial_research,2,https://avito.ru/yaroslavl/predlozheniya_uslug/|https://uslugi.yandex.ru/16-yaroslavl/category/,owner_boundary_split,hold_distinct_service_owners,cross_service_owner_boundary_reviewed,reviewed,policy_scope_owner,cross-service SERP pair meets a merge or manual-review threshold; the approved S1-S8 service-owner boundary prevents an automatic merge or reassignment
PAIR-D9F46CDA6142,Q000057,Q000088,устройство газона,заказать выравнивание участка,S2,S5,transactional,transactional,2,https://avito.ru/yaroslavl/predlozheniya_uslug/|https://uslugi.yandex.ru/16-yaroslavl/category/,owner_boundary_split,hold_distinct_service_owners,cross_service_owner_boundary_reviewed,reviewed,policy_scope_owner,cross-service SERP pair meets a merge or manual-review threshold; the approved S1-S8 service-owner boundary prevents an automatic merge or reassignment
PAIR-79EE82632D94,Q000057,Q000089,устройство газона,заказать планировку участка,S2,S5,transactional,transactional,2,https://avito.ru/yaroslavl/predlozheniya_uslug/|https://uslugi.yandex.ru/16-yaroslavl/category/,owner_boundary_split,hold_distinct_service_owners,cross_service_owner_boundary_reviewed,reviewed,policy_scope_owner,cross-service SERP pair meets a merge or manual-review threshold; the approved S1-S8 service-owner boundary prevents an automatic merge or reassignment
PAIR-2A760344C99C,Q000057,Q000093,устройство газона,планировка территории цена,S2,S5,transactional,transactional,2,https://avito.ru/yaroslavl/predlozheniya_uslug/|https://uslugi.yandex.ru/16-yaroslavl/category/,owner_boundary_split,hold_distinct_service_owners,cross_service_owner_boundary_reviewed,reviewed,policy_scope_owner,cross-service SERP pair meets a merge or manual-review threshold; the approved S1-S8 service-owner boundary prevents an automatic merge or reassignment
PAIR-6EBBE91E85B5,Q000057,Q000097,устройство газона,планировка участка цена,S2,S5,transactional,transactional,2,https://avito.ru/yaroslavl/predlozheniya_uslug/|https://uslugi.yandex.ru/16-yaroslavl/category/,owner_boundary_split,hold_distinct_service_owners,cross_service_owner_boundary_reviewed,reviewed,policy_scope_owner,cross-service SERP pair meets a merge or manual-review threshold; the approved S1-S8 service-owner boundary prevents an automatic merge or reassignment
PAIR-4155742995A2,Q000057,Q000098,устройство газона,планировка участка ярославль,S2,S5,transactional,commercial_research,2,https://avito.ru/yaroslavl/predlozheniya_uslug/|https://uslugi.yandex.ru/16-yaroslavl/category/,owner_boundary_split,hold_distinct_service_owners,cross_service_owner_boundary_reviewed,reviewed,policy_scope_owner,cross-service SERP pair meets a merge or manual-review threshold; the approved S1-S8 service-owner boundary prevents an automatic merge or reassignment
PAIR-0410DB02ACA8,Q000057,Q000116,устройство газона,въезд на участок цена,S2,S8,transactional,transactional,2,https://avito.ru/yaroslavl/predlozheniya_uslug/|https://uslugi.yandex.ru/16-yaroslavl/category/,owner_boundary_split,hold_distinct_service_owners,cross_service_owner_boundary_reviewed,reviewed,policy_scope_owner,cross-service SERP pair meets a merge or manual-review threshold; the approved S1-S8 service-owner boundary prevents an automatic merge or reassignment
PAIR-25F527852F97,Q000057,Q000119,устройство газона,въезд через канаву под ключ,S2,S8,transactional,transactional,2,https://avito.ru/yaroslavl/predlozheniya_uslug/|https://uslugi.yandex.ru/16-yaroslavl/category/,owner_boundary_split,hold_distinct_service_owners,cross_service_owner_boundary_reviewed,reviewed,policy_scope_owner,cross-service SERP pair meets a merge or manual-review threshold; the approved S1-S8 service-owner boundary prevents an automatic merge or reassignment
PAIR-9AEDF9954316,Q000057,Q000120,устройство газона,въезд через канаву цена,S2,S8,transactional,transactional,2,https://avito.ru/yaroslavl/predlozheniya_uslug/|https://uslugi.yandex.ru/16-yaroslavl/category/,owner_boundary_split,hold_distinct_service_owners,cross_service_owner_boundary_reviewed,reviewed,policy_scope_owner,cross-service SERP pair meets a merge or manual-review threshold; the approved S1-S8 service-owner boundary prevents an automatic merge or reassignment
PAIR-C95C69234FE6,Q000057,Q000122,устройство газона,заезд на участок под ключ,S2,S8,transactional,transactional,2,https://avito.ru/yaroslavl/predlozheniya_uslug/|https://uslugi.yandex.ru/16-yaroslavl/category/,owner_boundary_split,hold_distinct_service_owners,cross_service_owner_boundary_reviewed,reviewed,policy_scope_owner,cross-service SERP pair meets a merge or manual-review threshold; the approved S1-S8 service-owner boundary prevents an automatic merge or reassignment
PAIR-C3EFEA982A05,Q000057,Q000124,устройство газона,заезд на участок цена,S2,S8,transactional,transactional,2,https://avito.ru/yaroslavl/predlozheniya_uslug/|https://uslugi.yandex.ru/16-yaroslavl/category/,owner_boundary_split,hold_distinct_service_owners,cross_service_owner_boundary_reviewed,reviewed,policy_scope_owner,cross-service SERP pair meets a merge or manual-review threshold; the approved S1-S8 service-owner boundary prevents an automatic merge or reassignment
PAIR-FF41D9D62ADC,Q000057,Q000125,устройство газона,заезд на участок через канаву в тутаеве,S2,S8,transactional,commercial_research,2,https://avito.ru/yaroslavl/predlozheniya_uslug/|https://uslugi.yandex.ru/16-yaroslavl/category/,owner_boundary_split,hold_distinct_service_owners,cross_service_owner_boundary_reviewed,reviewed,policy_scope_owner,cross-service SERP pair meets a merge or manual-review threshold; the approved S1-S8 service-owner boundary prevents an automatic merge or reassignment
PAIR-6B7B65C8E255,Q000057,Q000126,устройство газона,заезд на участок через канаву под ключ,S2,S8,transactional,transactional,2,https://avito.ru/yaroslavl/predlozheniya_uslug/|https://uslugi.yandex.ru/16-yaroslavl/category/,owner_boundary_split,hold_distinct_service_owners,cross_service_owner_boundary_reviewed,reviewed,policy_scope_owner,cross-service SERP pair meets a merge or manual-review threshold; the approved S1-S8 service-owner boundary prevents an automatic merge or reassignment
PAIR-193EC043B0BA,Q000057,Q000128,устройство газона,заезд на участок через канаву под ключ тутаев,S2,S8,transactional,transactional,2,https://avito.ru/yaroslavl/predlozheniya_uslug/|https://uslugi.yandex.ru/16-yaroslavl/category/,owner_boundary_split,hold_distinct_service_owners,cross_service_owner_boundary_reviewed,reviewed,policy_scope_owner,cross-service SERP pair meets a merge or manual-review threshold; the approved S1-S8 service-owner boundary prevents an automatic merge or reassignment
PAIR-A20F1AA97054,Q000057,Q000129,устройство газона,заезд на участок через канаву под ключ ярославль,S2,S8,transactional,transactional,2,https://avito.ru/yaroslavl/predlozheniya_uslug/|https://uslugi.yandex.ru/16-yaroslavl/category/,owner_boundary_split,hold_distinct_service_owners,cross_service_owner_boundary_reviewed,reviewed,policy_scope_owner,cross-service SERP pair meets a merge or manual-review threshold; the approved S1-S8 service-owner boundary prevents an automatic merge or reassignment
PAIR-08F539C89998,Q000057,Q000131,устройство газона,заезд на участок через канаву цена,S2,S8,transactional,transactional,2,https://avito.ru/yaroslavl/predlozheniya_uslug/|https://uslugi.yandex.ru/16-yaroslavl/category/,owner_boundary_split,hold_distinct_service_owners,cross_service_owner_boundary_reviewed,reviewed,policy_scope_owner,cross-service SERP pair meets a merge or manual-review threshold; the approved S1-S8 service-owner boundary prevents an automatic merge or reassignment
PAIR-BACD2FAC8741,Q000057,Q000133,устройство газона,заезд через канаву на участок,S2,S8,transactional,commercial_research,2,https://avito.ru/yaroslavl/predlozheniya_uslug/|https://uslugi.yandex.ru/16-yaroslavl/category/,owner_boundary_split,hold_distinct_service_owners,cross_service_owner_boundary_reviewed,reviewed,policy_scope_owner,cross-service SERP pair meets a merge or manual-review threshold; the approved S1-S8 service-owner boundary prevents an automatic merge or reassignment
PAIR-0C813FB68C92,Q000057,Q000135,устройство газона,заказать въезд на участок,S2,S8,transactional,transactional,2,https://avito.ru/yaroslavl/predlozheniya_uslug/|https://uslugi.yandex.ru/16-yaroslavl/category/,owner_boundary_split,hold_distinct_service_owners,cross_service_owner_boundary_reviewed,reviewed,policy_scope_owner,cross-service SERP pair meets a merge or manual-review threshold; the approved S1-S8 service-owner boundary prevents an automatic merge or reassignment
PAIR-2C47AF370796,Q000057,Q000141,устройство газона,ярославская область сделать въезд в канаву,S2,S8,transactional,commercial_research,2,https://avito.ru/yaroslavl/predlozheniya_uslug/|https://uslugi.yandex.ru/16-yaroslavl/category/,owner_boundary_split,hold_distinct_service_owners,cross_service_owner_boundary_reviewed,reviewed,policy_scope_owner,cross-service SERP pair meets a merge or manual-review threshold; the approved S1-S8 service-owner boundary prevents an automatic merge or reassignment
PAIR-B87CA856D119,Q000060,Q000061,заказать посадку дерева,озеленение участка,S3,S3,transactional,commercial_research,2,https://avito.ru/yaroslavl/predlozheniya_uslug/|https://uslugi.yandex.ru/10841-yaroslavl-oblast/category/,manual_review,hold_current_url,serp_pair_pending_review,pending,,same-service SERP pair meets the explicit manual-review threshold; the existing owner is held and no split or new URL is approved
PAIR-2140502CA91D,Q000060,Q000068,заказать посадку дерева,услуги по выбору и посадке фруктовых деревьев в ярославле,S3,S3,transactional,transactional,3,https://avito.ru/yaroslavl/predlozheniya_uslug/|https://avito.ru/yaroslavl/predlozheniya_uslug/sad_blagoustroystvo/ozelenenie_uhod_za_sadom_i_ogorodom/posadka_derevev-ASgBAgICA0SYC8KfAdCuDvy80AHWrw_8x_MC/|https://uslugi.yandex.ru/16-yaroslavl/category/,manual_review,hold_current_url,serp_pair_pending_review,pending,,same-service SERP pair meets the explicit manual-review threshold; the existing owner is held and no split or new URL is approved
PAIR-1B64C9489FB8,Q000060,Q000069,заказать посадку дерева,заказать обрезку деревьев,S3,S4,transactional,transactional,3,https://avito.ru/yaroslavl/predlozheniya_uslug/|https://avito.ru/yaroslavl/predlozheniya_uslug/sad_blagoustroystvo-ASgBAgICAUSYC8KfAQ/|https://uslugi.yandex.ru/16-yaroslavl/category/,owner_boundary_split,hold_distinct_service_owners,cross_service_owner_boundary_reviewed,reviewed,policy_scope_owner,cross-service SERP pair meets a merge or manual-review threshold; the approved S1-S8 service-owner boundary prevents an automatic merge or reassignment
PAIR-BD79C1A7B5F3,Q000060,Q000073,заказать посадку дерева,обрезка деревьев цена,S3,S4,transactional,transactional,2,https://uslugi.yandex.ru/10841-yaroslavl-oblast/category/|https://uslugi.yandex.ru/16-yaroslavl/category/,owner_boundary_split,hold_distinct_service_owners,cross_service_owner_boundary_reviewed,reviewed,policy_scope_owner,cross-service SERP pair meets a merge or manual-review threshold; the approved S1-S8 service-owner boundary prevents an automatic merge or reassignment
PAIR-9381384C8633,Q000060,Q000079,заказать посадку дерева,уход за садом цена,S3,S4,transactional,transactional,3,https://avito.ru/yaroslavl/predlozheniya_uslug/|https://avito.ru/yaroslavl/predlozheniya_uslug/sad_blagoustroystvo-ASgBAgICAUSYC8KfAQ/|https://uslugi.yandex.ru/16-yaroslavl/category/,owner_boundary_split,hold_distinct_service_owners,cross_service_owner_boundary_reviewed,reviewed,policy_scope_owner,cross-service SERP pair meets a merge or manual-review threshold; the approved S1-S8 service-owner boundary prevents an automatic merge or reassignment
PAIR-11391FE08373,Q000060,Q000081,заказать посадку дерева,выравнивание участка,S3,S5,transactional,commercial_research,3,https://avito.ru/yaroslavl/predlozheniya_uslug/|https://uslugi.yandex.ru/10841-yaroslavl-oblast/category/|https://uslugi.yandex.ru/16-yaroslavl/category/,owner_boundary_split,hold_distinct_service_owners,cross_service_owner_boundary_reviewed,reviewed,policy_scope_owner,cross-service SERP pair meets a merge or manual-review threshold; the approved S1-S8 service-owner boundary prevents an automatic merge or reassignment
PAIR-C8A09D0DDDE9,Q000060,Q000082,заказать посадку дерева,выравнивание участка цена,S3,S5,transactional,transactional,3,https://avito.ru/yaroslavl/predlozheniya_uslug/|https://uslugi.yandex.ru/10841-yaroslavl-oblast/category/|https://uslugi.yandex.ru/16-yaroslavl/category/,owner_boundary_split,hold_distinct_service_owners,cross_service_owner_boundary_reviewed,reviewed,policy_scope_owner,cross-service SERP pair meets a merge or manual-review threshold; the approved S1-S8 service-owner boundary prevents an automatic merge or reassignment
PAIR-073F3D31E8A8,Q000060,Q000083,заказать посадку дерева,выравнивание участка ярославль,S3,S5,transactional,commercial_research,2,https://avito.ru/yaroslavl/predlozheniya_uslug/|https://uslugi.yandex.ru/16-yaroslavl/category/,owner_boundary_split,hold_distinct_service_owners,cross_service_owner_boundary_reviewed,reviewed,policy_scope_owner,cross-service SERP pair meets a merge or manual-review threshold; the approved S1-S8 service-owner boundary prevents an automatic merge or reassignment
PAIR-4D6262A07DED,Q000060,Q000088,заказать посадку дерева,заказать выравнивание участка,S3,S5,transactional,transactional,3,https://avito.ru/yaroslavl/predlozheniya_uslug/|https://uslugi.yandex.ru/10841-yaroslavl-oblast/category/|https://uslugi.yandex.ru/16-yaroslavl/category/,owner_boundary_split,hold_distinct_service_owners,cross_service_owner_boundary_reviewed,reviewed,policy_scope_owner,cross-service SERP pair meets a merge or manual-review threshold; the approved S1-S8 service-owner boundary prevents an automatic merge or reassignment
PAIR-6812756B62C4,Q000060,Q000089,заказать посадку дерева,заказать планировку участка,S3,S5,transactional,transactional,3,https://avito.ru/yaroslavl/predlozheniya_uslug/|https://uslugi.yandex.ru/10841-yaroslavl-oblast/category/|https://uslugi.yandex.ru/16-yaroslavl/category/,owner_boundary_split,hold_distinct_service_owners,cross_service_owner_boundary_reviewed,reviewed,policy_scope_owner,cross-service SERP pair meets a merge or manual-review threshold; the approved S1-S8 service-owner boundary prevents an automatic merge or reassignment
PAIR-A36A2F985AB6,Q000060,Q000093,заказать посадку дерева,планировка территории цена,S3,S5,transactional,transactional,3,https://avito.ru/yaroslavl/predlozheniya_uslug/|https://uslugi.yandex.ru/10841-yaroslavl-oblast/category/|https://uslugi.yandex.ru/16-yaroslavl/category/,owner_boundary_split,hold_distinct_service_owners,cross_service_owner_boundary_reviewed,reviewed,policy_scope_owner,cross-service SERP pair meets a merge or manual-review threshold; the approved S1-S8 service-owner boundary prevents an automatic merge or reassignment
PAIR-D57FA4E2C759,Q000060,Q000097,заказать посадку дерева,планировка участка цена,S3,S5,transactional,transactional,3,https://avito.ru/yaroslavl/predlozheniya_uslug/|https://uslugi.yandex.ru/10841-yaroslavl-oblast/category/|https://uslugi.yandex.ru/16-yaroslavl/category/,owner_boundary_split,hold_distinct_service_owners,cross_service_owner_boundary_reviewed,reviewed,policy_scope_owner,cross-service SERP pair meets a merge or manual-review threshold; the approved S1-S8 service-owner boundary prevents an automatic merge or reassignment
PAIR-C290764B42A9,Q000060,Q000098,заказать посадку дерева,планировка участка ярославль,S3,S5,transactional,commercial_research,2,https://avito.ru/yaroslavl/predlozheniya_uslug/|https://uslugi.yandex.ru/16-yaroslavl/category/,owner_boundary_split,hold_distinct_service_owners,cross_service_owner_boundary_reviewed,reviewed,policy_scope_owner,cross-service SERP pair meets a merge or manual-review threshold; the approved S1-S8 service-owner boundary prevents an automatic merge or reassignment
PAIR-366FA466C5D5,Q000060,Q000099,заказать посадку дерева,рассчитать стоимость выравнивания участка 5 соток,S3,S5,transactional,transactional,2,https://avito.ru/yaroslavl/predlozheniya_uslug/|https://uslugi.yandex.ru/10841-yaroslavl-oblast/category/,owner_boundary_split,hold_distinct_service_owners,cross_service_owner_boundary_reviewed,reviewed,policy_scope_owner,cross-service SERP pair meets a merge or manual-review threshold; the approved S1-S8 service-owner boundary prevents an automatic merge or reassignment
PAIR-A153B7C1F9B0,Q000060,Q000116,заказать посадку дерева,въезд на участок цена,S3,S8,transactional,transactional,2,https://avito.ru/yaroslavl/predlozheniya_uslug/|https://uslugi.yandex.ru/16-yaroslavl/category/,owner_boundary_split,hold_distinct_service_owners,cross_service_owner_boundary_reviewed,reviewed,policy_scope_owner,cross-service SERP pair meets a merge or manual-review threshold; the approved S1-S8 service-owner boundary prevents an automatic merge or reassignment
PAIR-1CD039199847,Q000060,Q000119,заказать посадку дерева,въезд через канаву под ключ,S3,S8,transactional,transactional,2,https://avito.ru/yaroslavl/predlozheniya_uslug/|https://uslugi.yandex.ru/16-yaroslavl/category/,owner_boundary_split,hold_distinct_service_owners,cross_service_owner_boundary_reviewed,reviewed,policy_scope_owner,cross-service SERP pair meets a merge or manual-review threshold; the approved S1-S8 service-owner boundary prevents an automatic merge or reassignment
PAIR-1073D5617962,Q000060,Q000120,заказать посадку дерева,въезд через канаву цена,S3,S8,transactional,transactional,2,https://avito.ru/yaroslavl/predlozheniya_uslug/|https://uslugi.yandex.ru/16-yaroslavl/category/,owner_boundary_split,hold_distinct_service_owners,cross_service_owner_boundary_reviewed,reviewed,policy_scope_owner,cross-service SERP pair meets a merge or manual-review threshold; the approved S1-S8 service-owner boundary prevents an automatic merge or reassignment
PAIR-C71DB40A9794,Q000060,Q000122,заказать посадку дерева,заезд на участок под ключ,S3,S8,transactional,transactional,3,https://avito.ru/yaroslavl/predlozheniya_uslug/|https://avito.ru/yaroslavl/predlozheniya_uslug/sad_blagoustroystvo-ASgBAgICAUSYC8KfAQ/|https://uslugi.yandex.ru/16-yaroslavl/category/,owner_boundary_split,hold_distinct_service_owners,cross_service_owner_boundary_reviewed,reviewed,policy_scope_owner,cross-service SERP pair meets a merge or manual-review threshold; the approved S1-S8 service-owner boundary prevents an automatic merge or reassignment
PAIR-E143FB8FF43D,Q000060,Q000124,заказать посадку дерева,заезд на участок цена,S3,S8,transactional,transactional,2,https://avito.ru/yaroslavl/predlozheniya_uslug/|https://uslugi.yandex.ru/16-yaroslavl/category/,owner_boundary_split,hold_distinct_service_owners,cross_service_owner_boundary_reviewed,reviewed,policy_scope_owner,cross-service SERP pair meets a merge or manual-review threshold; the approved S1-S8 service-owner boundary prevents an automatic merge or reassignment
PAIR-8D5B16979F16,Q000060,Q000125,заказать посадку дерева,заезд на участок через канаву в тутаеве,S3,S8,transactional,commercial_research,2,https://avito.ru/yaroslavl/predlozheniya_uslug/|https://uslugi.yandex.ru/16-yaroslavl/category/,owner_boundary_split,hold_distinct_service_owners,cross_service_owner_boundary_reviewed,reviewed,policy_scope_owner,cross-service SERP pair meets a merge or manual-review threshold; the approved S1-S8 service-owner boundary prevents an automatic merge or reassignment
PAIR-1E7745F70EAC,Q000060,Q000126,заказать посадку дерева,заезд на участок через канаву под ключ,S3,S8,transactional,transactional,2,https://avito.ru/yaroslavl/predlozheniya_uslug/|https://uslugi.yandex.ru/16-yaroslavl/category/,owner_boundary_split,hold_distinct_service_owners,cross_service_owner_boundary_reviewed,reviewed,policy_scope_owner,cross-service SERP pair meets a merge or manual-review threshold; the approved S1-S8 service-owner boundary prevents an automatic merge or reassignment
PAIR-ED45E9E263D3,Q000060,Q000128,заказать посадку дерева,заезд на участок через канаву под ключ тутаев,S3,S8,transactional,transactional,2,https://avito.ru/yaroslavl/predlozheniya_uslug/|https://uslugi.yandex.ru/16-yaroslavl/category/,owner_boundary_split,hold_distinct_service_owners,cross_service_owner_boundary_reviewed,reviewed,policy_scope_owner,cross-service SERP pair meets a merge or manual-review threshold; the approved S1-S8 service-owner boundary prevents an automatic merge or reassignment
PAIR-2A105E714206,Q000060,Q000129,заказать посадку дерева,заезд на участок через канаву под ключ ярославль,S3,S8,transactional,transactional,2,https://avito.ru/yaroslavl/predlozheniya_uslug/|https://uslugi.yandex.ru/16-yaroslavl/category/,owner_boundary_split,hold_distinct_service_owners,cross_service_owner_boundary_reviewed,reviewed,policy_scope_owner,cross-service SERP pair meets a merge or manual-review threshold; the approved S1-S8 service-owner boundary prevents an automatic merge or reassignment
PAIR-A870CB531AE1,Q000060,Q000131,заказать посадку дерева,заезд на участок через канаву цена,S3,S8,transactional,transactional,2,https://avito.ru/yaroslavl/predlozheniya_uslug/|https://uslugi.yandex.ru/16-yaroslavl/category/,owner_boundary_split,hold_distinct_service_owners,cross_service_owner_boundary_reviewed,reviewed,policy_scope_owner,cross-service SERP pair meets a merge or manual-review threshold; the approved S1-S8 service-owner boundary prevents an automatic merge or reassignment
PAIR-DB0C84A97E8A,Q000060,Q000133,заказать посадку дерева,заезд через канаву на участок,S3,S8,transactional,commercial_research,2,https://avito.ru/yaroslavl/predlozheniya_uslug/|https://uslugi.yandex.ru/16-yaroslavl/category/,owner_boundary_split,hold_distinct_service_owners,cross_service_owner_boundary_reviewed,reviewed,policy_scope_owner,cross-service SERP pair meets a merge or manual-review threshold; the approved S1-S8 service-owner boundary prevents an automatic merge or reassignment
PAIR-4F0619DABE2F,Q000060,Q000135,заказать посадку дерева,заказать въезд на участок,S3,S8,transactional,transactional,2,https://avito.ru/yaroslavl/predlozheniya_uslug/|https://uslugi.yandex.ru/16-yaroslavl/category/,owner_boundary_split,hold_distinct_service_owners,cross_service_owner_boundary_reviewed,reviewed,policy_scope_owner,cross-service SERP pair meets a merge or manual-review threshold; the approved S1-S8 service-owner boundary prevents an automatic merge or reassignment
PAIR-5A89067DC9A1,Q000060,Q000141,заказать посадку дерева,ярославская область сделать въезд в канаву,S3,S8,transactional,commercial_research,2,https://avito.ru/yaroslavl/predlozheniya_uslug/|https://uslugi.yandex.ru/16-yaroslavl/category/,owner_boundary_split,hold_distinct_service_owners,cross_service_owner_boundary_reviewed,reviewed,policy_scope_owner,cross-service SERP pair meets a merge or manual-review threshold; the approved S1-S8 service-owner boundary prevents an automatic merge or reassignment
PAIR-84F32E9A7FA2,Q000061,Q000062,озеленение участка,озеленение участка под ключ и благоустройство ярославль,S3,S3,commercial_research,transactional,3,https://avito.ru/yaroslavl/predlozheniya_uslug/|https://filsad.ru/|https://progarden.group/,manual_review,hold_current_url,serp_pair_pending_review,pending,,same-service SERP pair meets the explicit manual-review threshold; the existing owner is held and no split or new URL is approved
PAIR-95AA19E940D1,Q000061,Q000067,озеленение участка,стоимость посадки деревьев,S3,S3,commercial_research,transactional,2,https://avito.ru/yaroslavl/predlozheniya_uslug/|https://uslugi.yandex.ru/10841-yaroslavl-oblast/category/,manual_review,hold_current_url,serp_pair_pending_review,pending,,same-service SERP pair meets the explicit manual-review threshold; the existing owner is held and no split or new URL is approved
PAIR-629CD6DCAE8F,Q000061,Q000081,озеленение участка,выравнивание участка,S3,S5,commercial_research,commercial_research,2,https://avito.ru/yaroslavl/predlozheniya_uslug/|https://uslugi.yandex.ru/10841-yaroslavl-oblast/category/,owner_boundary_split,hold_distinct_service_owners,cross_service_owner_boundary_reviewed,reviewed,policy_scope_owner,cross-service SERP pair meets a merge or manual-review threshold; the approved S1-S8 service-owner boundary prevents an automatic merge or reassignment
PAIR-53BCB1ACA1E6,Q000061,Q000082,озеленение участка,выравнивание участка цена,S3,S5,commercial_research,transactional,2,https://avito.ru/yaroslavl/predlozheniya_uslug/|https://uslugi.yandex.ru/10841-yaroslavl-oblast/category/,owner_boundary_split,hold_distinct_service_owners,cross_service_owner_boundary_reviewed,reviewed,policy_scope_owner,cross-service SERP pair meets a merge or manual-review threshold; the approved S1-S8 service-owner boundary prevents an automatic merge or reassignment
PAIR-F19FF2B2464C,Q000061,Q000088,озеленение участка,заказать выравнивание участка,S3,S5,commercial_research,transactional,2,https://avito.ru/yaroslavl/predlozheniya_uslug/|https://uslugi.yandex.ru/10841-yaroslavl-oblast/category/,owner_boundary_split,hold_distinct_service_owners,cross_service_owner_boundary_reviewed,reviewed,policy_scope_owner,cross-service SERP pair meets a merge or manual-review threshold; the approved S1-S8 service-owner boundary prevents an automatic merge or reassignment
PAIR-C2B85911F6C3,Q000061,Q000089,озеленение участка,заказать планировку участка,S3,S5,commercial_research,transactional,2,https://avito.ru/yaroslavl/predlozheniya_uslug/|https://uslugi.yandex.ru/10841-yaroslavl-oblast/category/,owner_boundary_split,hold_distinct_service_owners,cross_service_owner_boundary_reviewed,reviewed,policy_scope_owner,cross-service SERP pair meets a merge or manual-review threshold; the approved S1-S8 service-owner boundary prevents an automatic merge or reassignment
PAIR-A43EDADABF91,Q000061,Q000093,озеленение участка,планировка территории цена,S3,S5,commercial_research,transactional,2,https://avito.ru/yaroslavl/predlozheniya_uslug/|https://uslugi.yandex.ru/10841-yaroslavl-oblast/category/,owner_boundary_split,hold_distinct_service_owners,cross_service_owner_boundary_reviewed,reviewed,policy_scope_owner,cross-service SERP pair meets a merge or manual-review threshold; the approved S1-S8 service-owner boundary prevents an automatic merge or reassignment
PAIR-4EAA5B8D172D,Q000061,Q000097,озеленение участка,планировка участка цена,S3,S5,commercial_research,transactional,2,https://avito.ru/yaroslavl/predlozheniya_uslug/|https://uslugi.yandex.ru/10841-yaroslavl-oblast/category/,owner_boundary_split,hold_distinct_service_owners,cross_service_owner_boundary_reviewed,reviewed,policy_scope_owner,cross-service SERP pair meets a merge or manual-review threshold; the approved S1-S8 service-owner boundary prevents an automatic merge or reassignment
PAIR-15070637423A,Q000061,Q000099,озеленение участка,рассчитать стоимость выравнивания участка 5 соток,S3,S5,commercial_research,transactional,2,https://avito.ru/yaroslavl/predlozheniya_uslug/|https://uslugi.yandex.ru/10841-yaroslavl-oblast/category/,owner_boundary_split,hold_distinct_service_owners,cross_service_owner_boundary_reviewed,reviewed,policy_scope_owner,cross-service SERP pair meets a merge or manual-review threshold; the approved S1-S8 service-owner boundary prevents an automatic merge or reassignment
PAIR-FD5B41C792B1,Q000063,Q000065,посадка деревьев,посадка кустарников,S3,S3,commercial_research,commercial_research,3,https://konturland.ru/articles/posadka_dereviev_kustarnikov/|https://mvideo.ru/blog/pomogaem-razobratsya/zdes-budet-gorod-sad-kak-i-kogda-sazhat-plodovye-derevya-i-kustarniki/|https://treeschool.ru/articles/posadka-derevev-i-kustarnikov-rekomendacii-i-pravila-chast-1/,manual_review,hold_current_url,serp_pair_pending_review,pending,,same-service SERP pair meets the explicit manual-review threshold; the existing owner is held and no split or new URL is approved
PAIR-AD5C10B215E4,Q000067,Q000069,стоимость посадки деревьев,заказать обрезку деревьев,S3,S4,transactional,transactional,2,https://avito.ru/yaroslavl/predlozheniya_uslug/|https://uslugi.yandex.ru/16-yaroslavl/category/,owner_boundary_split,hold_distinct_service_owners,cross_service_owner_boundary_reviewed,reviewed,policy_scope_owner,cross-service SERP pair meets a merge or manual-review threshold; the approved S1-S8 service-owner boundary prevents an automatic merge or reassignment
PAIR-15BCBE423274,Q000067,Q000073,стоимость посадки деревьев,обрезка деревьев цена,S3,S4,transactional,transactional,2,https://uslugi.yandex.ru/10841-yaroslavl-oblast/category/|https://uslugi.yandex.ru/16-yaroslavl/category/,owner_boundary_split,hold_distinct_service_owners,cross_service_owner_boundary_reviewed,reviewed,policy_scope_owner,cross-service SERP pair meets a merge or manual-review threshold; the approved S1-S8 service-owner boundary prevents an automatic merge or reassignment
PAIR-8EF3C3836852,Q000067,Q000079,стоимость посадки деревьев,уход за садом цена,S3,S4,transactional,transactional,2,https://avito.ru/yaroslavl/predlozheniya_uslug/|https://uslugi.yandex.ru/16-yaroslavl/category/,owner_boundary_split,hold_distinct_service_owners,cross_service_owner_boundary_reviewed,reviewed,policy_scope_owner,cross-service SERP pair meets a merge or manual-review threshold; the approved S1-S8 service-owner boundary prevents an automatic merge or reassignment
PAIR-CF9D88096AAE,Q000067,Q000081,стоимость посадки деревьев,выравнивание участка,S3,S5,transactional,commercial_research,3,https://avito.ru/yaroslavl/predlozheniya_uslug/|https://uslugi.yandex.ru/10841-yaroslavl-oblast/category/|https://uslugi.yandex.ru/16-yaroslavl/category/,owner_boundary_split,hold_distinct_service_owners,cross_service_owner_boundary_reviewed,reviewed,policy_scope_owner,cross-service SERP pair meets a merge or manual-review threshold; the approved S1-S8 service-owner boundary prevents an automatic merge or reassignment
PAIR-44192E6B8BDB,Q000067,Q000082,стоимость посадки деревьев,выравнивание участка цена,S3,S5,transactional,transactional,3,https://avito.ru/yaroslavl/predlozheniya_uslug/|https://uslugi.yandex.ru/10841-yaroslavl-oblast/category/|https://uslugi.yandex.ru/16-yaroslavl/category/,owner_boundary_split,hold_distinct_service_owners,cross_service_owner_boundary_reviewed,reviewed,policy_scope_owner,cross-service SERP pair meets a merge or manual-review threshold; the approved S1-S8 service-owner boundary prevents an automatic merge or reassignment
PAIR-46AA968C2C7D,Q000067,Q000083,стоимость посадки деревьев,выравнивание участка ярославль,S3,S5,transactional,commercial_research,2,https://avito.ru/yaroslavl/predlozheniya_uslug/|https://uslugi.yandex.ru/16-yaroslavl/category/,owner_boundary_split,hold_distinct_service_owners,cross_service_owner_boundary_reviewed,reviewed,policy_scope_owner,cross-service SERP pair meets a merge or manual-review threshold; the approved S1-S8 service-owner boundary prevents an automatic merge or reassignment
PAIR-96EEE2ECC12E,Q000067,Q000088,стоимость посадки деревьев,заказать выравнивание участка,S3,S5,transactional,transactional,3,https://avito.ru/yaroslavl/predlozheniya_uslug/|https://uslugi.yandex.ru/10841-yaroslavl-oblast/category/|https://uslugi.yandex.ru/16-yaroslavl/category/,owner_boundary_split,hold_distinct_service_owners,cross_service_owner_boundary_reviewed,reviewed,policy_scope_owner,cross-service SERP pair meets a merge or manual-review threshold; the approved S1-S8 service-owner boundary prevents an automatic merge or reassignment
PAIR-92758EE0F46F,Q000067,Q000089,стоимость посадки деревьев,заказать планировку участка,S3,S5,transactional,transactional,3,https://avito.ru/yaroslavl/predlozheniya_uslug/|https://uslugi.yandex.ru/10841-yaroslavl-oblast/category/|https://uslugi.yandex.ru/16-yaroslavl/category/,owner_boundary_split,hold_distinct_service_owners,cross_service_owner_boundary_reviewed,reviewed,policy_scope_owner,cross-service SERP pair meets a merge or manual-review threshold; the approved S1-S8 service-owner boundary prevents an automatic merge or reassignment
PAIR-CBE693ACBD18,Q000067,Q000093,стоимость посадки деревьев,планировка территории цена,S3,S5,transactional,transactional,3,https://avito.ru/yaroslavl/predlozheniya_uslug/|https://uslugi.yandex.ru/10841-yaroslavl-oblast/category/|https://uslugi.yandex.ru/16-yaroslavl/category/,owner_boundary_split,hold_distinct_service_owners,cross_service_owner_boundary_reviewed,reviewed,policy_scope_owner,cross-service SERP pair meets a merge or manual-review threshold; the approved S1-S8 service-owner boundary prevents an automatic merge or reassignment
PAIR-4AF0ECA76DB8,Q000067,Q000097,стоимость посадки деревьев,планировка участка цена,S3,S5,transactional,transactional,3,https://avito.ru/yaroslavl/predlozheniya_uslug/|https://uslugi.yandex.ru/10841-yaroslavl-oblast/category/|https://uslugi.yandex.ru/16-yaroslavl/category/,owner_boundary_split,hold_distinct_service_owners,cross_service_owner_boundary_reviewed,reviewed,policy_scope_owner,cross-service SERP pair meets a merge or manual-review threshold; the approved S1-S8 service-owner boundary prevents an automatic merge or reassignment
PAIR-C7498314D0A9,Q000067,Q000098,стоимость посадки деревьев,планировка участка ярославль,S3,S5,transactional,commercial_research,2,https://avito.ru/yaroslavl/predlozheniya_uslug/|https://uslugi.yandex.ru/16-yaroslavl/category/,owner_boundary_split,hold_distinct_service_owners,cross_service_owner_boundary_reviewed,reviewed,policy_scope_owner,cross-service SERP pair meets a merge or manual-review threshold; the approved S1-S8 service-owner boundary prevents an automatic merge or reassignment
PAIR-0BC2D519F388,Q000067,Q000099,стоимость посадки деревьев,рассчитать стоимость выравнивания участка 5 соток,S3,S5,transactional,transactional,2,https://avito.ru/yaroslavl/predlozheniya_uslug/|https://uslugi.yandex.ru/10841-yaroslavl-oblast/category/,owner_boundary_split,hold_distinct_service_owners,cross_service_owner_boundary_reviewed,reviewed,policy_scope_owner,cross-service SERP pair meets a merge or manual-review threshold; the approved S1-S8 service-owner boundary prevents an automatic merge or reassignment
PAIR-5359615548FA,Q000067,Q000116,стоимость посадки деревьев,въезд на участок цена,S3,S8,transactional,transactional,2,https://avito.ru/yaroslavl/predlozheniya_uslug/|https://uslugi.yandex.ru/16-yaroslavl/category/,owner_boundary_split,hold_distinct_service_owners,cross_service_owner_boundary_reviewed,reviewed,policy_scope_owner,cross-service SERP pair meets a merge or manual-review threshold; the approved S1-S8 service-owner boundary prevents an automatic merge or reassignment
PAIR-C1330939BA90,Q000067,Q000119,стоимость посадки деревьев,въезд через канаву под ключ,S3,S8,transactional,transactional,2,https://avito.ru/yaroslavl/predlozheniya_uslug/|https://uslugi.yandex.ru/16-yaroslavl/category/,owner_boundary_split,hold_distinct_service_owners,cross_service_owner_boundary_reviewed,reviewed,policy_scope_owner,cross-service SERP pair meets a merge or manual-review threshold; the approved S1-S8 service-owner boundary prevents an automatic merge or reassignment
PAIR-2F4B2C9BBB27,Q000067,Q000120,стоимость посадки деревьев,въезд через канаву цена,S3,S8,transactional,transactional,2,https://avito.ru/yaroslavl/predlozheniya_uslug/|https://uslugi.yandex.ru/16-yaroslavl/category/,owner_boundary_split,hold_distinct_service_owners,cross_service_owner_boundary_reviewed,reviewed,policy_scope_owner,cross-service SERP pair meets a merge or manual-review threshold; the approved S1-S8 service-owner boundary prevents an automatic merge or reassignment
PAIR-B37C05FC2688,Q000067,Q000122,стоимость посадки деревьев,заезд на участок под ключ,S3,S8,transactional,transactional,2,https://avito.ru/yaroslavl/predlozheniya_uslug/|https://uslugi.yandex.ru/16-yaroslavl/category/,owner_boundary_split,hold_distinct_service_owners,cross_service_owner_boundary_reviewed,reviewed,policy_scope_owner,cross-service SERP pair meets a merge or manual-review threshold; the approved S1-S8 service-owner boundary prevents an automatic merge or reassignment
PAIR-7066078DBE77,Q000067,Q000124,стоимость посадки деревьев,заезд на участок цена,S3,S8,transactional,transactional,2,https://avito.ru/yaroslavl/predlozheniya_uslug/|https://uslugi.yandex.ru/16-yaroslavl/category/,owner_boundary_split,hold_distinct_service_owners,cross_service_owner_boundary_reviewed,reviewed,policy_scope_owner,cross-service SERP pair meets a merge or manual-review threshold; the approved S1-S8 service-owner boundary prevents an automatic merge or reassignment
PAIR-CBEFE1F626A2,Q000067,Q000125,стоимость посадки деревьев,заезд на участок через канаву в тутаеве,S3,S8,transactional,commercial_research,2,https://avito.ru/yaroslavl/predlozheniya_uslug/|https://uslugi.yandex.ru/16-yaroslavl/category/,owner_boundary_split,hold_distinct_service_owners,cross_service_owner_boundary_reviewed,reviewed,policy_scope_owner,cross-service SERP pair meets a merge or manual-review threshold; the approved S1-S8 service-owner boundary prevents an automatic merge or reassignment
PAIR-90DFE71F4224,Q000067,Q000126,стоимость посадки деревьев,заезд на участок через канаву под ключ,S3,S8,transactional,transactional,2,https://avito.ru/yaroslavl/predlozheniya_uslug/|https://uslugi.yandex.ru/16-yaroslavl/category/,owner_boundary_split,hold_distinct_service_owners,cross_service_owner_boundary_reviewed,reviewed,policy_scope_owner,cross-service SERP pair meets a merge or manual-review threshold; the approved S1-S8 service-owner boundary prevents an automatic merge or reassignment
PAIR-6AA9713720FF,Q000067,Q000128,стоимость посадки деревьев,заезд на участок через канаву под ключ тутаев,S3,S8,transactional,transactional,2,https://avito.ru/yaroslavl/predlozheniya_uslug/|https://uslugi.yandex.ru/16-yaroslavl/category/,owner_boundary_split,hold_distinct_service_owners,cross_service_owner_boundary_reviewed,reviewed,policy_scope_owner,cross-service SERP pair meets a merge or manual-review threshold; the approved S1-S8 service-owner boundary prevents an automatic merge or reassignment
PAIR-2E6EFCE6F248,Q000067,Q000129,стоимость посадки деревьев,заезд на участок через канаву под ключ ярославль,S3,S8,transactional,transactional,2,https://avito.ru/yaroslavl/predlozheniya_uslug/|https://uslugi.yandex.ru/16-yaroslavl/category/,owner_boundary_split,hold_distinct_service_owners,cross_service_owner_boundary_reviewed,reviewed,policy_scope_owner,cross-service SERP pair meets a merge or manual-review threshold; the approved S1-S8 service-owner boundary prevents an automatic merge or reassignment
PAIR-2CD8D02B92F3,Q000067,Q000131,стоимость посадки деревьев,заезд на участок через канаву цена,S3,S8,transactional,transactional,2,https://avito.ru/yaroslavl/predlozheniya_uslug/|https://uslugi.yandex.ru/16-yaroslavl/category/,owner_boundary_split,hold_distinct_service_owners,cross_service_owner_boundary_reviewed,reviewed,policy_scope_owner,cross-service SERP pair meets a merge or manual-review threshold; the approved S1-S8 service-owner boundary prevents an automatic merge or reassignment
PAIR-864559A2DD23,Q000067,Q000133,стоимость посадки деревьев,заезд через канаву на участок,S3,S8,transactional,commercial_research,2,https://avito.ru/yaroslavl/predlozheniya_uslug/|https://uslugi.yandex.ru/16-yaroslavl/category/,owner_boundary_split,hold_distinct_service_owners,cross_service_owner_boundary_reviewed,reviewed,policy_scope_owner,cross-service SERP pair meets a merge or manual-review threshold; the approved S1-S8 service-owner boundary prevents an automatic merge or reassignment
PAIR-2CEE88D131A8,Q000067,Q000135,стоимость посадки деревьев,заказать въезд на участок,S3,S8,transactional,transactional,2,https://avito.ru/yaroslavl/predlozheniya_uslug/|https://uslugi.yandex.ru/16-yaroslavl/category/,owner_boundary_split,hold_distinct_service_owners,cross_service_owner_boundary_reviewed,reviewed,policy_scope_owner,cross-service SERP pair meets a merge or manual-review threshold; the approved S1-S8 service-owner boundary prevents an automatic merge or reassignment
PAIR-C9E1867CAB00,Q000067,Q000141,стоимость посадки деревьев,ярославская область сделать въезд в канаву,S3,S8,transactional,commercial_research,2,https://avito.ru/yaroslavl/predlozheniya_uslug/|https://uslugi.yandex.ru/16-yaroslavl/category/,owner_boundary_split,hold_distinct_service_owners,cross_service_owner_boundary_reviewed,reviewed,policy_scope_owner,cross-service SERP pair meets a merge or manual-review threshold; the approved S1-S8 service-owner boundary prevents an automatic merge or reassignment
PAIR-3D0F5D4A65F2,Q000068,Q000069,услуги по выбору и посадке фруктовых деревьев в ярославле,заказать обрезку деревьев,S3,S4,transactional,transactional,3,https://avito.ru/yaroslavl/predlozheniya_uslug/|https://avito.ru/yaroslavskaya_oblast/predlozheniya_uslug/|https://uslugi.yandex.ru/16-yaroslavl/category/,owner_boundary_split,hold_distinct_service_owners,cross_service_owner_boundary_reviewed,reviewed,policy_scope_owner,cross-service SERP pair meets a merge or manual-review threshold; the approved S1-S8 service-owner boundary prevents an automatic merge or reassignment
PAIR-0A7CA5333F01,Q000068,Q000075,услуги по выбору и посадке фруктовых деревьев в ярославле,обслуживание садов,S3,S4,transactional,commercial_research,2,https://avito.ru/yaroslavl/predlozheniya_uslug/sad_blagoustroystvo/ozelenenie_uhod_za_sadom_i_ogorodom-ASgBAgICAkSYC8KfAdCuDvy80AE/|https://uslugi.yandex.ru/16-yaroslavl/category/,owner_boundary_split,hold_distinct_service_owners,cross_service_owner_boundary_reviewed,reviewed,policy_scope_owner,cross-service SERP pair meets a merge or manual-review threshold; the approved S1-S8 service-owner boundary prevents an automatic merge or reassignment
PAIR-134C84BB3ECB,Q000068,Q000078,услуги по выбору и посадке фруктовых деревьев в ярославле,уход за садом,S3,S4,transactional,commercial_research,2,https://avito.ru/yaroslavl/predlozheniya_uslug/|https://avito.ru/yaroslavl/predlozheniya_uslug/sad_blagoustroystvo/ozelenenie_uhod_za_sadom_i_ogorodom-ASgBAgICAkSYC8KfAdCuDvy80AE/,owner_boundary_split,hold_distinct_service_owners,cross_service_owner_boundary_reviewed,reviewed,policy_scope_owner,cross-service SERP pair meets a merge or manual-review threshold; the approved S1-S8 service-owner boundary prevents an automatic merge or reassignment
PAIR-17F018A46E38,Q000068,Q000079,услуги по выбору и посадке фруктовых деревьев в ярославле,уход за садом цена,S3,S4,transactional,transactional,3,https://avito.ru/yaroslavl/predlozheniya_uslug/|https://avito.ru/yaroslavl/predlozheniya_uslug/sad_blagoustroystvo/ozelenenie_uhod_za_sadom_i_ogorodom-ASgBAgICAkSYC8KfAdCuDvy80AE/|https://uslugi.yandex.ru/16-yaroslavl/category/,owner_boundary_split,hold_distinct_service_owners,cross_service_owner_boundary_reviewed,reviewed,policy_scope_owner,cross-service SERP pair meets a merge or manual-review threshold; the approved S1-S8 service-owner boundary prevents an automatic merge or reassignment
PAIR-167C0795F2EE,Q000068,Q000081,услуги по выбору и посадке фруктовых деревьев в ярославле,выравнивание участка,S3,S5,transactional,commercial_research,2,https://avito.ru/yaroslavl/predlozheniya_uslug/|https://uslugi.yandex.ru/16-yaroslavl/category/,owner_boundary_split,hold_distinct_service_owners,cross_service_owner_boundary_reviewed,reviewed,policy_scope_owner,cross-service SERP pair meets a merge or manual-review threshold; the approved S1-S8 service-owner boundary prevents an automatic merge or reassignment
PAIR-2D22DC86D9DD,Q000068,Q000082,услуги по выбору и посадке фруктовых деревьев в ярославле,выравнивание участка цена,S3,S5,transactional,transactional,2,https://avito.ru/yaroslavl/predlozheniya_uslug/|https://uslugi.yandex.ru/16-yaroslavl/category/,owner_boundary_split,hold_distinct_service_owners,cross_service_owner_boundary_reviewed,reviewed,policy_scope_owner,cross-service SERP pair meets a merge or manual-review threshold; the approved S1-S8 service-owner boundary prevents an automatic merge or reassignment
PAIR-074ED58FE24B,Q000068,Q000083,услуги по выбору и посадке фруктовых деревьев в ярославле,выравнивание участка ярославль,S3,S5,transactional,commercial_research,2,https://avito.ru/yaroslavl/predlozheniya_uslug/|https://uslugi.yandex.ru/16-yaroslavl/category/,owner_boundary_split,hold_distinct_service_owners,cross_service_owner_boundary_reviewed,reviewed,policy_scope_owner,cross-service SERP pair meets a merge or manual-review threshold; the approved S1-S8 service-owner boundary prevents an automatic merge or reassignment
PAIR-47C5308ED422,Q000068,Q000088,услуги по выбору и посадке фруктовых деревьев в ярославле,заказать выравнивание участка,S3,S5,transactional,transactional,2,https://avito.ru/yaroslavl/predlozheniya_uslug/|https://uslugi.yandex.ru/16-yaroslavl/category/,owner_boundary_split,hold_distinct_service_owners,cross_service_owner_boundary_reviewed,reviewed,policy_scope_owner,cross-service SERP pair meets a merge or manual-review threshold; the approved S1-S8 service-owner boundary prevents an automatic merge or reassignment
PAIR-E1BD7B2DDFCC,Q000068,Q000089,услуги по выбору и посадке фруктовых деревьев в ярославле,заказать планировку участка,S3,S5,transactional,transactional,3,https://avito.ru/yaroslavl/predlozheniya_uslug/|https://avito.ru/yaroslavskaya_oblast/predlozheniya_uslug/|https://uslugi.yandex.ru/16-yaroslavl/category/,owner_boundary_split,hold_distinct_service_owners,cross_service_owner_boundary_reviewed,reviewed,policy_scope_owner,cross-service SERP pair meets a merge or manual-review threshold; the approved S1-S8 service-owner boundary prevents an automatic merge or reassignment
PAIR-8CF7331CE8BB,Q000068,Q000093,услуги по выбору и посадке фруктовых деревьев в ярославле,планировка территории цена,S3,S5,transactional,transactional,3,https://avito.ru/yaroslavl/predlozheniya_uslug/|https://avito.ru/yaroslavskaya_oblast/predlozheniya_uslug/|https://uslugi.yandex.ru/16-yaroslavl/category/,owner_boundary_split,hold_distinct_service_owners,cross_service_owner_boundary_reviewed,reviewed,policy_scope_owner,cross-service SERP pair meets a merge or manual-review threshold; the approved S1-S8 service-owner boundary prevents an automatic merge or reassignment
PAIR-8F08F852C585,Q000068,Q000097,услуги по выбору и посадке фруктовых деревьев в ярославле,планировка участка цена,S3,S5,transactional,transactional,2,https://avito.ru/yaroslavl/predlozheniya_uslug/|https://uslugi.yandex.ru/16-yaroslavl/category/,owner_boundary_split,hold_distinct_service_owners,cross_service_owner_boundary_reviewed,reviewed,policy_scope_owner,cross-service SERP pair meets a merge or manual-review threshold; the approved S1-S8 service-owner boundary prevents an automatic merge or reassignment
PAIR-05588A812045,Q000068,Q000098,услуги по выбору и посадке фруктовых деревьев в ярославле,планировка участка ярославль,S3,S5,transactional,commercial_research,3,https://avito.ru/yaroslavl/predlozheniya_uslug/|https://avito.ru/yaroslavskaya_oblast/predlozheniya_uslug/|https://uslugi.yandex.ru/16-yaroslavl/category/,owner_boundary_split,hold_distinct_service_owners,cross_service_owner_boundary_reviewed,reviewed,policy_scope_owner,cross-service SERP pair meets a merge or manual-review threshold; the approved S1-S8 service-owner boundary prevents an automatic merge or reassignment
PAIR-96158D74ACA1,Q000068,Q000100,услуги по выбору и посадке фруктовых деревьев в ярославле,организация выполняющая установкой гравитационной подпорной стены ярославль,S3,S6,transactional,commercial_research,2,https://avito.ru/yaroslavskaya_oblast/predlozheniya_uslug/|https://uslugi.yandex.ru/16-yaroslavl/category/,owner_boundary_split,hold_distinct_service_owners,cross_service_owner_boundary_reviewed,reviewed,policy_scope_owner,cross-service SERP pair meets a merge or manual-review threshold; the approved S1-S8 service-owner boundary prevents an automatic merge or reassignment
PAIR-149192AC739B,Q000068,Q000116,услуги по выбору и посадке фруктовых деревьев в ярославле,въезд на участок цена,S3,S8,transactional,transactional,3,https://avito.ru/yaroslavl/predlozheniya_uslug/|https://avito.ru/yaroslavskaya_oblast/predlozheniya_uslug/|https://uslugi.yandex.ru/16-yaroslavl/category/,owner_boundary_split,hold_distinct_service_owners,cross_service_owner_boundary_reviewed,reviewed,policy_scope_owner,cross-service SERP pair meets a merge or manual-review threshold; the approved S1-S8 service-owner boundary prevents an automatic merge or reassignment
PAIR-2493187220EE,Q000068,Q000119,услуги по выбору и посадке фруктовых деревьев в ярославле,въезд через канаву под ключ,S3,S8,transactional,transactional,2,https://avito.ru/yaroslavl/predlozheniya_uslug/|https://uslugi.yandex.ru/16-yaroslavl/category/,owner_boundary_split,hold_distinct_service_owners,cross_service_owner_boundary_reviewed,reviewed,policy_scope_owner,cross-service SERP pair meets a merge or manual-review threshold; the approved S1-S8 service-owner boundary prevents an automatic merge or reassignment
PAIR-8BD5071370F7,Q000068,Q000120,услуги по выбору и посадке фруктовых деревьев в ярославле,въезд через канаву цена,S3,S8,transactional,transactional,2,https://avito.ru/yaroslavl/predlozheniya_uslug/|https://uslugi.yandex.ru/16-yaroslavl/category/,owner_boundary_split,hold_distinct_service_owners,cross_service_owner_boundary_reviewed,reviewed,policy_scope_owner,cross-service SERP pair meets a merge or manual-review threshold; the approved S1-S8 service-owner boundary prevents an automatic merge or reassignment
PAIR-8A60275ECC33,Q000068,Q000122,услуги по выбору и посадке фруктовых деревьев в ярославле,заезд на участок под ключ,S3,S8,transactional,transactional,2,https://avito.ru/yaroslavl/predlozheniya_uslug/|https://uslugi.yandex.ru/16-yaroslavl/category/,owner_boundary_split,hold_distinct_service_owners,cross_service_owner_boundary_reviewed,reviewed,policy_scope_owner,cross-service SERP pair meets a merge or manual-review threshold; the approved S1-S8 service-owner boundary prevents an automatic merge or reassignment
PAIR-8C0C921223B0,Q000068,Q000124,услуги по выбору и посадке фруктовых деревьев в ярославле,заезд на участок цена,S3,S8,transactional,transactional,2,https://avito.ru/yaroslavl/predlozheniya_uslug/|https://uslugi.yandex.ru/16-yaroslavl/category/,owner_boundary_split,hold_distinct_service_owners,cross_service_owner_boundary_reviewed,reviewed,policy_scope_owner,cross-service SERP pair meets a merge or manual-review threshold; the approved S1-S8 service-owner boundary prevents an automatic merge or reassignment
PAIR-6FBF03D299E1,Q000068,Q000125,услуги по выбору и посадке фруктовых деревьев в ярославле,заезд на участок через канаву в тутаеве,S3,S8,transactional,commercial_research,2,https://avito.ru/yaroslavl/predlozheniya_uslug/|https://uslugi.yandex.ru/16-yaroslavl/category/,owner_boundary_split,hold_distinct_service_owners,cross_service_owner_boundary_reviewed,reviewed,policy_scope_owner,cross-service SERP pair meets a merge or manual-review threshold; the approved S1-S8 service-owner boundary prevents an automatic merge or reassignment
PAIR-A1DC4B5E177A,Q000068,Q000126,услуги по выбору и посадке фруктовых деревьев в ярославле,заезд на участок через канаву под ключ,S3,S8,transactional,transactional,2,https://avito.ru/yaroslavl/predlozheniya_uslug/|https://uslugi.yandex.ru/16-yaroslavl/category/,owner_boundary_split,hold_distinct_service_owners,cross_service_owner_boundary_reviewed,reviewed,policy_scope_owner,cross-service SERP pair meets a merge or manual-review threshold; the approved S1-S8 service-owner boundary prevents an automatic merge or reassignment
PAIR-7FF3200959CE,Q000068,Q000128,услуги по выбору и посадке фруктовых деревьев в ярославле,заезд на участок через канаву под ключ тутаев,S3,S8,transactional,transactional,2,https://avito.ru/yaroslavl/predlozheniya_uslug/|https://uslugi.yandex.ru/16-yaroslavl/category/,owner_boundary_split,hold_distinct_service_owners,cross_service_owner_boundary_reviewed,reviewed,policy_scope_owner,cross-service SERP pair meets a merge or manual-review threshold; the approved S1-S8 service-owner boundary prevents an automatic merge or reassignment
PAIR-3B0C070688C3,Q000068,Q000129,услуги по выбору и посадке фруктовых деревьев в ярославле,заезд на участок через канаву под ключ ярославль,S3,S8,transactional,transactional,2,https://avito.ru/yaroslavl/predlozheniya_uslug/|https://uslugi.yandex.ru/16-yaroslavl/category/,owner_boundary_split,hold_distinct_service_owners,cross_service_owner_boundary_reviewed,reviewed,policy_scope_owner,cross-service SERP pair meets a merge or manual-review threshold; the approved S1-S8 service-owner boundary prevents an automatic merge or reassignment
PAIR-E82102A67B4F,Q000068,Q000131,услуги по выбору и посадке фруктовых деревьев в ярославле,заезд на участок через канаву цена,S3,S8,transactional,transactional,2,https://avito.ru/yaroslavl/predlozheniya_uslug/|https://uslugi.yandex.ru/16-yaroslavl/category/,owner_boundary_split,hold_distinct_service_owners,cross_service_owner_boundary_reviewed,reviewed,policy_scope_owner,cross-service SERP pair meets a merge or manual-review threshold; the approved S1-S8 service-owner boundary prevents an automatic merge or reassignment
PAIR-320C800D6485,Q000068,Q000133,услуги по выбору и посадке фруктовых деревьев в ярославле,заезд через канаву на участок,S3,S8,transactional,commercial_research,2,https://avito.ru/yaroslavl/predlozheniya_uslug/|https://uslugi.yandex.ru/16-yaroslavl/category/,owner_boundary_split,hold_distinct_service_owners,cross_service_owner_boundary_reviewed,reviewed,policy_scope_owner,cross-service SERP pair meets a merge or manual-review threshold; the approved S1-S8 service-owner boundary prevents an automatic merge or reassignment
PAIR-8176F8BF68A0,Q000068,Q000135,услуги по выбору и посадке фруктовых деревьев в ярославле,заказать въезд на участок,S3,S8,transactional,transactional,3,https://avito.ru/yaroslavl/predlozheniya_uslug/|https://avito.ru/yaroslavskaya_oblast/predlozheniya_uslug/|https://uslugi.yandex.ru/16-yaroslavl/category/,owner_boundary_split,hold_distinct_service_owners,cross_service_owner_boundary_reviewed,reviewed,policy_scope_owner,cross-service SERP pair meets a merge or manual-review threshold; the approved S1-S8 service-owner boundary prevents an automatic merge or reassignment
PAIR-F411E6291C28,Q000068,Q000141,услуги по выбору и посадке фруктовых деревьев в ярославле,ярославская область сделать въезд в канаву,S3,S8,transactional,commercial_research,3,https://avito.ru/yaroslavl/predlozheniya_uslug/|https://avito.ru/yaroslavskaya_oblast/predlozheniya_uslug/|https://uslugi.yandex.ru/16-yaroslavl/category/,owner_boundary_split,hold_distinct_service_owners,cross_service_owner_boundary_reviewed,reviewed,policy_scope_owner,cross-service SERP pair meets a merge or manual-review threshold; the approved S1-S8 service-owner boundary prevents an automatic merge or reassignment
PAIR-F26C78F70668,Q000069,Q000079,заказать обрезку деревьев,уход за садом цена,S4,S4,transactional,transactional,3,https://avito.ru/yaroslavl/predlozheniya_uslug/|https://avito.ru/yaroslavl/predlozheniya_uslug/sad_blagoustroystvo-ASgBAgICAUSYC8KfAQ/|https://uslugi.yandex.ru/16-yaroslavl/category/,manual_review,hold_current_url,serp_pair_pending_review,pending,,same-service SERP pair meets the explicit manual-review threshold; the existing owner is held and no split or new URL is approved
PAIR-F6D2096283C4,Q000069,Q000081,заказать обрезку деревьев,выравнивание участка,S4,S5,transactional,commercial_research,2,https://avito.ru/yaroslavl/predlozheniya_uslug/|https://uslugi.yandex.ru/16-yaroslavl/category/,owner_boundary_split,hold_distinct_service_owners,cross_service_owner_boundary_reviewed,reviewed,policy_scope_owner,cross-service SERP pair meets a merge or manual-review threshold; the approved S1-S8 service-owner boundary prevents an automatic merge or reassignment
PAIR-F5A826F6E338,Q000069,Q000082,заказать обрезку деревьев,выравнивание участка цена,S4,S5,transactional,transactional,2,https://avito.ru/yaroslavl/predlozheniya_uslug/|https://uslugi.yandex.ru/16-yaroslavl/category/,owner_boundary_split,hold_distinct_service_owners,cross_service_owner_boundary_reviewed,reviewed,policy_scope_owner,cross-service SERP pair meets a merge or manual-review threshold; the approved S1-S8 service-owner boundary prevents an automatic merge or reassignment
PAIR-C08403D29A35,Q000069,Q000083,заказать обрезку деревьев,выравнивание участка ярославль,S4,S5,transactional,commercial_research,2,https://avito.ru/yaroslavl/predlozheniya_uslug/|https://uslugi.yandex.ru/16-yaroslavl/category/,owner_boundary_split,hold_distinct_service_owners,cross_service_owner_boundary_reviewed,reviewed,policy_scope_owner,cross-service SERP pair meets a merge or manual-review threshold; the approved S1-S8 service-owner boundary prevents an automatic merge or reassignment
PAIR-2FE2954641C7,Q000069,Q000088,заказать обрезку деревьев,заказать выравнивание участка,S4,S5,transactional,transactional,2,https://avito.ru/yaroslavl/predlozheniya_uslug/|https://uslugi.yandex.ru/16-yaroslavl/category/,owner_boundary_split,hold_distinct_service_owners,cross_service_owner_boundary_reviewed,reviewed,policy_scope_owner,cross-service SERP pair meets a merge or manual-review threshold; the approved S1-S8 service-owner boundary prevents an automatic merge or reassignment
PAIR-D4F7F1D745E3,Q000069,Q000089,заказать обрезку деревьев,заказать планировку участка,S4,S5,transactional,transactional,3,https://avito.ru/yaroslavl/predlozheniya_uslug/|https://avito.ru/yaroslavskaya_oblast/predlozheniya_uslug/|https://uslugi.yandex.ru/16-yaroslavl/category/,owner_boundary_split,hold_distinct_service_owners,cross_service_owner_boundary_reviewed,reviewed,policy_scope_owner,cross-service SERP pair meets a merge or manual-review threshold; the approved S1-S8 service-owner boundary prevents an automatic merge or reassignment
PAIR-30FC1B682C97,Q000069,Q000093,заказать обрезку деревьев,планировка территории цена,S4,S5,transactional,transactional,3,https://avito.ru/yaroslavl/predlozheniya_uslug/|https://avito.ru/yaroslavskaya_oblast/predlozheniya_uslug/|https://uslugi.yandex.ru/16-yaroslavl/category/,owner_boundary_split,hold_distinct_service_owners,cross_service_owner_boundary_reviewed,reviewed,policy_scope_owner,cross-service SERP pair meets a merge or manual-review threshold; the approved S1-S8 service-owner boundary prevents an automatic merge or reassignment
PAIR-9957F616F611,Q000069,Q000097,заказать обрезку деревьев,планировка участка цена,S4,S5,transactional,transactional,2,https://avito.ru/yaroslavl/predlozheniya_uslug/|https://uslugi.yandex.ru/16-yaroslavl/category/,owner_boundary_split,hold_distinct_service_owners,cross_service_owner_boundary_reviewed,reviewed,policy_scope_owner,cross-service SERP pair meets a merge or manual-review threshold; the approved S1-S8 service-owner boundary prevents an automatic merge or reassignment
PAIR-06C1F910D156,Q000069,Q000098,заказать обрезку деревьев,планировка участка ярославль,S4,S5,transactional,commercial_research,3,https://avito.ru/yaroslavl/predlozheniya_uslug/|https://avito.ru/yaroslavskaya_oblast/predlozheniya_uslug/|https://uslugi.yandex.ru/16-yaroslavl/category/,owner_boundary_split,hold_distinct_service_owners,cross_service_owner_boundary_reviewed,reviewed,policy_scope_owner,cross-service SERP pair meets a merge or manual-review threshold; the approved S1-S8 service-owner boundary prevents an automatic merge or reassignment
PAIR-6CC1466138BF,Q000069,Q000100,заказать обрезку деревьев,организация выполняющая установкой гравитационной подпорной стены ярославль,S4,S6,transactional,commercial_research,2,https://avito.ru/yaroslavskaya_oblast/predlozheniya_uslug/|https://uslugi.yandex.ru/16-yaroslavl/category/,owner_boundary_split,hold_distinct_service_owners,cross_service_owner_boundary_reviewed,reviewed,policy_scope_owner,cross-service SERP pair meets a merge or manual-review threshold; the approved S1-S8 service-owner boundary prevents an automatic merge or reassignment
PAIR-529079EAF260,Q000069,Q000116,заказать обрезку деревьев,въезд на участок цена,S4,S8,transactional,transactional,3,https://avito.ru/yaroslavl/predlozheniya_uslug/|https://avito.ru/yaroslavskaya_oblast/predlozheniya_uslug/|https://uslugi.yandex.ru/16-yaroslavl/category/,owner_boundary_split,hold_distinct_service_owners,cross_service_owner_boundary_reviewed,reviewed,policy_scope_owner,cross-service SERP pair meets a merge or manual-review threshold; the approved S1-S8 service-owner boundary prevents an automatic merge or reassignment
PAIR-8A0F859C9B3E,Q000069,Q000119,заказать обрезку деревьев,въезд через канаву под ключ,S4,S8,transactional,transactional,2,https://avito.ru/yaroslavl/predlozheniya_uslug/|https://uslugi.yandex.ru/16-yaroslavl/category/,owner_boundary_split,hold_distinct_service_owners,cross_service_owner_boundary_reviewed,reviewed,policy_scope_owner,cross-service SERP pair meets a merge or manual-review threshold; the approved S1-S8 service-owner boundary prevents an automatic merge or reassignment
PAIR-F010FEFF610D,Q000069,Q000120,заказать обрезку деревьев,въезд через канаву цена,S4,S8,transactional,transactional,2,https://avito.ru/yaroslavl/predlozheniya_uslug/|https://uslugi.yandex.ru/16-yaroslavl/category/,owner_boundary_split,hold_distinct_service_owners,cross_service_owner_boundary_reviewed,reviewed,policy_scope_owner,cross-service SERP pair meets a merge or manual-review threshold; the approved S1-S8 service-owner boundary prevents an automatic merge or reassignment
PAIR-0DB4CA5B6E73,Q000069,Q000122,заказать обрезку деревьев,заезд на участок под ключ,S4,S8,transactional,transactional,3,https://avito.ru/yaroslavl/predlozheniya_uslug/|https://avito.ru/yaroslavl/predlozheniya_uslug/sad_blagoustroystvo-ASgBAgICAUSYC8KfAQ/|https://uslugi.yandex.ru/16-yaroslavl/category/,owner_boundary_split,hold_distinct_service_owners,cross_service_owner_boundary_reviewed,reviewed,policy_scope_owner,cross-service SERP pair meets a merge or manual-review threshold; the approved S1-S8 service-owner boundary prevents an automatic merge or reassignment
PAIR-271119592BDA,Q000069,Q000124,заказать обрезку деревьев,заезд на участок цена,S4,S8,transactional,transactional,2,https://avito.ru/yaroslavl/predlozheniya_uslug/|https://uslugi.yandex.ru/16-yaroslavl/category/,owner_boundary_split,hold_distinct_service_owners,cross_service_owner_boundary_reviewed,reviewed,policy_scope_owner,cross-service SERP pair meets a merge or manual-review threshold; the approved S1-S8 service-owner boundary prevents an automatic merge or reassignment
PAIR-2B551D267915,Q000069,Q000125,заказать обрезку деревьев,заезд на участок через канаву в тутаеве,S4,S8,transactional,commercial_research,2,https://avito.ru/yaroslavl/predlozheniya_uslug/|https://uslugi.yandex.ru/16-yaroslavl/category/,owner_boundary_split,hold_distinct_service_owners,cross_service_owner_boundary_reviewed,reviewed,policy_scope_owner,cross-service SERP pair meets a merge or manual-review threshold; the approved S1-S8 service-owner boundary prevents an automatic merge or reassignment
PAIR-54D0283A3DF2,Q000069,Q000126,заказать обрезку деревьев,заезд на участок через канаву под ключ,S4,S8,transactional,transactional,2,https://avito.ru/yaroslavl/predlozheniya_uslug/|https://uslugi.yandex.ru/16-yaroslavl/category/,owner_boundary_split,hold_distinct_service_owners,cross_service_owner_boundary_reviewed,reviewed,policy_scope_owner,cross-service SERP pair meets a merge or manual-review threshold; the approved S1-S8 service-owner boundary prevents an automatic merge or reassignment
PAIR-2B18030FE506,Q000069,Q000128,заказать обрезку деревьев,заезд на участок через канаву под ключ тутаев,S4,S8,transactional,transactional,2,https://avito.ru/yaroslavl/predlozheniya_uslug/|https://uslugi.yandex.ru/16-yaroslavl/category/,owner_boundary_split,hold_distinct_service_owners,cross_service_owner_boundary_reviewed,reviewed,policy_scope_owner,cross-service SERP pair meets a merge or manual-review threshold; the approved S1-S8 service-owner boundary prevents an automatic merge or reassignment
PAIR-7B566BD833FE,Q000069,Q000129,заказать обрезку деревьев,заезд на участок через канаву под ключ ярославль,S4,S8,transactional,transactional,2,https://avito.ru/yaroslavl/predlozheniya_uslug/|https://uslugi.yandex.ru/16-yaroslavl/category/,owner_boundary_split,hold_distinct_service_owners,cross_service_owner_boundary_reviewed,reviewed,policy_scope_owner,cross-service SERP pair meets a merge or manual-review threshold; the approved S1-S8 service-owner boundary prevents an automatic merge or reassignment
PAIR-9F9096EC3042,Q000069,Q000131,заказать обрезку деревьев,заезд на участок через канаву цена,S4,S8,transactional,transactional,2,https://avito.ru/yaroslavl/predlozheniya_uslug/|https://uslugi.yandex.ru/16-yaroslavl/category/,owner_boundary_split,hold_distinct_service_owners,cross_service_owner_boundary_reviewed,reviewed,policy_scope_owner,cross-service SERP pair meets a merge or manual-review threshold; the approved S1-S8 service-owner boundary prevents an automatic merge or reassignment
PAIR-37B5AF1D1E35,Q000069,Q000133,заказать обрезку деревьев,заезд через канаву на участок,S4,S8,transactional,commercial_research,2,https://avito.ru/yaroslavl/predlozheniya_uslug/|https://uslugi.yandex.ru/16-yaroslavl/category/,owner_boundary_split,hold_distinct_service_owners,cross_service_owner_boundary_reviewed,reviewed,policy_scope_owner,cross-service SERP pair meets a merge or manual-review threshold; the approved S1-S8 service-owner boundary prevents an automatic merge or reassignment
PAIR-145F6AB0493F,Q000069,Q000135,заказать обрезку деревьев,заказать въезд на участок,S4,S8,transactional,transactional,3,https://avito.ru/yaroslavl/predlozheniya_uslug/|https://avito.ru/yaroslavskaya_oblast/predlozheniya_uslug/|https://uslugi.yandex.ru/16-yaroslavl/category/,owner_boundary_split,hold_distinct_service_owners,cross_service_owner_boundary_reviewed,reviewed,policy_scope_owner,cross-service SERP pair meets a merge or manual-review threshold; the approved S1-S8 service-owner boundary prevents an automatic merge or reassignment
PAIR-0EFB85691AD5,Q000069,Q000141,заказать обрезку деревьев,ярославская область сделать въезд в канаву,S4,S8,transactional,commercial_research,3,https://avito.ru/yaroslavl/predlozheniya_uslug/|https://avito.ru/yaroslavskaya_oblast/predlozheniya_uslug/|https://uslugi.yandex.ru/16-yaroslavl/category/,owner_boundary_split,hold_distinct_service_owners,cross_service_owner_boundary_reviewed,reviewed,policy_scope_owner,cross-service SERP pair meets a merge or manual-review threshold; the approved S1-S8 service-owner boundary prevents an automatic merge or reassignment
PAIR-D486F102809D,Q000071,Q000077,найти садовника на участок в рыбинске,сезонный уход за садом рыбинск,S4,S4,commercial_research,commercial_research,3,https://avito.ru/rybinsk/predlozheniya_uslug/sad_blagoustroystvo-ASgBAgICAUSYC8KfAQ/|https://uslugi.yandex.ru/10839-rybinsk/category/|https://uslugi.yandex.ru/10839-rybinsk/category/hozyajstvo-i-uborka/sad-i-ogorod/sadovnik--3119/,manual_review,hold_current_url,serp_pair_pending_review,pending,,same-service SERP pair meets the explicit manual-review threshold; the existing owner is held and no split or new URL is approved
PAIR-513F3C9E7CF1,Q000071,Q000096,найти садовника на участок в рыбинске,планировка участка рыбинск,S4,S5,commercial_research,commercial_research,2,https://avito.ru/rybinsk/predlozheniya_uslug/|https://uslugi.yandex.ru/10839-rybinsk/category/,owner_boundary_split,hold_distinct_service_owners,cross_service_owner_boundary_reviewed,reviewed,policy_scope_owner,cross-service SERP pair meets a merge or manual-review threshold; the approved S1-S8 service-owner boundary prevents an automatic merge or reassignment
PAIR-EA42C776EE7B,Q000071,Q000109,найти садовника на участок в рыбинске,монтаж освещения участка рыбинск,S4,S7,commercial_research,transactional,2,https://avito.ru/rybinsk/predlozheniya_uslug/|https://uslugi.yandex.ru/10839-rybinsk/category/,owner_boundary_split,hold_distinct_service_owners,cross_service_owner_boundary_reviewed,reviewed,policy_scope_owner,cross-service SERP pair meets a merge or manual-review threshold; the approved S1-S8 service-owner boundary prevents an automatic merge or reassignment
PAIR-0B81FDB429EB,Q000071,Q000123,найти садовника на участок в рыбинске,заезд на участок рыбинск авито предложения,S4,S8,commercial_research,commercial_research,2,https://avito.ru/rybinsk/predlozheniya_uslug/|https://avito.ru/rybinsk/predlozheniya_uslug/sad_blagoustroystvo-ASgBAgICAUSYC8KfAQ/,policy_exclusion_split,retain_exclusion_and_service_assignment,policy_exclusion_split_reviewed,reviewed,policy_exclusion,at least one query has a reviewed exclusion action; the excluded intent remains separate from the retained service assignment
PAIR-69C95F845C75,Q000071,Q000127,найти садовника на участок в рыбинске,заезд на участок через канаву под ключ рыбинск,S4,S8,commercial_research,transactional,2,https://avito.ru/rybinsk/predlozheniya_uslug/sad_blagoustroystvo-ASgBAgICAUSYC8KfAQ/|https://uslugi.yandex.ru/10839-rybinsk/category/,owner_boundary_split,hold_distinct_service_owners,cross_service_owner_boundary_reviewed,reviewed,policy_scope_owner,cross-service SERP pair meets a merge or manual-review threshold; the approved S1-S8 service-owner boundary prevents an automatic merge or reassignment
PAIR-D890E6B514D6,Q000071,Q000138,найти садовника на участок в рыбинске,обустройство въезда на участок рыбинск,S4,S8,commercial_research,commercial_research,2,https://avito.ru/rybinsk/predlozheniya_uslug/|https://uslugi.yandex.ru/10839-rybinsk/category/,owner_boundary_split,hold_distinct_service_owners,cross_service_owner_boundary_reviewed,reviewed,policy_scope_owner,cross-service SERP pair meets a merge or manual-review threshold; the approved S1-S8 service-owner boundary prevents an automatic merge or reassignment
PAIR-14CC1D3538A6,Q000071,Q000140,найти садовника на участок в рыбинске,трубу в канаву уложить в рыбинске,S4,S8,commercial_research,commercial_research,2,https://avito.ru/rybinsk/predlozheniya_uslug/|https://uslugi.yandex.ru/10839-rybinsk/category/,owner_boundary_split,hold_distinct_service_owners,cross_service_owner_boundary_reviewed,reviewed,policy_scope_owner,cross-service SERP pair meets a merge or manual-review threshold; the approved S1-S8 service-owner boundary prevents an automatic merge or reassignment
PAIR-14134A689CA4,Q000072,Q000074,обрезка деревьев,обрезка кустарников,S4,S4,commercial_research,commercial_research,2,https://kutepovo.ru/blogdachnika/sovety-pokupatelyam/obrezka-derevev-i-kustarnikov-rukovodstvo-dlya-sadovoda/|https://rskrf.ru/tips/eksperty-obyasnyayut/kak-i-zachem-obrezat-derevya-osenyu-neobkhodimost-plyusy-i-minusy-pravila/,manual_review,hold_current_url,serp_pair_pending_review,pending,,same-service SERP pair meets the explicit manual-review threshold; the existing owner is held and no split or new URL is approved
PAIR-69F5D4772BE1,Q000073,Q000081,обрезка деревьев цена,выравнивание участка,S4,S5,transactional,commercial_research,2,https://uslugi.yandex.ru/10841-yaroslavl-oblast/category/|https://uslugi.yandex.ru/16-yaroslavl/category/,owner_boundary_split,hold_distinct_service_owners,cross_service_owner_boundary_reviewed,reviewed,policy_scope_owner,cross-service SERP pair meets a merge or manual-review threshold; the approved S1-S8 service-owner boundary prevents an automatic merge or reassignment
PAIR-A967983AF86E,Q000073,Q000082,обрезка деревьев цена,выравнивание участка цена,S4,S5,transactional,transactional,2,https://uslugi.yandex.ru/10841-yaroslavl-oblast/category/|https://uslugi.yandex.ru/16-yaroslavl/category/,owner_boundary_split,hold_distinct_service_owners,cross_service_owner_boundary_reviewed,reviewed,policy_scope_owner,cross-service SERP pair meets a merge or manual-review threshold; the approved S1-S8 service-owner boundary prevents an automatic merge or reassignment
PAIR-EB37C4F34F6A,Q000073,Q000088,обрезка деревьев цена,заказать выравнивание участка,S4,S5,transactional,transactional,2,https://uslugi.yandex.ru/10841-yaroslavl-oblast/category/|https://uslugi.yandex.ru/16-yaroslavl/category/,owner_boundary_split,hold_distinct_service_owners,cross_service_owner_boundary_reviewed,reviewed,policy_scope_owner,cross-service SERP pair meets a merge or manual-review threshold; the approved S1-S8 service-owner boundary prevents an automatic merge or reassignment
PAIR-C8D77A43E8D9,Q000073,Q000089,обрезка деревьев цена,заказать планировку участка,S4,S5,transactional,transactional,2,https://uslugi.yandex.ru/10841-yaroslavl-oblast/category/|https://uslugi.yandex.ru/16-yaroslavl/category/,owner_boundary_split,hold_distinct_service_owners,cross_service_owner_boundary_reviewed,reviewed,policy_scope_owner,cross-service SERP pair meets a merge or manual-review threshold; the approved S1-S8 service-owner boundary prevents an automatic merge or reassignment
PAIR-5F247E0956AA,Q000073,Q000093,обрезка деревьев цена,планировка территории цена,S4,S5,transactional,transactional,2,https://uslugi.yandex.ru/10841-yaroslavl-oblast/category/|https://uslugi.yandex.ru/16-yaroslavl/category/,owner_boundary_split,hold_distinct_service_owners,cross_service_owner_boundary_reviewed,reviewed,policy_scope_owner,cross-service SERP pair meets a merge or manual-review threshold; the approved S1-S8 service-owner boundary prevents an automatic merge or reassignment
PAIR-BA33CBAEA55A,Q000073,Q000097,обрезка деревьев цена,планировка участка цена,S4,S5,transactional,transactional,2,https://uslugi.yandex.ru/10841-yaroslavl-oblast/category/|https://uslugi.yandex.ru/16-yaroslavl/category/,owner_boundary_split,hold_distinct_service_owners,cross_service_owner_boundary_reviewed,reviewed,policy_scope_owner,cross-service SERP pair meets a merge or manual-review threshold; the approved S1-S8 service-owner boundary prevents an automatic merge or reassignment
PAIR-C93CC171670B,Q000075,Q000078,обслуживание садов,уход за садом,S4,S4,commercial_research,commercial_research,3,https://avito.ru/yaroslavl/predlozheniya_uslug/sad_blagoustroystvo/ozelenenie_uhod_za_sadom_i_ogorodom-ASgBAgICAkSYC8KfAdCuDvy80AE/|https://progarden.group/services/uhod-za-sadom/|https://uslugi.yandex.ru/16-yaroslavl/category/hozyajstvo-i-uborka/sad-i-ogorod--3115/,manual_review,hold_current_url,serp_pair_pending_review,pending,,same-service SERP pair meets the explicit manual-review threshold; the existing owner is held and no split or new URL is approved
PAIR-B1174A12C6C6,Q000075,Q000079,обслуживание садов,уход за садом цена,S4,S4,commercial_research,transactional,3,https://avito.ru/yaroslavl/predlozheniya_uslug/sad_blagoustroystvo/ozelenenie_uhod_za_sadom_i_ogorodom-ASgBAgICAkSYC8KfAdCuDvy80AE/|https://uslugi.yandex.ru/16-yaroslavl/category/|https://uslugi.yandex.ru/16-yaroslavl/category/hozyajstvo-i-uborka/sad-i-ogorod--3115/,manual_review,hold_current_url,serp_pair_pending_review,pending,,same-service SERP pair meets the explicit manual-review threshold; the existing owner is held and no split or new URL is approved
PAIR-4D65C1AE6A9D,Q000076,Q000096,садовник на участок рыбинск,планировка участка рыбинск,S4,S5,commercial_research,commercial_research,2,https://avito.ru/rybinsk/predlozheniya_uslug/|https://uslugi.yandex.ru/10839-rybinsk/category/,owner_boundary_split,hold_distinct_service_owners,cross_service_owner_boundary_reviewed,reviewed,policy_scope_owner,cross-service SERP pair meets a merge or manual-review threshold; the approved S1-S8 service-owner boundary prevents an automatic merge or reassignment
PAIR-D99AA1CB5F65,Q000076,Q000109,садовник на участок рыбинск,монтаж освещения участка рыбинск,S4,S7,commercial_research,transactional,2,https://avito.ru/rybinsk/predlozheniya_uslug/|https://uslugi.yandex.ru/10839-rybinsk/category/,owner_boundary_split,hold_distinct_service_owners,cross_service_owner_boundary_reviewed,reviewed,policy_scope_owner,cross-service SERP pair meets a merge or manual-review threshold; the approved S1-S8 service-owner boundary prevents an automatic merge or reassignment
PAIR-8ECE6204113C,Q000076,Q000123,садовник на участок рыбинск,заезд на участок рыбинск авито предложения,S4,S8,commercial_research,commercial_research,2,https://avito.ru/rybinsk/predlozheniya_uslug/|https://avito.ru/rybinsk/predlozheniya_uslug/sad_blagoustroystvo-ASgBAgICAUSYC8KfAQ/,policy_exclusion_split,retain_exclusion_and_service_assignment,policy_exclusion_split_reviewed,reviewed,policy_exclusion,at least one query has a reviewed exclusion action; the excluded intent remains separate from the retained service assignment
PAIR-6D8BEC9683C4,Q000076,Q000127,садовник на участок рыбинск,заезд на участок через канаву под ключ рыбинск,S4,S8,commercial_research,transactional,2,https://avito.ru/rybinsk/predlozheniya_uslug/sad_blagoustroystvo-ASgBAgICAUSYC8KfAQ/|https://uslugi.yandex.ru/10839-rybinsk/category/,owner_boundary_split,hold_distinct_service_owners,cross_service_owner_boundary_reviewed,reviewed,policy_scope_owner,cross-service SERP pair meets a merge or manual-review threshold; the approved S1-S8 service-owner boundary prevents an automatic merge or reassignment
PAIR-EB7F9BED3340,Q000076,Q000138,садовник на участок рыбинск,обустройство въезда на участок рыбинск,S4,S8,commercial_research,commercial_research,2,https://avito.ru/rybinsk/predlozheniya_uslug/|https://uslugi.yandex.ru/10839-rybinsk/category/,owner_boundary_split,hold_distinct_service_owners,cross_service_owner_boundary_reviewed,reviewed,policy_scope_owner,cross-service SERP pair meets a merge or manual-review threshold; the approved S1-S8 service-owner boundary prevents an automatic merge or reassignment
PAIR-0A58CD9D3AB4,Q000076,Q000140,садовник на участок рыбинск,трубу в канаву уложить в рыбинске,S4,S8,commercial_research,commercial_research,2,https://avito.ru/rybinsk/predlozheniya_uslug/|https://uslugi.yandex.ru/10839-rybinsk/category/,owner_boundary_split,hold_distinct_service_owners,cross_service_owner_boundary_reviewed,reviewed,policy_scope_owner,cross-service SERP pair meets a merge or manual-review threshold; the approved S1-S8 service-owner boundary prevents an automatic merge or reassignment
PAIR-88BE105E5BBE,Q000077,Q000127,сезонный уход за садом рыбинск,заезд на участок через канаву под ключ рыбинск,S4,S8,commercial_research,transactional,2,https://avito.ru/rybinsk/predlozheniya_uslug/sad_blagoustroystvo-ASgBAgICAUSYC8KfAQ/|https://uslugi.yandex.ru/10839-rybinsk/category/,owner_boundary_split,hold_distinct_service_owners,cross_service_owner_boundary_reviewed,reviewed,policy_scope_owner,cross-service SERP pair meets a merge or manual-review threshold; the approved S1-S8 service-owner boundary prevents an automatic merge or reassignment
PAIR-02112CF5021A,Q000078,Q000079,уход за садом,уход за садом цена,S4,S4,commercial_research,transactional,3,https://avito.ru/yaroslavl/predlozheniya_uslug/|https://avito.ru/yaroslavl/predlozheniya_uslug/sad_blagoustroystvo/ozelenenie_uhod_za_sadom_i_ogorodom-ASgBAgICAkSYC8KfAdCuDvy80AE/|https://uslugi.yandex.ru/16-yaroslavl/category/hozyajstvo-i-uborka/sad-i-ogorod--3115/,manual_review,hold_current_url,serp_pair_pending_review,pending,,same-service SERP pair meets the explicit manual-review threshold; the existing owner is held and no split or new URL is approved
PAIR-AD9544B6C2BE,Q000079,Q000081,уход за садом цена,выравнивание участка,S4,S5,transactional,commercial_research,2,https://avito.ru/yaroslavl/predlozheniya_uslug/|https://uslugi.yandex.ru/16-yaroslavl/category/,owner_boundary_split,hold_distinct_service_owners,cross_service_owner_boundary_reviewed,reviewed,policy_scope_owner,cross-service SERP pair meets a merge or manual-review threshold; the approved S1-S8 service-owner boundary prevents an automatic merge or reassignment
PAIR-E71CB53C09B4,Q000079,Q000082,уход за садом цена,выравнивание участка цена,S4,S5,transactional,transactional,2,https://avito.ru/yaroslavl/predlozheniya_uslug/|https://uslugi.yandex.ru/16-yaroslavl/category/,owner_boundary_split,hold_distinct_service_owners,cross_service_owner_boundary_reviewed,reviewed,policy_scope_owner,cross-service SERP pair meets a merge or manual-review threshold; the approved S1-S8 service-owner boundary prevents an automatic merge or reassignment
PAIR-933364278E1A,Q000079,Q000083,уход за садом цена,выравнивание участка ярославль,S4,S5,transactional,commercial_research,2,https://avito.ru/yaroslavl/predlozheniya_uslug/|https://uslugi.yandex.ru/16-yaroslavl/category/,owner_boundary_split,hold_distinct_service_owners,cross_service_owner_boundary_reviewed,reviewed,policy_scope_owner,cross-service SERP pair meets a merge or manual-review threshold; the approved S1-S8 service-owner boundary prevents an automatic merge or reassignment
PAIR-751FC963C2BF,Q000079,Q000088,уход за садом цена,заказать выравнивание участка,S4,S5,transactional,transactional,2,https://avito.ru/yaroslavl/predlozheniya_uslug/|https://uslugi.yandex.ru/16-yaroslavl/category/,owner_boundary_split,hold_distinct_service_owners,cross_service_owner_boundary_reviewed,reviewed,policy_scope_owner,cross-service SERP pair meets a merge or manual-review threshold; the approved S1-S8 service-owner boundary prevents an automatic merge or reassignment
PAIR-116AE50E021E,Q000079,Q000089,уход за садом цена,заказать планировку участка,S4,S5,transactional,transactional,2,https://avito.ru/yaroslavl/predlozheniya_uslug/|https://uslugi.yandex.ru/16-yaroslavl/category/,owner_boundary_split,hold_distinct_service_owners,cross_service_owner_boundary_reviewed,reviewed,policy_scope_owner,cross-service SERP pair meets a merge or manual-review threshold; the approved S1-S8 service-owner boundary prevents an automatic merge or reassignment
PAIR-60AD82F34424,Q000079,Q000093,уход за садом цена,планировка территории цена,S4,S5,transactional,transactional,2,https://avito.ru/yaroslavl/predlozheniya_uslug/|https://uslugi.yandex.ru/16-yaroslavl/category/,owner_boundary_split,hold_distinct_service_owners,cross_service_owner_boundary_reviewed,reviewed,policy_scope_owner,cross-service SERP pair meets a merge or manual-review threshold; the approved S1-S8 service-owner boundary prevents an automatic merge or reassignment
PAIR-88B249C6E973,Q000079,Q000097,уход за садом цена,планировка участка цена,S4,S5,transactional,transactional,2,https://avito.ru/yaroslavl/predlozheniya_uslug/|https://uslugi.yandex.ru/16-yaroslavl/category/,owner_boundary_split,hold_distinct_service_owners,cross_service_owner_boundary_reviewed,reviewed,policy_scope_owner,cross-service SERP pair meets a merge or manual-review threshold; the approved S1-S8 service-owner boundary prevents an automatic merge or reassignment
PAIR-FC61B591EE00,Q000079,Q000098,уход за садом цена,планировка участка ярославль,S4,S5,transactional,commercial_research,2,https://avito.ru/yaroslavl/predlozheniya_uslug/|https://uslugi.yandex.ru/16-yaroslavl/category/,owner_boundary_split,hold_distinct_service_owners,cross_service_owner_boundary_reviewed,reviewed,policy_scope_owner,cross-service SERP pair meets a merge or manual-review threshold; the approved S1-S8 service-owner boundary prevents an automatic merge or reassignment
PAIR-479E423C63FD,Q000079,Q000116,уход за садом цена,въезд на участок цена,S4,S8,transactional,transactional,2,https://avito.ru/yaroslavl/predlozheniya_uslug/|https://uslugi.yandex.ru/16-yaroslavl/category/,owner_boundary_split,hold_distinct_service_owners,cross_service_owner_boundary_reviewed,reviewed,policy_scope_owner,cross-service SERP pair meets a merge or manual-review threshold; the approved S1-S8 service-owner boundary prevents an automatic merge or reassignment
PAIR-8A0C189D3DC5,Q000079,Q000119,уход за садом цена,въезд через канаву под ключ,S4,S8,transactional,transactional,2,https://avito.ru/yaroslavl/predlozheniya_uslug/|https://uslugi.yandex.ru/16-yaroslavl/category/,owner_boundary_split,hold_distinct_service_owners,cross_service_owner_boundary_reviewed,reviewed,policy_scope_owner,cross-service SERP pair meets a merge or manual-review threshold; the approved S1-S8 service-owner boundary prevents an automatic merge or reassignment
PAIR-80A6E02ADED2,Q000079,Q000120,уход за садом цена,въезд через канаву цена,S4,S8,transactional,transactional,2,https://avito.ru/yaroslavl/predlozheniya_uslug/|https://uslugi.yandex.ru/16-yaroslavl/category/,owner_boundary_split,hold_distinct_service_owners,cross_service_owner_boundary_reviewed,reviewed,policy_scope_owner,cross-service SERP pair meets a merge or manual-review threshold; the approved S1-S8 service-owner boundary prevents an automatic merge or reassignment
PAIR-508C5CCEDA1A,Q000079,Q000122,уход за садом цена,заезд на участок под ключ,S4,S8,transactional,transactional,3,https://avito.ru/yaroslavl/predlozheniya_uslug/|https://avito.ru/yaroslavl/predlozheniya_uslug/sad_blagoustroystvo-ASgBAgICAUSYC8KfAQ/|https://uslugi.yandex.ru/16-yaroslavl/category/,owner_boundary_split,hold_distinct_service_owners,cross_service_owner_boundary_reviewed,reviewed,policy_scope_owner,cross-service SERP pair meets a merge or manual-review threshold; the approved S1-S8 service-owner boundary prevents an automatic merge or reassignment
PAIR-CBC420C7CB7A,Q000079,Q000124,уход за садом цена,заезд на участок цена,S4,S8,transactional,transactional,2,https://avito.ru/yaroslavl/predlozheniya_uslug/|https://uslugi.yandex.ru/16-yaroslavl/category/,owner_boundary_split,hold_distinct_service_owners,cross_service_owner_boundary_reviewed,reviewed,policy_scope_owner,cross-service SERP pair meets a merge or manual-review threshold; the approved S1-S8 service-owner boundary prevents an automatic merge or reassignment
PAIR-613FFC569EF5,Q000079,Q000125,уход за садом цена,заезд на участок через канаву в тутаеве,S4,S8,transactional,commercial_research,2,https://avito.ru/yaroslavl/predlozheniya_uslug/|https://uslugi.yandex.ru/16-yaroslavl/category/,owner_boundary_split,hold_distinct_service_owners,cross_service_owner_boundary_reviewed,reviewed,policy_scope_owner,cross-service SERP pair meets a merge or manual-review threshold; the approved S1-S8 service-owner boundary prevents an automatic merge or reassignment
PAIR-6E33DE3D01CF,Q000079,Q000126,уход за садом цена,заезд на участок через канаву под ключ,S4,S8,transactional,transactional,2,https://avito.ru/yaroslavl/predlozheniya_uslug/|https://uslugi.yandex.ru/16-yaroslavl/category/,owner_boundary_split,hold_distinct_service_owners,cross_service_owner_boundary_reviewed,reviewed,policy_scope_owner,cross-service SERP pair meets a merge or manual-review threshold; the approved S1-S8 service-owner boundary prevents an automatic merge or reassignment
PAIR-5FA56E1EF25A,Q000079,Q000128,уход за садом цена,заезд на участок через канаву под ключ тутаев,S4,S8,transactional,transactional,2,https://avito.ru/yaroslavl/predlozheniya_uslug/|https://uslugi.yandex.ru/16-yaroslavl/category/,owner_boundary_split,hold_distinct_service_owners,cross_service_owner_boundary_reviewed,reviewed,policy_scope_owner,cross-service SERP pair meets a merge or manual-review threshold; the approved S1-S8 service-owner boundary prevents an automatic merge or reassignment
PAIR-9D4E5F51201C,Q000079,Q000129,уход за садом цена,заезд на участок через канаву под ключ ярославль,S4,S8,transactional,transactional,2,https://avito.ru/yaroslavl/predlozheniya_uslug/|https://uslugi.yandex.ru/16-yaroslavl/category/,owner_boundary_split,hold_distinct_service_owners,cross_service_owner_boundary_reviewed,reviewed,policy_scope_owner,cross-service SERP pair meets a merge or manual-review threshold; the approved S1-S8 service-owner boundary prevents an automatic merge or reassignment
PAIR-19C2F21F6352,Q000079,Q000131,уход за садом цена,заезд на участок через канаву цена,S4,S8,transactional,transactional,2,https://avito.ru/yaroslavl/predlozheniya_uslug/|https://uslugi.yandex.ru/16-yaroslavl/category/,owner_boundary_split,hold_distinct_service_owners,cross_service_owner_boundary_reviewed,reviewed,policy_scope_owner,cross-service SERP pair meets a merge or manual-review threshold; the approved S1-S8 service-owner boundary prevents an automatic merge or reassignment
PAIR-45DF5DA457F8,Q000079,Q000133,уход за садом цена,заезд через канаву на участок,S4,S8,transactional,commercial_research,2,https://avito.ru/yaroslavl/predlozheniya_uslug/|https://uslugi.yandex.ru/16-yaroslavl/category/,owner_boundary_split,hold_distinct_service_owners,cross_service_owner_boundary_reviewed,reviewed,policy_scope_owner,cross-service SERP pair meets a merge or manual-review threshold; the approved S1-S8 service-owner boundary prevents an automatic merge or reassignment
PAIR-D11CB6329D38,Q000079,Q000135,уход за садом цена,заказать въезд на участок,S4,S8,transactional,transactional,2,https://avito.ru/yaroslavl/predlozheniya_uslug/|https://uslugi.yandex.ru/16-yaroslavl/category/,owner_boundary_split,hold_distinct_service_owners,cross_service_owner_boundary_reviewed,reviewed,policy_scope_owner,cross-service SERP pair meets a merge or manual-review threshold; the approved S1-S8 service-owner boundary prevents an automatic merge or reassignment
PAIR-C7DB93C530B2,Q000079,Q000141,уход за садом цена,ярославская область сделать въезд в канаву,S4,S8,transactional,commercial_research,2,https://avito.ru/yaroslavl/predlozheniya_uslug/|https://uslugi.yandex.ru/16-yaroslavl/category/,owner_boundary_split,hold_distinct_service_owners,cross_service_owner_boundary_reviewed,reviewed,policy_scope_owner,cross-service SERP pair meets a merge or manual-review threshold; the approved S1-S8 service-owner boundary prevents an automatic merge or reassignment
PAIR-F119FF508264,Q000080,Q000096,вертикальная планировка участка рыбинск,планировка участка рыбинск,S5,S5,commercial_research,commercial_research,3,https://avito.ru/rybinsk/predlozheniya_uslug/|https://avito.ru/rybinsk/predlozheniya_uslug/sad_blagoustroystvo/zemlyanye_raboty-ASgBAgICAkSYC8KfAdCuDvq80AE/|https://avito.ru/rybinsk/predlozheniya_uslug/tag/vyravnivanie-uchastka/,manual_review,hold_current_url,serp_pair_pending_review,pending,,same-service SERP pair meets the explicit manual-review threshold; the existing owner is held and no split or new URL is approved
PAIR-694BB9DC87B9,Q000081,Q000082,выравнивание участка,выравнивание участка цена,S5,S5,commercial_research,transactional,4,https://avito.ru/yaroslavl/predlozheniya_uslug/|https://avito.ru/yaroslavl/predlozheniya_uslug/tag/vyravnivanie-uchastka/|https://uslugi.yandex.ru/10841-yaroslavl-oblast/category/|https://uslugi.yandex.ru/16-yaroslavl/category/,manual_review,hold_current_url,serp_pair_pending_review,pending,,same-service SERP pair meets the explicit manual-review threshold; the existing owner is held and no split or new URL is approved
PAIR-F6FC52327FE9,Q000081,Q000085,выравнивание участка,выровнять участок на даче ярославль за пределами города tehno ники,S5,S5,commercial_research,commercial_research,2,https://avito.ru/yaroslavl/predlozheniya_uslug/|https://avito.ru/yaroslavl/predlozheniya_uslug/tag/vyravnivanie-uchastka/,policy_exclusion_split,retain_exclusion_and_service_assignment,policy_exclusion_split_reviewed,reviewed,policy_exclusion,at least one query has a reviewed exclusion action; the excluded intent remains separate from the retained service assignment
PAIR-F039D9A1C79F,Q000081,Q000086,выравнивание участка,выровнять участок на даче ярославль минимальная цена техно ники,S5,S5,commercial_research,transactional,2,https://avito.ru/yaroslavl/predlozheniya_uslug/|https://avito.ru/yaroslavl/predlozheniya_uslug/tag/vyravnivanie-uchastka/,policy_exclusion_split,retain_exclusion_and_service_assignment,policy_exclusion_split_reviewed,reviewed,policy_exclusion,at least one query has a reviewed exclusion action; the excluded intent remains separate from the retained service assignment
PAIR-BEFC60134248,Q000081,Q000087,выравнивание участка,выровнять участок на даче ярославль оформление заказа ник техно ооо,S5,S5,commercial_research,commercial_research,3,https://avito.ru/yaroslavl/predlozheniya_uslug/|https://avito.ru/yaroslavl/predlozheniya_uslug/tag/vyravnivanie-uchastka/|https://mini-pogruzchiki.ru/uslugi/vyravnivanie-uchastka/,policy_exclusion_split,retain_exclusion_and_service_assignment,policy_exclusion_split_reviewed,reviewed,policy_exclusion,at least one query has a reviewed exclusion action; the excluded intent remains separate from the retained service assignment
PAIR-D1B2A83739BF,Q000081,Q000088,выравнивание участка,заказать выравнивание участка,S5,S5,commercial_research,transactional,6,https://avito.ru/yaroslavl/predlozheniya_uslug/|https://avito.ru/yaroslavl/predlozheniya_uslug/tag/vyravnivanie-uchastka/|https://uslugi.yandex.ru/10841-yaroslavl-oblast/category/|https://uslugi.yandex.ru/16-yaroslavl/category/|https://yaroslavl.blago-s.ru/catalog/zemlyanye-raboty/vyravnivanie-uchastka/|https://yaroslavl.topsadovnik.ru/vyravnivanie-uchastka/,manual_review,hold_current_url,serp_pair_pending_review,pending,,same-service SERP pair meets the explicit manual-review threshold; the existing owner is held and no split or new URL is approved
PAIR-820F837EDD37,Q000081,Q000089,выравнивание участка,заказать планировку участка,S5,S5,commercial_research,transactional,3,https://avito.ru/yaroslavl/predlozheniya_uslug/|https://uslugi.yandex.ru/10841-yaroslavl-oblast/category/|https://uslugi.yandex.ru/16-yaroslavl/category/,manual_review,hold_current_url,serp_pair_pending_review,pending,,same-service SERP pair meets the explicit manual-review threshold; the existing owner is held and no split or new URL is approved
PAIR-0446D7CE9919,Q000081,Q000093,выравнивание участка,планировка территории цена,S5,S5,commercial_research,transactional,3,https://avito.ru/yaroslavl/predlozheniya_uslug/|https://uslugi.yandex.ru/10841-yaroslavl-oblast/category/|https://uslugi.yandex.ru/16-yaroslavl/category/,manual_review,hold_current_url,serp_pair_pending_review,pending,,same-service SERP pair meets the explicit manual-review threshold; the existing owner is held and no split or new URL is approved
PAIR-F9F9568B285B,Q000081,Q000097,выравнивание участка,планировка участка цена,S5,S5,commercial_research,transactional,3,https://avito.ru/yaroslavl/predlozheniya_uslug/|https://uslugi.yandex.ru/10841-yaroslavl-oblast/category/|https://uslugi.yandex.ru/16-yaroslavl/category/,manual_review,hold_current_url,serp_pair_pending_review,pending,,same-service SERP pair meets the explicit manual-review threshold; the existing owner is held and no split or new URL is approved
PAIR-EB15670FBCD3,Q000081,Q000098,выравнивание участка,планировка участка ярославль,S5,S5,commercial_research,commercial_research,3,https://avito.ru/yaroslavl/predlozheniya_uslug/|https://mini-pogruzchiki.ru/uslugi/vyravnivanie-uchastka/|https://uslugi.yandex.ru/16-yaroslavl/category/,manual_review,hold_current_url,serp_pair_pending_review,pending,,same-service SERP pair meets the explicit manual-review threshold; the existing owner is held and no split or new URL is approved
PAIR-76AB33993114,Q000081,Q000099,выравнивание участка,рассчитать стоимость выравнивания участка 5 соток,S5,S5,commercial_research,transactional,4,https://avito.ru/yaroslavl/predlozheniya_uslug/|https://uslugi.yandex.ru/10841-yaroslavl-oblast/category/|https://yaroslavl.blago-s.ru/catalog/zemlyanye-raboty/vyravnivanie-uchastka/|https://yaroslavl.topsadovnik.ru/vyravnivanie-uchastka/,manual_review,hold_current_url,serp_pair_pending_review,pending,,same-service SERP pair meets the explicit manual-review threshold; the existing owner is held and no split or new URL is approved
PAIR-32670BCFB2DB,Q000081,Q000116,выравнивание участка,въезд на участок цена,S5,S8,commercial_research,transactional,2,https://avito.ru/yaroslavl/predlozheniya_uslug/|https://uslugi.yandex.ru/16-yaroslavl/category/,owner_boundary_split,hold_distinct_service_owners,cross_service_owner_boundary_reviewed,reviewed,policy_scope_owner,cross-service SERP pair meets a merge or manual-review threshold; the approved S1-S8 service-owner boundary prevents an automatic merge or reassignment
PAIR-F8D5CA8AF978,Q000081,Q000119,выравнивание участка,въезд через канаву под ключ,S5,S8,commercial_research,transactional,2,https://avito.ru/yaroslavl/predlozheniya_uslug/|https://uslugi.yandex.ru/16-yaroslavl/category/,owner_boundary_split,hold_distinct_service_owners,cross_service_owner_boundary_reviewed,reviewed,policy_scope_owner,cross-service SERP pair meets a merge or manual-review threshold; the approved S1-S8 service-owner boundary prevents an automatic merge or reassignment
PAIR-398477771277,Q000081,Q000120,выравнивание участка,въезд через канаву цена,S5,S8,commercial_research,transactional,2,https://avito.ru/yaroslavl/predlozheniya_uslug/|https://uslugi.yandex.ru/16-yaroslavl/category/,owner_boundary_split,hold_distinct_service_owners,cross_service_owner_boundary_reviewed,reviewed,policy_scope_owner,cross-service SERP pair meets a merge or manual-review threshold; the approved S1-S8 service-owner boundary prevents an automatic merge or reassignment
PAIR-E4586CA9C451,Q000081,Q000122,выравнивание участка,заезд на участок под ключ,S5,S8,commercial_research,transactional,2,https://avito.ru/yaroslavl/predlozheniya_uslug/|https://uslugi.yandex.ru/16-yaroslavl/category/,owner_boundary_split,hold_distinct_service_owners,cross_service_owner_boundary_reviewed,reviewed,policy_scope_owner,cross-service SERP pair meets a merge or manual-review threshold; the approved S1-S8 service-owner boundary prevents an automatic merge or reassignment
PAIR-40C19E86A225,Q000081,Q000124,выравнивание участка,заезд на участок цена,S5,S8,commercial_research,transactional,2,https://avito.ru/yaroslavl/predlozheniya_uslug/|https://uslugi.yandex.ru/16-yaroslavl/category/,owner_boundary_split,hold_distinct_service_owners,cross_service_owner_boundary_reviewed,reviewed,policy_scope_owner,cross-service SERP pair meets a merge or manual-review threshold; the approved S1-S8 service-owner boundary prevents an automatic merge or reassignment
PAIR-C3BE3CA19276,Q000081,Q000125,выравнивание участка,заезд на участок через канаву в тутаеве,S5,S8,commercial_research,commercial_research,2,https://avito.ru/yaroslavl/predlozheniya_uslug/|https://uslugi.yandex.ru/16-yaroslavl/category/,owner_boundary_split,hold_distinct_service_owners,cross_service_owner_boundary_reviewed,reviewed,policy_scope_owner,cross-service SERP pair meets a merge or manual-review threshold; the approved S1-S8 service-owner boundary prevents an automatic merge or reassignment
PAIR-89B416E06F4B,Q000081,Q000126,выравнивание участка,заезд на участок через канаву под ключ,S5,S8,commercial_research,transactional,2,https://avito.ru/yaroslavl/predlozheniya_uslug/|https://uslugi.yandex.ru/16-yaroslavl/category/,owner_boundary_split,hold_distinct_service_owners,cross_service_owner_boundary_reviewed,reviewed,policy_scope_owner,cross-service SERP pair meets a merge or manual-review threshold; the approved S1-S8 service-owner boundary prevents an automatic merge or reassignment
PAIR-CCC30AA5DBF1,Q000081,Q000128,выравнивание участка,заезд на участок через канаву под ключ тутаев,S5,S8,commercial_research,transactional,2,https://avito.ru/yaroslavl/predlozheniya_uslug/|https://uslugi.yandex.ru/16-yaroslavl/category/,owner_boundary_split,hold_distinct_service_owners,cross_service_owner_boundary_reviewed,reviewed,policy_scope_owner,cross-service SERP pair meets a merge or manual-review threshold; the approved S1-S8 service-owner boundary prevents an automatic merge or reassignment
PAIR-3D70C1D68BC5,Q000081,Q000129,выравнивание участка,заезд на участок через канаву под ключ ярославль,S5,S8,commercial_research,transactional,2,https://avito.ru/yaroslavl/predlozheniya_uslug/|https://uslugi.yandex.ru/16-yaroslavl/category/,owner_boundary_split,hold_distinct_service_owners,cross_service_owner_boundary_reviewed,reviewed,policy_scope_owner,cross-service SERP pair meets a merge or manual-review threshold; the approved S1-S8 service-owner boundary prevents an automatic merge or reassignment
PAIR-1A93BCB6B695,Q000081,Q000131,выравнивание участка,заезд на участок через канаву цена,S5,S8,commercial_research,transactional,2,https://avito.ru/yaroslavl/predlozheniya_uslug/|https://uslugi.yandex.ru/16-yaroslavl/category/,owner_boundary_split,hold_distinct_service_owners,cross_service_owner_boundary_reviewed,reviewed,policy_scope_owner,cross-service SERP pair meets a merge or manual-review threshold; the approved S1-S8 service-owner boundary prevents an automatic merge or reassignment
PAIR-EE5ED0CB87C0,Q000081,Q000133,выравнивание участка,заезд через канаву на участок,S5,S8,commercial_research,commercial_research,2,https://avito.ru/yaroslavl/predlozheniya_uslug/|https://uslugi.yandex.ru/16-yaroslavl/category/,owner_boundary_split,hold_distinct_service_owners,cross_service_owner_boundary_reviewed,reviewed,policy_scope_owner,cross-service SERP pair meets a merge or manual-review threshold; the approved S1-S8 service-owner boundary prevents an automatic merge or reassignment
PAIR-DB17616C6294,Q000081,Q000135,выравнивание участка,заказать въезд на участок,S5,S8,commercial_research,transactional,2,https://avito.ru/yaroslavl/predlozheniya_uslug/|https://uslugi.yandex.ru/16-yaroslavl/category/,owner_boundary_split,hold_distinct_service_owners,cross_service_owner_boundary_reviewed,reviewed,policy_scope_owner,cross-service SERP pair meets a merge or manual-review threshold; the approved S1-S8 service-owner boundary prevents an automatic merge or reassignment
PAIR-DCB59D0C35B9,Q000081,Q000141,выравнивание участка,ярославская область сделать въезд в канаву,S5,S8,commercial_research,commercial_research,2,https://avito.ru/yaroslavl/predlozheniya_uslug/|https://uslugi.yandex.ru/16-yaroslavl/category/,owner_boundary_split,hold_distinct_service_owners,cross_service_owner_boundary_reviewed,reviewed,policy_scope_owner,cross-service SERP pair meets a merge or manual-review threshold; the approved S1-S8 service-owner boundary prevents an automatic merge or reassignment
PAIR-12284CE31888,Q000082,Q000083,выравнивание участка цена,выравнивание участка ярославль,S5,S5,transactional,commercial_research,3,https://avito.ru/yaroslavl/predlozheniya_uslug/|https://avito.ru/yaroslavl/predlozheniya_uslug/tag/vyravnivanie-uchastka/|https://uslugi.yandex.ru/16-yaroslavl/category/,manual_review,hold_current_url,serp_pair_pending_review,pending,,same-service SERP pair meets the explicit manual-review threshold; the existing owner is held and no split or new URL is approved
PAIR-4129A87E3D17,Q000082,Q000085,выравнивание участка цена,выровнять участок на даче ярославль за пределами города tehno ники,S5,S5,transactional,commercial_research,2,https://avito.ru/yaroslavl/predlozheniya_uslug/|https://avito.ru/yaroslavl/predlozheniya_uslug/tag/vyravnivanie-uchastka/,policy_exclusion_split,retain_exclusion_and_service_assignment,policy_exclusion_split_reviewed,reviewed,policy_exclusion,at least one query has a reviewed exclusion action; the excluded intent remains separate from the retained service assignment
PAIR-45A7ED907D61,Q000082,Q000086,выравнивание участка цена,выровнять участок на даче ярославль минимальная цена техно ники,S5,S5,transactional,transactional,2,https://avito.ru/yaroslavl/predlozheniya_uslug/|https://avito.ru/yaroslavl/predlozheniya_uslug/tag/vyravnivanie-uchastka/,policy_exclusion_split,retain_exclusion_and_service_assignment,policy_exclusion_split_reviewed,reviewed,policy_exclusion,at least one query has a reviewed exclusion action; the excluded intent remains separate from the retained service assignment
PAIR-17FA796BE9DF,Q000082,Q000087,выравнивание участка цена,выровнять участок на даче ярославль оформление заказа ник техно ооо,S5,S5,transactional,commercial_research,2,https://avito.ru/yaroslavl/predlozheniya_uslug/|https://avito.ru/yaroslavl/predlozheniya_uslug/tag/vyravnivanie-uchastka/,policy_exclusion_split,retain_exclusion_and_service_assignment,policy_exclusion_split_reviewed,reviewed,policy_exclusion,at least one query has a reviewed exclusion action; the excluded intent remains separate from the retained service assignment
PAIR-7E8CEAB275DA,Q000082,Q000089,выравнивание участка цена,заказать планировку участка,S5,S5,transactional,transactional,3,https://avito.ru/yaroslavl/predlozheniya_uslug/|https://uslugi.yandex.ru/10841-yaroslavl-oblast/category/|https://uslugi.yandex.ru/16-yaroslavl/category/,manual_review,hold_current_url,serp_pair_pending_review,pending,,same-service SERP pair meets the explicit manual-review threshold; the existing owner is held and no split or new URL is approved
PAIR-7C63ED7A7A46,Q000082,Q000093,выравнивание участка цена,планировка территории цена,S5,S5,transactional,transactional,3,https://avito.ru/yaroslavl/predlozheniya_uslug/|https://uslugi.yandex.ru/10841-yaroslavl-oblast/category/|https://uslugi.yandex.ru/16-yaroslavl/category/,manual_review,hold_current_url,serp_pair_pending_review,pending,,same-service SERP pair meets the explicit manual-review threshold; the existing owner is held and no split or new URL is approved
PAIR-78C5469F4706,Q000082,Q000097,выравнивание участка цена,планировка участка цена,S5,S5,transactional,transactional,3,https://avito.ru/yaroslavl/predlozheniya_uslug/|https://uslugi.yandex.ru/10841-yaroslavl-oblast/category/|https://uslugi.yandex.ru/16-yaroslavl/category/,manual_review,hold_current_url,serp_pair_pending_review,pending,,same-service SERP pair meets the explicit manual-review threshold; the existing owner is held and no split or new URL is approved
PAIR-5E1BDF9885D9,Q000082,Q000098,выравнивание участка цена,планировка участка ярославль,S5,S5,transactional,commercial_research,2,https://avito.ru/yaroslavl/predlozheniya_uslug/|https://uslugi.yandex.ru/16-yaroslavl/category/,manual_review,hold_current_url,serp_pair_pending_review,pending,,same-service SERP pair meets the explicit manual-review threshold; the existing owner is held and no split or new URL is approved
PAIR-00DF2E112E9C,Q000082,Q000099,выравнивание участка цена,рассчитать стоимость выравнивания участка 5 соток,S5,S5,transactional,transactional,2,https://avito.ru/yaroslavl/predlozheniya_uslug/|https://uslugi.yandex.ru/10841-yaroslavl-oblast/category/,manual_review,hold_current_url,serp_pair_pending_review,pending,,same-service SERP pair meets the explicit manual-review threshold; the existing owner is held and no split or new URL is approved
PAIR-430E11056128,Q000082,Q000116,выравнивание участка цена,въезд на участок цена,S5,S8,transactional,transactional,2,https://avito.ru/yaroslavl/predlozheniya_uslug/|https://uslugi.yandex.ru/16-yaroslavl/category/,owner_boundary_split,hold_distinct_service_owners,cross_service_owner_boundary_reviewed,reviewed,policy_scope_owner,cross-service SERP pair meets a merge or manual-review threshold; the approved S1-S8 service-owner boundary prevents an automatic merge or reassignment
PAIR-CE9442458C6E,Q000082,Q000119,выравнивание участка цена,въезд через канаву под ключ,S5,S8,transactional,transactional,2,https://avito.ru/yaroslavl/predlozheniya_uslug/|https://uslugi.yandex.ru/16-yaroslavl/category/,owner_boundary_split,hold_distinct_service_owners,cross_service_owner_boundary_reviewed,reviewed,policy_scope_owner,cross-service SERP pair meets a merge or manual-review threshold; the approved S1-S8 service-owner boundary prevents an automatic merge or reassignment
PAIR-A4FB64C7E3A7,Q000082,Q000120,выравнивание участка цена,въезд через канаву цена,S5,S8,transactional,transactional,2,https://avito.ru/yaroslavl/predlozheniya_uslug/|https://uslugi.yandex.ru/16-yaroslavl/category/,owner_boundary_split,hold_distinct_service_owners,cross_service_owner_boundary_reviewed,reviewed,policy_scope_owner,cross-service SERP pair meets a merge or manual-review threshold; the approved S1-S8 service-owner boundary prevents an automatic merge or reassignment
PAIR-88C8EBDF0441,Q000082,Q000122,выравнивание участка цена,заезд на участок под ключ,S5,S8,transactional,transactional,2,https://avito.ru/yaroslavl/predlozheniya_uslug/|https://uslugi.yandex.ru/16-yaroslavl/category/,owner_boundary_split,hold_distinct_service_owners,cross_service_owner_boundary_reviewed,reviewed,policy_scope_owner,cross-service SERP pair meets a merge or manual-review threshold; the approved S1-S8 service-owner boundary prevents an automatic merge or reassignment
PAIR-C28D7D9A8110,Q000082,Q000124,выравнивание участка цена,заезд на участок цена,S5,S8,transactional,transactional,2,https://avito.ru/yaroslavl/predlozheniya_uslug/|https://uslugi.yandex.ru/16-yaroslavl/category/,owner_boundary_split,hold_distinct_service_owners,cross_service_owner_boundary_reviewed,reviewed,policy_scope_owner,cross-service SERP pair meets a merge or manual-review threshold; the approved S1-S8 service-owner boundary prevents an automatic merge or reassignment
PAIR-F43A926DDE1A,Q000082,Q000125,выравнивание участка цена,заезд на участок через канаву в тутаеве,S5,S8,transactional,commercial_research,2,https://avito.ru/yaroslavl/predlozheniya_uslug/|https://uslugi.yandex.ru/16-yaroslavl/category/,owner_boundary_split,hold_distinct_service_owners,cross_service_owner_boundary_reviewed,reviewed,policy_scope_owner,cross-service SERP pair meets a merge or manual-review threshold; the approved S1-S8 service-owner boundary prevents an automatic merge or reassignment
PAIR-DF5D93EAF2CC,Q000082,Q000126,выравнивание участка цена,заезд на участок через канаву под ключ,S5,S8,transactional,transactional,2,https://avito.ru/yaroslavl/predlozheniya_uslug/|https://uslugi.yandex.ru/16-yaroslavl/category/,owner_boundary_split,hold_distinct_service_owners,cross_service_owner_boundary_reviewed,reviewed,policy_scope_owner,cross-service SERP pair meets a merge or manual-review threshold; the approved S1-S8 service-owner boundary prevents an automatic merge or reassignment
PAIR-5C1073DB310F,Q000082,Q000128,выравнивание участка цена,заезд на участок через канаву под ключ тутаев,S5,S8,transactional,transactional,2,https://avito.ru/yaroslavl/predlozheniya_uslug/|https://uslugi.yandex.ru/16-yaroslavl/category/,owner_boundary_split,hold_distinct_service_owners,cross_service_owner_boundary_reviewed,reviewed,policy_scope_owner,cross-service SERP pair meets a merge or manual-review threshold; the approved S1-S8 service-owner boundary prevents an automatic merge or reassignment
PAIR-EDF2FC5B0AFD,Q000082,Q000129,выравнивание участка цена,заезд на участок через канаву под ключ ярославль,S5,S8,transactional,transactional,2,https://avito.ru/yaroslavl/predlozheniya_uslug/|https://uslugi.yandex.ru/16-yaroslavl/category/,owner_boundary_split,hold_distinct_service_owners,cross_service_owner_boundary_reviewed,reviewed,policy_scope_owner,cross-service SERP pair meets a merge or manual-review threshold; the approved S1-S8 service-owner boundary prevents an automatic merge or reassignment
PAIR-59583058C309,Q000082,Q000131,выравнивание участка цена,заезд на участок через канаву цена,S5,S8,transactional,transactional,2,https://avito.ru/yaroslavl/predlozheniya_uslug/|https://uslugi.yandex.ru/16-yaroslavl/category/,owner_boundary_split,hold_distinct_service_owners,cross_service_owner_boundary_reviewed,reviewed,policy_scope_owner,cross-service SERP pair meets a merge or manual-review threshold; the approved S1-S8 service-owner boundary prevents an automatic merge or reassignment
PAIR-01E9EA8CDD12,Q000082,Q000133,выравнивание участка цена,заезд через канаву на участок,S5,S8,transactional,commercial_research,2,https://avito.ru/yaroslavl/predlozheniya_uslug/|https://uslugi.yandex.ru/16-yaroslavl/category/,owner_boundary_split,hold_distinct_service_owners,cross_service_owner_boundary_reviewed,reviewed,policy_scope_owner,cross-service SERP pair meets a merge or manual-review threshold; the approved S1-S8 service-owner boundary prevents an automatic merge or reassignment
PAIR-B0EE860F081C,Q000082,Q000135,выравнивание участка цена,заказать въезд на участок,S5,S8,transactional,transactional,2,https://avito.ru/yaroslavl/predlozheniya_uslug/|https://uslugi.yandex.ru/16-yaroslavl/category/,owner_boundary_split,hold_distinct_service_owners,cross_service_owner_boundary_reviewed,reviewed,policy_scope_owner,cross-service SERP pair meets a merge or manual-review threshold; the approved S1-S8 service-owner boundary prevents an automatic merge or reassignment
PAIR-C8073ADA54DD,Q000082,Q000141,выравнивание участка цена,ярославская область сделать въезд в канаву,S5,S8,transactional,commercial_research,2,https://avito.ru/yaroslavl/predlozheniya_uslug/|https://uslugi.yandex.ru/16-yaroslavl/category/,owner_boundary_split,hold_distinct_service_owners,cross_service_owner_boundary_reviewed,reviewed,policy_scope_owner,cross-service SERP pair meets a merge or manual-review threshold; the approved S1-S8 service-owner boundary prevents an automatic merge or reassignment
PAIR-4797C137D024,Q000083,Q000085,выравнивание участка ярославль,выровнять участок на даче ярославль за пределами города tehno ники,S5,S5,commercial_research,commercial_research,3,https://avito.ru/yaroslavl/predlozheniya_uslug/|https://avito.ru/yaroslavl/predlozheniya_uslug/tag/vyravnivanie-uchastka/|https://tehnoniki.ru/articles/vyravnivanie-uchastka.html/,policy_exclusion_split,retain_exclusion_and_service_assignment,policy_exclusion_split_reviewed,reviewed,policy_exclusion,at least one query has a reviewed exclusion action; the excluded intent remains separate from the retained service assignment
PAIR-CD2BB6A6D5C4,Q000083,Q000086,выравнивание участка ярославль,выровнять участок на даче ярославль минимальная цена техно ники,S5,S5,commercial_research,transactional,3,https://avito.ru/yaroslavl/predlozheniya_uslug/|https://avito.ru/yaroslavl/predlozheniya_uslug/tag/vyravnivanie-uchastka/|https://tehnoniki.ru/articles/vyravnivanie-uchastka.html/,policy_exclusion_split,retain_exclusion_and_service_assignment,policy_exclusion_split_reviewed,reviewed,policy_exclusion,at least one query has a reviewed exclusion action; the excluded intent remains separate from the retained service assignment
PAIR-54B71414A9DC,Q000083,Q000088,выравнивание участка ярославль,заказать выравнивание участка,S5,S5,commercial_research,transactional,3,https://avito.ru/yaroslavl/predlozheniya_uslug/|https://avito.ru/yaroslavl/predlozheniya_uslug/tag/vyravnivanie-uchastka/|https://uslugi.yandex.ru/16-yaroslavl/category/,manual_review,hold_current_url,serp_pair_pending_review,pending,,same-service SERP pair meets the explicit manual-review threshold; the existing owner is held and no split or new URL is approved
PAIR-D74C49E20B33,Q000083,Q000089,выравнивание участка ярославль,заказать планировку участка,S5,S5,commercial_research,transactional,2,https://avito.ru/yaroslavl/predlozheniya_uslug/|https://uslugi.yandex.ru/16-yaroslavl/category/,manual_review,hold_current_url,serp_pair_pending_review,pending,,same-service SERP pair meets the explicit manual-review threshold; the existing owner is held and no split or new URL is approved
PAIR-100278AAADBE,Q000083,Q000093,выравнивание участка ярославль,планировка территории цена,S5,S5,commercial_research,transactional,2,https://avito.ru/yaroslavl/predlozheniya_uslug/|https://uslugi.yandex.ru/16-yaroslavl/category/,manual_review,hold_current_url,serp_pair_pending_review,pending,,same-service SERP pair meets the explicit manual-review threshold; the existing owner is held and no split or new URL is approved
PAIR-1AA78F792DFE,Q000083,Q000097,выравнивание участка ярославль,планировка участка цена,S5,S5,commercial_research,transactional,2,https://avito.ru/yaroslavl/predlozheniya_uslug/|https://uslugi.yandex.ru/16-yaroslavl/category/,manual_review,hold_current_url,serp_pair_pending_review,pending,,same-service SERP pair meets the explicit manual-review threshold; the existing owner is held and no split or new URL is approved
PAIR-E46A51609AAA,Q000083,Q000098,выравнивание участка ярославль,планировка участка ярославль,S5,S5,commercial_research,commercial_research,3,https://avito.ru/yaroslavl/predlozheniya_uslug/|https://mini-pogruzchiki.ru/uslugi/vyravnivanie-uchastka/|https://uslugi.yandex.ru/16-yaroslavl/category/,manual_review,hold_current_url,serp_pair_pending_review,pending,,same-service SERP pair meets the explicit manual-review threshold; the existing owner is held and no split or new URL is approved
PAIR-DCCC8720A8F6,Q000083,Q000116,выравнивание участка ярославль,въезд на участок цена,S5,S8,commercial_research,transactional,2,https://avito.ru/yaroslavl/predlozheniya_uslug/|https://uslugi.yandex.ru/16-yaroslavl/category/,owner_boundary_split,hold_distinct_service_owners,cross_service_owner_boundary_reviewed,reviewed,policy_scope_owner,cross-service SERP pair meets a merge or manual-review threshold; the approved S1-S8 service-owner boundary prevents an automatic merge or reassignment
PAIR-B8A2F97FE80E,Q000083,Q000119,выравнивание участка ярославль,въезд через канаву под ключ,S5,S8,commercial_research,transactional,2,https://avito.ru/yaroslavl/predlozheniya_uslug/|https://uslugi.yandex.ru/16-yaroslavl/category/,owner_boundary_split,hold_distinct_service_owners,cross_service_owner_boundary_reviewed,reviewed,policy_scope_owner,cross-service SERP pair meets a merge or manual-review threshold; the approved S1-S8 service-owner boundary prevents an automatic merge or reassignment
PAIR-A983FD43E7E2,Q000083,Q000120,выравнивание участка ярославль,въезд через канаву цена,S5,S8,commercial_research,transactional,2,https://avito.ru/yaroslavl/predlozheniya_uslug/|https://uslugi.yandex.ru/16-yaroslavl/category/,owner_boundary_split,hold_distinct_service_owners,cross_service_owner_boundary_reviewed,reviewed,policy_scope_owner,cross-service SERP pair meets a merge or manual-review threshold; the approved S1-S8 service-owner boundary prevents an automatic merge or reassignment
PAIR-7CEA6CA615A6,Q000083,Q000122,выравнивание участка ярославль,заезд на участок под ключ,S5,S8,commercial_research,transactional,2,https://avito.ru/yaroslavl/predlozheniya_uslug/|https://uslugi.yandex.ru/16-yaroslavl/category/,owner_boundary_split,hold_distinct_service_owners,cross_service_owner_boundary_reviewed,reviewed,policy_scope_owner,cross-service SERP pair meets a merge or manual-review threshold; the approved S1-S8 service-owner boundary prevents an automatic merge or reassignment
PAIR-C64CA708EA07,Q000083,Q000124,выравнивание участка ярославль,заезд на участок цена,S5,S8,commercial_research,transactional,2,https://avito.ru/yaroslavl/predlozheniya_uslug/|https://uslugi.yandex.ru/16-yaroslavl/category/,owner_boundary_split,hold_distinct_service_owners,cross_service_owner_boundary_reviewed,reviewed,policy_scope_owner,cross-service SERP pair meets a merge or manual-review threshold; the approved S1-S8 service-owner boundary prevents an automatic merge or reassignment
PAIR-A6F7FA84A473,Q000083,Q000125,выравнивание участка ярославль,заезд на участок через канаву в тутаеве,S5,S8,commercial_research,commercial_research,2,https://avito.ru/yaroslavl/predlozheniya_uslug/|https://uslugi.yandex.ru/16-yaroslavl/category/,owner_boundary_split,hold_distinct_service_owners,cross_service_owner_boundary_reviewed,reviewed,policy_scope_owner,cross-service SERP pair meets a merge or manual-review threshold; the approved S1-S8 service-owner boundary prevents an automatic merge or reassignment
PAIR-42FF3D2EE783,Q000083,Q000126,выравнивание участка ярославль,заезд на участок через канаву под ключ,S5,S8,commercial_research,transactional,2,https://avito.ru/yaroslavl/predlozheniya_uslug/|https://uslugi.yandex.ru/16-yaroslavl/category/,owner_boundary_split,hold_distinct_service_owners,cross_service_owner_boundary_reviewed,reviewed,policy_scope_owner,cross-service SERP pair meets a merge or manual-review threshold; the approved S1-S8 service-owner boundary prevents an automatic merge or reassignment
PAIR-9749F46C8E3B,Q000083,Q000128,выравнивание участка ярославль,заезд на участок через канаву под ключ тутаев,S5,S8,commercial_research,transactional,2,https://avito.ru/yaroslavl/predlozheniya_uslug/|https://uslugi.yandex.ru/16-yaroslavl/category/,owner_boundary_split,hold_distinct_service_owners,cross_service_owner_boundary_reviewed,reviewed,policy_scope_owner,cross-service SERP pair meets a merge or manual-review threshold; the approved S1-S8 service-owner boundary prevents an automatic merge or reassignment
PAIR-F599D431E930,Q000083,Q000129,выравнивание участка ярославль,заезд на участок через канаву под ключ ярославль,S5,S8,commercial_research,transactional,2,https://avito.ru/yaroslavl/predlozheniya_uslug/|https://uslugi.yandex.ru/16-yaroslavl/category/,owner_boundary_split,hold_distinct_service_owners,cross_service_owner_boundary_reviewed,reviewed,policy_scope_owner,cross-service SERP pair meets a merge or manual-review threshold; the approved S1-S8 service-owner boundary prevents an automatic merge or reassignment
PAIR-7A807BA6A3C9,Q000083,Q000131,выравнивание участка ярославль,заезд на участок через канаву цена,S5,S8,commercial_research,transactional,2,https://avito.ru/yaroslavl/predlozheniya_uslug/|https://uslugi.yandex.ru/16-yaroslavl/category/,owner_boundary_split,hold_distinct_service_owners,cross_service_owner_boundary_reviewed,reviewed,policy_scope_owner,cross-service SERP pair meets a merge or manual-review threshold; the approved S1-S8 service-owner boundary prevents an automatic merge or reassignment
PAIR-69B54AEFD0F5,Q000083,Q000133,выравнивание участка ярославль,заезд через канаву на участок,S5,S8,commercial_research,commercial_research,2,https://avito.ru/yaroslavl/predlozheniya_uslug/|https://uslugi.yandex.ru/16-yaroslavl/category/,owner_boundary_split,hold_distinct_service_owners,cross_service_owner_boundary_reviewed,reviewed,policy_scope_owner,cross-service SERP pair meets a merge or manual-review threshold; the approved S1-S8 service-owner boundary prevents an automatic merge or reassignment
PAIR-F24D80CA3B2F,Q000083,Q000135,выравнивание участка ярославль,заказать въезд на участок,S5,S8,commercial_research,transactional,2,https://avito.ru/yaroslavl/predlozheniya_uslug/|https://uslugi.yandex.ru/16-yaroslavl/category/,owner_boundary_split,hold_distinct_service_owners,cross_service_owner_boundary_reviewed,reviewed,policy_scope_owner,cross-service SERP pair meets a merge or manual-review threshold; the approved S1-S8 service-owner boundary prevents an automatic merge or reassignment
PAIR-483BE9CF0D75,Q000083,Q000141,выравнивание участка ярославль,ярославская область сделать въезд в канаву,S5,S8,commercial_research,commercial_research,2,https://avito.ru/yaroslavl/predlozheniya_uslug/|https://uslugi.yandex.ru/16-yaroslavl/category/,owner_boundary_split,hold_distinct_service_owners,cross_service_owner_boundary_reviewed,reviewed,policy_scope_owner,cross-service SERP pair meets a merge or manual-review threshold; the approved S1-S8 service-owner boundary prevents an automatic merge or reassignment
PAIR-02AF1F834D78,Q000084,Q000085,выравнивание участка ярославль купить tehno ники ру,выровнять участок на даче ярославль за пределами города tehno ники,S5,S5,product_only,commercial_research,7,https://tehno-niki.ru/|https://tehno-niki.ru/nivelir.html/|https://tehno-niki.ru/planirovka.html/|https://tehnoniki.ru/|https://tehnoniki.ru/articles/vyravnivanie-uchastka.html/|https://tehnoniki.ru/uslugi/|https://tehnoniki.ru/uslugi/vspashka_uchastka.html/,shared_policy_exclusion,retain_shared_exclusion,shared_policy_exclusion_reviewed,reviewed,policy_exclusion,both queries match the reviewed external-noise exclusion policy; no URL owner or pending service split is created
PAIR-919335951881,Q000084,Q000086,выравнивание участка ярославль купить tehno ники ру,выровнять участок на даче ярославль минимальная цена техно ники,S5,S5,product_only,transactional,4,https://tehno-niki.ru/nivelir.html/|https://tehnoniki.ru/articles/vyravnivanie-uchastka.html/|https://tehnoniki.ru/uslugi/|https://tehnoniki.ru/uslugi/vspashka_uchastka.html/,shared_policy_exclusion,retain_shared_exclusion,shared_policy_exclusion_reviewed,reviewed,policy_exclusion,both queries match the reviewed external-noise exclusion policy; no URL owner or pending service split is created
PAIR-F5BF6B9D9844,Q000084,Q000087,выравнивание участка ярославль купить tehno ники ру,выровнять участок на даче ярославль оформление заказа ник техно ооо,S5,S5,product_only,commercial_research,6,https://tehno-niki.ru/|https://tehno-niki.ru/blagoustrojstvo.html/|https://tehno-niki.ru/nivelir.html/|https://tehnoniki.ru/articles/vyravnivanie-uchastka.html/|https://tehnoniki.ru/uslugi/|https://tehnoniki.ru/uslugi/vspashka_uchastka.html/,shared_policy_exclusion,retain_shared_exclusion,shared_policy_exclusion_reviewed,reviewed,policy_exclusion,both queries match the reviewed external-noise exclusion policy; no URL owner or pending service split is created
PAIR-D287B6AEE06A,Q000085,Q000086,выровнять участок на даче ярославль за пределами города tehno ники,выровнять участок на даче ярославль минимальная цена техно ники,S5,S5,commercial_research,transactional,6,https://avito.ru/yaroslavl/predlozheniya_uslug/|https://avito.ru/yaroslavl/predlozheniya_uslug/tag/vyravnivanie-uchastka/|https://tehno-niki.ru/nivelir.html/|https://tehnoniki.ru/articles/vyravnivanie-uchastka.html/|https://tehnoniki.ru/uslugi/|https://tehnoniki.ru/uslugi/vspashka_uchastka.html/,shared_policy_exclusion,retain_shared_exclusion,shared_policy_exclusion_reviewed,reviewed,policy_exclusion,both queries match the reviewed external-noise exclusion policy; no URL owner or pending service split is created
PAIR-D23A3A15DF15,Q000085,Q000088,выровнять участок на даче ярославль за пределами города tehno ники,заказать выравнивание участка,S5,S5,commercial_research,transactional,2,https://avito.ru/yaroslavl/predlozheniya_uslug/|https://avito.ru/yaroslavl/predlozheniya_uslug/tag/vyravnivanie-uchastka/,policy_exclusion_split,retain_exclusion_and_service_assignment,policy_exclusion_split_reviewed,reviewed,policy_exclusion,at least one query has a reviewed exclusion action; the excluded intent remains separate from the retained service assignment
PAIR-48F4CBC87752,Q000086,Q000087,выровнять участок на даче ярославль минимальная цена техно ники,выровнять участок на даче ярославль оформление заказа ник техно ооо,S5,S5,transactional,commercial_research,6,https://avito.ru/yaroslavl/predlozheniya_uslug/|https://avito.ru/yaroslavl/predlozheniya_uslug/tag/vyravnivanie-uchastka/|https://tehno-niki.ru/nivelir.html/|https://tehnoniki.ru/articles/vyravnivanie-uchastka.html/|https://tehnoniki.ru/uslugi/|https://tehnoniki.ru/uslugi/vspashka_uchastka.html/,shared_policy_exclusion,retain_shared_exclusion,shared_policy_exclusion_reviewed,reviewed,policy_exclusion,both queries match the reviewed external-noise exclusion policy; no URL owner or pending service split is created
PAIR-778C807EEFFA,Q000086,Q000088,выровнять участок на даче ярославль минимальная цена техно ники,заказать выравнивание участка,S5,S5,transactional,transactional,2,https://avito.ru/yaroslavl/predlozheniya_uslug/|https://avito.ru/yaroslavl/predlozheniya_uslug/tag/vyravnivanie-uchastka/,policy_exclusion_split,retain_exclusion_and_service_assignment,policy_exclusion_split_reviewed,reviewed,policy_exclusion,at least one query has a reviewed exclusion action; the excluded intent remains separate from the retained service assignment
PAIR-0AE34973C93C,Q000087,Q000088,выровнять участок на даче ярославль оформление заказа ник техно ооо,заказать выравнивание участка,S5,S5,commercial_research,transactional,2,https://avito.ru/yaroslavl/predlozheniya_uslug/|https://avito.ru/yaroslavl/predlozheniya_uslug/tag/vyravnivanie-uchastka/,policy_exclusion_split,retain_exclusion_and_service_assignment,policy_exclusion_split_reviewed,reviewed,policy_exclusion,at least one query has a reviewed exclusion action; the excluded intent remains separate from the retained service assignment
PAIR-F27B8834C1B8,Q000087,Q000098,выровнять участок на даче ярославль оформление заказа ник техно ооо,планировка участка ярославль,S5,S5,commercial_research,commercial_research,2,https://avito.ru/yaroslavl/predlozheniya_uslug/|https://mini-pogruzchiki.ru/uslugi/vyravnivanie-uchastka/,policy_exclusion_split,retain_exclusion_and_service_assignment,policy_exclusion_split_reviewed,reviewed,policy_exclusion,at least one query has a reviewed exclusion action; the excluded intent remains separate from the retained service assignment
PAIR-C8273F1653F5,Q000088,Q000089,заказать выравнивание участка,заказать планировку участка,S5,S5,transactional,transactional,3,https://avito.ru/yaroslavl/predlozheniya_uslug/|https://uslugi.yandex.ru/10841-yaroslavl-oblast/category/|https://uslugi.yandex.ru/16-yaroslavl/category/,manual_review,hold_current_url,serp_pair_pending_review,pending,,same-service SERP pair meets the explicit manual-review threshold; the existing owner is held and no split or new URL is approved
PAIR-D7BC466D6A92,Q000088,Q000093,заказать выравнивание участка,планировка территории цена,S5,S5,transactional,transactional,3,https://avito.ru/yaroslavl/predlozheniya_uslug/|https://uslugi.yandex.ru/10841-yaroslavl-oblast/category/|https://uslugi.yandex.ru/16-yaroslavl/category/,manual_review,hold_current_url,serp_pair_pending_review,pending,,same-service SERP pair meets the explicit manual-review threshold; the existing owner is held and no split or new URL is approved
PAIR-3DE1BE42E65D,Q000088,Q000097,заказать выравнивание участка,планировка участка цена,S5,S5,transactional,transactional,3,https://avito.ru/yaroslavl/predlozheniya_uslug/|https://uslugi.yandex.ru/10841-yaroslavl-oblast/category/|https://uslugi.yandex.ru/16-yaroslavl/category/,manual_review,hold_current_url,serp_pair_pending_review,pending,,same-service SERP pair meets the explicit manual-review threshold; the existing owner is held and no split or new URL is approved
PAIR-D41467B75663,Q000088,Q000098,заказать выравнивание участка,планировка участка ярославль,S5,S5,transactional,commercial_research,2,https://avito.ru/yaroslavl/predlozheniya_uslug/|https://uslugi.yandex.ru/16-yaroslavl/category/,manual_review,hold_current_url,serp_pair_pending_review,pending,,same-service SERP pair meets the explicit manual-review threshold; the existing owner is held and no split or new URL is approved
PAIR-22F7CA0A9AF6,Q000088,Q000116,заказать выравнивание участка,въезд на участок цена,S5,S8,transactional,transactional,2,https://avito.ru/yaroslavl/predlozheniya_uslug/|https://uslugi.yandex.ru/16-yaroslavl/category/,owner_boundary_split,hold_distinct_service_owners,cross_service_owner_boundary_reviewed,reviewed,policy_scope_owner,cross-service SERP pair meets a merge or manual-review threshold; the approved S1-S8 service-owner boundary prevents an automatic merge or reassignment
PAIR-A82B38A1D15F,Q000088,Q000119,заказать выравнивание участка,въезд через канаву под ключ,S5,S8,transactional,transactional,2,https://avito.ru/yaroslavl/predlozheniya_uslug/|https://uslugi.yandex.ru/16-yaroslavl/category/,owner_boundary_split,hold_distinct_service_owners,cross_service_owner_boundary_reviewed,reviewed,policy_scope_owner,cross-service SERP pair meets a merge or manual-review threshold; the approved S1-S8 service-owner boundary prevents an automatic merge or reassignment
PAIR-A471C31A8291,Q000088,Q000120,заказать выравнивание участка,въезд через канаву цена,S5,S8,transactional,transactional,2,https://avito.ru/yaroslavl/predlozheniya_uslug/|https://uslugi.yandex.ru/16-yaroslavl/category/,owner_boundary_split,hold_distinct_service_owners,cross_service_owner_boundary_reviewed,reviewed,policy_scope_owner,cross-service SERP pair meets a merge or manual-review threshold; the approved S1-S8 service-owner boundary prevents an automatic merge or reassignment
PAIR-C8298961FCF5,Q000088,Q000122,заказать выравнивание участка,заезд на участок под ключ,S5,S8,transactional,transactional,2,https://avito.ru/yaroslavl/predlozheniya_uslug/|https://uslugi.yandex.ru/16-yaroslavl/category/,owner_boundary_split,hold_distinct_service_owners,cross_service_owner_boundary_reviewed,reviewed,policy_scope_owner,cross-service SERP pair meets a merge or manual-review threshold; the approved S1-S8 service-owner boundary prevents an automatic merge or reassignment
PAIR-8140CD14D843,Q000088,Q000124,заказать выравнивание участка,заезд на участок цена,S5,S8,transactional,transactional,2,https://avito.ru/yaroslavl/predlozheniya_uslug/|https://uslugi.yandex.ru/16-yaroslavl/category/,owner_boundary_split,hold_distinct_service_owners,cross_service_owner_boundary_reviewed,reviewed,policy_scope_owner,cross-service SERP pair meets a merge or manual-review threshold; the approved S1-S8 service-owner boundary prevents an automatic merge or reassignment
PAIR-DA25CA7305F1,Q000088,Q000125,заказать выравнивание участка,заезд на участок через канаву в тутаеве,S5,S8,transactional,commercial_research,2,https://avito.ru/yaroslavl/predlozheniya_uslug/|https://uslugi.yandex.ru/16-yaroslavl/category/,owner_boundary_split,hold_distinct_service_owners,cross_service_owner_boundary_reviewed,reviewed,policy_scope_owner,cross-service SERP pair meets a merge or manual-review threshold; the approved S1-S8 service-owner boundary prevents an automatic merge or reassignment
PAIR-D0BD79116454,Q000088,Q000126,заказать выравнивание участка,заезд на участок через канаву под ключ,S5,S8,transactional,transactional,2,https://avito.ru/yaroslavl/predlozheniya_uslug/|https://uslugi.yandex.ru/16-yaroslavl/category/,owner_boundary_split,hold_distinct_service_owners,cross_service_owner_boundary_reviewed,reviewed,policy_scope_owner,cross-service SERP pair meets a merge or manual-review threshold; the approved S1-S8 service-owner boundary prevents an automatic merge or reassignment
PAIR-668E61223145,Q000088,Q000128,заказать выравнивание участка,заезд на участок через канаву под ключ тутаев,S5,S8,transactional,transactional,2,https://avito.ru/yaroslavl/predlozheniya_uslug/|https://uslugi.yandex.ru/16-yaroslavl/category/,owner_boundary_split,hold_distinct_service_owners,cross_service_owner_boundary_reviewed,reviewed,policy_scope_owner,cross-service SERP pair meets a merge or manual-review threshold; the approved S1-S8 service-owner boundary prevents an automatic merge or reassignment
PAIR-09322842D859,Q000088,Q000129,заказать выравнивание участка,заезд на участок через канаву под ключ ярославль,S5,S8,transactional,transactional,2,https://avito.ru/yaroslavl/predlozheniya_uslug/|https://uslugi.yandex.ru/16-yaroslavl/category/,owner_boundary_split,hold_distinct_service_owners,cross_service_owner_boundary_reviewed,reviewed,policy_scope_owner,cross-service SERP pair meets a merge or manual-review threshold; the approved S1-S8 service-owner boundary prevents an automatic merge or reassignment
PAIR-1EBA537AC241,Q000088,Q000131,заказать выравнивание участка,заезд на участок через канаву цена,S5,S8,transactional,transactional,2,https://avito.ru/yaroslavl/predlozheniya_uslug/|https://uslugi.yandex.ru/16-yaroslavl/category/,owner_boundary_split,hold_distinct_service_owners,cross_service_owner_boundary_reviewed,reviewed,policy_scope_owner,cross-service SERP pair meets a merge or manual-review threshold; the approved S1-S8 service-owner boundary prevents an automatic merge or reassignment
PAIR-80D7A26C4BA4,Q000088,Q000133,заказать выравнивание участка,заезд через канаву на участок,S5,S8,transactional,commercial_research,2,https://avito.ru/yaroslavl/predlozheniya_uslug/|https://uslugi.yandex.ru/16-yaroslavl/category/,owner_boundary_split,hold_distinct_service_owners,cross_service_owner_boundary_reviewed,reviewed,policy_scope_owner,cross-service SERP pair meets a merge or manual-review threshold; the approved S1-S8 service-owner boundary prevents an automatic merge or reassignment
PAIR-CA2C360FB822,Q000088,Q000135,заказать выравнивание участка,заказать въезд на участок,S5,S8,transactional,transactional,2,https://avito.ru/yaroslavl/predlozheniya_uslug/|https://uslugi.yandex.ru/16-yaroslavl/category/,owner_boundary_split,hold_distinct_service_owners,cross_service_owner_boundary_reviewed,reviewed,policy_scope_owner,cross-service SERP pair meets a merge or manual-review threshold; the approved S1-S8 service-owner boundary prevents an automatic merge or reassignment
PAIR-345EDCBB4716,Q000088,Q000141,заказать выравнивание участка,ярославская область сделать въезд в канаву,S5,S8,transactional,commercial_research,2,https://avito.ru/yaroslavl/predlozheniya_uslug/|https://uslugi.yandex.ru/16-yaroslavl/category/,owner_boundary_split,hold_distinct_service_owners,cross_service_owner_boundary_reviewed,reviewed,policy_scope_owner,cross-service SERP pair meets a merge or manual-review threshold; the approved S1-S8 service-owner boundary prevents an automatic merge or reassignment
PAIR-FD7A81B4AD5B,Q000089,Q000097,заказать планировку участка,планировка участка цена,S5,S5,transactional,transactional,3,https://avito.ru/yaroslavl/predlozheniya_uslug/|https://uslugi.yandex.ru/10841-yaroslavl-oblast/category/|https://uslugi.yandex.ru/16-yaroslavl/category/,manual_review,hold_current_url,serp_pair_pending_review,pending,,same-service SERP pair meets the explicit manual-review threshold; the existing owner is held and no split or new URL is approved
PAIR-E7E3CD3B8ED7,Q000089,Q000098,заказать планировку участка,планировка участка ярославль,S5,S5,transactional,commercial_research,5,https://avito.ru/yaroslavl/predlozheniya_uslug/|https://avito.ru/yaroslavskaya_oblast/predlozheniya_uslug/|https://uslugi.yandex.ru/16-yaroslavl/category/|https://yaroslavl.blago-s.ru/catalog/planirovka-uchastka/|https://yaroslavl.gbistroj.ru/planirovka-uchastka/,manual_review,hold_current_url,serp_pair_pending_review,pending,,same-service SERP pair meets the explicit manual-review threshold; the existing owner is held and no split or new URL is approved
PAIR-13E54CCBDC3C,Q000089,Q000099,заказать планировку участка,рассчитать стоимость выравнивания участка 5 соток,S5,S5,transactional,transactional,2,https://avito.ru/yaroslavl/predlozheniya_uslug/|https://uslugi.yandex.ru/10841-yaroslavl-oblast/category/,manual_review,hold_current_url,serp_pair_pending_review,pending,,same-service SERP pair meets the explicit manual-review threshold; the existing owner is held and no split or new URL is approved
PAIR-5D6A541A2432,Q000089,Q000100,заказать планировку участка,организация выполняющая установкой гравитационной подпорной стены ярославль,S5,S6,transactional,commercial_research,2,https://avito.ru/yaroslavskaya_oblast/predlozheniya_uslug/|https://uslugi.yandex.ru/16-yaroslavl/category/,owner_boundary_split,hold_distinct_service_owners,cross_service_owner_boundary_reviewed,reviewed,policy_scope_owner,cross-service SERP pair meets a merge or manual-review threshold; the approved S1-S8 service-owner boundary prevents an automatic merge or reassignment
PAIR-9E38E27E0A09,Q000089,Q000116,заказать планировку участка,въезд на участок цена,S5,S8,transactional,transactional,3,https://avito.ru/yaroslavl/predlozheniya_uslug/|https://avito.ru/yaroslavskaya_oblast/predlozheniya_uslug/|https://uslugi.yandex.ru/16-yaroslavl/category/,owner_boundary_split,hold_distinct_service_owners,cross_service_owner_boundary_reviewed,reviewed,policy_scope_owner,cross-service SERP pair meets a merge or manual-review threshold; the approved S1-S8 service-owner boundary prevents an automatic merge or reassignment
PAIR-93B6F857F82D,Q000089,Q000119,заказать планировку участка,въезд через канаву под ключ,S5,S8,transactional,transactional,2,https://avito.ru/yaroslavl/predlozheniya_uslug/|https://uslugi.yandex.ru/16-yaroslavl/category/,owner_boundary_split,hold_distinct_service_owners,cross_service_owner_boundary_reviewed,reviewed,policy_scope_owner,cross-service SERP pair meets a merge or manual-review threshold; the approved S1-S8 service-owner boundary prevents an automatic merge or reassignment
PAIR-D67A4E71877C,Q000089,Q000120,заказать планировку участка,въезд через канаву цена,S5,S8,transactional,transactional,2,https://avito.ru/yaroslavl/predlozheniya_uslug/|https://uslugi.yandex.ru/16-yaroslavl/category/,owner_boundary_split,hold_distinct_service_owners,cross_service_owner_boundary_reviewed,reviewed,policy_scope_owner,cross-service SERP pair meets a merge or manual-review threshold; the approved S1-S8 service-owner boundary prevents an automatic merge or reassignment
PAIR-E647E9C4BB81,Q000089,Q000122,заказать планировку участка,заезд на участок под ключ,S5,S8,transactional,transactional,2,https://avito.ru/yaroslavl/predlozheniya_uslug/|https://uslugi.yandex.ru/16-yaroslavl/category/,owner_boundary_split,hold_distinct_service_owners,cross_service_owner_boundary_reviewed,reviewed,policy_scope_owner,cross-service SERP pair meets a merge or manual-review threshold; the approved S1-S8 service-owner boundary prevents an automatic merge or reassignment
PAIR-3ED93F0312D3,Q000089,Q000124,заказать планировку участка,заезд на участок цена,S5,S8,transactional,transactional,2,https://avito.ru/yaroslavl/predlozheniya_uslug/|https://uslugi.yandex.ru/16-yaroslavl/category/,owner_boundary_split,hold_distinct_service_owners,cross_service_owner_boundary_reviewed,reviewed,policy_scope_owner,cross-service SERP pair meets a merge or manual-review threshold; the approved S1-S8 service-owner boundary prevents an automatic merge or reassignment
PAIR-756B7EA8495F,Q000089,Q000125,заказать планировку участка,заезд на участок через канаву в тутаеве,S5,S8,transactional,commercial_research,2,https://avito.ru/yaroslavl/predlozheniya_uslug/|https://uslugi.yandex.ru/16-yaroslavl/category/,owner_boundary_split,hold_distinct_service_owners,cross_service_owner_boundary_reviewed,reviewed,policy_scope_owner,cross-service SERP pair meets a merge or manual-review threshold; the approved S1-S8 service-owner boundary prevents an automatic merge or reassignment
PAIR-EDA81B53E977,Q000089,Q000126,заказать планировку участка,заезд на участок через канаву под ключ,S5,S8,transactional,transactional,2,https://avito.ru/yaroslavl/predlozheniya_uslug/|https://uslugi.yandex.ru/16-yaroslavl/category/,owner_boundary_split,hold_distinct_service_owners,cross_service_owner_boundary_reviewed,reviewed,policy_scope_owner,cross-service SERP pair meets a merge or manual-review threshold; the approved S1-S8 service-owner boundary prevents an automatic merge or reassignment
PAIR-C18D42A4C783,Q000089,Q000128,заказать планировку участка,заезд на участок через канаву под ключ тутаев,S5,S8,transactional,transactional,2,https://avito.ru/yaroslavl/predlozheniya_uslug/|https://uslugi.yandex.ru/16-yaroslavl/category/,owner_boundary_split,hold_distinct_service_owners,cross_service_owner_boundary_reviewed,reviewed,policy_scope_owner,cross-service SERP pair meets a merge or manual-review threshold; the approved S1-S8 service-owner boundary prevents an automatic merge or reassignment
PAIR-0BEB0EE7027F,Q000089,Q000129,заказать планировку участка,заезд на участок через канаву под ключ ярославль,S5,S8,transactional,transactional,2,https://avito.ru/yaroslavl/predlozheniya_uslug/|https://uslugi.yandex.ru/16-yaroslavl/category/,owner_boundary_split,hold_distinct_service_owners,cross_service_owner_boundary_reviewed,reviewed,policy_scope_owner,cross-service SERP pair meets a merge or manual-review threshold; the approved S1-S8 service-owner boundary prevents an automatic merge or reassignment
PAIR-B94C67FFFC10,Q000089,Q000131,заказать планировку участка,заезд на участок через канаву цена,S5,S8,transactional,transactional,2,https://avito.ru/yaroslavl/predlozheniya_uslug/|https://uslugi.yandex.ru/16-yaroslavl/category/,owner_boundary_split,hold_distinct_service_owners,cross_service_owner_boundary_reviewed,reviewed,policy_scope_owner,cross-service SERP pair meets a merge or manual-review threshold; the approved S1-S8 service-owner boundary prevents an automatic merge or reassignment
PAIR-4863280323B2,Q000089,Q000133,заказать планировку участка,заезд через канаву на участок,S5,S8,transactional,commercial_research,2,https://avito.ru/yaroslavl/predlozheniya_uslug/|https://uslugi.yandex.ru/16-yaroslavl/category/,owner_boundary_split,hold_distinct_service_owners,cross_service_owner_boundary_reviewed,reviewed,policy_scope_owner,cross-service SERP pair meets a merge or manual-review threshold; the approved S1-S8 service-owner boundary prevents an automatic merge or reassignment
PAIR-549223E875E5,Q000089,Q000135,заказать планировку участка,заказать въезд на участок,S5,S8,transactional,transactional,3,https://avito.ru/yaroslavl/predlozheniya_uslug/|https://avito.ru/yaroslavskaya_oblast/predlozheniya_uslug/|https://uslugi.yandex.ru/16-yaroslavl/category/,owner_boundary_split,hold_distinct_service_owners,cross_service_owner_boundary_reviewed,reviewed,policy_scope_owner,cross-service SERP pair meets a merge or manual-review threshold; the approved S1-S8 service-owner boundary prevents an automatic merge or reassignment
PAIR-7FB74A4D71C1,Q000089,Q000141,заказать планировку участка,ярославская область сделать въезд в канаву,S5,S8,transactional,commercial_research,3,https://avito.ru/yaroslavl/predlozheniya_uslug/|https://avito.ru/yaroslavskaya_oblast/predlozheniya_uslug/|https://uslugi.yandex.ru/16-yaroslavl/category/,owner_boundary_split,hold_distinct_service_owners,cross_service_owner_boundary_reviewed,reviewed,policy_scope_owner,cross-service SERP pair meets a merge or manual-review threshold; the approved S1-S8 service-owner boundary prevents an automatic merge or reassignment
PAIR-2FF6E4B3A557,Q000093,Q000097,планировка территории цена,планировка участка цена,S5,S5,transactional,transactional,3,https://avito.ru/yaroslavl/predlozheniya_uslug/|https://uslugi.yandex.ru/10841-yaroslavl-oblast/category/|https://uslugi.yandex.ru/16-yaroslavl/category/,manual_review,hold_current_url,serp_pair_pending_review,pending,,same-service SERP pair meets the explicit manual-review threshold; the existing owner is held and no split or new URL is approved
PAIR-839C819CB717,Q000093,Q000098,планировка территории цена,планировка участка ярославль,S5,S5,transactional,commercial_research,4,https://avito.ru/yaroslavl/predlozheniya_uslug/|https://avito.ru/yaroslavskaya_oblast/predlozheniya_uslug/|https://uslugi.yandex.ru/16-yaroslavl/category/|https://yaroslavl.gbistroj.ru/planirovka-uchastka/,manual_review,hold_current_url,serp_pair_pending_review,pending,,same-service SERP pair meets the explicit manual-review threshold; the existing owner is held and no split or new URL is approved
PAIR-05884D41D426,Q000093,Q000099,планировка территории цена,рассчитать стоимость выравнивания участка 5 соток,S5,S5,transactional,transactional,2,https://avito.ru/yaroslavl/predlozheniya_uslug/|https://uslugi.yandex.ru/10841-yaroslavl-oblast/category/,manual_review,hold_current_url,serp_pair_pending_review,pending,,same-service SERP pair meets the explicit manual-review threshold; the existing owner is held and no split or new URL is approved
PAIR-0C5249280852,Q000093,Q000100,планировка территории цена,организация выполняющая установкой гравитационной подпорной стены ярославль,S5,S6,transactional,commercial_research,2,https://avito.ru/yaroslavskaya_oblast/predlozheniya_uslug/|https://uslugi.yandex.ru/16-yaroslavl/category/,owner_boundary_split,hold_distinct_service_owners,cross_service_owner_boundary_reviewed,reviewed,policy_scope_owner,cross-service SERP pair meets a merge or manual-review threshold; the approved S1-S8 service-owner boundary prevents an automatic merge or reassignment
PAIR-DD73AFA4BFC5,Q000093,Q000116,планировка территории цена,въезд на участок цена,S5,S8,transactional,transactional,3,https://avito.ru/yaroslavl/predlozheniya_uslug/|https://avito.ru/yaroslavskaya_oblast/predlozheniya_uslug/|https://uslugi.yandex.ru/16-yaroslavl/category/,owner_boundary_split,hold_distinct_service_owners,cross_service_owner_boundary_reviewed,reviewed,policy_scope_owner,cross-service SERP pair meets a merge or manual-review threshold; the approved S1-S8 service-owner boundary prevents an automatic merge or reassignment
PAIR-AE85EDA38D0D,Q000093,Q000119,планировка территории цена,въезд через канаву под ключ,S5,S8,transactional,transactional,2,https://avito.ru/yaroslavl/predlozheniya_uslug/|https://uslugi.yandex.ru/16-yaroslavl/category/,owner_boundary_split,hold_distinct_service_owners,cross_service_owner_boundary_reviewed,reviewed,policy_scope_owner,cross-service SERP pair meets a merge or manual-review threshold; the approved S1-S8 service-owner boundary prevents an automatic merge or reassignment
PAIR-83FFAEBD3EB4,Q000093,Q000120,планировка территории цена,въезд через канаву цена,S5,S8,transactional,transactional,2,https://avito.ru/yaroslavl/predlozheniya_uslug/|https://uslugi.yandex.ru/16-yaroslavl/category/,owner_boundary_split,hold_distinct_service_owners,cross_service_owner_boundary_reviewed,reviewed,policy_scope_owner,cross-service SERP pair meets a merge or manual-review threshold; the approved S1-S8 service-owner boundary prevents an automatic merge or reassignment
PAIR-FD32EF610D94,Q000093,Q000122,планировка территории цена,заезд на участок под ключ,S5,S8,transactional,transactional,2,https://avito.ru/yaroslavl/predlozheniya_uslug/|https://uslugi.yandex.ru/16-yaroslavl/category/,owner_boundary_split,hold_distinct_service_owners,cross_service_owner_boundary_reviewed,reviewed,policy_scope_owner,cross-service SERP pair meets a merge or manual-review threshold; the approved S1-S8 service-owner boundary prevents an automatic merge or reassignment
PAIR-C7C0EB2F2105,Q000093,Q000124,планировка территории цена,заезд на участок цена,S5,S8,transactional,transactional,2,https://avito.ru/yaroslavl/predlozheniya_uslug/|https://uslugi.yandex.ru/16-yaroslavl/category/,owner_boundary_split,hold_distinct_service_owners,cross_service_owner_boundary_reviewed,reviewed,policy_scope_owner,cross-service SERP pair meets a merge or manual-review threshold; the approved S1-S8 service-owner boundary prevents an automatic merge or reassignment
PAIR-3E7169B784B6,Q000093,Q000125,планировка территории цена,заезд на участок через канаву в тутаеве,S5,S8,transactional,commercial_research,2,https://avito.ru/yaroslavl/predlozheniya_uslug/|https://uslugi.yandex.ru/16-yaroslavl/category/,owner_boundary_split,hold_distinct_service_owners,cross_service_owner_boundary_reviewed,reviewed,policy_scope_owner,cross-service SERP pair meets a merge or manual-review threshold; the approved S1-S8 service-owner boundary prevents an automatic merge or reassignment
PAIR-AC46364A5CB8,Q000093,Q000126,планировка территории цена,заезд на участок через канаву под ключ,S5,S8,transactional,transactional,2,https://avito.ru/yaroslavl/predlozheniya_uslug/|https://uslugi.yandex.ru/16-yaroslavl/category/,owner_boundary_split,hold_distinct_service_owners,cross_service_owner_boundary_reviewed,reviewed,policy_scope_owner,cross-service SERP pair meets a merge or manual-review threshold; the approved S1-S8 service-owner boundary prevents an automatic merge or reassignment
PAIR-06AFF30F600C,Q000093,Q000128,планировка территории цена,заезд на участок через канаву под ключ тутаев,S5,S8,transactional,transactional,2,https://avito.ru/yaroslavl/predlozheniya_uslug/|https://uslugi.yandex.ru/16-yaroslavl/category/,owner_boundary_split,hold_distinct_service_owners,cross_service_owner_boundary_reviewed,reviewed,policy_scope_owner,cross-service SERP pair meets a merge or manual-review threshold; the approved S1-S8 service-owner boundary prevents an automatic merge or reassignment
PAIR-5A6FB6386AA8,Q000093,Q000129,планировка территории цена,заезд на участок через канаву под ключ ярославль,S5,S8,transactional,transactional,2,https://avito.ru/yaroslavl/predlozheniya_uslug/|https://uslugi.yandex.ru/16-yaroslavl/category/,owner_boundary_split,hold_distinct_service_owners,cross_service_owner_boundary_reviewed,reviewed,policy_scope_owner,cross-service SERP pair meets a merge or manual-review threshold; the approved S1-S8 service-owner boundary prevents an automatic merge or reassignment
PAIR-3B7CB52004E6,Q000093,Q000131,планировка территории цена,заезд на участок через канаву цена,S5,S8,transactional,transactional,2,https://avito.ru/yaroslavl/predlozheniya_uslug/|https://uslugi.yandex.ru/16-yaroslavl/category/,owner_boundary_split,hold_distinct_service_owners,cross_service_owner_boundary_reviewed,reviewed,policy_scope_owner,cross-service SERP pair meets a merge or manual-review threshold; the approved S1-S8 service-owner boundary prevents an automatic merge or reassignment
PAIR-74BE497D297E,Q000093,Q000133,планировка территории цена,заезд через канаву на участок,S5,S8,transactional,commercial_research,2,https://avito.ru/yaroslavl/predlozheniya_uslug/|https://uslugi.yandex.ru/16-yaroslavl/category/,owner_boundary_split,hold_distinct_service_owners,cross_service_owner_boundary_reviewed,reviewed,policy_scope_owner,cross-service SERP pair meets a merge or manual-review threshold; the approved S1-S8 service-owner boundary prevents an automatic merge or reassignment
PAIR-924682E3BD89,Q000093,Q000135,планировка территории цена,заказать въезд на участок,S5,S8,transactional,transactional,3,https://avito.ru/yaroslavl/predlozheniya_uslug/|https://avito.ru/yaroslavskaya_oblast/predlozheniya_uslug/|https://uslugi.yandex.ru/16-yaroslavl/category/,owner_boundary_split,hold_distinct_service_owners,cross_service_owner_boundary_reviewed,reviewed,policy_scope_owner,cross-service SERP pair meets a merge or manual-review threshold; the approved S1-S8 service-owner boundary prevents an automatic merge or reassignment
PAIR-F343BB0A93E4,Q000093,Q000141,планировка территории цена,ярославская область сделать въезд в канаву,S5,S8,transactional,commercial_research,3,https://avito.ru/yaroslavl/predlozheniya_uslug/|https://avito.ru/yaroslavskaya_oblast/predlozheniya_uslug/|https://uslugi.yandex.ru/16-yaroslavl/category/,owner_boundary_split,hold_distinct_service_owners,cross_service_owner_boundary_reviewed,reviewed,policy_scope_owner,cross-service SERP pair meets a merge or manual-review threshold; the approved S1-S8 service-owner boundary prevents an automatic merge or reassignment
PAIR-53175DB0730D,Q000096,Q000109,планировка участка рыбинск,монтаж освещения участка рыбинск,S5,S7,commercial_research,transactional,2,https://avito.ru/rybinsk/predlozheniya_uslug/|https://uslugi.yandex.ru/10839-rybinsk/category/,owner_boundary_split,hold_distinct_service_owners,cross_service_owner_boundary_reviewed,reviewed,policy_scope_owner,cross-service SERP pair meets a merge or manual-review threshold; the approved S1-S8 service-owner boundary prevents an automatic merge or reassignment
PAIR-329D916E0C1B,Q000096,Q000138,планировка участка рыбинск,обустройство въезда на участок рыбинск,S5,S8,commercial_research,commercial_research,2,https://avito.ru/rybinsk/predlozheniya_uslug/|https://uslugi.yandex.ru/10839-rybinsk/category/,owner_boundary_split,hold_distinct_service_owners,cross_service_owner_boundary_reviewed,reviewed,policy_scope_owner,cross-service SERP pair meets a merge or manual-review threshold; the approved S1-S8 service-owner boundary prevents an automatic merge or reassignment
PAIR-A756DFB13CE7,Q000096,Q000140,планировка участка рыбинск,трубу в канаву уложить в рыбинске,S5,S8,commercial_research,commercial_research,2,https://avito.ru/rybinsk/predlozheniya_uslug/|https://uslugi.yandex.ru/10839-rybinsk/category/,owner_boundary_split,hold_distinct_service_owners,cross_service_owner_boundary_reviewed,reviewed,policy_scope_owner,cross-service SERP pair meets a merge or manual-review threshold; the approved S1-S8 service-owner boundary prevents an automatic merge or reassignment
PAIR-6F74B5491D58,Q000097,Q000098,планировка участка цена,планировка участка ярославль,S5,S5,transactional,commercial_research,2,https://avito.ru/yaroslavl/predlozheniya_uslug/|https://uslugi.yandex.ru/16-yaroslavl/category/,manual_review,hold_current_url,serp_pair_pending_review,pending,,same-service SERP pair meets the explicit manual-review threshold; the existing owner is held and no split or new URL is approved
PAIR-6D93E9E6F910,Q000097,Q000099,планировка участка цена,рассчитать стоимость выравнивания участка 5 соток,S5,S5,transactional,transactional,2,https://avito.ru/yaroslavl/predlozheniya_uslug/|https://uslugi.yandex.ru/10841-yaroslavl-oblast/category/,manual_review,hold_current_url,serp_pair_pending_review,pending,,same-service SERP pair meets the explicit manual-review threshold; the existing owner is held and no split or new URL is approved
PAIR-CD8CD51FFD39,Q000097,Q000116,планировка участка цена,въезд на участок цена,S5,S8,transactional,transactional,2,https://avito.ru/yaroslavl/predlozheniya_uslug/|https://uslugi.yandex.ru/16-yaroslavl/category/,owner_boundary_split,hold_distinct_service_owners,cross_service_owner_boundary_reviewed,reviewed,policy_scope_owner,cross-service SERP pair meets a merge or manual-review threshold; the approved S1-S8 service-owner boundary prevents an automatic merge or reassignment
PAIR-160C33D38DE8,Q000097,Q000119,планировка участка цена,въезд через канаву под ключ,S5,S8,transactional,transactional,2,https://avito.ru/yaroslavl/predlozheniya_uslug/|https://uslugi.yandex.ru/16-yaroslavl/category/,owner_boundary_split,hold_distinct_service_owners,cross_service_owner_boundary_reviewed,reviewed,policy_scope_owner,cross-service SERP pair meets a merge or manual-review threshold; the approved S1-S8 service-owner boundary prevents an automatic merge or reassignment
PAIR-1C359D9F7EAE,Q000097,Q000120,планировка участка цена,въезд через канаву цена,S5,S8,transactional,transactional,2,https://avito.ru/yaroslavl/predlozheniya_uslug/|https://uslugi.yandex.ru/16-yaroslavl/category/,owner_boundary_split,hold_distinct_service_owners,cross_service_owner_boundary_reviewed,reviewed,policy_scope_owner,cross-service SERP pair meets a merge or manual-review threshold; the approved S1-S8 service-owner boundary prevents an automatic merge or reassignment
PAIR-6F75267F3277,Q000097,Q000122,планировка участка цена,заезд на участок под ключ,S5,S8,transactional,transactional,2,https://avito.ru/yaroslavl/predlozheniya_uslug/|https://uslugi.yandex.ru/16-yaroslavl/category/,owner_boundary_split,hold_distinct_service_owners,cross_service_owner_boundary_reviewed,reviewed,policy_scope_owner,cross-service SERP pair meets a merge or manual-review threshold; the approved S1-S8 service-owner boundary prevents an automatic merge or reassignment
PAIR-E458D09E508C,Q000097,Q000124,планировка участка цена,заезд на участок цена,S5,S8,transactional,transactional,2,https://avito.ru/yaroslavl/predlozheniya_uslug/|https://uslugi.yandex.ru/16-yaroslavl/category/,owner_boundary_split,hold_distinct_service_owners,cross_service_owner_boundary_reviewed,reviewed,policy_scope_owner,cross-service SERP pair meets a merge or manual-review threshold; the approved S1-S8 service-owner boundary prevents an automatic merge or reassignment
PAIR-FC4D73A5BD6F,Q000097,Q000125,планировка участка цена,заезд на участок через канаву в тутаеве,S5,S8,transactional,commercial_research,2,https://avito.ru/yaroslavl/predlozheniya_uslug/|https://uslugi.yandex.ru/16-yaroslavl/category/,owner_boundary_split,hold_distinct_service_owners,cross_service_owner_boundary_reviewed,reviewed,policy_scope_owner,cross-service SERP pair meets a merge or manual-review threshold; the approved S1-S8 service-owner boundary prevents an automatic merge or reassignment
PAIR-68DEF3D49054,Q000097,Q000126,планировка участка цена,заезд на участок через канаву под ключ,S5,S8,transactional,transactional,2,https://avito.ru/yaroslavl/predlozheniya_uslug/|https://uslugi.yandex.ru/16-yaroslavl/category/,owner_boundary_split,hold_distinct_service_owners,cross_service_owner_boundary_reviewed,reviewed,policy_scope_owner,cross-service SERP pair meets a merge or manual-review threshold; the approved S1-S8 service-owner boundary prevents an automatic merge or reassignment
PAIR-9EE98B244410,Q000097,Q000128,планировка участка цена,заезд на участок через канаву под ключ тутаев,S5,S8,transactional,transactional,2,https://avito.ru/yaroslavl/predlozheniya_uslug/|https://uslugi.yandex.ru/16-yaroslavl/category/,owner_boundary_split,hold_distinct_service_owners,cross_service_owner_boundary_reviewed,reviewed,policy_scope_owner,cross-service SERP pair meets a merge or manual-review threshold; the approved S1-S8 service-owner boundary prevents an automatic merge or reassignment
PAIR-0972DFB1EDC4,Q000097,Q000129,планировка участка цена,заезд на участок через канаву под ключ ярославль,S5,S8,transactional,transactional,2,https://avito.ru/yaroslavl/predlozheniya_uslug/|https://uslugi.yandex.ru/16-yaroslavl/category/,owner_boundary_split,hold_distinct_service_owners,cross_service_owner_boundary_reviewed,reviewed,policy_scope_owner,cross-service SERP pair meets a merge or manual-review threshold; the approved S1-S8 service-owner boundary prevents an automatic merge or reassignment
PAIR-E5C95779BD60,Q000097,Q000131,планировка участка цена,заезд на участок через канаву цена,S5,S8,transactional,transactional,2,https://avito.ru/yaroslavl/predlozheniya_uslug/|https://uslugi.yandex.ru/16-yaroslavl/category/,owner_boundary_split,hold_distinct_service_owners,cross_service_owner_boundary_reviewed,reviewed,policy_scope_owner,cross-service SERP pair meets a merge or manual-review threshold; the approved S1-S8 service-owner boundary prevents an automatic merge or reassignment
PAIR-2EEE3C94E708,Q000097,Q000133,планировка участка цена,заезд через канаву на участок,S5,S8,transactional,commercial_research,2,https://avito.ru/yaroslavl/predlozheniya_uslug/|https://uslugi.yandex.ru/16-yaroslavl/category/,owner_boundary_split,hold_distinct_service_owners,cross_service_owner_boundary_reviewed,reviewed,policy_scope_owner,cross-service SERP pair meets a merge or manual-review threshold; the approved S1-S8 service-owner boundary prevents an automatic merge or reassignment
PAIR-8DE47F0081E7,Q000097,Q000135,планировка участка цена,заказать въезд на участок,S5,S8,transactional,transactional,2,https://avito.ru/yaroslavl/predlozheniya_uslug/|https://uslugi.yandex.ru/16-yaroslavl/category/,owner_boundary_split,hold_distinct_service_owners,cross_service_owner_boundary_reviewed,reviewed,policy_scope_owner,cross-service SERP pair meets a merge or manual-review threshold; the approved S1-S8 service-owner boundary prevents an automatic merge or reassignment
PAIR-BB5710242799,Q000097,Q000141,планировка участка цена,ярославская область сделать въезд в канаву,S5,S8,transactional,commercial_research,2,https://avito.ru/yaroslavl/predlozheniya_uslug/|https://uslugi.yandex.ru/16-yaroslavl/category/,owner_boundary_split,hold_distinct_service_owners,cross_service_owner_boundary_reviewed,reviewed,policy_scope_owner,cross-service SERP pair meets a merge or manual-review threshold; the approved S1-S8 service-owner boundary prevents an automatic merge or reassignment
PAIR-048AAB9EDCD8,Q000098,Q000100,планировка участка ярославль,организация выполняющая установкой гравитационной подпорной стены ярославль,S5,S6,commercial_research,commercial_research,2,https://avito.ru/yaroslavskaya_oblast/predlozheniya_uslug/|https://uslugi.yandex.ru/16-yaroslavl/category/,owner_boundary_split,hold_distinct_service_owners,cross_service_owner_boundary_reviewed,reviewed,policy_scope_owner,cross-service SERP pair meets a merge or manual-review threshold; the approved S1-S8 service-owner boundary prevents an automatic merge or reassignment
PAIR-C381BAAE233B,Q000098,Q000116,планировка участка ярославль,въезд на участок цена,S5,S8,commercial_research,transactional,3,https://avito.ru/yaroslavl/predlozheniya_uslug/|https://avito.ru/yaroslavskaya_oblast/predlozheniya_uslug/|https://uslugi.yandex.ru/16-yaroslavl/category/,owner_boundary_split,hold_distinct_service_owners,cross_service_owner_boundary_reviewed,reviewed,policy_scope_owner,cross-service SERP pair meets a merge or manual-review threshold; the approved S1-S8 service-owner boundary prevents an automatic merge or reassignment
PAIR-4A819ED1A3C5,Q000098,Q000119,планировка участка ярославль,въезд через канаву под ключ,S5,S8,commercial_research,transactional,2,https://avito.ru/yaroslavl/predlozheniya_uslug/|https://uslugi.yandex.ru/16-yaroslavl/category/,owner_boundary_split,hold_distinct_service_owners,cross_service_owner_boundary_reviewed,reviewed,policy_scope_owner,cross-service SERP pair meets a merge or manual-review threshold; the approved S1-S8 service-owner boundary prevents an automatic merge or reassignment
PAIR-8F2ADD95F135,Q000098,Q000120,планировка участка ярославль,въезд через канаву цена,S5,S8,commercial_research,transactional,2,https://avito.ru/yaroslavl/predlozheniya_uslug/|https://uslugi.yandex.ru/16-yaroslavl/category/,owner_boundary_split,hold_distinct_service_owners,cross_service_owner_boundary_reviewed,reviewed,policy_scope_owner,cross-service SERP pair meets a merge or manual-review threshold; the approved S1-S8 service-owner boundary prevents an automatic merge or reassignment
PAIR-1F4183AD3DF4,Q000098,Q000122,планировка участка ярославль,заезд на участок под ключ,S5,S8,commercial_research,transactional,2,https://avito.ru/yaroslavl/predlozheniya_uslug/|https://uslugi.yandex.ru/16-yaroslavl/category/,owner_boundary_split,hold_distinct_service_owners,cross_service_owner_boundary_reviewed,reviewed,policy_scope_owner,cross-service SERP pair meets a merge or manual-review threshold; the approved S1-S8 service-owner boundary prevents an automatic merge or reassignment
PAIR-7A70A620B4BB,Q000098,Q000124,планировка участка ярославль,заезд на участок цена,S5,S8,commercial_research,transactional,2,https://avito.ru/yaroslavl/predlozheniya_uslug/|https://uslugi.yandex.ru/16-yaroslavl/category/,owner_boundary_split,hold_distinct_service_owners,cross_service_owner_boundary_reviewed,reviewed,policy_scope_owner,cross-service SERP pair meets a merge or manual-review threshold; the approved S1-S8 service-owner boundary prevents an automatic merge or reassignment
PAIR-A700BB6600CB,Q000098,Q000125,планировка участка ярославль,заезд на участок через канаву в тутаеве,S5,S8,commercial_research,commercial_research,2,https://avito.ru/yaroslavl/predlozheniya_uslug/|https://uslugi.yandex.ru/16-yaroslavl/category/,owner_boundary_split,hold_distinct_service_owners,cross_service_owner_boundary_reviewed,reviewed,policy_scope_owner,cross-service SERP pair meets a merge or manual-review threshold; the approved S1-S8 service-owner boundary prevents an automatic merge or reassignment
PAIR-DAF7EBB658C5,Q000098,Q000126,планировка участка ярославль,заезд на участок через канаву под ключ,S5,S8,commercial_research,transactional,2,https://avito.ru/yaroslavl/predlozheniya_uslug/|https://uslugi.yandex.ru/16-yaroslavl/category/,owner_boundary_split,hold_distinct_service_owners,cross_service_owner_boundary_reviewed,reviewed,policy_scope_owner,cross-service SERP pair meets a merge or manual-review threshold; the approved S1-S8 service-owner boundary prevents an automatic merge or reassignment
PAIR-90966FF95AFF,Q000098,Q000128,планировка участка ярославль,заезд на участок через канаву под ключ тутаев,S5,S8,commercial_research,transactional,2,https://avito.ru/yaroslavl/predlozheniya_uslug/|https://uslugi.yandex.ru/16-yaroslavl/category/,owner_boundary_split,hold_distinct_service_owners,cross_service_owner_boundary_reviewed,reviewed,policy_scope_owner,cross-service SERP pair meets a merge or manual-review threshold; the approved S1-S8 service-owner boundary prevents an automatic merge or reassignment
PAIR-F1F4EFA20E6F,Q000098,Q000129,планировка участка ярославль,заезд на участок через канаву под ключ ярославль,S5,S8,commercial_research,transactional,2,https://avito.ru/yaroslavl/predlozheniya_uslug/|https://uslugi.yandex.ru/16-yaroslavl/category/,owner_boundary_split,hold_distinct_service_owners,cross_service_owner_boundary_reviewed,reviewed,policy_scope_owner,cross-service SERP pair meets a merge or manual-review threshold; the approved S1-S8 service-owner boundary prevents an automatic merge or reassignment
PAIR-5D21357D4C48,Q000098,Q000131,планировка участка ярославль,заезд на участок через канаву цена,S5,S8,commercial_research,transactional,2,https://avito.ru/yaroslavl/predlozheniya_uslug/|https://uslugi.yandex.ru/16-yaroslavl/category/,owner_boundary_split,hold_distinct_service_owners,cross_service_owner_boundary_reviewed,reviewed,policy_scope_owner,cross-service SERP pair meets a merge or manual-review threshold; the approved S1-S8 service-owner boundary prevents an automatic merge or reassignment
PAIR-65639B957554,Q000098,Q000133,планировка участка ярославль,заезд через канаву на участок,S5,S8,commercial_research,commercial_research,2,https://avito.ru/yaroslavl/predlozheniya_uslug/|https://uslugi.yandex.ru/16-yaroslavl/category/,owner_boundary_split,hold_distinct_service_owners,cross_service_owner_boundary_reviewed,reviewed,policy_scope_owner,cross-service SERP pair meets a merge or manual-review threshold; the approved S1-S8 service-owner boundary prevents an automatic merge or reassignment
PAIR-C9C6A07212E3,Q000098,Q000135,планировка участка ярославль,заказать въезд на участок,S5,S8,commercial_research,transactional,3,https://avito.ru/yaroslavl/predlozheniya_uslug/|https://avito.ru/yaroslavskaya_oblast/predlozheniya_uslug/|https://uslugi.yandex.ru/16-yaroslavl/category/,owner_boundary_split,hold_distinct_service_owners,cross_service_owner_boundary_reviewed,reviewed,policy_scope_owner,cross-service SERP pair meets a merge or manual-review threshold; the approved S1-S8 service-owner boundary prevents an automatic merge or reassignment
PAIR-B5C7F5A7F38A,Q000098,Q000141,планировка участка ярославль,ярославская область сделать въезд в канаву,S5,S8,commercial_research,commercial_research,3,https://avito.ru/yaroslavl/predlozheniya_uslug/|https://avito.ru/yaroslavskaya_oblast/predlozheniya_uslug/|https://uslugi.yandex.ru/16-yaroslavl/category/,owner_boundary_split,hold_distinct_service_owners,cross_service_owner_boundary_reviewed,reviewed,policy_scope_owner,cross-service SERP pair meets a merge or manual-review threshold; the approved S1-S8 service-owner boundary prevents an automatic merge or reassignment
PAIR-192F4D8CE74E,Q000100,Q000116,организация выполняющая установкой гравитационной подпорной стены ярославль,въезд на участок цена,S6,S8,commercial_research,transactional,2,https://avito.ru/yaroslavskaya_oblast/predlozheniya_uslug/|https://uslugi.yandex.ru/16-yaroslavl/category/,owner_boundary_split,hold_distinct_service_owners,cross_service_owner_boundary_reviewed,reviewed,policy_scope_owner,cross-service SERP pair meets a merge or manual-review threshold; the approved S1-S8 service-owner boundary prevents an automatic merge or reassignment
PAIR-523812EFACF3,Q000100,Q000135,организация выполняющая установкой гравитационной подпорной стены ярославль,заказать въезд на участок,S6,S8,commercial_research,transactional,2,https://avito.ru/yaroslavskaya_oblast/predlozheniya_uslug/|https://uslugi.yandex.ru/16-yaroslavl/category/,owner_boundary_split,hold_distinct_service_owners,cross_service_owner_boundary_reviewed,reviewed,policy_scope_owner,cross-service SERP pair meets a merge or manual-review threshold; the approved S1-S8 service-owner boundary prevents an automatic merge or reassignment
PAIR-FA6A878C85DA,Q000100,Q000141,организация выполняющая установкой гравитационной подпорной стены ярославль,ярославская область сделать въезд в канаву,S6,S8,commercial_research,commercial_research,2,https://avito.ru/yaroslavskaya_oblast/predlozheniya_uslug/|https://uslugi.yandex.ru/16-yaroslavl/category/,owner_boundary_split,hold_distinct_service_owners,cross_service_owner_boundary_reviewed,reviewed,policy_scope_owner,cross-service SERP pair meets a merge or manual-review threshold; the approved S1-S8 service-owner boundary prevents an automatic merge or reassignment
PAIR-4B1A65BA17E6,Q000101,Q000106,подпорная стенка из бетона,устройство подпорной стенки,S6,S6,commercial_research,transactional,5,https://kkgtk.kg/wp-content/uploads/2024/04/Ts48C3dMj45PQvm.pdf/|https://landshaftniy-dizayn.ru/vse-stati/podpornye-stenki-na-uchastke-s-uklonom-materialy-konstruktsii-i-primery/|https://m-strana.ru/articles/kak-sdelat-podpornuyu-stenku/|https://mosobltrotuar.ru/uslugi/ustroystvo-podpornykh-sten-na-uchastke/|https://stroy.telos76.ru/blog/podpornaya-stenka-na-uchastke/,manual_review,hold_current_url,serp_pair_pending_review,pending,,same-service SERP pair meets the explicit manual-review threshold; the existing owner is held and no split or new URL is approved
PAIR-C8BB427DE2B2,Q000102,Q000106,подпорная стенка из блоков,устройство подпорной стенки,S6,S6,commercial_research,transactional,2,https://landshaftniy-dizayn.ru/vse-stati/podpornye-stenki-na-uchastke-s-uklonom-materialy-konstruktsii-i-primery/|https://mosobltrotuar.ru/uslugi/ustroystvo-podpornykh-sten-na-uchastke/,manual_review,hold_current_url,serp_pair_pending_review,pending,,same-service SERP pair meets the explicit manual-review threshold; the existing owner is held and no split or new URL is approved
PAIR-EC2728B5E8CA,Q000104,Q000106,подпорная стенка на участке,устройство подпорной стенки,S6,S6,commercial_research,transactional,7,https://dzen.ru/a/acT7blVorWZx05St/|https://landshaftniy-dizayn.ru/vse-stati/podpornye-stenki-na-uchastke-s-uklonom-materialy-konstruktsii-i-primery/|https://m-strana.ru/articles/kak-sdelat-podpornuyu-stenku/|https://planistroy.ru/blog/article/podpornaya-stenka-na-uchastke/|https://room-gpt.ru/blog/podpornye-stenki-na-uchastke-materialy-i-konstrukcii/|https://ru.wikihow.com/%D0%BF%D0%BE%D1%81%D1%82%D1%80%D0%BE%D0%B8%D1%82%D1%8C-%D0%BF%D0%BE%D0%B4%D0%BF%D0%BE%D1%80%D0%BD%D1%83%D1%8E-%D1%81%D1%82%D0%B5%D0%BD%D1%83/|https://stroy.telos76.ru/blog/podpornaya-stenka-na-uchastke/,manual_review,hold_current_url,serp_pair_pending_review,pending,,same-service SERP pair meets the explicit manual-review threshold; the existing owner is held and no split or new URL is approved
PAIR-DE32C5050F9F,Q000107,Q000112,ландшафтное освещение,подсветка участка,S7,S7,commercial_research,commercial_research,3,https://ozon.ru/category/landshaftnyy-svetilnik/|https://vseinstrumenti.ru/category/sadovo-parkovye-svetilniki-4475/|https://vseinstrumenti.ru/publication/kak-gramotno-sdelat-landshaftnoe-osveschenie-uchastka-4852/,manual_review,hold_current_url,serp_pair_pending_review,pending,,same-service SERP pair meets the explicit manual-review threshold; the existing owner is held and no split or new URL is approved
PAIR-E9F145411C48,Q000109,Q000113,монтаж освещения участка рыбинск,уличное освещение рыбинский район,S7,S7,transactional,commercial_research,2,https://exp76.ru/services/ulichnoe-osveshhenie-uchastka/|https://uslugi.yandex.ru/10839-rybinsk/category/,manual_review,hold_current_url,serp_pair_pending_review,pending,,same-service SERP pair meets the explicit manual-review threshold; the existing owner is held and no split or new URL is approved
PAIR-70CFDD6A2127,Q000109,Q000114,монтаж освещения участка рыбинск,уличное освещение частного дома рыбинск,S7,S7,transactional,commercial_research,5,https://exp76.ru/services/ulichnoe-osveshhenie-uchastka/|https://izion.pro/rybinsk/ulichnoe-osveshchenie/|https://rybinsk.toruda.ru/stroitelstvo/montazh-ulichnogo-osveshenija/|https://uslugi.yandex.ru/10839-rybinsk/category/|https://uslugi.yandex.ru/10839-rybinsk/landing/%D0%BC%D0%BE%D0%BD%D1%82%D0%B0%D0%B6%20%D1%84%D0%BE%D0%BD%D0%B0%D1%80%D0%B5%D0%B9%20%D1%83%D0%BB%D0%B8%D1%87%D0%BD%D0%BE%D0%B3%D0%BE%20%D0%BE%D1%81%D0%B2%D0%B5%D1%89%D0%B5%D0%BD%D0%B8%D1%8F/,manual_review,hold_current_url,serp_pair_pending_review,pending,,same-service SERP pair meets the explicit manual-review threshold; the existing owner is held and no split or new URL is approved
PAIR-E186792A6DAD,Q000109,Q000138,монтаж освещения участка рыбинск,обустройство въезда на участок рыбинск,S7,S8,transactional,commercial_research,2,https://avito.ru/rybinsk/predlozheniya_uslug/|https://uslugi.yandex.ru/10839-rybinsk/category/,owner_boundary_split,hold_distinct_service_owners,cross_service_owner_boundary_reviewed,reviewed,policy_scope_owner,cross-service SERP pair meets a merge or manual-review threshold; the approved S1-S8 service-owner boundary prevents an automatic merge or reassignment
PAIR-AE0816CE1B4B,Q000109,Q000140,монтаж освещения участка рыбинск,трубу в канаву уложить в рыбинске,S7,S8,transactional,commercial_research,2,https://avito.ru/rybinsk/predlozheniya_uslug/|https://uslugi.yandex.ru/10839-rybinsk/category/,owner_boundary_split,hold_distinct_service_owners,cross_service_owner_boundary_reviewed,reviewed,policy_scope_owner,cross-service SERP pair meets a merge or manual-review threshold; the approved S1-S8 service-owner boundary prevents an automatic merge or reassignment
PAIR-4CF4E01BB428,Q000113,Q000114,уличное освещение рыбинский район,уличное освещение частного дома рыбинск,S7,S7,commercial_research,commercial_research,3,https://avito.ru/rybinsk/predlozheniya_uslug/remont_i_otdelka/elektrika-ASgBAgICAkSYC8CfAcQVsPUB/|https://exp76.ru/services/ulichnoe-osveshhenie-uchastka/|https://uslugi.yandex.ru/10839-rybinsk/category/,manual_review,hold_current_url,serp_pair_pending_review,pending,,same-service SERP pair meets the explicit manual-review threshold; the existing owner is held and no split or new URL is approved
PAIR-DBB8B7DE9029,Q000115,Q000116,въезд на участок,въезд на участок цена,S8,S8,commercial_research,transactional,3,https://avito.ru/yaroslavl/predlozheniya_uslug/|https://yaroslavl.blago-s.ru/catalog/zaezd-na-uchastok/|https://yaroslavl.mzog.ru/ustrojstvo-zaezda-na-uchastok/,manual_review,hold_current_url,serp_pair_pending_review,pending,,same-service SERP pair meets the explicit manual-review threshold; the existing owner is held and no split or new URL is approved
PAIR-8A2C42691CBC,Q000115,Q000117,въезд на участок,въезд через канаву,S8,S8,commercial_research,commercial_research,3,https://avito.ru/yaroslavl/predlozheniya_uslug/|https://dzen.ru/a/Y5h77IS70AhUhPcn/|https://znaet.petrovich.ru/blagoustroystvo/zabory-dorozhki/vezd-na-uchastok/instruktsiya/kak-sdelat-vezd-na-uchastok-cherez-drenazhnuyu-kanavu/,manual_review,hold_current_url,serp_pair_pending_review,pending,,same-service SERP pair meets the explicit manual-review threshold; the existing owner is held and no split or new URL is approved
PAIR-973CF3D204A9,Q000115,Q000119,въезд на участок,въезд через канаву под ключ,S8,S8,commercial_research,transactional,4,https://avito.ru/yaroslavl/predlozheniya_uslug/|https://yaroslavl.blago-s.ru/catalog/zaezd-na-uchastok/|https://yaroslavl.mzog.ru/ustrojstvo-zaezda-na-uchastok/|https://yaroslavl.uchastok-zaezd.ru/,manual_review,hold_current_url,serp_pair_pending_review,pending,,same-service SERP pair meets the explicit manual-review threshold; the existing owner is held and no split or new URL is approved
PAIR-3FE10618D593,Q000115,Q000120,въезд на участок,въезд через канаву цена,S8,S8,commercial_research,transactional,4,https://avito.ru/yaroslavl/predlozheniya_uslug/|https://yaroslavl.blago-s.ru/catalog/zaezd-na-uchastok/|https://yaroslavl.mzog.ru/ustrojstvo-zaezda-na-uchastok/|https://yaroslavl.uchastok-zaezd.ru/,manual_review,hold_current_url,serp_pair_pending_review,pending,,same-service SERP pair meets the explicit manual-review threshold; the existing owner is held and no split or new URL is approved
PAIR-6BACCFB53B1F,Q000115,Q000122,въезд на участок,заезд на участок под ключ,S8,S8,commercial_research,transactional,4,https://avito.ru/yaroslavl/predlozheniya_uslug/|https://yaroslavl.blago-s.ru/catalog/zaezd-na-uchastok/|https://yaroslavl.mzog.ru/ustrojstvo-zaezda-na-uchastok/|https://yaroslavl.uchastok-zaezd.ru/,manual_review,hold_current_url,serp_pair_pending_review,pending,,same-service SERP pair meets the explicit manual-review threshold; the existing owner is held and no split or new URL is approved
PAIR-A98B389D9911,Q000115,Q000124,въезд на участок,заезд на участок цена,S8,S8,commercial_research,transactional,4,https://avito.ru/yaroslavl/predlozheniya_uslug/|https://yaroslavl.blago-s.ru/catalog/zaezd-na-uchastok/|https://yaroslavl.mzog.ru/ustrojstvo-zaezda-na-uchastok/|https://yaroslavl.uchastok-zaezd.ru/,manual_review,hold_current_url,serp_pair_pending_review,pending,,same-service SERP pair meets the explicit manual-review threshold; the existing owner is held and no split or new URL is approved
PAIR-BD046A3457DF,Q000115,Q000126,въезд на участок,заезд на участок через канаву под ключ,S8,S8,commercial_research,transactional,4,https://avito.ru/yaroslavl/predlozheniya_uslug/|https://yaroslavl.blago-s.ru/catalog/zaezd-na-uchastok/|https://yaroslavl.mzog.ru/ustrojstvo-zaezda-na-uchastok/|https://yaroslavl.uchastok-zaezd.ru/,manual_review,hold_current_url,serp_pair_pending_review,pending,,same-service SERP pair meets the explicit manual-review threshold; the existing owner is held and no split or new URL is approved
PAIR-B4AE7274017A,Q000115,Q000129,въезд на участок,заезд на участок через канаву под ключ ярославль,S8,S8,commercial_research,transactional,4,https://avito.ru/yaroslavl/predlozheniya_uslug/|https://yaroslavl.blago-s.ru/catalog/zaezd-na-uchastok/|https://yaroslavl.mzog.ru/ustrojstvo-zaezda-na-uchastok/|https://yaroslavl.uchastok-zaezd.ru/,manual_review,hold_current_url,serp_pair_pending_review,pending,,same-service SERP pair meets the explicit manual-review threshold; the existing owner is held and no split or new URL is approved
PAIR-6E8F59BD70D5,Q000115,Q000130,въезд на участок,заезд на участок через канаву тутаев,S8,S8,commercial_research,commercial_research,2,https://avito.ru/yaroslavl/predlozheniya_uslug/|https://avito.ru/yaroslavskaya_oblast/predlozheniya_uslug/tag/zaezd-na-uchastok-cherez-kanavu/,manual_review,hold_current_url,serp_pair_pending_review,pending,,same-service SERP pair meets the explicit manual-review threshold; the existing owner is held and no split or new URL is approved
PAIR-765128C49C23,Q000115,Q000131,въезд на участок,заезд на участок через канаву цена,S8,S8,commercial_research,transactional,4,https://avito.ru/yaroslavl/predlozheniya_uslug/|https://yaroslavl.blago-s.ru/catalog/zaezd-na-uchastok/|https://yaroslavl.mzog.ru/ustrojstvo-zaezda-na-uchastok/|https://yaroslavl.uchastok-zaezd.ru/,manual_review,hold_current_url,serp_pair_pending_review,pending,,same-service SERP pair meets the explicit manual-review threshold; the existing owner is held and no split or new URL is approved
PAIR-7A1A81A09B7C,Q000115,Q000132,въезд на участок,заезд через канаву,S8,S8,commercial_research,commercial_research,3,https://avito.ru/yaroslavl/predlozheniya_uslug/|https://dzen.ru/a/Y5h77IS70AhUhPcn/|https://znaet.petrovich.ru/blagoustroystvo/zabory-dorozhki/vezd-na-uchastok/instruktsiya/kak-sdelat-vezd-na-uchastok-cherez-drenazhnuyu-kanavu/,manual_review,hold_current_url,serp_pair_pending_review,pending,,same-service SERP pair meets the explicit manual-review threshold; the existing owner is held and no split or new URL is approved
PAIR-F8E36FA27D53,Q000115,Q000135,въезд на участок,заказать въезд на участок,S8,S8,commercial_research,transactional,4,https://avito.ru/yaroslavl/predlozheniya_uslug/|https://avito.ru/yaroslavskaya_oblast/predlozheniya_uslug/tag/zaezd-na-uchastok-cherez-kanavu/|https://yaroslavl.blago-s.ru/catalog/zaezd-na-uchastok/|https://yaroslavl.uchastok-zaezd.ru/,manual_review,hold_current_url,serp_pair_pending_review,pending,,same-service SERP pair meets the explicit manual-review threshold; the existing owner is held and no split or new URL is approved
PAIR-E11BE4B57B05,Q000116,Q000121,въезд на участок цена,заезд на участок,S8,S8,transactional,commercial_research,3,https://avito.ru/yaroslavl/predlozheniya_uslug/|https://yaroslavl.blago-s.ru/catalog/zaezd-na-uchastok/|https://yaroslavl.mzog.ru/ustrojstvo-zaezda-na-uchastok/,manual_review,hold_current_url,serp_pair_pending_review,pending,,same-service SERP pair meets the explicit manual-review threshold; the existing owner is held and no split or new URL is approved
PAIR-1ECA5F77A224,Q000116,Q000125,въезд на участок цена,заезд на участок через канаву в тутаеве,S8,S8,transactional,commercial_research,2,https://avito.ru/yaroslavl/predlozheniya_uslug/|https://uslugi.yandex.ru/16-yaroslavl/category/,manual_review,hold_current_url,serp_pair_pending_review,pending,,same-service SERP pair meets the explicit manual-review threshold; the existing owner is held and no split or new URL is approved
PAIR-6FCBFE29B4D3,Q000116,Q000128,въезд на участок цена,заезд на участок через канаву под ключ тутаев,S8,S8,transactional,transactional,2,https://avito.ru/yaroslavl/predlozheniya_uslug/|https://uslugi.yandex.ru/16-yaroslavl/category/,manual_review,hold_current_url,serp_pair_pending_review,pending,,same-service SERP pair meets the explicit manual-review threshold; the existing owner is held and no split or new URL is approved
PAIR-671702906F78,Q000116,Q000133,въезд на участок цена,заезд через канаву на участок,S8,S8,transactional,commercial_research,3,https://avito.ru/yaroslavl/predlozheniya_uslug/|https://uslugi.yandex.ru/16-yaroslavl/category/|https://yaroslavl.mzog.ru/ustrojstvo-zaezda-na-uchastok/,manual_review,hold_current_url,serp_pair_pending_review,pending,,same-service SERP pair meets the explicit manual-review threshold; the existing owner is held and no split or new URL is approved
PAIR-EAD0A6FF3E2C,Q000116,Q000141,въезд на участок цена,ярославская область сделать въезд в канаву,S8,S8,transactional,commercial_research,4,https://avito.ru/yaroslavl/predlozheniya_uslug/|https://avito.ru/yaroslavskaya_oblast/predlozheniya_uslug/|https://uslugi.yandex.ru/16-yaroslavl/category/|https://yaroslavl.mzog.ru/ustrojstvo-zaezda-na-uchastok/,manual_review,hold_current_url,serp_pair_pending_review,pending,,same-service SERP pair meets the explicit manual-review threshold; the existing owner is held and no split or new URL is approved
PAIR-10786873A9C7,Q000117,Q000121,въезд через канаву,заезд на участок,S8,S8,commercial_research,commercial_research,3,https://avito.ru/yaroslavl/predlozheniya_uslug/|https://zemledelov.ru/articles/kak-sdelat-zaezd-na-uchastok/|https://znaet.petrovich.ru/blagoustroystvo/zabory-dorozhki/vezd-na-uchastok/instruktsiya/kak-sdelat-vezd-na-uchastok-cherez-drenazhnuyu-kanavu/,manual_review,hold_current_url,serp_pair_pending_review,pending,,same-service SERP pair meets the explicit manual-review threshold; the existing owner is held and no split or new URL is approved
PAIR-F9EA872302B9,Q000117,Q000124,въезд через канаву,заезд на участок цена,S8,S8,commercial_research,transactional,2,https://avito.ru/yaroslavl/predlozheniya_uslug/|https://avito.ru/yaroslavl/predlozheniya_uslug/tag/zaezd-na-uchastok-cherez-kanavu/,manual_review,hold_current_url,serp_pair_pending_review,pending,,same-service SERP pair meets the explicit manual-review threshold; the existing owner is held and no split or new URL is approved
PAIR-5EBBF82B7337,Q000117,Q000131,въезд через канаву,заезд на участок через канаву цена,S8,S8,commercial_research,transactional,2,https://avito.ru/yaroslavl/predlozheniya_uslug/|https://avito.ru/yaroslavl/predlozheniya_uslug/tag/zaezd-na-uchastok-cherez-kanavu/,manual_review,hold_current_url,serp_pair_pending_review,pending,,same-service SERP pair meets the explicit manual-review threshold; the existing owner is held and no split or new URL is approved
PAIR-9FB0A29A3F8A,Q000119,Q000121,въезд через канаву под ключ,заезд на участок,S8,S8,transactional,commercial_research,4,https://avito.ru/yaroslavl/predlozheniya_uslug/|https://yaroslavl.blago-s.ru/catalog/zaezd-na-uchastok/|https://yaroslavl.mzog.ru/ustrojstvo-zaezda-na-uchastok/|https://yaroslavl.uchastok-zaezd.ru/,manual_review,hold_current_url,serp_pair_pending_review,pending,,same-service SERP pair meets the explicit manual-review threshold; the existing owner is held and no split or new URL is approved
PAIR-6C44078023C5,Q000119,Q000125,въезд через канаву под ключ,заезд на участок через канаву в тутаеве,S8,S8,transactional,commercial_research,2,https://avito.ru/yaroslavl/predlozheniya_uslug/|https://uslugi.yandex.ru/16-yaroslavl/category/,manual_review,hold_current_url,serp_pair_pending_review,pending,,same-service SERP pair meets the explicit manual-review threshold; the existing owner is held and no split or new URL is approved
PAIR-07B26B01685D,Q000119,Q000128,въезд через канаву под ключ,заезд на участок через канаву под ключ тутаев,S8,S8,transactional,transactional,3,https://avito.ru/yaroslavl/predlozheniya_uslug/|https://exp76.ru/services/vezd-zaezd-na-uchastok-cherez-kanavu-pod-kljuch/|https://uslugi.yandex.ru/16-yaroslavl/category/,manual_review,hold_current_url,serp_pair_pending_review,pending,,same-service SERP pair meets the explicit manual-review threshold; the existing owner is held and no split or new URL is approved
PAIR-FA511E91568A,Q000119,Q000130,въезд через канаву под ключ,заезд на участок через канаву тутаев,S8,S8,transactional,commercial_research,2,https://avito.ru/yaroslavl/predlozheniya_uslug/|https://exp76.ru/services/vezd-zaezd-na-uchastok-cherez-kanavu-pod-kljuch/,manual_review,hold_current_url,serp_pair_pending_review,pending,,same-service SERP pair meets the explicit manual-review threshold; the existing owner is held and no split or new URL is approved
PAIR-8DFF0D2EAAF2,Q000119,Q000133,въезд через канаву под ключ,заезд через канаву на участок,S8,S8,transactional,commercial_research,4,https://avito.ru/yaroslavl/predlozheniya_uslug/|https://uslugi.yandex.ru/16-yaroslavl/category/|https://yaroslavl.mzog.ru/ustrojstvo-zaezda-na-uchastok/|https://yaroslavl.uchastok-zaezd.ru/,manual_review,hold_current_url,serp_pair_pending_review,pending,,same-service SERP pair meets the explicit manual-review threshold; the existing owner is held and no split or new URL is approved
PAIR-EFBEB6DBB92A,Q000119,Q000134,въезд через канаву под ключ,заезд через канаву тутаев,S8,S8,transactional,commercial_research,2,https://exp76.ru/services/vezd-zaezd-na-uchastok-cherez-kanavu-pod-kljuch/|https://uslugi.yandex.ru/16-yaroslavl/category/,manual_review,hold_current_url,serp_pair_pending_review,pending,,same-service SERP pair meets the explicit manual-review threshold; the existing owner is held and no split or new URL is approved
PAIR-CB3FD9CFF9D6,Q000119,Q000141,въезд через канаву под ключ,ярославская область сделать въезд в канаву,S8,S8,transactional,commercial_research,5,https://avito.ru/yaroslavl/predlozheniya_uslug/|https://exp76.ru/services/vezd-zaezd-na-uchastok-cherez-kanavu-pod-kljuch/|https://uslugi.yandex.ru/16-yaroslavl/category/|https://yaroslavl.mzog.ru/ustrojstvo-zaezda-na-uchastok/|https://yaroslavl.uchastok-zaezd.ru/,manual_review,hold_current_url,serp_pair_pending_review,pending,,same-service SERP pair meets the explicit manual-review threshold; the existing owner is held and no split or new URL is approved
PAIR-4B0339B1BE2B,Q000120,Q000121,въезд через канаву цена,заезд на участок,S8,S8,transactional,commercial_research,4,https://avito.ru/yaroslavl/predlozheniya_uslug/|https://yaroslavl.blago-s.ru/catalog/zaezd-na-uchastok/|https://yaroslavl.mzog.ru/ustrojstvo-zaezda-na-uchastok/|https://yaroslavl.uchastok-zaezd.ru/,manual_review,hold_current_url,serp_pair_pending_review,pending,,same-service SERP pair meets the explicit manual-review threshold; the existing owner is held and no split or new URL is approved
PAIR-58D904B754FE,Q000120,Q000125,въезд через канаву цена,заезд на участок через канаву в тутаеве,S8,S8,transactional,commercial_research,2,https://avito.ru/yaroslavl/predlozheniya_uslug/|https://uslugi.yandex.ru/16-yaroslavl/category/,manual_review,hold_current_url,serp_pair_pending_review,pending,,same-service SERP pair meets the explicit manual-review threshold; the existing owner is held and no split or new URL is approved
PAIR-08379B9852C7,Q000120,Q000128,въезд через канаву цена,заезд на участок через канаву под ключ тутаев,S8,S8,transactional,transactional,2,https://avito.ru/yaroslavl/predlozheniya_uslug/|https://uslugi.yandex.ru/16-yaroslavl/category/,manual_review,hold_current_url,serp_pair_pending_review,pending,,same-service SERP pair meets the explicit manual-review threshold; the existing owner is held and no split or new URL is approved
PAIR-4F475CDD6353,Q000120,Q000133,въезд через канаву цена,заезд через канаву на участок,S8,S8,transactional,commercial_research,4,https://avito.ru/yaroslavl/predlozheniya_uslug/|https://uslugi.yandex.ru/16-yaroslavl/category/|https://yaroslavl.mzog.ru/ustrojstvo-zaezda-na-uchastok/|https://yaroslavl.uchastok-zaezd.ru/,manual_review,hold_current_url,serp_pair_pending_review,pending,,same-service SERP pair meets the explicit manual-review threshold; the existing owner is held and no split or new URL is approved
PAIR-C868E48D4368,Q000120,Q000141,въезд через канаву цена,ярославская область сделать въезд в канаву,S8,S8,transactional,commercial_research,4,https://avito.ru/yaroslavl/predlozheniya_uslug/|https://uslugi.yandex.ru/16-yaroslavl/category/|https://yaroslavl.mzog.ru/ustrojstvo-zaezda-na-uchastok/|https://yaroslavl.uchastok-zaezd.ru/,manual_review,hold_current_url,serp_pair_pending_review,pending,,same-service SERP pair meets the explicit manual-review threshold; the existing owner is held and no split or new URL is approved
PAIR-529273E874F8,Q000121,Q000122,заезд на участок,заезд на участок под ключ,S8,S8,commercial_research,transactional,4,https://avito.ru/yaroslavl/predlozheniya_uslug/|https://yaroslavl.blago-s.ru/catalog/zaezd-na-uchastok/|https://yaroslavl.mzog.ru/ustrojstvo-zaezda-na-uchastok/|https://yaroslavl.uchastok-zaezd.ru/,manual_review,hold_current_url,serp_pair_pending_review,pending,,same-service SERP pair meets the explicit manual-review threshold; the existing owner is held and no split or new URL is approved
PAIR-11397C2EC26A,Q000121,Q000124,заезд на участок,заезд на участок цена,S8,S8,commercial_research,transactional,4,https://avito.ru/yaroslavl/predlozheniya_uslug/|https://yaroslavl.blago-s.ru/catalog/zaezd-na-uchastok/|https://yaroslavl.mzog.ru/ustrojstvo-zaezda-na-uchastok/|https://yaroslavl.uchastok-zaezd.ru/,manual_review,hold_current_url,serp_pair_pending_review,pending,,same-service SERP pair meets the explicit manual-review threshold; the existing owner is held and no split or new URL is approved
PAIR-419D08F93420,Q000121,Q000126,заезд на участок,заезд на участок через канаву под ключ,S8,S8,commercial_research,transactional,4,https://avito.ru/yaroslavl/predlozheniya_uslug/|https://yaroslavl.blago-s.ru/catalog/zaezd-na-uchastok/|https://yaroslavl.mzog.ru/ustrojstvo-zaezda-na-uchastok/|https://yaroslavl.uchastok-zaezd.ru/,manual_review,hold_current_url,serp_pair_pending_review,pending,,same-service SERP pair meets the explicit manual-review threshold; the existing owner is held and no split or new URL is approved
PAIR-D765DEFAB7A2,Q000121,Q000129,заезд на участок,заезд на участок через канаву под ключ ярославль,S8,S8,commercial_research,transactional,4,https://avito.ru/yaroslavl/predlozheniya_uslug/|https://yaroslavl.blago-s.ru/catalog/zaezd-na-uchastok/|https://yaroslavl.mzog.ru/ustrojstvo-zaezda-na-uchastok/|https://yaroslavl.uchastok-zaezd.ru/,manual_review,hold_current_url,serp_pair_pending_review,pending,,same-service SERP pair meets the explicit manual-review threshold; the existing owner is held and no split or new URL is approved
PAIR-AE156CF9BB7C,Q000121,Q000131,заезд на участок,заезд на участок через канаву цена,S8,S8,commercial_research,transactional,4,https://avito.ru/yaroslavl/predlozheniya_uslug/|https://yaroslavl.blago-s.ru/catalog/zaezd-na-uchastok/|https://yaroslavl.mzog.ru/ustrojstvo-zaezda-na-uchastok/|https://yaroslavl.uchastok-zaezd.ru/,manual_review,hold_current_url,serp_pair_pending_review,pending,,same-service SERP pair meets the explicit manual-review threshold; the existing owner is held and no split or new URL is approved
PAIR-7FDF5F7A59D7,Q000121,Q000132,заезд на участок,заезд через канаву,S8,S8,commercial_research,commercial_research,3,https://avito.ru/yaroslavl/predlozheniya_uslug/|https://zemledelov.ru/articles/kak-sdelat-zaezd-na-uchastok/|https://znaet.petrovich.ru/blagoustroystvo/zabory-dorozhki/vezd-na-uchastok/instruktsiya/kak-sdelat-vezd-na-uchastok-cherez-drenazhnuyu-kanavu/,manual_review,hold_current_url,serp_pair_pending_review,pending,,same-service SERP pair meets the explicit manual-review threshold; the existing owner is held and no split or new URL is approved
PAIR-A2EDE4077B8B,Q000121,Q000135,заезд на участок,заказать въезд на участок,S8,S8,commercial_research,transactional,3,https://avito.ru/yaroslavl/predlozheniya_uslug/|https://yaroslavl.blago-s.ru/catalog/zaezd-na-uchastok/|https://yaroslavl.uchastok-zaezd.ru/,manual_review,hold_current_url,serp_pair_pending_review,pending,,same-service SERP pair meets the explicit manual-review threshold; the existing owner is held and no split or new URL is approved
PAIR-132CFF737A03,Q000121,Q000141,заезд на участок,ярославская область сделать въезд в канаву,S8,S8,commercial_research,commercial_research,3,https://avito.ru/yaroslavl/predlozheniya_uslug/|https://yaroslavl.mzog.ru/ustrojstvo-zaezda-na-uchastok/|https://yaroslavl.uchastok-zaezd.ru/,manual_review,hold_current_url,serp_pair_pending_review,pending,,same-service SERP pair meets the explicit manual-review threshold; the existing owner is held and no split or new URL is approved
PAIR-2F320A478D82,Q000122,Q000125,заезд на участок под ключ,заезд на участок через канаву в тутаеве,S8,S8,transactional,commercial_research,2,https://avito.ru/yaroslavl/predlozheniya_uslug/|https://uslugi.yandex.ru/16-yaroslavl/category/,manual_review,hold_current_url,serp_pair_pending_review,pending,,same-service SERP pair meets the explicit manual-review threshold; the existing owner is held and no split or new URL is approved
PAIR-BFD0DE03610A,Q000122,Q000128,заезд на участок под ключ,заезд на участок через канаву под ключ тутаев,S8,S8,transactional,transactional,2,https://avito.ru/yaroslavl/predlozheniya_uslug/|https://uslugi.yandex.ru/16-yaroslavl/category/,manual_review,hold_current_url,serp_pair_pending_review,pending,,same-service SERP pair meets the explicit manual-review threshold; the existing owner is held and no split or new URL is approved
PAIR-AF7C438652D9,Q000122,Q000133,заезд на участок под ключ,заезд через канаву на участок,S8,S8,transactional,commercial_research,4,https://avito.ru/yaroslavl/predlozheniya_uslug/|https://uslugi.yandex.ru/16-yaroslavl/category/|https://yaroslavl.mzog.ru/ustrojstvo-zaezda-na-uchastok/|https://yaroslavl.uchastok-zaezd.ru/,manual_review,hold_current_url,serp_pair_pending_review,pending,,same-service SERP pair meets the explicit manual-review threshold; the existing owner is held and no split or new URL is approved
PAIR-71947392A051,Q000122,Q000141,заезд на участок под ключ,ярославская область сделать въезд в канаву,S8,S8,transactional,commercial_research,4,https://avito.ru/yaroslavl/predlozheniya_uslug/|https://uslugi.yandex.ru/16-yaroslavl/category/|https://yaroslavl.mzog.ru/ustrojstvo-zaezda-na-uchastok/|https://yaroslavl.uchastok-zaezd.ru/,manual_review,hold_current_url,serp_pair_pending_review,pending,,same-service SERP pair meets the explicit manual-review threshold; the existing owner is held and no split or new URL is approved
PAIR-1CCBB4C4ABD4,Q000123,Q000140,заезд на участок рыбинск авито предложения,трубу в канаву уложить в рыбинске,S8,S8,commercial_research,commercial_research,2,https://avito.ru/rybinsk/|https://avito.ru/rybinsk/predlozheniya_uslug/,policy_exclusion_split,retain_exclusion_and_service_assignment,policy_exclusion_split_reviewed,reviewed,policy_exclusion,at least one query has a reviewed exclusion action; the excluded intent remains separate from the retained service assignment
PAIR-03B083754490,Q000124,Q000125,заезд на участок цена,заезд на участок через канаву в тутаеве,S8,S8,transactional,commercial_research,2,https://avito.ru/yaroslavl/predlozheniya_uslug/|https://uslugi.yandex.ru/16-yaroslavl/category/,manual_review,hold_current_url,serp_pair_pending_review,pending,,same-service SERP pair meets the explicit manual-review threshold; the existing owner is held and no split or new URL is approved
PAIR-7F8E36765355,Q000124,Q000128,заезд на участок цена,заезд на участок через канаву под ключ тутаев,S8,S8,transactional,transactional,2,https://avito.ru/yaroslavl/predlozheniya_uslug/|https://uslugi.yandex.ru/16-yaroslavl/category/,manual_review,hold_current_url,serp_pair_pending_review,pending,,same-service SERP pair meets the explicit manual-review threshold; the existing owner is held and no split or new URL is approved
PAIR-7923C45EC154,Q000124,Q000132,заезд на участок цена,заезд через канаву,S8,S8,transactional,commercial_research,2,https://avito.ru/yaroslavl/predlozheniya_uslug/|https://avito.ru/yaroslavl/predlozheniya_uslug/tag/zaezd-na-uchastok-cherez-kanavu/,manual_review,hold_current_url,serp_pair_pending_review,pending,,same-service SERP pair meets the explicit manual-review threshold; the existing owner is held and no split or new URL is approved
PAIR-EF7237CC8E31,Q000124,Q000133,заезд на участок цена,заезд через канаву на участок,S8,S8,transactional,commercial_research,4,https://avito.ru/yaroslavl/predlozheniya_uslug/|https://uslugi.yandex.ru/16-yaroslavl/category/|https://yaroslavl.mzog.ru/ustrojstvo-zaezda-na-uchastok/|https://yaroslavl.uchastok-zaezd.ru/,manual_review,hold_current_url,serp_pair_pending_review,pending,,same-service SERP pair meets the explicit manual-review threshold; the existing owner is held and no split or new URL is approved
PAIR-C4C9889C0AE8,Q000124,Q000141,заезд на участок цена,ярославская область сделать въезд в канаву,S8,S8,transactional,commercial_research,4,https://avito.ru/yaroslavl/predlozheniya_uslug/|https://uslugi.yandex.ru/16-yaroslavl/category/|https://yaroslavl.mzog.ru/ustrojstvo-zaezda-na-uchastok/|https://yaroslavl.uchastok-zaezd.ru/,manual_review,hold_current_url,serp_pair_pending_review,pending,,same-service SERP pair meets the explicit manual-review threshold; the existing owner is held and no split or new URL is approved
PAIR-B11A53C7069B,Q000125,Q000126,заезд на участок через канаву в тутаеве,заезд на участок через канаву под ключ,S8,S8,commercial_research,transactional,2,https://avito.ru/yaroslavl/predlozheniya_uslug/|https://uslugi.yandex.ru/16-yaroslavl/category/,manual_review,hold_current_url,serp_pair_pending_review,pending,,same-service SERP pair meets the explicit manual-review threshold; the existing owner is held and no split or new URL is approved
PAIR-60F9B71713CC,Q000125,Q000128,заезд на участок через канаву в тутаеве,заезд на участок через канаву под ключ тутаев,S8,S8,commercial_research,transactional,8,https://avito.ru/tutaev/predlozheniya_uslug/sad_blagoustroystvo-ASgBAgICAUSYC8KfAQ/|https://avito.ru/yaroslavl/predlozheniya_uslug/|https://tutaev.mzog.ru/ustrojstvo-vezda/|https://tutaev.mzog.ru/ustrojstvo-zaezda-na-uchastok/|https://tutaev.mzog.ru/zaezd-na-uchastok/|https://tutaev.stroymetproekt.ru/zaezd-na-uchastok/|https://tutaev.wetzavet.ru/vyravnivanie-uchastka/zaezd-cherez-trubu/|https://uslugi.yandex.ru/16-yaroslavl/category/,manual_review,hold_current_url,serp_pair_pending_review,pending,,same-service SERP pair meets the explicit manual-review threshold; the existing owner is held and no split or new URL is approved
PAIR-26473E0D7AD9,Q000125,Q000129,заезд на участок через канаву в тутаеве,заезд на участок через канаву под ключ ярославль,S8,S8,commercial_research,transactional,2,https://avito.ru/yaroslavl/predlozheniya_uslug/|https://uslugi.yandex.ru/16-yaroslavl/category/,manual_review,hold_current_url,serp_pair_pending_review,pending,,same-service SERP pair meets the explicit manual-review threshold; the existing owner is held and no split or new URL is approved
PAIR-E6618484F9E1,Q000125,Q000131,заезд на участок через канаву в тутаеве,заезд на участок через канаву цена,S8,S8,commercial_research,transactional,2,https://avito.ru/yaroslavl/predlozheniya_uslug/|https://uslugi.yandex.ru/16-yaroslavl/category/,manual_review,hold_current_url,serp_pair_pending_review,pending,,same-service SERP pair meets the explicit manual-review threshold; the existing owner is held and no split or new URL is approved
PAIR-0CF36750B6EF,Q000125,Q000133,заезд на участок через канаву в тутаеве,заезд через канаву на участок,S8,S8,commercial_research,commercial_research,2,https://avito.ru/yaroslavl/predlozheniya_uslug/|https://uslugi.yandex.ru/16-yaroslavl/category/,manual_review,hold_current_url,serp_pair_pending_review,pending,,same-service SERP pair meets the explicit manual-review threshold; the existing owner is held and no split or new URL is approved
PAIR-0DB18CEAED2F,Q000125,Q000135,заезд на участок через канаву в тутаеве,заказать въезд на участок,S8,S8,commercial_research,transactional,2,https://avito.ru/yaroslavl/predlozheniya_uslug/|https://uslugi.yandex.ru/16-yaroslavl/category/,manual_review,hold_current_url,serp_pair_pending_review,pending,,same-service SERP pair meets the explicit manual-review threshold; the existing owner is held and no split or new URL is approved
PAIR-145B7375C519,Q000125,Q000141,заезд на участок через канаву в тутаеве,ярославская область сделать въезд в канаву,S8,S8,commercial_research,commercial_research,2,https://avito.ru/yaroslavl/predlozheniya_uslug/|https://uslugi.yandex.ru/16-yaroslavl/category/,manual_review,hold_current_url,serp_pair_pending_review,pending,,same-service SERP pair meets the explicit manual-review threshold; the existing owner is held and no split or new URL is approved
PAIR-672135EEC3AF,Q000126,Q000128,заезд на участок через канаву под ключ,заезд на участок через канаву под ключ тутаев,S8,S8,transactional,transactional,3,https://avito.ru/yaroslavl/predlozheniya_uslug/|https://exp76.ru/services/vezd-zaezd-na-uchastok-cherez-kanavu-pod-kljuch/|https://uslugi.yandex.ru/16-yaroslavl/category/,manual_review,hold_current_url,serp_pair_pending_review,pending,,same-service SERP pair meets the explicit manual-review threshold; the existing owner is held and no split or new URL is approved
PAIR-B464218E93B9,Q000126,Q000130,заезд на участок через канаву под ключ,заезд на участок через канаву тутаев,S8,S8,transactional,commercial_research,2,https://avito.ru/yaroslavl/predlozheniya_uslug/|https://exp76.ru/services/vezd-zaezd-na-uchastok-cherez-kanavu-pod-kljuch/,manual_review,hold_current_url,serp_pair_pending_review,pending,,same-service SERP pair meets the explicit manual-review threshold; the existing owner is held and no split or new URL is approved
PAIR-BB544F3B1193,Q000126,Q000133,заезд на участок через канаву под ключ,заезд через канаву на участок,S8,S8,transactional,commercial_research,4,https://avito.ru/yaroslavl/predlozheniya_uslug/|https://uslugi.yandex.ru/16-yaroslavl/category/|https://yaroslavl.mzog.ru/ustrojstvo-zaezda-na-uchastok/|https://yaroslavl.uchastok-zaezd.ru/,manual_review,hold_current_url,serp_pair_pending_review,pending,,same-service SERP pair meets the explicit manual-review threshold; the existing owner is held and no split or new URL is approved
PAIR-243B5A2F7404,Q000126,Q000134,заезд на участок через канаву под ключ,заезд через канаву тутаев,S8,S8,transactional,commercial_research,2,https://exp76.ru/services/vezd-zaezd-na-uchastok-cherez-kanavu-pod-kljuch/|https://uslugi.yandex.ru/16-yaroslavl/category/,manual_review,hold_current_url,serp_pair_pending_review,pending,,same-service SERP pair meets the explicit manual-review threshold; the existing owner is held and no split or new URL is approved
PAIR-6AA3017A7059,Q000126,Q000141,заезд на участок через канаву под ключ,ярославская область сделать въезд в канаву,S8,S8,transactional,commercial_research,5,https://avito.ru/yaroslavl/predlozheniya_uslug/|https://exp76.ru/services/vezd-zaezd-na-uchastok-cherez-kanavu-pod-kljuch/|https://uslugi.yandex.ru/16-yaroslavl/category/|https://yaroslavl.mzog.ru/ustrojstvo-zaezda-na-uchastok/|https://yaroslavl.uchastok-zaezd.ru/,manual_review,hold_current_url,serp_pair_pending_review,pending,,same-service SERP pair meets the explicit manual-review threshold; the existing owner is held and no split or new URL is approved
PAIR-7666F018A1FD,Q000127,Q000137,заезд на участок через канаву под ключ рыбинск,найти плиту через канаву установить для проезда телег и велосипедов в рыбинске,S8,S8,transactional,commercial_research,3,https://exp76.ru/services/vezd-zaezd-na-uchastok-cherez-kanavu-pod-kljuch/|https://rybinsk.uchastok-zaezd.ru/|https://rybinsk.wetzavet.ru/vyravnivanie-uchastka/zaezd-cherez-trubu/,manual_review,hold_current_url,serp_pair_pending_review,pending,,same-service SERP pair meets the explicit manual-review threshold; the existing owner is held and no split or new URL is approved
PAIR-EFB838234EA2,Q000127,Q000138,заезд на участок через канаву под ключ рыбинск,обустройство въезда на участок рыбинск,S8,S8,transactional,commercial_research,5,https://exp76.ru/services/vezd-zaezd-na-uchastok-cherez-kanavu-pod-kljuch/|https://rybinsk.blago-s.ru/catalog/zaezd-na-uchastok/|https://rybinsk.mzog.ru/ustrojstvo-zaezda-na-uchastok/|https://rybinsk.uchastok-zaezd.ru/|https://uslugi.yandex.ru/10839-rybinsk/category/,manual_review,hold_current_url,serp_pair_pending_review,pending,,same-service SERP pair meets the explicit manual-review threshold; the existing owner is held and no split or new URL is approved
PAIR-D62E8DB43A20,Q000128,Q000129,заезд на участок через канаву под ключ тутаев,заезд на участок через канаву под ключ ярославль,S8,S8,transactional,transactional,2,https://avito.ru/yaroslavl/predlozheniya_uslug/|https://uslugi.yandex.ru/16-yaroslavl/category/,manual_review,hold_current_url,serp_pair_pending_review,pending,,same-service SERP pair meets the explicit manual-review threshold; the existing owner is held and no split or new URL is approved
PAIR-EB8FBDF825C0,Q000128,Q000130,заезд на участок через канаву под ключ тутаев,заезд на участок через канаву тутаев,S8,S8,transactional,commercial_research,7,https://avito.ru/yaroslavl/predlozheniya_uslug/|https://exp76.ru/services/vezd-zaezd-na-uchastok-cherez-kanavu-pod-kljuch/|https://tutaev.mzog.ru/ustrojstvo-vezda/|https://tutaev.mzog.ru/ustrojstvo-zaezda-na-uchastok/|https://tutaev.mzog.ru/zaezd-na-uchastok/|https://tutaev.stroymetproekt.ru/zaezd-na-uchastok/|https://tutaev.wetzavet.ru/vyravnivanie-uchastka/zaezd-cherez-trubu/,manual_review,hold_current_url,serp_pair_pending_review,pending,,same-service SERP pair meets the explicit manual-review threshold; the existing owner is held and no split or new URL is approved
PAIR-B10114D8CB82,Q000128,Q000131,заезд на участок через канаву под ключ тутаев,заезд на участок через канаву цена,S8,S8,transactional,transactional,2,https://avito.ru/yaroslavl/predlozheniya_uslug/|https://uslugi.yandex.ru/16-yaroslavl/category/,manual_review,hold_current_url,serp_pair_pending_review,pending,,same-service SERP pair meets the explicit manual-review threshold; the existing owner is held and no split or new URL is approved
PAIR-BD787D6077A6,Q000128,Q000133,заезд на участок через канаву под ключ тутаев,заезд через канаву на участок,S8,S8,transactional,commercial_research,2,https://avito.ru/yaroslavl/predlozheniya_uslug/|https://uslugi.yandex.ru/16-yaroslavl/category/,manual_review,hold_current_url,serp_pair_pending_review,pending,,same-service SERP pair meets the explicit manual-review threshold; the existing owner is held and no split or new URL is approved
PAIR-220923F8B38D,Q000128,Q000134,заезд на участок через канаву под ключ тутаев,заезд через канаву тутаев,S8,S8,transactional,commercial_research,6,https://exp76.ru/services/vezd-zaezd-na-uchastok-cherez-kanavu-pod-kljuch/|https://tutaev.mzog.ru/ustrojstvo-zaezda-na-uchastok/|https://tutaev.mzog.ru/zaezd-na-uchastok/|https://tutaev.stroymetproekt.ru/zaezd-na-uchastok/|https://tutaev.wetzavet.ru/vyravnivanie-uchastka/zaezd-cherez-trubu/|https://uslugi.yandex.ru/16-yaroslavl/category/,manual_review,hold_current_url,serp_pair_pending_review,pending,,same-service SERP pair meets the explicit manual-review threshold; the existing owner is held and no split or new URL is approved
PAIR-91494DABCC4A,Q000128,Q000135,заезд на участок через канаву под ключ тутаев,заказать въезд на участок,S8,S8,transactional,transactional,2,https://avito.ru/yaroslavl/predlozheniya_uslug/|https://uslugi.yandex.ru/16-yaroslavl/category/,manual_review,hold_current_url,serp_pair_pending_review,pending,,same-service SERP pair meets the explicit manual-review threshold; the existing owner is held and no split or new URL is approved
PAIR-1CAFBA16EF45,Q000128,Q000141,заезд на участок через канаву под ключ тутаев,ярославская область сделать въезд в канаву,S8,S8,transactional,commercial_research,3,https://avito.ru/yaroslavl/predlozheniya_uslug/|https://exp76.ru/services/vezd-zaezd-na-uchastok-cherez-kanavu-pod-kljuch/|https://uslugi.yandex.ru/16-yaroslavl/category/,manual_review,hold_current_url,serp_pair_pending_review,pending,,same-service SERP pair meets the explicit manual-review threshold; the existing owner is held and no split or new URL is approved
PAIR-9F03983FB57C,Q000129,Q000133,заезд на участок через канаву под ключ ярославль,заезд через канаву на участок,S8,S8,transactional,commercial_research,4,https://avito.ru/yaroslavl/predlozheniya_uslug/|https://uslugi.yandex.ru/16-yaroslavl/category/|https://yaroslavl.mzog.ru/ustrojstvo-zaezda-na-uchastok/|https://yaroslavl.uchastok-zaezd.ru/,manual_review,hold_current_url,serp_pair_pending_review,pending,,same-service SERP pair meets the explicit manual-review threshold; the existing owner is held and no split or new URL is approved
PAIR-0EDDF561A94D,Q000129,Q000141,заезд на участок через канаву под ключ ярославль,ярославская область сделать въезд в канаву,S8,S8,transactional,commercial_research,4,https://avito.ru/yaroslavl/predlozheniya_uslug/|https://uslugi.yandex.ru/16-yaroslavl/category/|https://yaroslavl.mzog.ru/ustrojstvo-zaezda-na-uchastok/|https://yaroslavl.uchastok-zaezd.ru/,manual_review,hold_current_url,serp_pair_pending_review,pending,,same-service SERP pair meets the explicit manual-review threshold; the existing owner is held and no split or new URL is approved
PAIR-70C16EA0CE2E,Q000130,Q000135,заезд на участок через канаву тутаев,заказать въезд на участок,S8,S8,commercial_research,transactional,2,https://avito.ru/yaroslavl/predlozheniya_uslug/|https://avito.ru/yaroslavskaya_oblast/predlozheniya_uslug/tag/zaezd-na-uchastok-cherez-kanavu/,manual_review,hold_current_url,serp_pair_pending_review,pending,,same-service SERP pair meets the explicit manual-review threshold; the existing owner is held and no split or new URL is approved
PAIR-31441184C83E,Q000130,Q000137,заезд на участок через канаву тутаев,найти плиту через канаву установить для проезда телег и велосипедов в рыбинске,S8,S8,commercial_research,commercial_research,2,https://avito.ru/yaroslavskaya_oblast/dlya_doma_i_dachi/|https://exp76.ru/services/vezd-zaezd-na-uchastok-cherez-kanavu-pod-kljuch/,manual_review,hold_current_url,serp_pair_pending_review,pending,,same-service SERP pair meets the explicit manual-review threshold; the existing owner is held and no split or new URL is approved
PAIR-6A3FBBDDA755,Q000130,Q000141,заезд на участок через канаву тутаев,ярославская область сделать въезд в канаву,S8,S8,commercial_research,commercial_research,3,https://avito.ru/yaroslavl/predlozheniya_uslug/|https://avito.ru/yaroslavskaya_oblast/predlozheniya_uslug/tag/zaezd-na-uchastok-cherez-kanavu/|https://exp76.ru/services/vezd-zaezd-na-uchastok-cherez-kanavu-pod-kljuch/,manual_review,hold_current_url,serp_pair_pending_review,pending,,same-service SERP pair meets the explicit manual-review threshold; the existing owner is held and no split or new URL is approved
PAIR-3974C0FD90DB,Q000131,Q000132,заезд на участок через канаву цена,заезд через канаву,S8,S8,transactional,commercial_research,2,https://avito.ru/yaroslavl/predlozheniya_uslug/|https://avito.ru/yaroslavl/predlozheniya_uslug/tag/zaezd-na-uchastok-cherez-kanavu/,manual_review,hold_current_url,serp_pair_pending_review,pending,,same-service SERP pair meets the explicit manual-review threshold; the existing owner is held and no split or new URL is approved
PAIR-C145D03AD3A2,Q000131,Q000133,заезд на участок через канаву цена,заезд через канаву на участок,S8,S8,transactional,commercial_research,4,https://avito.ru/yaroslavl/predlozheniya_uslug/|https://uslugi.yandex.ru/16-yaroslavl/category/|https://yaroslavl.mzog.ru/ustrojstvo-zaezda-na-uchastok/|https://yaroslavl.uchastok-zaezd.ru/,manual_review,hold_current_url,serp_pair_pending_review,pending,,same-service SERP pair meets the explicit manual-review threshold; the existing owner is held and no split or new URL is approved
PAIR-BFA7FCC38369,Q000131,Q000141,заезд на участок через канаву цена,ярославская область сделать въезд в канаву,S8,S8,transactional,commercial_research,4,https://avito.ru/yaroslavl/predlozheniya_uslug/|https://uslugi.yandex.ru/16-yaroslavl/category/|https://yaroslavl.mzog.ru/ustrojstvo-zaezda-na-uchastok/|https://yaroslavl.uchastok-zaezd.ru/,manual_review,hold_current_url,serp_pair_pending_review,pending,,same-service SERP pair meets the explicit manual-review threshold; the existing owner is held and no split or new URL is approved
PAIR-5F4A90F8528D,Q000133,Q000135,заезд через канаву на участок,заказать въезд на участок,S8,S8,commercial_research,transactional,3,https://avito.ru/yaroslavl/predlozheniya_uslug/|https://uslugi.yandex.ru/16-yaroslavl/category/|https://yaroslavl.uchastok-zaezd.ru/,manual_review,hold_current_url,serp_pair_pending_review,pending,,same-service SERP pair meets the explicit manual-review threshold; the existing owner is held and no split or new URL is approved
PAIR-A80E51357F2F,Q000134,Q000135,заезд через канаву тутаев,заказать въезд на участок,S8,S8,commercial_research,transactional,2,https://avito.ru/yaroslavskaya_oblast/predlozheniya_uslug/tag/zaezd-na-uchastok-cherez-kanavu/|https://uslugi.yandex.ru/16-yaroslavl/category/,manual_review,hold_current_url,serp_pair_pending_review,pending,,same-service SERP pair meets the explicit manual-review threshold; the existing owner is held and no split or new URL is approved
PAIR-F996A66F79AE,Q000135,Q000140,заказать въезд на участок,трубу в канаву уложить в рыбинске,S8,S8,transactional,commercial_research,2,https://avito.ru/yaroslavskaya_oblast/predlozheniya_uslug/|https://avito.ru/yaroslavskaya_oblast/predlozheniya_uslug/tag/zaezd-na-uchastok-cherez-kanavu/,manual_review,hold_current_url,serp_pair_pending_review,pending,,same-service SERP pair meets the explicit manual-review threshold; the existing owner is held and no split or new URL is approved
PAIR-38964711E12A,Q000135,Q000141,заказать въезд на участок,ярославская область сделать въезд в канаву,S8,S8,transactional,commercial_research,5,https://avito.ru/yaroslavl/predlozheniya_uslug/|https://avito.ru/yaroslavskaya_oblast/predlozheniya_uslug/|https://avito.ru/yaroslavskaya_oblast/predlozheniya_uslug/tag/zaezd-na-uchastok-cherez-kanavu/|https://uslugi.yandex.ru/16-yaroslavl/category/|https://yaroslavl.uchastok-zaezd.ru/,manual_review,hold_current_url,serp_pair_pending_review,pending,,same-service SERP pair meets the explicit manual-review threshold; the existing owner is held and no split or new URL is approved
PAIR-C78B0E9F4363,Q000137,Q000138,найти плиту через канаву установить для проезда телег и велосипедов в рыбинске,обустройство въезда на участок рыбинск,S8,S8,commercial_research,commercial_research,3,https://avito.ru/rybinsk/predlozheniya_uslug/|https://exp76.ru/services/vezd-zaezd-na-uchastok-cherez-kanavu-pod-kljuch/|https://rybinsk.uchastok-zaezd.ru/,manual_review,hold_current_url,serp_pair_pending_review,pending,,same-service SERP pair meets the explicit manual-review threshold; the existing owner is held and no split or new URL is approved
PAIR-155BB5A4DF2F,Q000138,Q000140,обустройство въезда на участок рыбинск,трубу в канаву уложить в рыбинске,S8,S8,commercial_research,commercial_research,2,https://avito.ru/rybinsk/predlozheniya_uslug/|https://uslugi.yandex.ru/10839-rybinsk/category/,manual_review,hold_current_url,serp_pair_pending_review,pending,,same-service SERP pair meets the explicit manual-review threshold; the existing owner is held and no split or new URL is approved
PAIR-264C443452AC,Q000140,Q000141,трубу в канаву уложить в рыбинске,ярославская область сделать въезд в канаву,S8,S8,commercial_research,commercial_research,2,https://avito.ru/yaroslavskaya_oblast/predlozheniya_uslug/|https://avito.ru/yaroslavskaya_oblast/predlozheniya_uslug/tag/zaezd-na-uchastok-cherez-kanavu/,manual_review,hold_current_url,serp_pair_pending_review,pending,,same-service SERP pair meets the explicit manual-review threshold; the existing owner is held and no split or new URL is approved
