query_id,query,service_id,intent,region,device,checked_at,rank,url,canonical_url,title,source_file,method
Q000001,www exp76,S1,brand_navigation,Yaroslavl,desktop,2026-08-20T20:49:08+03:00,1,https://exp76.ru/,https://exp76.ru/,Благоустройство участков под ключ в Рыбинске...,yandex-organic-2026-08-20-part-001.jsonl,live_yandex_organic
Q000001,www exp76,S1,brand_navigation,Yaroslavl,desktop,2026-08-20T20:49:08+03:00,2,https://exp76.ru/yaroslavl/,https://exp76.ru/yaroslavl/,Региональная страница услуг компании «Эксперты».,yandex-organic-2026-08-20-part-001.jsonl,live_yandex_organic
Q000001,www exp76,S1,brand_navigation,Yaroslavl,desktop,2026-08-20T20:49:08+03:00,3,https://exp76.ru/services/,https://exp76.ru/services/,Услуги по благоустройству участков в Рыбинске...,yandex-organic-2026-08-20-part-001.jsonl,live_yandex_organic
Q000001,www exp76,S1,brand_navigation,Yaroslavl,desktop,2026-08-20T20:49:08+03:00,4,https://vk.ru/exp_76,https://vk.ru/exp_76/,"Ландшафтная Компания ""ЭКСПЕРТЫ"" | Уважаемые...",yandex-organic-2026-08-20-part-001.jsonl,live_yandex_organic
Q000001,www exp76,S1,brand_navigation,Yaroslavl,desktop,2026-08-20T20:49:08+03:00,5,https://www.instagram.com/exp_76/,https://instagram.com/exp_76/,Ссылка на instagram.com,yandex-organic-2026-08-20-part-001.jsonl,live_yandex_organic
Q000001,www exp76,S1,brand_navigation,Yaroslavl,desktop,2026-08-20T20:49:08+03:00,6,https://ekspert76.orgs.biz/,https://ekspert76.orgs.biz/,Компания ЭКСПЕРТЫ - благоустройство участков,yandex-organic-2026-08-20-part-001.jsonl,live_yandex_organic
Q000001,www exp76,S1,brand_navigation,Yaroslavl,desktop,2026-08-20T20:49:08+03:00,7,https://checko.ru/company/ehksperty-76-1197627013330,https://checko.ru/company/ehksperty-76-1197627013330/,"ООО ""ЭКСПЕРТЫ 76"" - Ярославль - ИНН 7606120330...",yandex-organic-2026-08-20-part-001.jsonl,live_yandex_organic
Q000001,www exp76,S1,brand_navigation,Yaroslavl,desktop,2026-08-20T20:49:08+03:00,8,https://engineering-experts.ru/kontakty/,https://engineering-experts.ru/kontakty/,Контакты — компания «Engineering Experts»,yandex-organic-2026-08-20-part-001.jsonl,live_yandex_organic
Q000001,www exp76,S1,brand_navigation,Yaroslavl,desktop,2026-08-20T20:49:08+03:00,9,https://exp39.ru/,https://exp39.ru/,Независимая экспертиза,yandex-organic-2026-08-20-part-001.jsonl,live_yandex_organic
Q000001,www exp76,S1,brand_navigation,Yaroslavl,desktop,2026-08-20T20:49:08+03:00,10,https://user.fpst.ru/,https://user.fpst.ru/,Вход в Личный кабинет,yandex-organic-2026-08-20-part-001.jsonl,live_yandex_organic
Q000002,www exp76 ru,S1,brand_navigation,Yaroslavl,desktop,2026-08-20T20:49:09+03:00,1,https://exp76.ru/,https://exp76.ru/,Благоустройство участков под ключ в Рыбинске...,yandex-organic-2026-08-20-part-001.jsonl,live_yandex_organic
Q000002,www exp76 ru,S1,brand_navigation,Yaroslavl,desktop,2026-08-20T20:49:09+03:00,2,https://exp76.ru/yaroslavl/,https://exp76.ru/yaroslavl/,Региональная страница услуг компании «Эксперты».,yandex-organic-2026-08-20-part-001.jsonl,live_yandex_organic
Q000002,www exp76 ru,S1,brand_navigation,Yaroslavl,desktop,2026-08-20T20:49:09+03:00,3,https://exp76.ru/services/,https://exp76.ru/services/,Услуги по благоустройству участков в Рыбинске...,yandex-organic-2026-08-20-part-001.jsonl,live_yandex_organic
Q000002,www exp76 ru,S1,brand_navigation,Yaroslavl,desktop,2026-08-20T20:49:09+03:00,4,https://vk.ru/exp_76,https://vk.ru/exp_76/,"Ландшафтная Компания ""ЭКСПЕРТЫ"" | Уважаемые...",yandex-organic-2026-08-20-part-001.jsonl,live_yandex_organic
Q000002,www exp76 ru,S1,brand_navigation,Yaroslavl,desktop,2026-08-20T20:49:09+03:00,5,https://76.ru/,https://76.ru/,Новости Ярославля и Ярославской области | 76.ру,yandex-organic-2026-08-20-part-001.jsonl,live_yandex_organic
Q000002,www exp76 ru,S1,brand_navigation,Yaroslavl,desktop,2026-08-20T20:49:09+03:00,6,https://eocen.ru/,https://eocen.ru/,Экспертиза и оценка всех видов имущества в Ярославле...,yandex-organic-2026-08-20-part-001.jsonl,live_yandex_organic
Q000002,www exp76 ru,S1,brand_navigation,Yaroslavl,desktop,2026-08-20T20:49:09+03:00,7,https://exp39.ru/,https://exp39.ru/,Независимая экспертиза,yandex-organic-2026-08-20-part-001.jsonl,live_yandex_organic
Q000002,www exp76 ru,S1,brand_navigation,Yaroslavl,desktop,2026-08-20T20:49:09+03:00,8,https://checko.ru/company/ehksperty-76-1197627013330,https://checko.ru/company/ehksperty-76-1197627013330/,"ООО ""ЭКСПЕРТЫ 76"" - Ярославль - ИНН 7606120330...",yandex-organic-2026-08-20-part-001.jsonl,live_yandex_organic
Q000002,www exp76 ru,S1,brand_navigation,Yaroslavl,desktop,2026-08-20T20:49:09+03:00,9,https://www.orgpage.ru/ryibinsk/kompaniya-eksperty-5354822.html,https://orgpage.ru/ryibinsk/kompaniya-eksperty-5354822.html/,"ЭКСПЕРТЫ, ОП Рыбинск - телефон, адрес, контакты.",yandex-organic-2026-08-20-part-001.jsonl,live_yandex_organic
Q000002,www exp76 ru,S1,brand_navigation,Yaroslavl,desktop,2026-08-20T20:49:09+03:00,10,https://rybinsk.vyboruslug.com/transport/exp_76.html,https://rybinsk.vyboruslug.com/transport/exp_76.html/,"Ландшафтная Компания ""ЭКСПЕРТЫ"". Описание услуг...",yandex-organic-2026-08-20-part-001.jsonl,live_yandex_organic
Q000003,благоустройство в рыбинске,S1,commercial_research,Yaroslavl,desktop,2026-08-20T20:49:10+03:00,1,https://76.ru/text/gorod/2026/08/11/76580362/,https://76.ru/text/gorod/2026/08/11/76580362/,Где в Рыбинске сделали пешеходную зону: как... | 76.ру,yandex-organic-2026-08-20-part-001.jsonl,live_yandex_organic
Q000003,благоустройство в рыбинске,S1,commercial_research,Yaroslavl,desktop,2026-08-20T20:49:10+03:00,2,https://www.yarregion.ru/pages/presscenter/news.aspx?NewsId=38969,https://yarregion.ru/pages/presscenter/news.aspx/,Новости - Портал органов власти Ярославской области,yandex-organic-2026-08-20-part-001.jsonl,live_yandex_organic
Q000003,благоустройство в рыбинске,S1,commercial_research,Yaroslavl,desktop,2026-08-20T20:49:10+03:00,3,https://www.yar.kp.ru/daily/27768/5227917/,https://yar.kp.ru/daily/27768/5227917/,"Рыбинцы выберут территорию, которую благоустроят...",yandex-organic-2026-08-20-part-001.jsonl,live_yandex_organic
Q000003,благоустройство в рыбинске,S1,commercial_research,Yaroslavl,desktop,2026-08-20T20:49:10+03:00,4,https://dzen.ru/a/am2PSlBErRgavuVb,https://dzen.ru/a/am2PSlBErRgavuVb/,Архитектурный променад вместо автопарковки. | Дзен,yandex-organic-2026-08-20-part-001.jsonl,live_yandex_organic
Q000003,благоустройство в рыбинске,S1,commercial_research,Yaroslavl,desktop,2026-08-20T20:49:10+03:00,5,https://rutube.ru/video/17b3df891949e7d8fde2d28ca47f62b8/,https://rutube.ru/video/17b3df891949e7d8fde2d28ca47f62b8/,(Рыбинск-40) БЛАГОУСТРОЙСТВО ГОРОДСКИХ УЛИЦ,yandex-organic-2026-08-20-part-001.jsonl,live_yandex_organic
Q000003,благоустройство в рыбинске,S1,commercial_research,Yaroslavl,desktop,2026-08-20T20:49:10+03:00,6,https://rybinsk.ru/admin/section/committee-government/reshaem-vmeste/34440-rybintsy-vyberut-territoriju-dlja-blagoustrojstva-v-2027-godu,https://rybinsk.ru/admin/section/committee-government/reshaem-vmeste/34440-rybintsy-vyberut-territoriju-dlja-blagoustrojstva-v-2027-godu/,Рыбинцы выберут территорию для благоустройства...,yandex-organic-2026-08-20-part-001.jsonl,live_yandex_organic
Q000003,благоустройство в рыбинске,S1,commercial_research,Yaroslavl,desktop,2026-08-20T20:49:10+03:00,7,https://exp76.ru/,https://exp76.ru/,Благоустройство участков под ключ в Рыбинске...,yandex-organic-2026-08-20-part-001.jsonl,live_yandex_organic
Q000003,благоустройство в рыбинске,S1,commercial_research,Yaroslavl,desktop,2026-08-20T20:49:10+03:00,8,https://vk.ru/public219796261,https://vk.ru/public219796261/,Благоустройство территории в Рыбинске | Преобразим...,yandex-organic-2026-08-20-part-001.jsonl,live_yandex_organic
Q000003,благоустройство в рыбинске,S1,commercial_research,Yaroslavl,desktop,2026-08-20T20:49:10+03:00,9,https://gazeta-rybinsk.ru/2025/07/10/151028,https://gazeta-rybinsk.ru/2025/07/10/151028/,"Проекты, которые меняют Рыбинск | Избранное 10.07.2025",yandex-organic-2026-08-20-part-001.jsonl,live_yandex_organic
Q000003,благоустройство в рыбинске,S1,commercial_research,Yaroslavl,desktop,2026-08-20T20:49:10+03:00,10,https://www.avito.ru/rybinsk/predlozheniya_uslug?q=%D0%B1%D0%BB%D0%B0%D0%B3%D0%BE%D1%83%D1%81%D1%82%D1%80%D0%BE%D0%B9%D1%81%D1%82%D0%B2%D0%BE+%D1%83%D1%87%D0%B0%D1%81%D1%82%D0%BA%D0%B0,https://avito.ru/rybinsk/predlozheniya_uslug/,благоустройство участка в Рыбинске - цены и отзывы,yandex-organic-2026-08-20-part-001.jsonl,live_yandex_organic
Q000004,благоустройство дачного участка под ключ,S1,transactional,Yaroslavl,desktop,2026-08-20T20:49:11+03:00,1,https://www.avito.ru/yaroslavl/predlozheniya_uslug?q=%D0%B1%D0%BB%D0%B0%D0%B3%D0%BE%D1%83%D1%81%D1%82%D1%80%D0%BE%D0%B9%D1%81%D1%82%D0%B2%D0%BE+%D1%83%D1%87%D0%B0%D1%81%D1%82%D0%BA%D0%B0,https://avito.ru/yaroslavl/predlozheniya_uslug/,благоустройство участка в Ярославле - цены и отзывы,yandex-organic-2026-08-20-part-001.jsonl,live_yandex_organic
Q000004,благоустройство дачного участка под ключ,S1,transactional,Yaroslavl,desktop,2026-08-20T20:49:11+03:00,2,https://www.avito.ru/yaroslavl/predlozheniya_uslug/sad_blagoustroystvo-ASgBAgICAUSYC8KfAQ?q=%D0%B1%D0%BB%D0%B0%D0%B3%D0%BE%D1%83%D1%81%D1%82%D1%80%D0%BE%D0%B9%D1%81%D1%82%D0%B2%D0%BE+%D1%83%D1%87%D0%B0%D1%81%D1%82%D0%BA%D0%B0+%D0%BF%D0%BE%D0%B4+%D0%BA%D0%BB%D1%8E%D1%87,https://avito.ru/yaroslavl/predlozheniya_uslug/sad_blagoustroystvo-ASgBAgICAUSYC8KfAQ/,благоустройство участка под ключ в Ярославле - цены...,yandex-organic-2026-08-20-part-001.jsonl,live_yandex_organic
Q000004,благоустройство дачного участка под ключ,S1,transactional,Yaroslavl,desktop,2026-08-20T20:49:11+03:00,3,https://yaroslavl.blago-s.ru/,https://yaroslavl.blago-s.ru/,Благоустройство участка и территории частного дома...,yandex-organic-2026-08-20-part-001.jsonl,live_yandex_organic
Q000004,благоустройство дачного участка под ключ,S1,transactional,Yaroslavl,desktop,2026-08-20T20:49:11+03:00,4,https://uslugi.yandex.ru/16-yaroslavl/category?text=%D0%91%D0%BB%D0%B0%D0%B3%D0%BE%D1%83%D1%81%D1%82%D1%80%D0%BE%D0%B9%D1%81%D1%82%D0%B2%D0%BE%20%D1%83%D1%87%D0%B0%D1%81%D1%82%D0%BA%D0%B0%20%D0%BF%D0%BE%D0%B4%20%D0%BA%D0%BB%D1%8E%D1%87,https://uslugi.yandex.ru/16-yaroslavl/category/,Благоустройство участка под ключ в Ярославле: 59...,yandex-organic-2026-08-20-part-001.jsonl,live_yandex_organic
Q000004,благоустройство дачного участка под ключ,S1,transactional,Yaroslavl,desktop,2026-08-20T20:49:11+03:00,5,https://yandex.ru/images/search?text=%D0%B1%D0%BB%D0%B0%D0%B3%D0%BE%D1%83%D1%81%D1%82%D1%80%D0%BE%D0%B9%D1%81%D1%82%D0%B2%D0%BE%20%D0%B4%D0%B0%D1%87%D0%BD%D0%BE%D0%B3%D0%BE%20%D1%83%D1%87%D0%B0%D1%81%D1%82%D0%BA%D0%B0%20%D0%BF%D0%BE%D0%B4%20%D0%BA%D0%BB%D1%8E%D1%87&stype=image&lr=16&parent-reqid=1787248147824384-11245665631407155966-balancer-l7leveler-kubr-yp-sas-261-BAL&source=serp,https://yandex.ru/images/search/,Картинки,yandex-organic-2026-08-20-part-001.jsonl,live_yandex_organic
Q000004,благоустройство дачного участка под ключ,S1,transactional,Yaroslavl,desktop,2026-08-20T20:49:11+03:00,6,https://yaroslavl.stplitka.ru/blagoustrojstvo-uchastka-chastnogo-doma-pod-klyuch,https://yaroslavl.stplitka.ru/blagoustrojstvo-uchastka-chastnogo-doma-pod-klyuch/,Благоустройство участка частного дома под ключ...,yandex-organic-2026-08-20-part-001.jsonl,live_yandex_organic
Q000004,благоустройство дачного участка под ключ,S1,transactional,Yaroslavl,desktop,2026-08-20T20:49:11+03:00,7,https://yaroslavl.dizajn-landshaftnyj.ru/blagoustrojstvo-uchastka/,https://yaroslavl.dizajn-landshaftnyj.ru/blagoustrojstvo-uchastka/,Благоустройство участка частного дома под ключ...,yandex-organic-2026-08-20-part-001.jsonl,live_yandex_organic
Q000004,благоустройство дачного участка под ключ,S1,transactional,Yaroslavl,desktop,2026-08-20T20:49:11+03:00,8,https://exp76.ru/,https://exp76.ru/,Благоустройство участков под ключ в Рыбинске...,yandex-organic-2026-08-20-part-001.jsonl,live_yandex_organic
Q000004,благоустройство дачного участка под ключ,S1,transactional,Yaroslavl,desktop,2026-08-20T20:49:11+03:00,9,https://yaroslavl.topsadovnik.ru/,https://yaroslavl.topsadovnik.ru/,Выполняем полный спектр услуг в Ярославле.,yandex-organic-2026-08-20-part-001.jsonl,live_yandex_organic
Q000004,благоустройство дачного участка под ключ,S1,transactional,Yaroslavl,desktop,2026-08-20T20:49:11+03:00,10,https://yaroslavl.mslandshaft.ru/,https://yaroslavl.mslandshaft.ru/,Ландшафтный дизайн участка под ключ в Ярославле,yandex-organic-2026-08-20-part-001.jsonl,live_yandex_organic
Q000005,благоустройство участка,S1,commercial_research,Yaroslavl,desktop,2026-08-20T20:49:12+03:00,1,https://www.avito.ru/yaroslavl/predlozheniya_uslug?q=%D0%B1%D0%BB%D0%B0%D0%B3%D0%BE%D1%83%D1%81%D1%82%D1%80%D0%BE%D0%B9%D1%81%D1%82%D0%B2%D0%BE+%D1%83%D1%87%D0%B0%D1%81%D1%82%D0%BA%D0%B0,https://avito.ru/yaroslavl/predlozheniya_uslug/,благоустройство участка в Ярославле - цены и отзывы,yandex-organic-2026-08-20-part-001.jsonl,live_yandex_organic
Q000005,благоустройство участка,S1,commercial_research,Yaroslavl,desktop,2026-08-20T20:49:12+03:00,2,https://yaroslavl.blago-s.ru/,https://yaroslavl.blago-s.ru/,Благоустройство участка и территории частного дома...,yandex-organic-2026-08-20-part-001.jsonl,live_yandex_organic
Q000005,благоустройство участка,S1,commercial_research,Yaroslavl,desktop,2026-08-20T20:49:12+03:00,3,https://atlant76.com/landshaftnye-raboty/,https://atlant76.com/landshaftnye-raboty/,Ландшафтный дизайн дачного участка под ключ — услуги...,yandex-organic-2026-08-20-part-001.jsonl,live_yandex_organic
Q000005,благоустройство участка,S1,commercial_research,Yaroslavl,desktop,2026-08-20T20:49:12+03:00,4,https://yandex.ru/images/search?text=%D0%B1%D0%BB%D0%B0%D0%B3%D0%BE%D1%83%D1%81%D1%82%D1%80%D0%BE%D0%B9%D1%81%D1%82%D0%B2%D0%BE%20%D1%83%D1%87%D0%B0%D1%81%D1%82%D0%BA%D0%B0&stype=image&lr=16&parent-reqid=1787248148846212-8814955197528352604-balancer-l7leveler-kubr-yp-sas-261-BAL&source=serp,https://yandex.ru/images/search/,Картинки,yandex-organic-2026-08-20-part-001.jsonl,live_yandex_organic
Q000005,благоустройство участка,S1,commercial_research,Yaroslavl,desktop,2026-08-20T20:49:12+03:00,5,https://exp76.ru/,https://exp76.ru/,Благоустройство участков под ключ в Рыбинске...,yandex-organic-2026-08-20-part-001.jsonl,live_yandex_organic
Q000005,благоустройство участка,S1,commercial_research,Yaroslavl,desktop,2026-08-20T20:49:12+03:00,6,https://uslugi.yandex.ru/16-yaroslavl/category?text=%D0%B1%D0%BB%D0%B0%D0%B3%D0%BE%D1%83%D1%81%D1%82%D1%80%D0%BE%D0%B9%D1%81%D1%82%D0%B2%D0%BE+%D1%83%D1%87%D0%B0%D1%81%D1%82%D0%BA%D0%B0,https://uslugi.yandex.ru/16-yaroslavl/category/,Благоустройство участка в Ярославле: 117...,yandex-organic-2026-08-20-part-001.jsonl,live_yandex_organic
Q000005,благоустройство участка,S1,commercial_research,Yaroslavl,desktop,2026-08-20T20:49:12+03:00,7,https://dzen.ru/a/amH4nZcZkS4zKha-,https://dzen.ru/a/amH4nZcZkS4zKha-/,Бюджетное благоустройство участка ИЖС: как сделать...,yandex-organic-2026-08-20-part-001.jsonl,live_yandex_organic
Q000005,благоустройство участка,S1,commercial_research,Yaroslavl,desktop,2026-08-20T20:49:12+03:00,8,https://om-garden.ru/,https://om-garden.ru/,OM-GARDEN | Ландшафтный дизайн | Ярославль,yandex-organic-2026-08-20-part-001.jsonl,live_yandex_organic
Q000005,благоустройство участка,S1,commercial_research,Yaroslavl,desktop,2026-08-20T20:49:12+03:00,9,https://progarden.group/blagoustroystvo,https://progarden.group/blagoustroystvo/,Ландшафтный дизайн в Ярославле | ProGardenGroup,yandex-organic-2026-08-20-part-001.jsonl,live_yandex_organic
Q000005,благоустройство участка,S1,commercial_research,Yaroslavl,desktop,2026-08-20T20:49:12+03:00,10,https://znaet.petrovich.ru/blagoustroystvo/landshaft/proektirovanie/obzor/kak-blagoustroit-dachnyy-uchastok-idei-i-sovety/,https://znaet.petrovich.ru/blagoustroystvo/landshaft/proektirovanie/obzor/kak-blagoustroit-dachnyy-uchastok-idei-i-sovety/,Как сделать дачный участок красивым своими руками...,yandex-organic-2026-08-20-part-001.jsonl,live_yandex_organic
Q000006,благоустройство участка участка ярославль,S1,commercial_research,Yaroslavl,desktop,2026-08-20T20:49:39+03:00,1,https://www.avito.ru/yaroslavl/predlozheniya_uslug?q=%D0%B1%D0%BB%D0%B0%D0%B3%D0%BE%D1%83%D1%81%D1%82%D1%80%D0%BE%D0%B9%D1%81%D1%82%D0%B2%D0%BE+%D1%83%D1%87%D0%B0%D1%81%D1%82%D0%BA%D0%B0,https://avito.ru/yaroslavl/predlozheniya_uslug/,благоустройство участка в Ярославле - цены и отзывы,yandex-organic-2026-08-20-part-002.jsonl,live_yandex_organic
Q000006,благоустройство участка участка ярославль,S1,commercial_research,Yaroslavl,desktop,2026-08-20T20:49:39+03:00,2,https://exp76.ru/,https://exp76.ru/,Благоустройство участков под ключ в Рыбинске...,yandex-organic-2026-08-20-part-002.jsonl,live_yandex_organic
Q000006,благоустройство участка участка ярославль,S1,commercial_research,Yaroslavl,desktop,2026-08-20T20:49:39+03:00,3,https://yaroslavl.blago-s.ru/,https://yaroslavl.blago-s.ru/,Благоустройство участка и территории частного дома...,yandex-organic-2026-08-20-part-002.jsonl,live_yandex_organic
Q000006,благоустройство участка участка ярославль,S1,commercial_research,Yaroslavl,desktop,2026-08-20T20:49:39+03:00,4,https://www.dizainsada.ru/,https://dizainsada.ru/,Благоустройство территорий,yandex-organic-2026-08-20-part-002.jsonl,live_yandex_organic
Q000006,благоустройство участка участка ярославль,S1,commercial_research,Yaroslavl,desktop,2026-08-20T20:49:39+03:00,5,https://yaroslavl.kamenclub.ru/services/blagoustroystvo-uchastka/,https://yaroslavl.kamenclub.ru/services/blagoustroystvo-uchastka/,Советы по ландшафтному оформлению участка...,yandex-organic-2026-08-20-part-002.jsonl,live_yandex_organic
Q000006,благоустройство участка участка ярославль,S1,commercial_research,Yaroslavl,desktop,2026-08-20T20:49:39+03:00,6,https://uslugi.yandex.ru/16-yaroslavl/category?text=%D0%B1%D0%BB%D0%B0%D0%B3%D0%BE%D1%83%D1%81%D1%82%D1%80%D0%BE%D0%B9%D1%81%D1%82%D0%B2%D0%BE+%D1%83%D1%87%D0%B0%D1%81%D1%82%D0%BA%D0%B0,https://uslugi.yandex.ru/16-yaroslavl/category/,Благоустройство участка в Ярославле: 117...,yandex-organic-2026-08-20-part-002.jsonl,live_yandex_organic
Q000006,благоустройство участка участка ярославль,S1,commercial_research,Yaroslavl,desktop,2026-08-20T20:49:39+03:00,7,https://rakurs-blagoustroistvo.ru/,https://rakurs-blagoustroistvo.ru/,ГК Ракурс официальный сайт,yandex-organic-2026-08-20-part-002.jsonl,live_yandex_organic
Q000006,благоустройство участка участка ярославль,S1,commercial_research,Yaroslavl,desktop,2026-08-20T20:49:39+03:00,8,https://yaroslavl.dizajn-landshaftnyj.ru/blagoustrojstvo-uchastka/,https://yaroslavl.dizajn-landshaftnyj.ru/blagoustrojstvo-uchastka/,Благоустройство участка частного дома под ключ...,yandex-organic-2026-08-20-part-002.jsonl,live_yandex_organic
Q000006,благоустройство участка участка ярославль,S1,commercial_research,Yaroslavl,desktop,2026-08-20T20:49:39+03:00,9,https://atlant76.com/landshaftnye-raboty/,https://atlant76.com/landshaftnye-raboty/,Ландшафтный дизайн дачного участка под ключ — услуги...,yandex-organic-2026-08-20-part-002.jsonl,live_yandex_organic
Q000006,благоустройство участка участка ярославль,S1,commercial_research,Yaroslavl,desktop,2026-08-20T20:49:39+03:00,10,https://blagostroy76.ru/,https://blagostroy76.ru/,БлагоСтрой76,yandex-organic-2026-08-20-part-002.jsonl,live_yandex_organic
Q000007,благоустройство участка ярославская область,S1,commercial_research,Yaroslavl,desktop,2026-08-20T20:49:40+03:00,1,https://exp76.ru/,https://exp76.ru/,Благоустройство участков под ключ в Рыбинске...,yandex-organic-2026-08-20-part-002.jsonl,live_yandex_organic
Q000007,благоустройство участка ярославская область,S1,commercial_research,Yaroslavl,desktop,2026-08-20T20:49:40+03:00,2,https://yaroslavl.blago-s.ru/,https://yaroslavl.blago-s.ru/,Благоустройство участка и территории частного дома...,yandex-organic-2026-08-20-part-002.jsonl,live_yandex_organic
Q000007,благоустройство участка ярославская область,S1,commercial_research,Yaroslavl,desktop,2026-08-20T20:49:40+03:00,3,https://www.avito.ru/yaroslavskaya_oblast/predlozheniya_uslug?q=%D0%B1%D0%BB%D0%B0%D0%B3%D0%BE%D1%83%D1%81%D1%82%D1%80%D0%BE%D0%B9%D1%81%D1%82%D0%B2%D0%BE+%D1%83%D1%87%D0%B0%D1%81%D1%82%D0%BA%D0%B0,https://avito.ru/yaroslavskaya_oblast/predlozheniya_uslug/,благоустройство участка в Ярославской области...,yandex-organic-2026-08-20-part-002.jsonl,live_yandex_organic
Q000007,благоустройство участка ярославская область,S1,commercial_research,Yaroslavl,desktop,2026-08-20T20:49:40+03:00,4,https://www.dizainsada.ru/,https://dizainsada.ru/,Благоустройство территорий,yandex-organic-2026-08-20-part-002.jsonl,live_yandex_organic
Q000007,благоустройство участка ярославская область,S1,commercial_research,Yaroslavl,desktop,2026-08-20T20:49:40+03:00,5,https://uslugi.yandex.ru/16-yaroslavl/category?text=%D0%B1%D0%BB%D0%B0%D0%B3%D0%BE%D1%83%D1%81%D1%82%D1%80%D0%BE%D0%B9%D1%81%D1%82%D0%B2%D0%BE+%D1%83%D1%87%D0%B0%D1%81%D1%82%D0%BA%D0%B0,https://uslugi.yandex.ru/16-yaroslavl/category/,Благоустройство участка в Ярославле: 117...,yandex-organic-2026-08-20-part-002.jsonl,live_yandex_organic
Q000007,благоустройство участка ярославская область,S1,commercial_research,Yaroslavl,desktop,2026-08-20T20:49:40+03:00,6,https://atlant76.com/landshaftnye-raboty/,https://atlant76.com/landshaftnye-raboty/,Ландшафтный дизайн дачного участка под ключ — услуги...,yandex-organic-2026-08-20-part-002.jsonl,live_yandex_organic
Q000007,благоустройство участка ярославская область,S1,commercial_research,Yaroslavl,desktop,2026-08-20T20:49:40+03:00,7,https://landshaftniy-dizayn.ru/region/yaroslavl/blagoustroystvo/territorii/,https://landshaftniy-dizayn.ru/region/yaroslavl/blagoustroystvo/territorii/,Благоустройство территории под ключ в Ярославле,yandex-organic-2026-08-20-part-002.jsonl,live_yandex_organic
Q000007,благоустройство участка ярославская область,S1,commercial_research,Yaroslavl,desktop,2026-08-20T20:49:40+03:00,8,https://om-garden.ru/,https://om-garden.ru/,OM-GARDEN | Ландшафтный дизайн | Ярославль,yandex-organic-2026-08-20-part-002.jsonl,live_yandex_organic
Q000007,благоустройство участка ярославская область,S1,commercial_research,Yaroslavl,desktop,2026-08-20T20:49:40+03:00,9,https://yarlandshaft.ru/,https://yarlandshaft.ru/,"ООО ""Ландшафт"" - ландшафтный дизайн в Ярославле...",yandex-organic-2026-08-20-part-002.jsonl,live_yandex_organic
Q000007,благоустройство участка ярославская область,S1,commercial_research,Yaroslavl,desktop,2026-08-20T20:49:40+03:00,10,https://progarden.group/blagoustroystvo,https://progarden.group/blagoustroystvo/,Ландшафтный дизайн в Ярославле | ProGardenGroup,yandex-organic-2026-08-20-part-002.jsonl,live_yandex_organic
Q000008,благоустройство участков ярославль,S1,commercial_research,Yaroslavl,desktop,2026-08-20T20:49:42+03:00,1,https://exp76.ru/,https://exp76.ru/,Благоустройство участков под ключ в Рыбинске...,yandex-organic-2026-08-20-part-002.jsonl,live_yandex_organic
Q000008,благоустройство участков ярославль,S1,commercial_research,Yaroslavl,desktop,2026-08-20T20:49:42+03:00,2,https://www.dizainsada.ru/,https://dizainsada.ru/,Благоустройство территорий,yandex-organic-2026-08-20-part-002.jsonl,live_yandex_organic
Q000008,благоустройство участков ярославль,S1,commercial_research,Yaroslavl,desktop,2026-08-20T20:49:42+03:00,3,https://www.avito.ru/yaroslavl/predlozheniya_uslug?q=%D0%B1%D0%BB%D0%B0%D0%B3%D0%BE%D1%83%D1%81%D1%82%D1%80%D0%BE%D0%B9%D1%81%D1%82%D0%B2%D0%BE+%D1%83%D1%87%D0%B0%D1%81%D1%82%D0%BA%D0%B0,https://avito.ru/yaroslavl/predlozheniya_uslug/,благоустройство участка в Ярославле - цены и отзывы,yandex-organic-2026-08-20-part-002.jsonl,live_yandex_organic
Q000008,благоустройство участков ярославль,S1,commercial_research,Yaroslavl,desktop,2026-08-20T20:49:42+03:00,4,https://yaroslavl.blago-s.ru/,https://yaroslavl.blago-s.ru/,Благоустройство участка и территории частного дома...,yandex-organic-2026-08-20-part-002.jsonl,live_yandex_organic
Q000008,благоустройство участков ярославль,S1,commercial_research,Yaroslavl,desktop,2026-08-20T20:49:42+03:00,5,https://yaroslavl.kamenclub.ru/services/blagoustroystvo-uchastka/,https://yaroslavl.kamenclub.ru/services/blagoustroystvo-uchastka/,Советы по ландшафтному оформлению участка...,yandex-organic-2026-08-20-part-002.jsonl,live_yandex_organic
Q000008,благоустройство участков ярославль,S1,commercial_research,Yaroslavl,desktop,2026-08-20T20:49:42+03:00,6,https://uslugi.yandex.ru/16-yaroslavl/category?text=%D0%B1%D0%BB%D0%B0%D0%B3%D0%BE%D1%83%D1%81%D1%82%D1%80%D0%BE%D0%B9%D1%81%D1%82%D0%B2%D0%BE+%D1%83%D1%87%D0%B0%D1%81%D1%82%D0%BA%D0%B0,https://uslugi.yandex.ru/16-yaroslavl/category/,Благоустройство участка в Ярославле: 117...,yandex-organic-2026-08-20-part-002.jsonl,live_yandex_organic
Q000008,благоустройство участков ярославль,S1,commercial_research,Yaroslavl,desktop,2026-08-20T20:49:42+03:00,7,https://vk.ru/accomplishment76,https://vk.ru/accomplishment76/,Благоустройство Участков Ярославль | Расчистка...,yandex-organic-2026-08-20-part-002.jsonl,live_yandex_organic
Q000008,благоустройство участков ярославль,S1,commercial_research,Yaroslavl,desktop,2026-08-20T20:49:42+03:00,8,https://landshaftniy-dizayn.ru/region/yaroslavl/blagoustroystvo/territorii/,https://landshaftniy-dizayn.ru/region/yaroslavl/blagoustroystvo/territorii/,Благоустройство территории под ключ в Ярославле,yandex-organic-2026-08-20-part-002.jsonl,live_yandex_organic
Q000008,благоустройство участков ярославль,S1,commercial_research,Yaroslavl,desktop,2026-08-20T20:49:42+03:00,9,https://progarden.group/blagoustroystvo,https://progarden.group/blagoustroystvo/,Ландшафтный дизайн в Ярославле | ProGardenGroup,yandex-organic-2026-08-20-part-002.jsonl,live_yandex_organic
Q000008,благоустройство участков ярославль,S1,commercial_research,Yaroslavl,desktop,2026-08-20T20:49:42+03:00,10,https://atlant76.com/landshaftnye-raboty/,https://atlant76.com/landshaftnye-raboty/,Ландшафтный дизайн дачного участка под ключ — услуги...,yandex-organic-2026-08-20-part-002.jsonl,live_yandex_organic
Q000009,благоучтройство дачного участка в ярославской области,S1,commercial_research,Yaroslavl,desktop,2026-08-20T20:49:43+03:00,1,https://www.avito.ru/yaroslavskaya_oblast/predlozheniya_uslug?q=%D0%B1%D0%BB%D0%B0%D0%B3%D0%BE%D1%83%D1%81%D1%82%D1%80%D0%BE%D0%B9%D1%81%D1%82%D0%B2%D0%BE+%D1%83%D1%87%D0%B0%D1%81%D1%82%D0%BA%D0%B0,https://avito.ru/yaroslavskaya_oblast/predlozheniya_uslug/,благоустройство участка в Ярославской области - цены...,yandex-organic-2026-08-20-part-002.jsonl,live_yandex_organic
Q000009,благоучтройство дачного участка в ярославской области,S1,commercial_research,Yaroslavl,desktop,2026-08-20T20:49:43+03:00,2,https://exp76.ru/services/,https://exp76.ru/services/,Услуги по благоустройству участков в Рыбинске...,yandex-organic-2026-08-20-part-002.jsonl,live_yandex_organic
Q000009,благоучтройство дачного участка в ярославской области,S1,commercial_research,Yaroslavl,desktop,2026-08-20T20:49:43+03:00,3,https://yaroslavl.blago-s.ru/,https://yaroslavl.blago-s.ru/,Благоустройство участка и территории частного дома под...,yandex-organic-2026-08-20-part-002.jsonl,live_yandex_organic
Q000009,благоучтройство дачного участка в ярославской области,S1,commercial_research,Yaroslavl,desktop,2026-08-20T20:49:43+03:00,4,https://yaroslavl.dizajn-landshaftnyj.ru/blagoustrojstvo-uchastka/,https://yaroslavl.dizajn-landshaftnyj.ru/blagoustrojstvo-uchastka/,Благоустройство участка частного дома под ключ...,yandex-organic-2026-08-20-part-002.jsonl,live_yandex_organic
Q000009,благоучтройство дачного участка в ярославской области,S1,commercial_research,Yaroslavl,desktop,2026-08-20T20:49:43+03:00,5,https://uslugi.yandex.ru/16-yaroslavl/category?text=%D1%80%D0%B0%D0%B1%D0%BE%D1%82%D1%8B%20%D0%BF%D0%BE%20%D0%B1%D0%BB%D0%B0%D0%B3%D0%BE%D1%83%D1%81%D1%82%D1%80%D0%BE%D0%B9%D1%81%D1%82%D0%B2%D1%83%20%D0%B4%D0%B0%D1%87%D0%BD%D0%BE%D0%B3%D0%BE%20%D1%83%D1%87%D0%B0%D1%81%D1%82%D0%BA%D0%B0,https://uslugi.yandex.ru/16-yaroslavl/category/,Работы по благоустройству дачного участка в Ярославле...,yandex-organic-2026-08-20-part-002.jsonl,live_yandex_organic
Q000009,благоучтройство дачного участка в ярославской области,S1,commercial_research,Yaroslavl,desktop,2026-08-20T20:49:43+03:00,6,https://yaroslavl.mzog.ru/blagoustrojstvo-uchastka,https://yaroslavl.mzog.ru/blagoustrojstvo-uchastka/,"Благоустройство участка Ярославль, цена от 1677 руб.",yandex-organic-2026-08-20-part-002.jsonl,live_yandex_organic
Q000009,благоучтройство дачного участка в ярославской области,S1,commercial_research,Yaroslavl,desktop,2026-08-20T20:49:43+03:00,7,https://yaroslavl.stplitka.ru/blagoustrojstvo-dachnogo-uchastka,https://yaroslavl.stplitka.ru/blagoustrojstvo-dachnogo-uchastka/,Благоустройство дачного участка в Ярославле...,yandex-organic-2026-08-20-part-002.jsonl,live_yandex_organic
Q000009,благоучтройство дачного участка в ярославской области,S1,commercial_research,Yaroslavl,desktop,2026-08-20T20:49:43+03:00,8,https://atlant76.com/landshaftnye-raboty/,https://atlant76.com/landshaftnye-raboty/,Ландшафтный дизайн дачного участка под ключ...,yandex-organic-2026-08-20-part-002.jsonl,live_yandex_organic
Q000009,благоучтройство дачного участка в ярославской области,S1,commercial_research,Yaroslavl,desktop,2026-08-20T20:49:43+03:00,9,https://yaroslavl.topsadovnik.ru/blagoustrojstvo-dachnogo-uchastka,https://yaroslavl.topsadovnik.ru/blagoustrojstvo-dachnogo-uchastka/,Благоустройство участка частного дома под ключ...,yandex-organic-2026-08-20-part-002.jsonl,live_yandex_organic
Q000009,благоучтройство дачного участка в ярославской области,S1,commercial_research,Yaroslavl,desktop,2026-08-20T20:49:43+03:00,10,https://landshaftniy-dizayn.ru/region/yaroslavl/blagoustroystvo/territorii/,https://landshaftniy-dizayn.ru/region/yaroslavl/blagoustroystvo/territorii/,Благоустройство территории под ключ в Ярославле,yandex-organic-2026-08-20-part-002.jsonl,live_yandex_organic
Q000010,дизайн проект участка,S1,commercial_research,Yaroslavl,desktop,2026-08-20T20:49:44+03:00,1,https://garden-planner.ru/,https://garden-planner.ru/,Онлайн-сервис для планировки и дизайна садового участка,yandex-organic-2026-08-20-part-002.jsonl,live_yandex_organic
Q000010,дизайн проект участка,S1,commercial_research,Yaroslavl,desktop,2026-08-20T20:49:44+03:00,2,https://www.avito.ru/yaroslavl/predlozheniya_uslug?q=%D0%B4%D0%B8%D0%B7%D0%B0%D0%B9%D0%BD+%D0%BF%D1%80%D0%BE%D0%B5%D0%BA%D1%82+%D1%83%D1%87%D0%B0%D1%81%D1%82%D0%BA%D0%B0,https://avito.ru/yaroslavl/predlozheniya_uslug/,дизайн проект участка в Ярославле - цены и отзывы,yandex-organic-2026-08-20-part-002.jsonl,live_yandex_organic
Q000010,дизайн проект участка,S1,commercial_research,Yaroslavl,desktop,2026-08-20T20:49:44+03:00,3,https://dzen.ru/a/Y5B4AqDahwxCKr9w,https://dzen.ru/a/Y5B4AqDahwxCKr9w/,Сам себе ландшафтный дизайнер. Как сделать проект...,yandex-organic-2026-08-20-part-002.jsonl,live_yandex_organic
Q000010,дизайн проект участка,S1,commercial_research,Yaroslavl,desktop,2026-08-20T20:49:44+03:00,4,https://progarden.group/,https://progarden.group/,Ландшафтный дизайн в Ярославле | ProGardenGroup,yandex-organic-2026-08-20-part-002.jsonl,live_yandex_organic
Q000010,дизайн проект участка,S1,commercial_research,Yaroslavl,desktop,2026-08-20T20:49:44+03:00,5,https://yandex.ru/images/search?text=%D0%B4%D0%B8%D0%B7%D0%B0%D0%B9%D0%BD%20%D0%BF%D1%80%D0%BE%D0%B5%D0%BA%D1%82%20%D1%83%D1%87%D0%B0%D1%81%D1%82%D0%BA%D0%B0&stype=image&lr=16&parent-reqid=1787248180601979-13921284246530210248-balancer-l7leveler-kubr-yp-sas-261-BAL&source=serp,https://yandex.ru/images/search/,Картинки,yandex-organic-2026-08-20-part-002.jsonl,live_yandex_organic
Q000010,дизайн проект участка,S1,commercial_research,Yaroslavl,desktop,2026-08-20T20:49:44+03:00,6,https://uslugi.yandex.ru/16-yaroslavl/category?text=%D0%BF%D1%80%D0%BE%D0%B5%D0%BA%D1%82%D0%B8%D1%80%D0%BE%D0%B2%D0%B0%D0%BD%D0%B8%D0%B5+%D1%83%D1%87%D0%B0%D1%81%D1%82%D0%BA%D0%B0,https://uslugi.yandex.ru/16-yaroslavl/category/,Проектирование участка в Ярославле: 136 ландшафтных...,yandex-organic-2026-08-20-part-002.jsonl,live_yandex_organic
Q000010,дизайн проект участка,S1,commercial_research,Yaroslavl,desktop,2026-08-20T20:49:44+03:00,7,https://skillbox.ru/media/design/free-warehouse-design/,https://skillbox.ru/media/design/free-warehouse-design/,Топ бесплатных программ для ландшафтного дизайна...,yandex-organic-2026-08-20-part-002.jsonl,live_yandex_organic
Q000010,дизайн проект участка,S1,commercial_research,Yaroslavl,desktop,2026-08-20T20:49:44+03:00,8,https://www.klerk.ru/blogs/gdekurs/694312/,https://klerk.ru/blogs/gdekurs/694312/,ТОП-7 ИИ для ландшафтного дизайна участка по фото...,yandex-organic-2026-08-20-part-002.jsonl,live_yandex_organic
Q000010,дизайн проект участка,S1,commercial_research,Yaroslavl,desktop,2026-08-20T20:49:44+03:00,9,https://habr.com/ru/companies/study_ai/articles/1071346/,https://habr.com/ru/companies/study_ai/articles/1071346/,Нейросети для ландшафтного дизайна по фото: Делаем...,yandex-organic-2026-08-20-part-002.jsonl,live_yandex_organic
Q000010,дизайн проект участка,S1,commercial_research,Yaroslavl,desktop,2026-08-20T20:49:44+03:00,10,https://yaroslavl.mslandshaft.ru/,https://yaroslavl.mslandshaft.ru/,Ландшафтный дизайн участка под ключ в Ярославле,yandex-organic-2026-08-20-part-002.jsonl,live_yandex_organic
Q000011,заказать дизайн проект участка,S1,transactional,Yaroslavl,desktop,2026-08-20T22:12:56+03:00,1,https://www.avito.ru/yaroslavl/predlozheniya_uslug?q=%D0%B4%D0%B8%D0%B7%D0%B0%D0%B9%D0%BD+%D0%BF%D1%80%D0%BE%D0%B5%D0%BA%D1%82+%D1%83%D1%87%D0%B0%D1%81%D1%82%D0%BA%D0%B0,https://avito.ru/yaroslavl/predlozheniya_uslug/,дизайн проект участка в Ярославле - цены и отзывы,yandex-organic-2026-08-20-part-003.jsonl,live_yandex_organic
Q000011,заказать дизайн проект участка,S1,transactional,Yaroslavl,desktop,2026-08-20T22:12:56+03:00,2,https://www.avito.ru/yaroslavskaya_oblast/predlozheniya_uslug?q=%D0%BB%D0%B0%D0%BD%D0%B4%D1%88%D0%B0%D1%84%D1%82%D0%BD%D0%BE%D0%B5+%D0%BF%D1%80%D0%BE%D0%B5%D0%BA%D1%82%D0%B8%D1%80%D0%BE%D0%B2%D0%B0%D0%BD%D0%B8%D0%B5,https://avito.ru/yaroslavskaya_oblast/predlozheniya_uslug/,ландшафтное проектирование - Услуги и сервисы...,yandex-organic-2026-08-20-part-003.jsonl,live_yandex_organic
Q000011,заказать дизайн проект участка,S1,transactional,Yaroslavl,desktop,2026-08-20T22:12:56+03:00,3,https://uslugi.yandex.ru/16-yaroslavl/category?text=%D0%BF%D1%80%D0%BE%D0%B5%D0%BA%D1%82%D0%B8%D1%80%D0%BE%D0%B2%D0%B0%D0%BD%D0%B8%D0%B5+%D1%83%D1%87%D0%B0%D1%81%D1%82%D0%BA%D0%B0,https://uslugi.yandex.ru/16-yaroslavl/category/,Проектирование участка в Ярославле: 136 ландшафтных...,yandex-organic-2026-08-20-part-003.jsonl,live_yandex_organic
Q000011,заказать дизайн проект участка,S1,transactional,Yaroslavl,desktop,2026-08-20T22:12:56+03:00,4,https://sunrise-garden.ru/,https://sunrise-garden.ru/,LuxLand – Проектирование и реализация ландшафтного...,yandex-organic-2026-08-20-part-003.jsonl,live_yandex_organic
Q000011,заказать дизайн проект участка,S1,transactional,Yaroslavl,desktop,2026-08-20T22:12:56+03:00,5,https://profi.ru/geo-yar/remont/landshaftniy-dizain/landshaftnoe-proektirovanie/,https://profi.ru/geo-yar/remont/landshaftniy-dizain/landshaftnoe-proektirovanie/,Ландшафтное проектирование в Ярославле.,yandex-organic-2026-08-20-part-003.jsonl,live_yandex_organic
Q000011,заказать дизайн проект участка,S1,transactional,Yaroslavl,desktop,2026-08-20T22:12:56+03:00,6,https://yaroslavl.mslandshaft.ru/,https://yaroslavl.mslandshaft.ru/,Ландшафтный дизайн участка под ключ в Ярославле,yandex-organic-2026-08-20-part-003.jsonl,live_yandex_organic
Q000011,заказать дизайн проект участка,S1,transactional,Yaroslavl,desktop,2026-08-20T22:12:56+03:00,7,https://yaroslavl.dizajn-landshaftnyj.ru/price/,https://yaroslavl.dizajn-landshaftnyj.ru/price/,Стоимость ландшафтного дизайна под ключ в Ярославле,yandex-organic-2026-08-20-part-003.jsonl,live_yandex_organic
Q000011,заказать дизайн проект участка,S1,transactional,Yaroslavl,desktop,2026-08-20T22:12:56+03:00,8,https://om-garden.ru/,https://om-garden.ru/,OM-GARDEN | Ландшафтный дизайн | Ярославль,yandex-organic-2026-08-20-part-003.jsonl,live_yandex_organic
Q000011,заказать дизайн проект участка,S1,transactional,Yaroslavl,desktop,2026-08-20T22:12:56+03:00,9,https://filsad.ru/services/proektirovanie/,https://filsad.ru/services/proektirovanie/,Ландшафтное проектирование участка в Ярославле,yandex-organic-2026-08-20-part-003.jsonl,live_yandex_organic
Q000011,заказать дизайн проект участка,S1,transactional,Yaroslavl,desktop,2026-08-20T22:12:56+03:00,10,https://progarden.group/,https://progarden.group/,Ландшафтный дизайн в Ярославле | ProGardenGroup,yandex-organic-2026-08-20-part-003.jsonl,live_yandex_organic
Q000012,калькулятор расценок на работы по благоустройству территории,S1,commercial_research,Yaroslavl,desktop,2026-08-20T22:12:59+03:00,1,https://exp76.ru/kalkuljator-uslug/,https://exp76.ru/kalkuljator-uslug/,Калькулятор стоимости благоустройства участка...,yandex-organic-2026-08-20-part-003.jsonl,live_yandex_organic
Q000012,калькулятор расценок на работы по благоустройству территории,S1,commercial_research,Yaroslavl,desktop,2026-08-20T22:12:59+03:00,2,https://good-lawn.ru/online-kalkulator-blagoustroistva,https://good-lawn.ru/online-kalkulator-blagoustroistva/,Калькулятор расчета стоимости благоустройства,yandex-organic-2026-08-20-part-003.jsonl,live_yandex_organic
Q000012,калькулятор расценок на работы по благоустройству территории,S1,commercial_research,Yaroslavl,desktop,2026-08-20T22:12:59+03:00,3,https://calcal.ru/landscape-budget-calculator,https://calcal.ru/landscape-budget-calculator/,Калькулятор ландшафтного дизайна онлайн — расчёт...,yandex-organic-2026-08-20-part-003.jsonl,live_yandex_organic
Q000012,калькулятор расценок на работы по благоустройству территории,S1,commercial_research,Yaroslavl,desktop,2026-08-20T22:12:59+03:00,4,https://konturland.ru/price/kalkulyator,https://konturland.ru/price/kalkulyator/,Калькулятор для расчета цены проекта ландшафтного...,yandex-organic-2026-08-20-part-003.jsonl,live_yandex_organic
Q000012,калькулятор расценок на работы по благоустройству территории,S1,commercial_research,Yaroslavl,desktop,2026-08-20T22:12:59+03:00,5,https://kalk.pro/landscape/,https://kalk.pro/landscape/,Расчет благоустройства территории | Калькуляторы,yandex-organic-2026-08-20-part-003.jsonl,live_yandex_organic
Q000012,калькулятор расценок на работы по благоустройству территории,S1,commercial_research,Yaroslavl,desktop,2026-08-20T22:12:59+03:00,6,https://hovela.ru/price-blagoustroistvo/,https://hovela.ru/price-blagoustroistvo/,Калькулятор благоустройства участка — расчёт...,yandex-organic-2026-08-20-part-003.jsonl,live_yandex_organic
Q000012,калькулятор расценок на работы по благоустройству территории,S1,commercial_research,Yaroslavl,desktop,2026-08-20T22:12:59+03:00,7,https://yka.ru/calc/works/,https://yka.ru/calc/works/,Расчет стоимости уходных работ за садом,yandex-organic-2026-08-20-part-003.jsonl,live_yandex_organic
Q000012,калькулятор расценок на работы по благоустройству территории,S1,commercial_research,Yaroslavl,desktop,2026-08-20T22:12:59+03:00,8,https://stroyprosto.metallprofil.ru/articles/stoimost-uslug-landshaftnogo-dizaynera-kalkulyator-i-primery-raschetov-/,https://stroyprosto.metallprofil.ru/articles/stoimost-uslug-landshaftnogo-dizaynera-kalkulyator-i-primery-raschetov-/,Стоимость ландшафтного дизайна 2025: калькулятор...,yandex-organic-2026-08-20-part-003.jsonl,live_yandex_organic
Q000012,калькулятор расценок на работы по благоустройству территории,S1,commercial_research,Yaroslavl,desktop,2026-08-20T22:12:59+03:00,9,https://greenteh76.ru/ceny-na-uslugi-po-blagoustrojstvu.html,https://greenteh76.ru/ceny-na-uslugi-po-blagoustrojstvu.html/,Прайс лист на услуги по благоустройству территорий,yandex-organic-2026-08-20-part-003.jsonl,live_yandex_organic
Q000012,калькулятор расценок на работы по благоустройству территории,S1,commercial_research,Yaroslavl,desktop,2026-08-20T22:12:59+03:00,10,https://xn--80aaahqpcuvhvipz6j.xn--p1acf/ceny/stoimost-blagoustroystva-territorii.php,https://xn--80aaahqpcuvhvipz6j.xn--p1acf/ceny/stoimost-blagoustroystva-territorii.php/,Цены на благоустройство территории за 1 м2 в Москве...,yandex-organic-2026-08-20-part-003.jsonl,live_yandex_organic
Q000013,компании по ландшафтному дизайну рыбинск под ключ,S1,transactional,Yaroslavl,desktop,2026-08-20T22:13:10+03:00,1,https://www.avito.ru/rybinsk/predlozheniya_uslug/sad_blagoustroystvo-ASgBAgICAUSYC8KfAQ?q=%D0%BB%D0%B0%D0%BD%D0%B4%D1%88%D0%B0%D1%84%D1%82%D0%BD%D1%8B%D0%B9+%D0%B4%D0%B8%D0%B7%D0%B0%D0%B9%D0%BD+%D1%83%D1%87%D0%B0%D1%81%D1%82%D0%BA%D0%B0,https://avito.ru/rybinsk/predlozheniya_uslug/sad_blagoustroystvo-ASgBAgICAUSYC8KfAQ/,ландшафтный дизайн участка в Рыбинске - цены...,yandex-organic-2026-08-20-part-003.jsonl,live_yandex_organic
Q000013,компании по ландшафтному дизайну рыбинск под ключ,S1,transactional,Yaroslavl,desktop,2026-08-20T22:13:10+03:00,2,https://rybinsk.mslandshaft.ru/,https://rybinsk.mslandshaft.ru/,Ландшафтный дизайн участка в Рыбинске | Ландшафт...,yandex-organic-2026-08-20-part-003.jsonl,live_yandex_organic
Q000013,компании по ландшафтному дизайну рыбинск под ключ,S1,transactional,Yaroslavl,desktop,2026-08-20T22:13:10+03:00,3,http://monolit76.ru/landshaftnoe-proektirovanie/,https://monolit76.ru/landshaftnoe-proektirovanie/,Ландшафтное проектирование | Монолит,yandex-organic-2026-08-20-part-003.jsonl,live_yandex_organic
Q000013,компании по ландшафтному дизайну рыбинск под ключ,S1,transactional,Yaroslavl,desktop,2026-08-20T22:13:10+03:00,4,https://exp76.ru/,https://exp76.ru/,Благоустройство участков под ключ в Рыбинске...,yandex-organic-2026-08-20-part-003.jsonl,live_yandex_organic
Q000013,компании по ландшафтному дизайну рыбинск под ключ,S1,transactional,Yaroslavl,desktop,2026-08-20T22:13:10+03:00,5,https://uslugi.yandex.ru/10839-rybinsk/category/dizajneryi/landshaftnyij-dizajner--273,https://uslugi.yandex.ru/10839-rybinsk/category/dizajneryi/landshaftnyij-dizajner--273/,Услуги ландшафтных дизайнеров в Рыбинске: 75...,yandex-organic-2026-08-20-part-003.jsonl,live_yandex_organic
Q000013,компании по ландшафтному дизайну рыбинск под ключ,S1,transactional,Yaroslavl,desktop,2026-08-20T22:13:10+03:00,6,https://rybinsk.dizajn-landshaftnyj.ru/,https://rybinsk.dizajn-landshaftnyj.ru/,Ландшафтный дизайн участка в Рыбинске...,yandex-organic-2026-08-20-part-003.jsonl,live_yandex_organic
Q000013,компании по ландшафтному дизайну рыбинск под ключ,S1,transactional,Yaroslavl,desktop,2026-08-20T22:13:10+03:00,7,https://rybinsk.stplitka.ru/landshaftnyj-dizajn,https://rybinsk.stplitka.ru/landshaftnyj-dizajn/,Ландшафтный дизайн участка в Рыбинске - стоимость...,yandex-organic-2026-08-20-part-003.jsonl,live_yandex_organic
Q000013,компании по ландшафтному дизайну рыбинск под ключ,S1,transactional,Yaroslavl,desktop,2026-08-20T22:13:10+03:00,8,https://rybinsk.a3d.ru/landshaftnyy-dizayn-uchastka,https://rybinsk.a3d.ru/landshaftnyy-dizayn-uchastka/,Ландшафтный дизайн участка в Рыбинске по цене от...,yandex-organic-2026-08-20-part-003.jsonl,live_yandex_organic
Q000013,компании по ландшафтному дизайну рыбинск под ключ,S1,transactional,Yaroslavl,desktop,2026-08-20T22:13:10+03:00,9,https://rybinsk.toruda.ru/uslugi/landshaftnij-dizajn/,https://rybinsk.toruda.ru/uslugi/landshaftnij-dizajn/,Заказать ландшафтный дизайн участка в Рыбинске,yandex-organic-2026-08-20-part-003.jsonl,live_yandex_organic
Q000013,компании по ландшафтному дизайну рыбинск под ключ,S1,transactional,Yaroslavl,desktop,2026-08-20T22:13:10+03:00,10,https://rybinsk.topsadovnik.ru/landshaftnye-raboty,https://rybinsk.topsadovnik.ru/landshaftnye-raboty/,Ландшафтные работы на участке в Рыбинске от 521 руб.,yandex-organic-2026-08-20-part-003.jsonl,live_yandex_organic
Q000014,компания exp76 отзывы,S1,brand_navigation,Yaroslavl,desktop,2026-08-20T22:13:26+03:00,1,https://exp76.ru/,https://exp76.ru/,Благоустройство участков под ключ в Рыбинске...,yandex-organic-2026-08-20-part-003.jsonl,live_yandex_organic
Q000014,компания exp76 отзывы,S1,brand_navigation,Yaroslavl,desktop,2026-08-20T22:13:26+03:00,2,https://vk.ru/exp_76,https://vk.ru/exp_76/,"Ландшафтная Компания ""ЭКСПЕРТЫ"" | Уважаемые...",yandex-organic-2026-08-20-part-003.jsonl,live_yandex_organic
Q000014,компания exp76 отзывы,S1,brand_navigation,Yaroslavl,desktop,2026-08-20T22:13:26+03:00,3,https://rankw.ru/s/exp76.ru,https://rankw.ru/s/exp76.ru/,"Exp76.ru — отзывы о сайте, обсуждение и комментарии...",yandex-organic-2026-08-20-part-003.jsonl,live_yandex_organic
Q000014,компания exp76 отзывы,S1,brand_navigation,Yaroslavl,desktop,2026-08-20T22:13:26+03:00,4,https://parsesite.ru/ru/cost/exp76.ru,https://parsesite.ru/ru/cost/exp76.ru/,"Анализ сайта exp76.ru, проверка позиций сайта",yandex-organic-2026-08-20-part-003.jsonl,live_yandex_organic
Q000014,компания exp76 отзывы,S1,brand_navigation,Yaroslavl,desktop,2026-08-20T22:13:26+03:00,5,https://yapl.ru/ru/exp76.ru/,https://yapl.ru/ru/exp76.ru/,Сайт exp76.ru Благоустройство участков под ключ...,yandex-organic-2026-08-20-part-003.jsonl,live_yandex_organic
Q000014,компания exp76 отзывы,S1,brand_navigation,Yaroslavl,desktop,2026-08-20T22:13:26+03:00,6,https://yandex.ru/maps/org/element_76/39178404131/reviews/,https://yandex.ru/maps/org/element_76/39178404131/reviews/,"Отзывы о «Element 76», Ярославль, улица Вспольинское...",yandex-organic-2026-08-20-part-003.jsonl,live_yandex_organic
Q000014,компания exp76 отзывы,S1,brand_navigation,Yaroslavl,desktop,2026-08-20T22:13:26+03:00,7,https://checksite.ru/r/exp76.ru,https://checksite.ru/r/exp76.ru/,Анализ сайта exp76.ru - оптимизирован хорошо на 78%,yandex-organic-2026-08-20-part-003.jsonl,live_yandex_organic
Q000014,компания exp76 отзывы,S1,brand_navigation,Yaroslavl,desktop,2026-08-20T22:13:26+03:00,8,https://otzovik.com/reviews/gruzchiki_pereezdy76_ru_russia_yaroslavl/,https://otzovik.com/reviews/gruzchiki_pereezdy76_ru_russia_yaroslavl/,"Отзывы о Грузчики pereezdy76.ru (Россия, Ярославль)",yandex-organic-2026-08-20-part-003.jsonl,live_yandex_organic
Q000014,компания exp76 отзывы,S1,brand_navigation,Yaroslavl,desktop,2026-08-20T22:13:26+03:00,9,https://tapki.com/ru/domain/exp76.ru,https://tapki.com/ru/domain/exp76.ru/,"exp76.ru — Контакты, деятельность, организации...",yandex-organic-2026-08-20-part-003.jsonl,live_yandex_organic
Q000014,компания exp76 отзывы,S1,brand_navigation,Yaroslavl,desktop,2026-08-20T22:13:26+03:00,10,https://pravda-sotrudnikov.ru/company/76-ekspress,https://pravda-sotrudnikov.ru/company/76-ekspress/,76 Экспресс: отзывы сотрудников о работодателе,yandex-organic-2026-08-20-part-003.jsonl,live_yandex_organic
Q000015,комплексное благоустройство частных территорий,S1,commercial_research,Yaroslavl,desktop,2026-08-20T22:13:39+03:00,1,https://www.avito.ru/yaroslavl/predlozheniya_uslug?q=%D0%B1%D0%BB%D0%B0%D0%B3%D0%BE%D1%83%D1%81%D1%82%D1%80%D0%BE%D0%B9%D1%81%D1%82%D0%B2%D0%BE+%D1%83%D1%87%D0%B0%D1%81%D1%82%D0%BA%D0%B0,https://avito.ru/yaroslavl/predlozheniya_uslug/,благоустройство участка в Ярославле - цены и отзывы,yandex-organic-2026-08-20-part-003.jsonl,live_yandex_organic
Q000015,комплексное благоустройство частных территорий,S1,commercial_research,Yaroslavl,desktop,2026-08-20T22:13:39+03:00,2,https://uslugi.yandex.ru/16-yaroslavl/category?text=%D0%B1%D0%BB%D0%B0%D0%B3%D0%BE%D1%83%D1%81%D1%82%D1%80%D0%BE%D0%B9%D1%81%D1%82%D0%B2%D0%BE+%D1%82%D0%B5%D1%80%D1%80%D0%B8%D1%82%D0%BE%D1%80%D0%B8%D0%B9+%D1%87%D0%B0%D1%81%D1%82%D0%BD%D0%BE%D0%B3%D0%BE+%D0%B4%D0%BE%D0%BC%D0%B0,https://uslugi.yandex.ru/16-yaroslavl/category/,Благоустройство территорий частного дома...,yandex-organic-2026-08-20-part-003.jsonl,live_yandex_organic
Q000015,комплексное благоустройство частных территорий,S1,commercial_research,Yaroslavl,desktop,2026-08-20T22:13:39+03:00,3,https://yaroslavl.blago-s.ru/,https://yaroslavl.blago-s.ru/,Благоустройство участка и территории частного дома...,yandex-organic-2026-08-20-part-003.jsonl,live_yandex_organic
Q000015,комплексное благоустройство частных территорий,S1,commercial_research,Yaroslavl,desktop,2026-08-20T22:13:39+03:00,4,https://vk.ru/plitkagazon76,https://vk.ru/plitkagazon76/,Благоустройство территории в Ярославле и области,yandex-organic-2026-08-20-part-003.jsonl,live_yandex_organic
Q000015,комплексное благоустройство частных территорий,S1,commercial_research,Yaroslavl,desktop,2026-08-20T22:13:39+03:00,5,https://landshaftniy-dizayn.ru/region/yaroslavl/blagoustroystvo/territorii/,https://landshaftniy-dizayn.ru/region/yaroslavl/blagoustroystvo/territorii/,Благоустройство территории под ключ в Ярославле,yandex-organic-2026-08-20-part-003.jsonl,live_yandex_organic
Q000015,комплексное благоустройство частных территорий,S1,commercial_research,Yaroslavl,desktop,2026-08-20T22:13:39+03:00,6,https://yaroslavl.mslandshaft.ru/,https://yaroslavl.mslandshaft.ru/,Ландшафтный дизайн участка под ключ в Ярославле,yandex-organic-2026-08-20-part-003.jsonl,live_yandex_organic
Q000015,комплексное благоустройство частных территорий,S1,commercial_research,Yaroslavl,desktop,2026-08-20T22:13:39+03:00,7,https://profi.ru/geo-yar/remont/blagoustroistvo-territorii/,https://profi.ru/geo-yar/remont/blagoustroistvo-territorii/,Благоустройство дворовых территорий в Ярославле...,yandex-organic-2026-08-20-part-003.jsonl,live_yandex_organic
Q000015,комплексное благоустройство частных территорий,S1,commercial_research,Yaroslavl,desktop,2026-08-20T22:13:39+03:00,8,https://exp76.ru/,https://exp76.ru/,Благоустройство участков под ключ в Рыбинске...,yandex-organic-2026-08-20-part-003.jsonl,live_yandex_organic
Q000015,комплексное благоустройство частных территорий,S1,commercial_research,Yaroslavl,desktop,2026-08-20T22:13:39+03:00,9,https://om-garden.ru/,https://om-garden.ru/,OM-GARDEN | Ландшафтный дизайн | Ярославль,yandex-organic-2026-08-20-part-003.jsonl,live_yandex_organic
Q000015,комплексное благоустройство частных территорий,S1,commercial_research,Yaroslavl,desktop,2026-08-20T22:13:39+03:00,10,https://yarlandshaft.ru/,https://yarlandshaft.ru/,"ООО ""Ландшафт"" - ландшафтный дизайн в Ярославле...",yandex-organic-2026-08-20-part-003.jsonl,live_yandex_organic
Q000016,ландшафтная компания эксперт,S1,commercial_research,Yaroslavl,desktop,2026-08-20T22:15:45+03:00,1,https://exp76.ru/,https://exp76.ru/,Благоустройство участков под ключ в Рыбинске...,yandex-organic-2026-08-20-part-004.jsonl,live_yandex_organic
Q000016,ландшафтная компания эксперт,S1,commercial_research,Yaroslavl,desktop,2026-08-20T22:15:45+03:00,2,https://vk.ru/exp_76,https://vk.ru/exp_76/,"Ландшафтная Компания ""ЭКСПЕРТЫ"" | Уважаемые...",yandex-organic-2026-08-20-part-004.jsonl,live_yandex_organic
Q000016,ландшафтная компания эксперт,S1,commercial_research,Yaroslavl,desktop,2026-08-20T22:15:45+03:00,3,https://gardenexpertekb.ru/,https://gardenexpertekb.ru/,Компания полного цикла ландшафтных работ,yandex-organic-2026-08-20-part-004.jsonl,live_yandex_organic
Q000016,ландшафтная компания эксперт,S1,commercial_research,Yaroslavl,desktop,2026-08-20T22:15:45+03:00,4,https://vk.com/wall-122695134?offset=20,https://vk.com/wall-122695134/,"Ландшафтная Компания ""ЭКСПЕРТЫ"": записи сообщества",yandex-organic-2026-08-20-part-004.jsonl,live_yandex_organic
Q000016,ландшафтная компания эксперт,S1,commercial_research,Yaroslavl,desktop,2026-08-20T22:15:45+03:00,5,https://plant-expert.ru/,https://plant-expert.ru/,Озеленение пространств и территорий — Ландшафт...,yandex-organic-2026-08-20-part-004.jsonl,live_yandex_organic
Q000016,ландшафтная компания эксперт,S1,commercial_research,Yaroslavl,desktop,2026-08-20T22:15:45+03:00,6,https://www.avito.ru/brands/i158409057,https://avito.ru/brands/i158409057/,ЭКСПЕРТЫ Ландшафтная компания - официальная...,yandex-organic-2026-08-20-part-004.jsonl,live_yandex_organic
Q000016,ландшафтная компания эксперт,S1,commercial_research,Yaroslavl,desktop,2026-08-20T22:15:45+03:00,7,https://progarden.group/,https://progarden.group/,Ландшафтный дизайн в Ярославле | ProGardenGroup,yandex-organic-2026-08-20-part-004.jsonl,live_yandex_organic
Q000016,ландшафтная компания эксперт,S1,commercial_research,Yaroslavl,desktop,2026-08-20T22:15:45+03:00,8,https://2gis.ru/yaroslavl/search/%D0%9B%D0%B0%D0%BD%D0%B4%D1%88%D0%B0%D1%84%D1%82%D0%BD%D1%8B%D0%B9%20%D0%B4%D0%B8%D0%B7%D0%B0%D0%B9%D0%BD/rubricId/274,https://2gis.ru/yaroslavl/search/%D0%9B%D0%B0%D0%BD%D0%B4%D1%88%D0%B0%D1%84%D1%82%D0%BD%D1%8B%D0%B9%20%D0%B4%D0%B8%D0%B7%D0%B0%D0%B9%D0%BD/rubricId/274/,Ландшафтный дизайн в Ярославле на карте: телефоны...,yandex-organic-2026-08-20-part-004.jsonl,live_yandex_organic
Q000016,ландшафтная компания эксперт,S1,commercial_research,Yaroslavl,desktop,2026-08-20T22:15:45+03:00,9,https://shapark.ru/,https://shapark.ru/,Главная - Ландшафтный дизайн и инженерные решения...,yandex-organic-2026-08-20-part-004.jsonl,live_yandex_organic
Q000016,ландшафтная компания эксперт,S1,commercial_research,Yaroslavl,desktop,2026-08-20T22:15:45+03:00,10,https://vkvideo.ru/@exp_76,https://vkvideo.ru/@exp_76/,"Ландшафтная Компания ""ЭКСПЕРТЫ"" — смотреть...",yandex-organic-2026-08-20-part-004.jsonl,live_yandex_organic
Q000017,ландшафтная компания эксперты,S1,commercial_research,Yaroslavl,desktop,2026-08-20T22:15:49+03:00,1,https://exp76.ru/,https://exp76.ru/,Благоустройство участков под ключ в Рыбинске...,yandex-organic-2026-08-20-part-004.jsonl,live_yandex_organic
Q000017,ландшафтная компания эксперты,S1,commercial_research,Yaroslavl,desktop,2026-08-20T22:15:49+03:00,2,https://vk.ru/exp_76,https://vk.ru/exp_76/,"Ландшафтная Компания ""ЭКСПЕРТЫ"" | Уважаемые...",yandex-organic-2026-08-20-part-004.jsonl,live_yandex_organic
Q000017,ландшафтная компания эксперты,S1,commercial_research,Yaroslavl,desktop,2026-08-20T22:15:49+03:00,3,https://www.avito.ru/brands/i158409057,https://avito.ru/brands/i158409057/,ЭКСПЕРТЫ Ландшафтная компания - официальная...,yandex-organic-2026-08-20-part-004.jsonl,live_yandex_organic
Q000017,ландшафтная компания эксперты,S1,commercial_research,Yaroslavl,desktop,2026-08-20T22:15:49+03:00,4,https://vk.com/wall-122695134?offset=20,https://vk.com/wall-122695134/,"Ландшафтная Компания ""ЭКСПЕРТЫ"": записи сообщества",yandex-organic-2026-08-20-part-004.jsonl,live_yandex_organic
Q000017,ландшафтная компания эксперты,S1,commercial_research,Yaroslavl,desktop,2026-08-20T22:15:49+03:00,5,https://yandex.ru/maps/org/kompaniya_eksperty/214787695407/,https://yandex.ru/maps/org/kompaniya_eksperty/214787695407/,"Компания Эксперты, строительная компания, ул....",yandex-organic-2026-08-20-part-004.jsonl,live_yandex_organic
Q000017,ландшафтная компания эксперты,S1,commercial_research,Yaroslavl,desktop,2026-08-20T22:15:49+03:00,6,https://vkvideo.ru/@exp_76,https://vkvideo.ru/@exp_76/,"Ландшафтная Компания ""ЭКСПЕРТЫ"" — смотреть...",yandex-organic-2026-08-20-part-004.jsonl,live_yandex_organic
Q000017,ландшафтная компания эксперты,S1,commercial_research,Yaroslavl,desktop,2026-08-20T22:15:49+03:00,7,https://gardenexpertekb.ru/,https://gardenexpertekb.ru/,Компания полного цикла ландшафтных работ,yandex-organic-2026-08-20-part-004.jsonl,live_yandex_organic
Q000017,ландшафтная компания эксперты,S1,commercial_research,Yaroslavl,desktop,2026-08-20T22:15:49+03:00,8,https://uslugi.yandex.ru/16-yaroslavl/category?text=%D0%BA%D0%BE%D0%BC%D0%BF%D0%B0%D0%BD%D0%B8%D0%B8+%D0%BF%D0%BE+%D0%B1%D0%BB%D0%B0%D0%B3%D0%BE%D1%83%D1%81%D1%82%D1%80%D0%BE%D0%B9%D1%81%D1%82%D0%B2%D1%83+%D1%82%D0%B5%D1%80%D1%80%D0%B8%D1%82%D0%BE%D1%80%D0%B8%D0%B9,https://uslugi.yandex.ru/16-yaroslavl/category/,Компании по благоустройству территорий в Ярославле...,yandex-organic-2026-08-20-part-004.jsonl,live_yandex_organic
Q000017,ландшафтная компания эксперты,S1,commercial_research,Yaroslavl,desktop,2026-08-20T22:15:49+03:00,9,https://2gis.ru/yaroslavl/search/%D0%9B%D0%B0%D0%BD%D0%B4%D1%88%D0%B0%D1%84%D1%82%D0%BD%D1%8B%D0%B9%20%D0%B4%D0%B8%D0%B7%D0%B0%D0%B9%D0%BD/rubricId/274,https://2gis.ru/yaroslavl/search/%D0%9B%D0%B0%D0%BD%D0%B4%D1%88%D0%B0%D1%84%D1%82%D0%BD%D1%8B%D0%B9%20%D0%B4%D0%B8%D0%B7%D0%B0%D0%B9%D0%BD/rubricId/274/,Ландшафтный дизайн в Ярославле на карте: телефоны...,yandex-organic-2026-08-20-part-004.jsonl,live_yandex_organic
Q000017,ландшафтная компания эксперты,S1,commercial_research,Yaroslavl,desktop,2026-08-20T22:15:49+03:00,10,https://rybinsk.vyboruslug.com/transport/exp_76.html,https://rybinsk.vyboruslug.com/transport/exp_76.html/,"Ландшафтная Компания ""ЭКСПЕРТЫ"". Описание услуг...",yandex-organic-2026-08-20-part-004.jsonl,live_yandex_organic
Q000018,ландшафтная компания эксперты рыбинск,S1,brand_navigation,Yaroslavl,desktop,2026-08-20T22:15:53+03:00,1,https://exp76.ru/,https://exp76.ru/,Благоустройство участков под ключ в Рыбинске...,yandex-organic-2026-08-20-part-004.jsonl,live_yandex_organic
Q000018,ландшафтная компания эксперты рыбинск,S1,brand_navigation,Yaroslavl,desktop,2026-08-20T22:15:53+03:00,2,https://vk.ru/exp_76,https://vk.ru/exp_76/,"Ландшафтная Компания ""ЭКСПЕРТЫ"" | Уважаемые...",yandex-organic-2026-08-20-part-004.jsonl,live_yandex_organic
Q000018,ландшафтная компания эксперты рыбинск,S1,brand_navigation,Yaroslavl,desktop,2026-08-20T22:15:53+03:00,3,https://www.avito.ru/brands/i158409057,https://avito.ru/brands/i158409057/,ЭКСПЕРТЫ Ландшафтная компания - официальная...,yandex-organic-2026-08-20-part-004.jsonl,live_yandex_organic
Q000018,ландшафтная компания эксперты рыбинск,S1,brand_navigation,Yaroslavl,desktop,2026-08-20T22:15:53+03:00,4,https://vk.com/wall-122695134?offset=20,https://vk.com/wall-122695134/,"Ландшафтная Компания ""ЭКСПЕРТЫ"": записи сообщества",yandex-organic-2026-08-20-part-004.jsonl,live_yandex_organic
Q000018,ландшафтная компания эксперты рыбинск,S1,brand_navigation,Yaroslavl,desktop,2026-08-20T22:15:53+03:00,5,https://yandex.ru/maps/org/kompaniya_eksperty/214787695407/,https://yandex.ru/maps/org/kompaniya_eksperty/214787695407/,"Компания Эксперты, строительная компания, ул....",yandex-organic-2026-08-20-part-004.jsonl,live_yandex_organic
Q000018,ландшафтная компания эксперты рыбинск,S1,brand_navigation,Yaroslavl,desktop,2026-08-20T22:15:53+03:00,6,https://www.orgpage.ru/ryibinsk/kompaniya-eksperty-5354822.html,https://orgpage.ru/ryibinsk/kompaniya-eksperty-5354822.html/,"ЭКСПЕРТЫ, ОП Рыбинск - телефон, адрес, контакты.",yandex-organic-2026-08-20-part-004.jsonl,live_yandex_organic
Q000018,ландшафтная компания эксперты рыбинск,S1,brand_navigation,Yaroslavl,desktop,2026-08-20T22:15:53+03:00,7,https://vkvideo.ru/@exp_76,https://vkvideo.ru/@exp_76/,"Ландшафтная Компания ""ЭКСПЕРТЫ"" — смотреть...",yandex-organic-2026-08-20-part-004.jsonl,live_yandex_organic
Q000018,ландшафтная компания эксперты рыбинск,S1,brand_navigation,Yaroslavl,desktop,2026-08-20T22:15:53+03:00,8,https://rybinsk.spravker.ru/blagoustroistvo-territorii/,https://rybinsk.spravker.ru/blagoustroistvo-territorii/,Благоустройство территорий в Рыбинске - адреса...,yandex-organic-2026-08-20-part-004.jsonl,live_yandex_organic
Q000018,ландшафтная компания эксперты рыбинск,S1,brand_navigation,Yaroslavl,desktop,2026-08-20T22:15:53+03:00,9,https://uslugi.yandex.ru/10839-rybinsk/category?text=%D0%BB%D0%B0%D0%BD%D0%B4%D1%88%D0%B0%D1%84%D1%82%D0%BD%D1%8B%D0%B5+%D1%84%D0%B8%D1%80%D0%BC%D1%8B,https://uslugi.yandex.ru/10839-rybinsk/category/,Ландшафтные фирмы в Рыбинске: 68 ландшафтных...,yandex-organic-2026-08-20-part-004.jsonl,live_yandex_organic
Q000018,ландшафтная компания эксперты рыбинск,S1,brand_navigation,Yaroslavl,desktop,2026-08-20T22:15:53+03:00,10,https://rybinsk.mslandshaft.ru/,https://rybinsk.mslandshaft.ru/,Ландшафтный дизайн участка в Рыбинске | Ландшафт...,yandex-organic-2026-08-20-part-004.jsonl,live_yandex_organic
Q000019,ландшафтное проектирование участка,S1,commercial_research,Yaroslavl,desktop,2026-08-20T22:16:22+03:00,1,https://www.avito.ru/yaroslavskaya_oblast/predlozheniya_uslug?q=%D0%BB%D0%B0%D0%BD%D0%B4%D1%88%D0%B0%D1%84%D1%82%D0%BD%D0%BE%D0%B5+%D0%BF%D1%80%D0%BE%D0%B5%D0%BA%D1%82%D0%B8%D1%80%D0%BE%D0%B2%D0%B0%D0%BD%D0%B8%D0%B5+%D1%83%D1%87%D0%B0%D1%81%D1%82%D0%BA%D0%B0,https://avito.ru/yaroslavskaya_oblast/predlozheniya_uslug/,ландшафтное проектирование участка в Ярославской...,yandex-organic-2026-08-20-part-004.jsonl,live_yandex_organic
Q000019,ландшафтное проектирование участка,S1,commercial_research,Yaroslavl,desktop,2026-08-20T22:16:22+03:00,2,https://uslugi.yandex.ru/16-yaroslavl/category?text=%D0%BF%D1%80%D0%BE%D0%B5%D0%BA%D1%82%D0%B8%D1%80%D0%BE%D0%B2%D0%B0%D0%BD%D0%B8%D0%B5+%D1%83%D1%87%D0%B0%D1%81%D1%82%D0%BA%D0%B0,https://uslugi.yandex.ru/16-yaroslavl/category/,Проектирование участка в Ярославле: 136...,yandex-organic-2026-08-20-part-004.jsonl,live_yandex_organic
Q000019,ландшафтное проектирование участка,S1,commercial_research,Yaroslavl,desktop,2026-08-20T22:16:22+03:00,3,https://yandex.ru/maps/16/yaroslavl/search/%D0%9B%D0%B0%D0%BD%D0%B4%D1%88%D0%B0%D1%84%D1%82%D0%BD%D0%BE%D0%B5%20%D0%BF%D1%80%D0%BE%D0%B5%D0%BA%D1%82%D0%B8%D1%80%D0%BE%D0%B2%D0%B0%D0%BD%D0%B8%D0%B5/,https://yandex.ru/maps/16/yaroslavl/search/%D0%9B%D0%B0%D0%BD%D0%B4%D1%88%D0%B0%D1%84%D1%82%D0%BD%D0%BE%D0%B5%20%D0%BF%D1%80%D0%BE%D0%B5%D0%BA%D1%82%D0%B8%D1%80%D0%BE%D0%B2%D0%B0%D0%BD%D0%B8%D0%B5/,Ландшафтное проектирование в Ярославле на карте...,yandex-organic-2026-08-20-part-004.jsonl,live_yandex_organic
Q000019,ландшафтное проектирование участка,S1,commercial_research,Yaroslavl,desktop,2026-08-20T22:16:22+03:00,4,https://skillbox.ru/media/design/landshaftnoe-proektirovanie-prostye-pravila-dlya-nachinayuschih/,https://skillbox.ru/media/design/landshaftnoe-proektirovanie-prostye-pravila-dlya-nachinayuschih/,Ландшафтное проектирование: правила красивого...,yandex-organic-2026-08-20-part-004.jsonl,live_yandex_organic
Q000019,ландшафтное проектирование участка,S1,commercial_research,Yaroslavl,desktop,2026-08-20T22:16:22+03:00,5,https://yaroslavl.mslandshaft.ru/,https://yaroslavl.mslandshaft.ru/,Ландшафтный дизайн участка под ключ в Ярославле,yandex-organic-2026-08-20-part-004.jsonl,live_yandex_organic
Q000019,ландшафтное проектирование участка,S1,commercial_research,Yaroslavl,desktop,2026-08-20T22:16:22+03:00,6,https://profi.ru/geo-yar/remont/landshaftniy-dizain/landshaftnoe-proektirovanie/,https://profi.ru/geo-yar/remont/landshaftniy-dizain/landshaftnoe-proektirovanie/,Ландшафтное проектирование в Ярославле.,yandex-organic-2026-08-20-part-004.jsonl,live_yandex_organic
Q000019,ландшафтное проектирование участка,S1,commercial_research,Yaroslavl,desktop,2026-08-20T22:16:22+03:00,7,https://blog.domclick.ru/dom-i-uyut/post/landshaftnoe-proektirovanie-uchastka-poshagovaya-instrukciya,https://blog.domclick.ru/dom-i-uyut/post/landshaftnoe-proektirovanie-uchastka-poshagovaya-instrukciya/,Ландшафтное проектирование участка: этапы и советы...,yandex-organic-2026-08-20-part-004.jsonl,live_yandex_organic
Q000019,ландшафтное проектирование участка,S1,commercial_research,Yaroslavl,desktop,2026-08-20T22:16:22+03:00,8,https://progarden.group/proektirovanie,https://progarden.group/proektirovanie/,Планировка и ландшафтное проектирование от...,yandex-organic-2026-08-20-part-004.jsonl,live_yandex_organic
Q000019,ландшафтное проектирование участка,S1,commercial_research,Yaroslavl,desktop,2026-08-20T22:16:22+03:00,9,https://www.klerk.ru/blogs/gdekurs/694312/,https://klerk.ru/blogs/gdekurs/694312/,ТОП-7 ИИ для ландшафтного дизайна участка по фото...,yandex-organic-2026-08-20-part-004.jsonl,live_yandex_organic
Q000019,ландшафтное проектирование участка,S1,commercial_research,Yaroslavl,desktop,2026-08-20T22:16:22+03:00,10,https://7dach.ru/landscape3d/produmyvaem-landshaftnyy-dizayn-uchastka-ot-i-do-obschie-principy-i-sovety-eksperta-309281.html,https://7dach.ru/landscape3d/produmyvaem-landshaftnyy-dizayn-uchastka-ot-i-do-obschie-principy-i-sovety-eksperta-309281.html/,Дизайн дачного участка без дизайнера.,yandex-organic-2026-08-20-part-004.jsonl,live_yandex_organic
Q000020,ландшафтные работы рыбинск,S1,commercial_research,Yaroslavl,desktop,2026-08-20T22:16:26+03:00,1,https://uslugi.yandex.ru/10839-rybinsk/category/dizajneryi/landshaftnyij-dizajner--273,https://uslugi.yandex.ru/10839-rybinsk/category/dizajneryi/landshaftnyij-dizajner--273/,Услуги ландшафтных дизайнеров в Рыбинске: 75...,yandex-organic-2026-08-20-part-004.jsonl,live_yandex_organic
Q000020,ландшафтные работы рыбинск,S1,commercial_research,Yaroslavl,desktop,2026-08-20T22:16:26+03:00,2,https://www.avito.ru/rybinsk/predlozheniya_uslug/sad_blagoustroystvo-ASgBAgICAUSYC8KfAQ?q=%D0%BB%D0%B0%D0%BD%D0%B4%D1%88%D0%B0%D1%84%D1%82%D0%BD%D1%8B%D0%B5+%D1%80%D0%B0%D0%B1%D0%BE%D1%82%D1%8B,https://avito.ru/rybinsk/predlozheniya_uslug/sad_blagoustroystvo-ASgBAgICAUSYC8KfAQ/,ландшафтные работы в Рыбинске - цены и отзывы,yandex-organic-2026-08-20-part-004.jsonl,live_yandex_organic
Q000020,ландшафтные работы рыбинск,S1,commercial_research,Yaroslavl,desktop,2026-08-20T22:16:26+03:00,3,https://exp76.ru/,https://exp76.ru/,Благоустройство участков под ключ в Рыбинске...,yandex-organic-2026-08-20-part-004.jsonl,live_yandex_organic
Q000020,ландшафтные работы рыбинск,S1,commercial_research,Yaroslavl,desktop,2026-08-20T22:16:26+03:00,4,https://rybinsk.mslandshaft.ru/,https://rybinsk.mslandshaft.ru/,Ландшафтный дизайн участка в Рыбинске | Ландшафт...,yandex-organic-2026-08-20-part-004.jsonl,live_yandex_organic
Q000020,ландшафтные работы рыбинск,S1,commercial_research,Yaroslavl,desktop,2026-08-20T22:16:26+03:00,5,https://yandex.ru/maps/10839/rybinsk/category/landscape_design/184108265/,https://yandex.ru/maps/10839/rybinsk/category/landscape_design/184108265/,"Ландшафтный дизайн в Рыбинске, ландшафтный...",yandex-organic-2026-08-20-part-004.jsonl,live_yandex_organic
Q000020,ландшафтные работы рыбинск,S1,commercial_research,Yaroslavl,desktop,2026-08-20T22:16:26+03:00,6,http://monolit76.ru/,https://monolit76.ru/,Монолит | Монолит,yandex-organic-2026-08-20-part-004.jsonl,live_yandex_organic
Q000020,ландшафтные работы рыбинск,S1,commercial_research,Yaroslavl,desktop,2026-08-20T22:16:26+03:00,7,https://rybinsk.dizajn-landshaftnyj.ru/,https://rybinsk.dizajn-landshaftnyj.ru/,Ландшафтный дизайн участка в Рыбинске...,yandex-organic-2026-08-20-part-004.jsonl,live_yandex_organic
Q000020,ландшафтные работы рыбинск,S1,commercial_research,Yaroslavl,desktop,2026-08-20T22:16:26+03:00,8,https://vk.ru/monolit_rybinsk,https://vk.ru/monolit_rybinsk/,"Ландшафтный центр ""Монолит"" | Рыбинск | Открыты...",yandex-organic-2026-08-20-part-004.jsonl,live_yandex_organic
Q000020,ландшафтные работы рыбинск,S1,commercial_research,Yaroslavl,desktop,2026-08-20T22:16:26+03:00,9,https://rybinsk.blago-s.ru/,https://rybinsk.blago-s.ru/,Благоустройство участка и территории частного дома под...,yandex-organic-2026-08-20-part-004.jsonl,live_yandex_organic
Q000020,ландшафтные работы рыбинск,S1,commercial_research,Yaroslavl,desktop,2026-08-20T22:16:26+03:00,10,https://zoon.ru/yaroslavl/gorod-rybinsk/building/type-landshaftnyj_dizajn/,https://zoon.ru/yaroslavl/gorod-rybinsk/building/type-landshaftnyj_dizajn/,Ландшафтный дизайн в Рыбинске – Заказать...,yandex-organic-2026-08-20-part-004.jsonl,live_yandex_organic
Q000021,ландшафтные работы это рыбинск,S1,commercial_research,Yaroslavl,desktop,2026-08-20T22:47:12+03:00,1,https://www.avito.ru/rybinsk/predlozheniya_uslug/sad_blagoustroystvo-ASgBAgICAUSYC8KfAQ?q=%D0%BB%D0%B0%D0%BD%D0%B4%D1%88%D0%B0%D1%84%D1%82%D0%BD%D1%8B%D0%B5+%D1%80%D0%B0%D0%B1%D0%BE%D1%82%D1%8B,https://avito.ru/rybinsk/predlozheniya_uslug/sad_blagoustroystvo-ASgBAgICAUSYC8KfAQ/,ландшафтные работы в Рыбинске - цены и отзывы,yandex-organic-2026-08-20-part-005.jsonl,live_yandex_organic
Q000021,ландшафтные работы это рыбинск,S1,commercial_research,Yaroslavl,desktop,2026-08-20T22:47:12+03:00,2,https://uslugi.yandex.ru/10839-rybinsk/category/dizajneryi/landshaftnyij-dizajner--273,https://uslugi.yandex.ru/10839-rybinsk/category/dizajneryi/landshaftnyij-dizajner--273/,Услуги ландшафтных дизайнеров в Рыбинске: 75...,yandex-organic-2026-08-20-part-005.jsonl,live_yandex_organic
Q000021,ландшафтные работы это рыбинск,S1,commercial_research,Yaroslavl,desktop,2026-08-20T22:47:12+03:00,3,https://exp76.ru/,https://exp76.ru/,Благоустройство участков под ключ в Рыбинске...,yandex-organic-2026-08-20-part-005.jsonl,live_yandex_organic
Q000021,ландшафтные работы это рыбинск,S1,commercial_research,Yaroslavl,desktop,2026-08-20T22:47:12+03:00,4,https://rybinsk.mslandshaft.ru/,https://rybinsk.mslandshaft.ru/,Ландшафтный дизайн участка в Рыбинске | Ландшафт...,yandex-organic-2026-08-20-part-005.jsonl,live_yandex_organic
Q000021,ландшафтные работы это рыбинск,S1,commercial_research,Yaroslavl,desktop,2026-08-20T22:47:12+03:00,5,https://yandex.ru/maps/10839/rybinsk/category/landscape_design/184108265/,https://yandex.ru/maps/10839/rybinsk/category/landscape_design/184108265/,"Ландшафтный дизайн в Рыбинске, ландшафтный...",yandex-organic-2026-08-20-part-005.jsonl,live_yandex_organic
Q000021,ландшафтные работы это рыбинск,S1,commercial_research,Yaroslavl,desktop,2026-08-20T22:47:12+03:00,6,https://rybinsk.dizajn-landshaftnyj.ru/,https://rybinsk.dizajn-landshaftnyj.ru/,Ландшафтный дизайн участка в Рыбинске...,yandex-organic-2026-08-20-part-005.jsonl,live_yandex_organic
Q000021,ландшафтные работы это рыбинск,S1,commercial_research,Yaroslavl,desktop,2026-08-20T22:47:12+03:00,7,https://yandex.ru/video/preview/2308616465262433229?text=%D0%BB%D0%B0%D0%BD%D0%B4%D1%88%D0%B0%D1%84%D1%82%D0%BD%D1%8B%D0%B5%20%D1%80%D0%B0%D0%B1%D0%BE%D1%82%D1%8B%20%D1%8D%D1%82%D0%BE%20%D1%80%D1%8B%D0%B1%D0%B8%D0%BD%D1%81%D0%BA&path=yandex_search&parent-reqid=1787255227151632-16971270893960135902-balancer-l7leveler-kubr-yp-vla-123-BAL&from_type=vast,https://yandex.ru/video/preview/2308616465262433229/,Обзор из ландшафтного центра Монолит / Рыбинск — Видео от Оксана Дорожкина,yandex-organic-2026-08-20-part-005.jsonl,live_yandex_organic
Q000021,ландшафтные работы это рыбинск,S1,commercial_research,Yaroslavl,desktop,2026-08-20T22:47:12+03:00,8,https://yandex.ru/video/preview/6515656660282238037?text=%D0%BB%D0%B0%D0%BD%D0%B4%D1%88%D0%B0%D1%84%D1%82%D0%BD%D1%8B%D0%B5%20%D1%80%D0%B0%D0%B1%D0%BE%D1%82%D1%8B%20%D1%8D%D1%82%D0%BE%20%D1%80%D1%8B%D0%B1%D0%B8%D0%BD%D1%81%D0%BA&path=yandex_search&parent-reqid=1787255227151632-16971270893960135902-balancer-l7leveler-kubr-yp-vla-123-BAL&from_type=vast,https://yandex.ru/video/preview/6515656660282238037/,"Видео от Ландшафтный центр ""Монолит"" | Рыбинск — Видео от Ландшафтный центр ""Монолит"" | Рыбинск",yandex-organic-2026-08-20-part-005.jsonl,live_yandex_organic
Q000021,ландшафтные работы это рыбинск,S1,commercial_research,Yaroslavl,desktop,2026-08-20T22:47:12+03:00,9,https://yandex.ru/video/preview/208259757919660117?text=%D0%BB%D0%B0%D0%BD%D0%B4%D1%88%D0%B0%D1%84%D1%82%D0%BD%D1%8B%D0%B5%20%D1%80%D0%B0%D0%B1%D0%BE%D1%82%D1%8B%20%D1%8D%D1%82%D0%BE%20%D1%80%D1%8B%D0%B1%D0%B8%D0%BD%D1%81%D0%BA&path=yandex_search&parent-reqid=1787255227151632-16971270893960135902-balancer-l7leveler-kubr-yp-vla-123-BAL&from_type=vast,https://yandex.ru/video/preview/208259757919660117/,(Рыбинск-40) Благоустройство Ландшафтного Парка НА Стрелке,yandex-organic-2026-08-20-part-005.jsonl,live_yandex_organic
Q000021,ландшафтные работы это рыбинск,S1,commercial_research,Yaroslavl,desktop,2026-08-20T22:47:12+03:00,10,http://monolit76.ru/landshaftnoe-proektirovanie/,https://monolit76.ru/landshaftnoe-proektirovanie/,Ландшафтное проектирование | Монолит,yandex-organic-2026-08-20-part-005.jsonl,live_yandex_organic
Q000022,ландшафтный дизайн планировка участка,S1,commercial_research,Yaroslavl,desktop,2026-08-20T22:47:16+03:00,1,https://skillbox.ru/media/design/planirovka-dachnogo-uchastka-idei-shemy-i-pravila-zonirovaniya/,https://skillbox.ru/media/design/planirovka-dachnogo-uchastka-idei-shemy-i-pravila-zonirovaniya/,Планировка дачного участка: зонирование и схемы...,yandex-organic-2026-08-20-part-005.jsonl,live_yandex_organic
Q000022,ландшафтный дизайн планировка участка,S1,commercial_research,Yaroslavl,desktop,2026-08-20T22:47:16+03:00,2,https://garden-planner.ru/,https://garden-planner.ru/,Онлайн-сервис для планировки и дизайна садового...,yandex-organic-2026-08-20-part-005.jsonl,live_yandex_organic
Q000022,ландшафтный дизайн планировка участка,S1,commercial_research,Yaroslavl,desktop,2026-08-20T22:47:16+03:00,3,https://dzen.ru/a/afiwZVU4_3gzLd0n,https://dzen.ru/a/afiwZVU4_3gzLd0n/,Участок 8 соток: 5 готовых схем планировки | RoomGPT...,yandex-organic-2026-08-20-part-005.jsonl,live_yandex_organic
Q000022,ландшафтный дизайн планировка участка,S1,commercial_research,Yaroslavl,desktop,2026-08-20T22:47:16+03:00,4,https://yandex.ru/video/preview/7225218608015097025?text=%D0%BB%D0%B0%D0%BD%D0%B4%D1%88%D0%B0%D1%84%D1%82%D0%BD%D1%8B%D0%B9%20%D0%B4%D0%B8%D0%B7%D0%B0%D0%B9%D0%BD%20%D0%BF%D0%BB%D0%B0%D0%BD%D0%B8%D1%80%D0%BE%D0%B2%D0%BA%D0%B0%20%D1%83%D1%87%D0%B0%D1%81%D1%82%D0%BA%D0%B0&path=yandex_search&parent-reqid=1787255231036052-1498576494562582467-balancer-l7leveler-kubr-yp-vla-123-BAL&from_type=carousel,https://yandex.ru/video/preview/7225218608015097025/,Ландшафтный дизайн участка 10 соток планировка участка 10 соток,yandex-organic-2026-08-20-part-005.jsonl,live_yandex_organic
Q000022,ландшафтный дизайн планировка участка,S1,commercial_research,Yaroslavl,desktop,2026-08-20T22:47:16+03:00,5,https://yandex.ru/video/preview/4921275159892128653?text=%D0%BB%D0%B0%D0%BD%D0%B4%D1%88%D0%B0%D1%84%D1%82%D0%BD%D1%8B%D0%B9%20%D0%B4%D0%B8%D0%B7%D0%B0%D0%B9%D0%BD%20%D0%BF%D0%BB%D0%B0%D0%BD%D0%B8%D1%80%D0%BE%D0%B2%D0%BA%D0%B0%20%D1%83%D1%87%D0%B0%D1%81%D1%82%D0%BA%D0%B0&path=yandex_search&parent-reqid=1787255231036052-1498576494562582467-balancer-l7leveler-kubr-yp-vla-123-BAL&from_type=carousel,https://yandex.ru/video/preview/4921275159892128653/,Ландшафтный дизайн маленького участка. Бетонные дорожки и правильная планировка — Видео от Лена Ли,yandex-organic-2026-08-20-part-005.jsonl,live_yandex_organic
Q000022,ландшафтный дизайн планировка участка,S1,commercial_research,Yaroslavl,desktop,2026-08-20T22:47:16+03:00,6,https://yandex.ru/video/preview/14458449938709371915?text=%D0%BB%D0%B0%D0%BD%D0%B4%D1%88%D0%B0%D1%84%D1%82%D0%BD%D1%8B%D0%B9%20%D0%B4%D0%B8%D0%B7%D0%B0%D0%B9%D0%BD%20%D0%BF%D0%BB%D0%B0%D0%BD%D0%B8%D1%80%D0%BE%D0%B2%D0%BA%D0%B0%20%D1%83%D1%87%D0%B0%D1%81%D1%82%D0%BA%D0%B0&path=yandex_search&parent-reqid=1787255231036052-1498576494562582467-balancer-l7leveler-kubr-yp-vla-123-BAL&from_type=carousel,https://yandex.ru/video/preview/14458449938709371915/,Ландшафтный дизайн участка 13 соток от ПроГарден. Планировка участка 13 соток,yandex-organic-2026-08-20-part-005.jsonl,live_yandex_organic
Q000022,ландшафтный дизайн планировка участка,S1,commercial_research,Yaroslavl,desktop,2026-08-20T22:47:16+03:00,7,https://yandex.ru/video/preview/9423814729783052574?text=%D0%BB%D0%B0%D0%BD%D0%B4%D1%88%D0%B0%D1%84%D1%82%D0%BD%D1%8B%D0%B9%20%D0%B4%D0%B8%D0%B7%D0%B0%D0%B9%D0%BD%20%D0%BF%D0%BB%D0%B0%D0%BD%D0%B8%D1%80%D0%BE%D0%B2%D0%BA%D0%B0%20%D1%83%D1%87%D0%B0%D1%81%D1%82%D0%BA%D0%B0&path=yandex_search&parent-reqid=1787255231036052-1498576494562582467-balancer-l7leveler-kubr-yp-vla-123-BAL&from_type=carousel,https://yandex.ru/video/preview/9423814729783052574/,Идеальная Планировка Участка. Как Самостоятельно распланировать участок: 7 Советов — Видео от Мой Дом и Сад 3D,yandex-organic-2026-08-20-part-005.jsonl,live_yandex_organic
Q000022,ландшафтный дизайн планировка участка,S1,commercial_research,Yaroslavl,desktop,2026-08-20T22:47:16+03:00,8,https://yandex.ru/video/preview/6482638444151428053?text=%D0%BB%D0%B0%D0%BD%D0%B4%D1%88%D0%B0%D1%84%D1%82%D0%BD%D1%8B%D0%B9%20%D0%B4%D0%B8%D0%B7%D0%B0%D0%B9%D0%BD%20%D0%BF%D0%BB%D0%B0%D0%BD%D0%B8%D1%80%D0%BE%D0%B2%D0%BA%D0%B0%20%D1%83%D1%87%D0%B0%D1%81%D1%82%D0%BA%D0%B0&path=yandex_search&parent-reqid=1787255231036052-1498576494562582467-balancer-l7leveler-kubr-yp-vla-123-BAL&from_type=carousel,https://yandex.ru/video/preview/6482638444151428053/,"Ландшафтный дизайн участка 10 соток, проект участка 10 соток с домом, планировка участка 10 соток",yandex-organic-2026-08-20-part-005.jsonl,live_yandex_organic
Q000022,ландшафтный дизайн планировка участка,S1,commercial_research,Yaroslavl,desktop,2026-08-20T22:47:16+03:00,9,https://yandex.ru/video/preview/16053129547770280848?text=%D0%BB%D0%B0%D0%BD%D0%B4%D1%88%D0%B0%D1%84%D1%82%D0%BD%D1%8B%D0%B9%20%D0%B4%D0%B8%D0%B7%D0%B0%D0%B9%D0%BD%20%D0%BF%D0%BB%D0%B0%D0%BD%D0%B8%D1%80%D0%BE%D0%B2%D0%BA%D0%B0%20%D1%83%D1%87%D0%B0%D1%81%D1%82%D0%BA%D0%B0&path=yandex_search&parent-reqid=1787255231036052-1498576494562582467-balancer-l7leveler-kubr-yp-vla-123-BAL&from_type=carousel,https://yandex.ru/video/preview/16053129547770280848/,Ландшафтный дизайн участка планировка участка 12 соток,yandex-organic-2026-08-20-part-005.jsonl,live_yandex_organic
Q000022,ландшафтный дизайн планировка участка,S1,commercial_research,Yaroslavl,desktop,2026-08-20T22:47:16+03:00,10,https://yandex.ru/video/preview/5134314245155191951?text=%D0%BB%D0%B0%D0%BD%D0%B4%D1%88%D0%B0%D1%84%D1%82%D0%BD%D1%8B%D0%B9%20%D0%B4%D0%B8%D0%B7%D0%B0%D0%B9%D0%BD%20%D0%BF%D0%BB%D0%B0%D0%BD%D0%B8%D1%80%D0%BE%D0%B2%D0%BA%D0%B0%20%D1%83%D1%87%D0%B0%D1%81%D1%82%D0%BA%D0%B0&path=yandex_search&parent-reqid=1787255231036052-1498576494562582467-balancer-l7leveler-kubr-yp-vla-123-BAL&from_type=carousel,https://yandex.ru/video/preview/5134314245155191951/,Выравнивание и планировка участка + ландшафтный дизайн,yandex-organic-2026-08-20-part-005.jsonl,live_yandex_organic
Q000023,ландшафтный дизайн рыбинск,S1,commercial_research,Yaroslavl,desktop,2026-08-20T22:46:47+03:00,1,https://www.avito.ru/rybinsk/predlozheniya_uslug?q=%D0%BB%D0%B0%D0%BD%D0%B4%D1%88%D0%B0%D1%84%D1%82%D0%BD%D1%8B%D0%B9+%D0%B4%D0%B8%D0%B7%D0%B0%D0%B9%D0%BD,https://avito.ru/rybinsk/predlozheniya_uslug/,ландшафтный дизайн в Рыбинске - цены и отзывы,yandex-organic-2026-08-20-part-005.jsonl,live_yandex_organic
Q000023,ландшафтный дизайн рыбинск,S1,commercial_research,Yaroslavl,desktop,2026-08-20T22:46:47+03:00,2,https://uslugi.yandex.ru/10839-rybinsk/category/dizajneryi/landshaftnyij-dizajner--273,https://uslugi.yandex.ru/10839-rybinsk/category/dizajneryi/landshaftnyij-dizajner--273/,Услуги ландшафтных дизайнеров в Рыбинске: 75...,yandex-organic-2026-08-20-part-005.jsonl,live_yandex_organic
Q000023,ландшафтный дизайн рыбинск,S1,commercial_research,Yaroslavl,desktop,2026-08-20T22:46:47+03:00,3,https://rybinsk.mslandshaft.ru/,https://rybinsk.mslandshaft.ru/,Ландшафтный дизайн участка в Рыбинске | Ландшафт...,yandex-organic-2026-08-20-part-005.jsonl,live_yandex_organic
Q000023,ландшафтный дизайн рыбинск,S1,commercial_research,Yaroslavl,desktop,2026-08-20T22:46:47+03:00,4,http://monolit76.ru/,https://monolit76.ru/,Монолит | Монолит,yandex-organic-2026-08-20-part-005.jsonl,live_yandex_organic
Q000023,ландшафтный дизайн рыбинск,S1,commercial_research,Yaroslavl,desktop,2026-08-20T22:46:47+03:00,5,https://exp76.ru/,https://exp76.ru/,Благоустройство участков под ключ в Рыбинске...,yandex-organic-2026-08-20-part-005.jsonl,live_yandex_organic
Q000023,ландшафтный дизайн рыбинск,S1,commercial_research,Yaroslavl,desktop,2026-08-20T22:46:47+03:00,6,https://vk.ru/monolit_rybinsk,https://vk.ru/monolit_rybinsk/,"Ландшафтный центр ""Монолит"" | Рыбинск | Открыты...",yandex-organic-2026-08-20-part-005.jsonl,live_yandex_organic
Q000023,ландшафтный дизайн рыбинск,S1,commercial_research,Yaroslavl,desktop,2026-08-20T22:46:47+03:00,7,https://yandex.ru/maps/10839/rybinsk/category/landscape_design/184108265/,https://yandex.ru/maps/10839/rybinsk/category/landscape_design/184108265/,"Ландшафтный дизайн в Рыбинске, ландшафтный...",yandex-organic-2026-08-20-part-005.jsonl,live_yandex_organic
Q000023,ландшафтный дизайн рыбинск,S1,commercial_research,Yaroslavl,desktop,2026-08-20T22:46:47+03:00,8,https://rybinsk.dizajn-landshaftnyj.ru/,https://rybinsk.dizajn-landshaftnyj.ru/,Ландшафтный дизайн участка в Рыбинске...,yandex-organic-2026-08-20-part-005.jsonl,live_yandex_organic
Q000023,ландшафтный дизайн рыбинск,S1,commercial_research,Yaroslavl,desktop,2026-08-20T22:46:47+03:00,9,https://2gis.ru/rybinsk/search/%D0%9B%D0%B0%D0%BD%D0%B4%D1%88%D0%B0%D1%84%D1%82%D0%BD%D1%8B%D0%B9%20%D0%B4%D0%B8%D0%B7%D0%B0%D0%B9%D0%BD/rubricId/274,https://2gis.ru/rybinsk/search/%D0%9B%D0%B0%D0%BD%D0%B4%D1%88%D0%B0%D1%84%D1%82%D0%BD%D1%8B%D0%B9%20%D0%B4%D0%B8%D0%B7%D0%B0%D0%B9%D0%BD/rubricId/274/,Ландшафтный дизайн в Рыбинске на карте: телефоны...,yandex-organic-2026-08-20-part-005.jsonl,live_yandex_organic
Q000023,ландшафтный дизайн рыбинск,S1,commercial_research,Yaroslavl,desktop,2026-08-20T22:46:47+03:00,10,https://rybinsk.stplitka.ru/landshaftnyj-dizajn,https://rybinsk.stplitka.ru/landshaftnyj-dizajn/,Ландшафтный дизайн участка в Рыбинске - стоимость...,yandex-organic-2026-08-20-part-005.jsonl,live_yandex_organic
Q000024,ландшафтный дизайн участка,S1,commercial_research,Yaroslavl,desktop,2026-08-20T22:46:59+03:00,1,https://uslugi.yandex.ru/16-yaroslavl/category/dizajneryi/landshaftnyij-dizajner--273,https://uslugi.yandex.ru/16-yaroslavl/category/dizajneryi/landshaftnyij-dizajner--273/,Услуги ландшафтных дизайнеров в Ярославле: 75...,yandex-organic-2026-08-20-part-005.jsonl,live_yandex_organic
Q000024,ландшафтный дизайн участка,S1,commercial_research,Yaroslavl,desktop,2026-08-20T22:46:59+03:00,2,https://www.avito.ru/yaroslavl/predlozheniya_uslug?q=%D0%BB%D0%B0%D0%BD%D0%B4%D1%88%D0%B0%D1%84%D1%82%D0%BD%D1%8B%D0%B9+%D0%B4%D0%B8%D0%B7%D0%B0%D0%B9%D0%BD,https://avito.ru/yaroslavl/predlozheniya_uslug/,ландшафтный дизайн в Ярославле - цены и отзывы,yandex-organic-2026-08-20-part-005.jsonl,live_yandex_organic
Q000024,ландшафтный дизайн участка,S1,commercial_research,Yaroslavl,desktop,2026-08-20T22:46:59+03:00,3,https://profi.ru/geo-yar/remont/landshaftniy-dizain/,https://profi.ru/geo-yar/remont/landshaftniy-dizain/,Ландшафтное проектирование участков в Ярославле...,yandex-organic-2026-08-20-part-005.jsonl,live_yandex_organic
Q000024,ландшафтный дизайн участка,S1,commercial_research,Yaroslavl,desktop,2026-08-20T22:46:59+03:00,4,https://skillbox.ru/media/design/landshaftnoe-proektirovanie-prostye-pravila-dlya-nachinayuschih/,https://skillbox.ru/media/design/landshaftnoe-proektirovanie-prostye-pravila-dlya-nachinayuschih/,Ландшафтное проектирование: правила красивого...,yandex-organic-2026-08-20-part-005.jsonl,live_yandex_organic
Q000024,ландшафтный дизайн участка,S1,commercial_research,Yaroslavl,desktop,2026-08-20T22:46:59+03:00,5,https://dzen.ru/a/ZHzNIGGeMlzZojAm,https://dzen.ru/a/ZHzNIGGeMlzZojAm/,Хитрости ландшафтного дизайна! 22 простых... | Дзен,yandex-organic-2026-08-20-part-005.jsonl,live_yandex_organic
Q000024,ландшафтный дизайн участка,S1,commercial_research,Yaroslavl,desktop,2026-08-20T22:46:59+03:00,6,https://yaroslavl.mslandshaft.ru/,https://yaroslavl.mslandshaft.ru/,Ландшафтный дизайн участка под ключ в Ярославле,yandex-organic-2026-08-20-part-005.jsonl,live_yandex_organic
Q000024,ландшафтный дизайн участка,S1,commercial_research,Yaroslavl,desktop,2026-08-20T22:46:59+03:00,7,https://hoff.ru/blog/landshaftnyj-dizajn-dachnogo-uchastka/,https://hoff.ru/blog/landshaftnyj-dizajn-dachnogo-uchastka/,Ландшафтный дизайн дачного участка своими руками...,yandex-organic-2026-08-20-part-005.jsonl,live_yandex_organic
Q000024,ландшафтный дизайн участка,S1,commercial_research,Yaroslavl,desktop,2026-08-20T22:46:59+03:00,8,https://www.kp.ru/expert/sad-i-ogorod/landshaftny-dizajn-sadovogo-uchastka/,https://kp.ru/expert/sad-i-ogorod/landshaftny-dizajn-sadovogo-uchastka/,Ландшафтный дизайн садового участка своими руками...,yandex-organic-2026-08-20-part-005.jsonl,live_yandex_organic
Q000024,ландшафтный дизайн участка,S1,commercial_research,Yaroslavl,desktop,2026-08-20T22:46:59+03:00,9,https://lenta.ru/articles/2024/07/29/landshaftnyy-dizayn-uchastka-svoimi-rukami-instruktsiya-dlya-nachinayuschih/,https://lenta.ru/articles/2024/07/29/landshaftnyy-dizayn-uchastka-svoimi-rukami-instruktsiya-dlya-nachinayuschih/,Как сделать ландшафтный дизайн участка своими...,yandex-organic-2026-08-20-part-005.jsonl,live_yandex_organic
Q000024,ландшафтный дизайн участка,S1,commercial_research,Yaroslavl,desktop,2026-08-20T22:46:59+03:00,10,https://dom.ria.com/articles/kak-ozelenit-territoriyu-i-sozdat-landshaftnyj-dizajn-178753.html,https://dom.ria.com/articles/kak-ozelenit-territoriyu-i-sozdat-landshaftnyj-dizajn-178753.html/,dom.ria.com/articles/kak-ozelenit-territoriyu-i-sozdat...,yandex-organic-2026-08-20-part-005.jsonl,live_yandex_organic
Q000025,ландшафтный дизайнер коприно,S1,commercial_research,Yaroslavl,desktop,2026-08-20T22:47:03+03:00,1,https://exp76.ru/,https://exp76.ru/,Благоустройство участков под ключ в Рыбинске...,yandex-organic-2026-08-20-part-005.jsonl,live_yandex_organic
Q000025,ландшафтный дизайнер коприно,S1,commercial_research,Yaroslavl,desktop,2026-08-20T22:47:03+03:00,2,https://russian-park.ru/landshaftnyj-dizajn-v-poselke-koprino/,https://russian-park.ru/landshaftnyj-dizajn-v-poselke-koprino/,Закажите ЛАНДШАФТНЫЙ ДИЗАЙН в поселке Коприно...,yandex-organic-2026-08-20-part-005.jsonl,live_yandex_organic
Q000025,ландшафтный дизайнер коприно,S1,commercial_research,Yaroslavl,desktop,2026-08-20T22:47:03+03:00,3,https://gectaregroup.ru/,https://gectaregroup.ru/,ГЕКТАР ГРУПП | ландшафт и строительство,yandex-organic-2026-08-20-part-005.jsonl,live_yandex_organic
Q000025,ландшафтный дизайнер коприно,S1,commercial_research,Yaroslavl,desktop,2026-08-20T22:47:03+03:00,4,https://dis-l.com/,https://dis-l.com/,REG.Site | Ещё один сайт на WordPress,yandex-organic-2026-08-20-part-005.jsonl,live_yandex_organic
Q000025,ландшафтный дизайнер коприно,S1,commercial_research,Yaroslavl,desktop,2026-08-20T22:47:03+03:00,5,https://www.avito.ru/yaroslavskaya_oblast/predlozheniya_uslug/sad_blagoustroystvo-ASgBAgICAUSYC8KfAQ?q=%D0%BB%D0%B0%D0%BD%D0%B4%D1%88%D0%B0%D1%84%D1%82%D0%BD%D1%8B%D0%B9+%D0%B4%D0%B8%D0%B7%D0%B0%D0%B9%D0%BD%D0%B5%D1%80,https://avito.ru/yaroslavskaya_oblast/predlozheniya_uslug/sad_blagoustroystvo-ASgBAgICAUSYC8KfAQ/,ландшафтный дизайнер в Ярославской области - цены...,yandex-organic-2026-08-20-part-005.jsonl,live_yandex_organic
Q000025,ландшафтный дизайнер коприно,S1,commercial_research,Yaroslavl,desktop,2026-08-20T22:47:03+03:00,6,https://uslugi.yandex.ru/16-yaroslavl/category/dizajneryi/landshaftnyij-dizajner--273,https://uslugi.yandex.ru/16-yaroslavl/category/dizajneryi/landshaftnyij-dizajner--273/,Услуги ландшафтных дизайнеров в Ярославле: 75...,yandex-organic-2026-08-20-part-005.jsonl,live_yandex_organic
Q000025,ландшафтный дизайнер коприно,S1,commercial_research,Yaroslavl,desktop,2026-08-20T22:47:03+03:00,7,https://inhorto.ru/,https://inhorto.ru/,Ландшафтный дизайн | Современные сады,yandex-organic-2026-08-20-part-005.jsonl,live_yandex_organic
Q000025,ландшафтный дизайнер коприно,S1,commercial_research,Yaroslavl,desktop,2026-08-20T22:47:03+03:00,8,https://progarden.group/,https://progarden.group/,Ландшафтный дизайн в Ярославле | ProGardenGroup,yandex-organic-2026-08-20-part-005.jsonl,live_yandex_organic
Q000025,ландшафтный дизайнер коприно,S1,commercial_research,Yaroslavl,desktop,2026-08-20T22:47:03+03:00,9,https://om-garden.ru/,https://om-garden.ru/,OM-GARDEN | Ландшафтный дизайн | Ярославль,yandex-organic-2026-08-20-part-005.jsonl,live_yandex_organic
Q000025,ландшафтный дизайнер коприно,S1,commercial_research,Yaroslavl,desktop,2026-08-20T22:47:03+03:00,10,https://ru.pinterest.com/vasyukhina/%D0%BA%D0%BE%D0%BF%D1%80%D0%B8%D0%BD%D0%BE-%D1%80%D0%B5%D0%B3%D0%B8%D0%BD%D0%B0-%D0%B8-%D0%B0%D0%BB%D0%B5%D0%BA%D1%81%D0%B0%D0%BD%D0%B4%D1%80/,https://ru.pinterest.com/vasyukhina/%D0%BA%D0%BE%D0%BF%D1%80%D0%B8%D0%BD%D0%BE-%D1%80%D0%B5%D0%B3%D0%B8%D0%BD%D0%B0-%D0%B8-%D0%B0%D0%BB%D0%B5%D0%BA%D1%81%D0%B0%D0%BD%D0%B4%D1%80/,Идеи на тему «Коприно регина и александр» (38),yandex-organic-2026-08-20-part-005.jsonl,live_yandex_organic
Q000026,онлайн калькулятор для расчета стоимости работ по благоустройству,S1,transactional,Yaroslavl,desktop,2026-08-20T22:49:37+03:00,1,https://exp76.ru/kalkuljator-uslug/,https://exp76.ru/kalkuljator-uslug/,Калькулятор стоимости благоустройства участка...,yandex-organic-2026-08-20-part-006.jsonl,live_yandex_organic
Q000026,онлайн калькулятор для расчета стоимости работ по благоустройству,S1,transactional,Yaroslavl,desktop,2026-08-20T22:49:37+03:00,2,https://calcal.ru/landscape-budget-calculator,https://calcal.ru/landscape-budget-calculator/,Калькулятор ландшафтного дизайна онлайн — расчёт...,yandex-organic-2026-08-20-part-006.jsonl,live_yandex_organic
Q000026,онлайн калькулятор для расчета стоимости работ по благоустройству,S1,transactional,Yaroslavl,desktop,2026-08-20T22:49:37+03:00,3,https://good-lawn.ru/online-kalkulator-blagoustroistva,https://good-lawn.ru/online-kalkulator-blagoustroistva/,Калькулятор расчета стоимости благоустройства,yandex-organic-2026-08-20-part-006.jsonl,live_yandex_organic
Q000026,онлайн калькулятор для расчета стоимости работ по благоустройству,S1,transactional,Yaroslavl,desktop,2026-08-20T22:49:37+03:00,4,https://konturland.ru/price/kalkulyator,https://konturland.ru/price/kalkulyator/,Калькулятор для расчета цены проекта ландшафтного...,yandex-organic-2026-08-20-part-006.jsonl,live_yandex_organic
Q000026,онлайн калькулятор для расчета стоимости работ по благоустройству,S1,transactional,Yaroslavl,desktop,2026-08-20T22:49:37+03:00,5,https://kalk.pro/landscape/,https://kalk.pro/landscape/,Расчет благоустройства территории | Калькуляторы,yandex-organic-2026-08-20-part-006.jsonl,live_yandex_organic
Q000026,онлайн калькулятор для расчета стоимости работ по благоустройству,S1,transactional,Yaroslavl,desktop,2026-08-20T22:49:37+03:00,6,https://ld-spb.ru/kalkulyator-landshaftnogo-dizajna,https://ld-spb.ru/kalkulyator-landshaftnogo-dizajna/,Калькулятор расчета стоимости ландшафтного...,yandex-organic-2026-08-20-part-006.jsonl,live_yandex_organic
Q000026,онлайн калькулятор для расчета стоимости работ по благоустройству,S1,transactional,Yaroslavl,desktop,2026-08-20T22:49:37+03:00,7,https://hovela.ru/price-blagoustroistvo/,https://hovela.ru/price-blagoustroistvo/,Калькулятор благоустройства участка — расчёт...,yandex-organic-2026-08-20-part-006.jsonl,live_yandex_organic
Q000026,онлайн калькулятор для расчета стоимости работ по благоустройству,S1,transactional,Yaroslavl,desktop,2026-08-20T22:49:37+03:00,8,https://romanfink.ru/service-calculator/landscaping-cost/,https://romanfink.ru/service-calculator/landscaping-cost/,Калькулятор озеленения — стоимость работ онлайн,yandex-organic-2026-08-20-part-006.jsonl,live_yandex_organic
Q000026,онлайн калькулятор для расчета стоимости работ по благоустройству,S1,transactional,Yaroslavl,desktop,2026-08-20T22:49:37+03:00,9,https://yka.ru/calc/works/,https://yka.ru/calc/works/,Расчет стоимости уходных работ за садом,yandex-organic-2026-08-20-part-006.jsonl,live_yandex_organic
Q000026,онлайн калькулятор для расчета стоимости работ по благоустройству,S1,transactional,Yaroslavl,desktop,2026-08-20T22:49:37+03:00,10,https://sk-topstroy.ru/calc,https://sk-topstroy.ru/calc/,Онлайн калькулятор стоимости строительства дорог...,yandex-organic-2026-08-20-part-006.jsonl,live_yandex_organic
Q000027,прейскурант цен на благоустройство придомовой территории в ярославской области,S1,commercial_research,Yaroslavl,desktop,2026-08-27T19:19:58+03:00,1,https://greenteh76.ru/ceny-na-uslugi-po-blagoustrojstvu.html,https://greenteh76.ru/ceny-na-uslugi-po-blagoustrojstvu.html/,Прайс лист на услуги по благоустройству территорий,yandex-api-Q000027.jsonl,live_yandex_organic
Q000027,прейскурант цен на благоустройство придомовой территории в ярославской области,S1,commercial_research,Yaroslavl,desktop,2026-08-27T19:19:58+03:00,2,https://uslugi.yandex.ru/16-yaroslavl/category?text=%D0%BA%D0%BE%D0%BC%D0%BF%D0%B0%D0%BD%D0%B8%D0%B8+%D0%BF%D0%BE+%D0%B1%D0%BB%D0%B0%D0%B3%D0%BE%D1%83%D1%81%D1%82%D1%80%D0%BE%D0%B9%D1%81%D1%82%D0%B2%D1%83+%D1%82%D0%B5%D1%80%D1%80%D0%B8%D1%82%D0%BE%D1%80%D0%B8%D0%B9,https://uslugi.yandex.ru/16-yaroslavl/category/,Компании по благоустройству территорий в Ярославле: 65...,yandex-api-Q000027.jsonl,live_yandex_organic
Q000027,прейскурант цен на благоустройство придомовой территории в ярославской области,S1,commercial_research,Yaroslavl,desktop,2026-08-27T19:19:58+03:00,3,https://uslugi.yandex.ru/16-yaroslavl/category?text=%D0%B1%D0%BB%D0%B0%D0%B3%D0%BE%D1%83%D1%81%D1%82%D1%80%D0%BE%D0%B9%D1%81%D1%82%D0%B2%D0%BE%20%D1%82%D0%B5%D1%80%D1%80%D0%B8%D1%82%D0%BE%D1%80%D0%B8%D0%B8%20%D0%B4%D0%BE%D0%BC%D0%B0,https://uslugi.yandex.ru/16-yaroslavl/category/,Благоустройство территории дома в Ярославле: 80...,yandex-api-Q000027.jsonl,live_yandex_organic
Q000027,прейскурант цен на благоустройство придомовой территории в ярославской области,S1,commercial_research,Yaroslavl,desktop,2026-08-27T19:19:58+03:00,4,https://uslugi.yandex.ru/16-yaroslavl/category?text=%D0%B1%D0%BB%D0%B0%D0%B3%D0%BE%D1%83%D1%81%D1%82%D1%80%D0%BE%D0%B9%D1%81%D1%82%D0%B2%D0%BE+%D0%BF%D1%80%D0%B8%D0%B4%D0%BE%D0%BC%D0%BE%D0%B2%D0%BE%D0%B9+%D1%82%D0%B5%D1%80%D1%80%D0%B8%D1%82%D0%BE%D1%80%D0%B8%D0%B8,https://uslugi.yandex.ru/16-yaroslavl/category/,Благоустройство придомовой территории в Ярославле: 53...,yandex-api-Q000027.jsonl,live_yandex_organic
Q000027,прейскурант цен на благоустройство придомовой территории в ярославской области,S1,commercial_research,Yaroslavl,desktop,2026-08-27T19:19:58+03:00,5,https://uslugi.yandex.ru/16-yaroslavl/category?text=%D0%B1%D0%BB%D0%B0%D0%B3%D0%BE%D1%83%D1%81%D1%82%D1%80%D0%BE%D0%B9%D1%81%D1%82%D0%B2%D0%BE+%D0%BF%D1%80%D0%B8%D0%B4%D0%BE%D0%BC%D0%BE%D0%B2%D1%8B%D1%85+%D1%82%D0%B5%D1%80%D1%80%D0%B8%D1%82%D0%BE%D1%80%D0%B8%D0%B9,https://uslugi.yandex.ru/16-yaroslavl/category/,Благоустройство придомовых территорий в Ярославле: 50...,yandex-api-Q000027.jsonl,live_yandex_organic
Q000027,прейскурант цен на благоустройство придомовой территории в ярославской области,S1,commercial_research,Yaroslavl,desktop,2026-08-27T19:19:58+03:00,6,https://www.avito.ru/yaroslavl/predlozheniya_uslug?q=%D0%B1%D0%BB%D0%B0%D0%B3%D0%BE%D1%83%D1%81%D1%82%D1%80%D0%BE%D0%B9%D1%81%D1%82%D0%B2%D0%BE+%D0%B4%D0%B0%D1%87%D0%BD%D0%BE%D0%B3%D0%BE+%D1%83%D1%87%D0%B0%D1%81%D1%82%D0%BA%D0%B0,https://avito.ru/yaroslavl/predlozheniya_uslug/,благоустройство дачного участка в Ярославле - цены и отзывы,yandex-api-Q000027.jsonl,live_yandex_organic
Q000027,прейскурант цен на благоустройство придомовой территории в ярославской области,S1,commercial_research,Yaroslavl,desktop,2026-08-27T19:19:58+03:00,7,https://landshaftniy-dizayn.ru/region/yaroslavl/blagoustroystvo/territorii/,https://landshaftniy-dizayn.ru/region/yaroslavl/blagoustroystvo/territorii/,Благоустройство территории под ключ в Ярославле,yandex-api-Q000027.jsonl,live_yandex_organic
Q000027,прейскурант цен на благоустройство придомовой территории в ярославской области,S1,commercial_research,Yaroslavl,desktop,2026-08-27T19:19:58+03:00,8,https://profi.ru/geo-yar/remont/blagoustroistvo-territorii/price/,https://profi.ru/geo-yar/remont/blagoustroistvo-territorii/price/,Стоимость благоустройства территорий- цена за...,yandex-api-Q000027.jsonl,live_yandex_organic
Q000027,прейскурант цен на благоустройство придомовой территории в ярославской области,S1,commercial_research,Yaroslavl,desktop,2026-08-27T19:19:58+03:00,9,https://uslugi.yandex.ru/10841-yaroslavl-oblast/category?text=%D0%B1%D0%BB%D0%B0%D0%B3%D0%BE%D1%83%D1%81%D1%82%D1%80%D0%BE%D0%B9%D1%81%D1%82%D0%B2%D0%BE%20%D1%82%D0%B5%D1%80%D1%80%D0%B8%D1%82%D0%BE%D1%80%D0%B8%D0%B8,https://uslugi.yandex.ru/10841-yaroslavl-oblast/category/,Благоустройство территории в Ярославской области: 61...,yandex-api-Q000027.jsonl,live_yandex_organic
Q000027,прейскурант цен на благоустройство придомовой территории в ярославской области,S1,commercial_research,Yaroslavl,desktop,2026-08-27T19:19:58+03:00,10,https://uslugi.yandex.ru/16-yaroslavl/category?text=%D0%B1%D0%BB%D0%B0%D0%B3%D0%BE%D1%83%D1%81%D1%82%D1%80%D0%BE%D0%B9%D1%81%D1%82%D0%B2%D0%BE+%D1%82%D0%B5%D1%80%D1%80%D0%B8%D1%82%D0%BE%D1%80%D0%B8%D0%B9,https://uslugi.yandex.ru/16-yaroslavl/category/,Благоустройство территорий в Ярославле: 62 исполнителя...,yandex-api-Q000027.jsonl,live_yandex_organic
Q000028,проект благоустройства участка,S1,commercial_research,Yaroslavl,desktop,2026-08-27T19:19:58+03:00,1,https://vosaduli.ru/proektirovanie/,https://vosaduli.ru/proektirovanie/,"Заказать ландшафтное проектирование, проект ландшафтного...",yandex-api-Q000028.jsonl,live_yandex_organic
Q000028,проект благоустройства участка,S1,commercial_research,Yaroslavl,desktop,2026-08-27T19:19:58+03:00,2,https://www.avito.ru/yaroslavl/predlozheniya_uslug?q=%D0%BB%D0%B0%D0%BD%D0%B4%D1%88%D0%B0%D1%84%D1%82%D0%BD%D1%8B%D0%B9+%D0%B4%D0%B8%D0%B7%D0%B0%D0%B9%D0%BD+%D0%BF%D1%80%D0%BE%D0%B5%D0%BA%D1%82+%D1%83%D1%87%D0%B0%D1%81%D1%82%D0%BA%D0%B0,https://avito.ru/yaroslavl/predlozheniya_uslug/,ландшафтный дизайн проект участка в Ярославле - цены и отзывы,yandex-api-Q000028.jsonl,live_yandex_organic
Q000028,проект благоустройства участка,S1,commercial_research,Yaroslavl,desktop,2026-08-27T19:19:58+03:00,3,https://www.alfaplan.ru/land-planning/,https://alfaplan.ru/land-planning/,"Проект благоустройства участка, планирование земельного...",yandex-api-Q000028.jsonl,live_yandex_organic
Q000028,проект благоустройства участка,S1,commercial_research,Yaroslavl,desktop,2026-08-27T19:19:58+03:00,4,https://dzen.ru/a/amH4nZcZkS4zKha-,https://dzen.ru/a/amH4nZcZkS4zKha-/,Бюджетное благоустройство участка ИЖС: как сделать... | Дзен,yandex-api-Q000028.jsonl,live_yandex_organic
Q000028,проект благоустройства участка,S1,commercial_research,Yaroslavl,desktop,2026-08-27T19:19:58+03:00,5,https://dzen.ru/a/airMdAuleHEBqpMS,https://dzen.ru/a/airMdAuleHEBqpMS/,Как облагородить старый дачный участок своими руками... | Дзен,yandex-api-Q000028.jsonl,live_yandex_organic
Q000028,проект благоустройства участка,S1,commercial_research,Yaroslavl,desktop,2026-08-27T19:19:58+03:00,6,https://blog.domclick.ru/dom-i-uyut/post/landshaftnoe-proektirovanie-uchastka-poshagovaya-instrukciya,https://blog.domclick.ru/dom-i-uyut/post/landshaftnoe-proektirovanie-uchastka-poshagovaya-instrukciya/,Ландшафтное проектирование участка: этапы и советы эксперта...,yandex-api-Q000028.jsonl,live_yandex_organic
Q000028,проект благоустройства участка,S1,commercial_research,Yaroslavl,desktop,2026-08-27T19:19:58+03:00,7,https://www.vseinstrumenti.ru/publication/kak-samostoyatelno-splanirovat-landshaft-na-uchastke-ochen-podrobnyj-poshagovyj-plan-7374/,https://vseinstrumenti.ru/publication/kak-samostoyatelno-splanirovat-landshaft-na-uchastke-ochen-podrobnyj-poshagovyj-plan-7374/,Как самостоятельно спланировать ландшафт на участке: очень...,yandex-api-Q000028.jsonl,live_yandex_organic
Q000028,проект благоустройства участка,S1,commercial_research,Yaroslavl,desktop,2026-08-27T19:19:58+03:00,8,https://yaroslavl.blago-s.ru/,https://yaroslavl.blago-s.ru/,Благоустройство участка и территории частного дома под ключ...,yandex-api-Q000028.jsonl,live_yandex_organic
Q000028,проект благоустройства участка,S1,commercial_research,Yaroslavl,desktop,2026-08-27T19:19:58+03:00,9,https://www.ivd.ru/dacha-i-sad/dacnyj-ucastok/blagoustrojstvo-uchastka-s-chego-nachat-i-kak-obustroit-territoriu-svoimi-rukami-75-foto-115592,https://ivd.ru/dacha-i-sad/dacnyj-ucastok/blagoustrojstvo-uchastka-s-chego-nachat-i-kak-obustroit-territoriu-svoimi-rukami-75-foto-115592/,Благоустройство дачного участка: 75 недорогих... | ivd.ru,yandex-api-Q000028.jsonl,live_yandex_organic
Q000028,проект благоустройства участка,S1,commercial_research,Yaroslavl,desktop,2026-08-27T19:19:58+03:00,10,https://abdesignus.ru/uslugi/proektirovanie-blagoustroystva/,https://abdesignus.ru/uslugi/proektirovanie-blagoustroystva/,Проектирование благоустройства частного загородного дома...,yandex-api-Q000028.jsonl,live_yandex_organic
Q000029,проекты придомовых территорий рыбинск,S1,commercial_research,Yaroslavl,desktop,2026-08-27T19:19:58+03:00,1,https://vk.ru/wall-160270735_85969,https://vk.ru/wall-160270735_85969/,В 2026 году в Рыбинске отремонтируют 9 дворов Проекты...,yandex-api-Q000029.jsonl,live_yandex_organic
Q000029,проекты придомовых территорий рыбинск,S1,commercial_research,Yaroslavl,desktop,2026-08-27T19:19:58+03:00,2,https://rybinsk.a3d.ru/proekt-blagoustroystva-dvorovykh-territoriy,https://rybinsk.a3d.ru/proekt-blagoustroystva-dvorovykh-territoriy/,Проект благоустройства дворовых территорий в Рыбинске от...,yandex-api-Q000029.jsonl,live_yandex_organic
Q000029,проекты придомовых территорий рыбинск,S1,commercial_research,Yaroslavl,desktop,2026-08-27T19:19:58+03:00,3,https://am-proekt.ru/rybinsk/blagoustroystvo/blagoustroystvo-pridomovoy-territorii-mkd,https://am-proekt.ru/rybinsk/blagoustroystvo/blagoustroystvo-pridomovoy-territorii-mkd/,Благоустройство придомовой территории МКД в Рыбинске...,yandex-api-Q000029.jsonl,live_yandex_organic
Q000029,проекты придомовых территорий рыбинск,S1,commercial_research,Yaroslavl,desktop,2026-08-27T19:19:58+03:00,4,https://rybinsk.ru/admin/departments/jkx-transportation/nashi-dvory,https://rybinsk.ru/admin/departments/jkx-transportation/nashi-dvory/,Наши дворы,yandex-api-Q000029.jsonl,live_yandex_organic
Q000029,проекты придомовых территорий рыбинск,S1,commercial_research,Yaroslavl,desktop,2026-08-27T19:19:58+03:00,5,https://rybinsk.ru/admin/departments/jkx-transportation/nashi-dvory?start=27,https://rybinsk.ru/admin/departments/jkx-transportation/nashi-dvory/,Наши дворы,yandex-api-Q000029.jsonl,live_yandex_organic
Q000029,проекты придомовых территорий рыбинск,S1,commercial_research,Yaroslavl,desktop,2026-08-27T19:19:58+03:00,6,https://exp76.ru/services/planirovka-territorii/,https://exp76.ru/services/planirovka-territorii/,Планировка территории в Рыбинске и Ярославской области,yandex-api-Q000029.jsonl,live_yandex_organic
Q000029,проекты придомовых территорий рыбинск,S1,commercial_research,Yaroslavl,desktop,2026-08-27T19:19:58+03:00,7,https://www.avito.ru/rybinsk/predlozheniya_uslug?q=%D0%BB%D0%B0%D0%BD%D0%B4%D1%88%D0%B0%D1%84%D1%82%D0%BD%D1%8B%D0%B9+%D0%B4%D0%B8%D0%B7%D0%B0%D0%B9%D0%BD,https://avito.ru/rybinsk/predlozheniya_uslug/,ландшафтный дизайн в Рыбинске - цены и отзывы | Услуги на...,yandex-api-Q000029.jsonl,live_yandex_organic
Q000029,проекты придомовых территорий рыбинск,S1,commercial_research,Yaroslavl,desktop,2026-08-27T19:19:58+03:00,8,https://portal.yarregion.ru/depts-drp/activity/regionalnyy-proekt-formirovanie-komfortnoy-gorodskoy-sredy-nashi-dvory/,https://portal.yarregion.ru/depts-drp/activity/regionalnyy-proekt-formirovanie-komfortnoy-gorodskoy-sredy-nashi-dvory/,Министерство регионального развития Ярославской области,yandex-api-Q000029.jsonl,live_yandex_organic
Q000029,проекты придомовых территорий рыбинск,S1,commercial_research,Yaroslavl,desktop,2026-08-27T19:19:58+03:00,9,https://exp76.ru/services/landshaftnoe-proektirovanie/,https://exp76.ru/services/landshaftnoe-proektirovanie/,Ландшафтное проектирование в Рыбинске и Ярославской области,yandex-api-Q000029.jsonl,live_yandex_organic
Q000029,проекты придомовых территорий рыбинск,S1,commercial_research,Yaroslavl,desktop,2026-08-27T19:19:58+03:00,10,https://rybinsk.ru/gradostroi,https://rybinsk.ru/gradostroi/,Градостроительство и архитектура города Рыбинска,yandex-api-Q000029.jsonl,live_yandex_organic
Q000030,сайты благоустройства участков,S1,commercial_research,Yaroslavl,desktop,2026-08-27T19:19:58+03:00,1,https://rakurs-blagoustroistvo.ru/uslugi/blagoustroistvo-uchastka-v-yaroslavle/,https://rakurs-blagoustroistvo.ru/uslugi/blagoustroistvo-uchastka-v-yaroslavle/,Благоустройство участка в Ярославле | ГК Ракурс,yandex-api-Q000030.jsonl,live_yandex_organic
Q000030,сайты благоустройства участков,S1,commercial_research,Yaroslavl,desktop,2026-08-27T19:19:58+03:00,2,https://www.avito.ru/yaroslavl/predlozheniya_uslug?q=%D0%B1%D0%BB%D0%B0%D0%B3%D0%BE%D1%83%D1%81%D1%82%D1%80%D0%BE%D0%B9%D1%81%D1%82%D0%B2%D0%BE+%D1%83%D1%87%D0%B0%D1%81%D1%82%D0%BA%D0%B0,https://avito.ru/yaroslavl/predlozheniya_uslug/,благоустройство участка в Ярославле - цены и отзывы,yandex-api-Q000030.jsonl,live_yandex_organic
Q000030,сайты благоустройства участков,S1,commercial_research,Yaroslavl,desktop,2026-08-27T19:19:58+03:00,3,https://rakurs-blagoustroistvo.ru/,https://rakurs-blagoustroistvo.ru/,ГК Ракурс официальный сайт,yandex-api-Q000030.jsonl,live_yandex_organic
Q000030,сайты благоустройства участков,S1,commercial_research,Yaroslavl,desktop,2026-08-27T19:19:58+03:00,4,https://yaroslavl.blago-s.ru/,https://yaroslavl.blago-s.ru/,Благоустройство участка и территории частного дома под ключ...,yandex-api-Q000030.jsonl,live_yandex_organic
Q000030,сайты благоустройства участков,S1,commercial_research,Yaroslavl,desktop,2026-08-27T19:19:58+03:00,5,https://exp76.ru/,https://exp76.ru/,Благоустройство участков под ключ в Рыбинске и Ярославской...,yandex-api-Q000030.jsonl,live_yandex_organic
Q000030,сайты благоустройства участков,S1,commercial_research,Yaroslavl,desktop,2026-08-27T19:19:58+03:00,6,https://atlant76.com/landshaftnye-raboty/,https://atlant76.com/landshaftnye-raboty/,Ландшафтный дизайн дачного участка под ключ — услуги...,yandex-api-Q000030.jsonl,live_yandex_organic
Q000030,сайты благоустройства участков,S1,commercial_research,Yaroslavl,desktop,2026-08-27T19:19:58+03:00,7,https://uslugi.yandex.ru/16-yaroslavl/category?text=%D0%BA%D0%BE%D0%BC%D0%BF%D0%B0%D0%BD%D0%B8%D0%B8+%D0%BF%D0%BE+%D0%B1%D0%BB%D0%B0%D0%B3%D0%BE%D1%83%D1%81%D1%82%D1%80%D0%BE%D0%B9%D1%81%D1%82%D0%B2%D1%83+%D1%82%D0%B5%D1%80%D1%80%D0%B8%D1%82%D0%BE%D1%80%D0%B8%D0%B9,https://uslugi.yandex.ru/16-yaroslavl/category/,Компании по благоустройству территорий в Ярославле: 65...,yandex-api-Q000030.jsonl,live_yandex_organic
Q000030,сайты благоустройства участков,S1,commercial_research,Yaroslavl,desktop,2026-08-27T19:19:58+03:00,8,https://yarozabor.ru/shop/blagoustrojstvo-territorii/,https://yarozabor.ru/shop/blagoustrojstvo-territorii/,Благоустройство территории заказать в Ярославле по низкой...,yandex-api-Q000030.jsonl,live_yandex_organic
Q000030,сайты благоустройства участков,S1,commercial_research,Yaroslavl,desktop,2026-08-27T19:19:58+03:00,9,https://www.avito.ru/yaroslavl/predlozheniya_uslug?q=%D0%B1%D0%BB%D0%B0%D0%B3%D0%BE%D1%83%D1%81%D1%82%D1%80%D0%BE%D0%B9%D1%81%D1%82%D0%B2%D0%BE+%D0%B4%D0%B0%D1%87%D0%BD%D0%BE%D0%B3%D0%BE+%D1%83%D1%87%D0%B0%D1%81%D1%82%D0%BA%D0%B0,https://avito.ru/yaroslavl/predlozheniya_uslug/,благоустройство дачного участка в Ярославле - цены и отзывы,yandex-api-Q000030.jsonl,live_yandex_organic
Q000030,сайты благоустройства участков,S1,commercial_research,Yaroslavl,desktop,2026-08-27T19:19:58+03:00,10,https://uslugi.yandex.ru/16-yaroslavl/category?text=%D0%B1%D0%BB%D0%B0%D0%B3%D0%BE%D1%83%D1%81%D1%82%D1%80%D0%BE%D0%B9%D1%81%D1%82%D0%B2%D0%BE%20%D1%83%D1%87%D0%B0%D1%81%D1%82%D0%BA%D0%B0,https://uslugi.yandex.ru/16-yaroslavl/category/,Благоустройство участка в Ярославле: 102 исполнителя...,yandex-api-Q000030.jsonl,live_yandex_organic
Q000031,стоимость благоустройства территории за м2 калькулятор,S1,transactional,Yaroslavl,desktop,2026-08-27T19:19:58+03:00,1,https://exp76.ru/kalkuljator-uslug/,https://exp76.ru/kalkuljator-uslug/,Калькулятор стоимости благоустройства участка - дренаж...,yandex-api-Q000031.jsonl,live_yandex_organic
Q000031,стоимость благоустройства территории за м2 калькулятор,S1,transactional,Yaroslavl,desktop,2026-08-27T19:19:58+03:00,2,https://kalk.pro/landscape/,https://kalk.pro/landscape/,Расчет благоустройства территории | Калькуляторы,yandex-api-Q000031.jsonl,live_yandex_organic
Q000031,стоимость благоустройства территории за м2 калькулятор,S1,transactional,Yaroslavl,desktop,2026-08-27T19:19:58+03:00,3,https://good-lawn.ru/online-kalkulator-blagoustroistva,https://good-lawn.ru/online-kalkulator-blagoustroistva/,Калькулятор расчета стоимости благоустройства,yandex-api-Q000031.jsonl,live_yandex_organic
Q000031,стоимость благоустройства территории за м2 калькулятор,S1,transactional,Yaroslavl,desktop,2026-08-27T19:19:58+03:00,4,https://calcal.ru/landscape-budget-calculator,https://calcal.ru/landscape-budget-calculator/,Калькулятор ландшафтного дизайна онлайн — расчёт... | calcal.ru,yandex-api-Q000031.jsonl,live_yandex_organic
Q000031,стоимость благоустройства территории за м2 калькулятор,S1,transactional,Yaroslavl,desktop,2026-08-27T19:19:58+03:00,5,https://skygreengazon.ru/kalkulator,https://skygreengazon.ru/kalkulator/,Калькулятор благоустройства участка — прикинем бюджет за...,yandex-api-Q000031.jsonl,live_yandex_organic
Q000031,стоимость благоустройства территории за м2 калькулятор,S1,transactional,Yaroslavl,desktop,2026-08-27T19:19:58+03:00,6,https://konturland.ru/price/kalkulyator,https://konturland.ru/price/kalkulyator/,Калькулятор для расчета цены проекта ландшафтного дизайна,yandex-api-Q000031.jsonl,live_yandex_organic
Q000031,стоимость благоустройства территории за м2 калькулятор,S1,transactional,Yaroslavl,desktop,2026-08-27T19:19:58+03:00,7,https://yarlandshaft.ru/price,https://yarlandshaft.ru/price/,Цены,yandex-api-Q000031.jsonl,live_yandex_organic
Q000031,стоимость благоустройства территории за м2 калькулятор,S1,transactional,Yaroslavl,desktop,2026-08-27T19:19:58+03:00,8,https://greenroyal.ru/our-services/calculator-cost/,https://greenroyal.ru/our-services/calculator-cost/,Калькулятор стоимости – Грин Роял | Green Royal...,yandex-api-Q000031.jsonl,live_yandex_organic
Q000031,стоимость благоустройства территории за м2 калькулятор,S1,transactional,Yaroslavl,desktop,2026-08-27T19:19:58+03:00,9,https://roads-pro.ru/kalkulyator/,https://roads-pro.ru/kalkulyator/,Калькулятор стоимости строительства дороги — рассчитайте...,yandex-api-Q000031.jsonl,live_yandex_organic
Q000031,стоимость благоустройства территории за м2 калькулятор,S1,transactional,Yaroslavl,desktop,2026-08-27T19:19:58+03:00,10,https://xn--80aaahqpcuvhvipz6j.xn--p1acf/ceny/stoimost-blagoustroystva-territorii.php,https://xn--80aaahqpcuvhvipz6j.xn--p1acf/ceny/stoimost-blagoustroystva-territorii.php/,Цены на благоустройство территории за 1 м2 в Москве...,yandex-api-Q000031.jsonl,live_yandex_organic
Q000032,стоимость работ по благоустройству территории ярославль,S1,transactional,Yaroslavl,desktop,2026-08-27T19:19:58+03:00,1,https://greenteh76.ru/ceny-na-uslugi-po-blagoustrojstvu.html,https://greenteh76.ru/ceny-na-uslugi-po-blagoustrojstvu.html/,Прайс лист на услуги по благоустройству территорий,yandex-api-Q000032.jsonl,live_yandex_organic
Q000032,стоимость работ по благоустройству территории ярославль,S1,transactional,Yaroslavl,desktop,2026-08-27T19:19:58+03:00,2,https://www.avito.ru/yaroslavl/predlozheniya_uslug?q=%D0%B1%D0%BB%D0%B0%D0%B3%D0%BE%D1%83%D1%81%D1%82%D1%80%D0%BE%D0%B9%D1%81%D1%82%D0%B2%D0%BE+%D1%83%D1%87%D0%B0%D1%81%D1%82%D0%BA%D0%B0,https://avito.ru/yaroslavl/predlozheniya_uslug/,благоустройство участка в Ярославле - цены и отзывы,yandex-api-Q000032.jsonl,live_yandex_organic
Q000032,стоимость работ по благоустройству территории ярославль,S1,transactional,Yaroslavl,desktop,2026-08-27T19:19:58+03:00,3,https://landshaftniy-dizayn.ru/region/yaroslavl/blagoustroystvo/territorii/,https://landshaftniy-dizayn.ru/region/yaroslavl/blagoustroystvo/territorii/,Благоустройство территории под ключ в Ярославле,yandex-api-Q000032.jsonl,live_yandex_organic
Q000032,стоимость работ по благоустройству территории ярославль,S1,transactional,Yaroslavl,desktop,2026-08-27T19:19:58+03:00,4,https://www.avito.ru/yaroslavl/predlozheniya_uslug/sad_blagoustroystvo/dorozhnoe_stroitelstvo-ASgBAgICAkSYC8KfAdCuDva80AE/tag/blagoustrojstvo-territorii,https://avito.ru/yaroslavl/predlozheniya_uslug/sad_blagoustroystvo/dorozhnoe_stroitelstvo-ASgBAgICAkSYC8KfAdCuDva80AE/tag/blagoustrojstvo-territorii/,благоустройство территории в Ярославле - цены и отзывы,yandex-api-Q000032.jsonl,live_yandex_organic
Q000032,стоимость работ по благоустройству территории ярославль,S1,transactional,Yaroslavl,desktop,2026-08-27T19:19:58+03:00,5,https://www.avito.ru/yaroslavl/predlozheniya_uslug?q=%D0%B1%D0%BB%D0%B0%D0%B3%D0%BE%D1%83%D1%81%D1%82%D1%80%D0%BE%D0%B9%D1%81%D1%82%D0%B2%D0%BE,https://avito.ru/yaroslavl/predlozheniya_uslug/,благоустройство в Ярославле - цены и отзывы | Услуги на Авито,yandex-api-Q000032.jsonl,live_yandex_organic
Q000032,стоимость работ по благоустройству территории ярославль,S1,transactional,Yaroslavl,desktop,2026-08-27T19:19:58+03:00,6,https://www.avito.ru/yaroslavl/predlozheniya_uslug?q=%D0%B1%D0%BB%D0%B0%D0%B3%D0%BE%D1%83%D1%81%D1%82%D1%80%D0%BE%D0%B9%D1%81%D1%82%D0%B2%D0%BE+%D0%B4%D0%B0%D1%87%D0%BD%D0%BE%D0%B3%D0%BE+%D1%83%D1%87%D0%B0%D1%81%D1%82%D0%BA%D0%B0,https://avito.ru/yaroslavl/predlozheniya_uslug/,благоустройство дачного участка в Ярославле - цены и отзывы,yandex-api-Q000032.jsonl,live_yandex_organic
Q000032,стоимость работ по благоустройству территории ярославль,S1,transactional,Yaroslavl,desktop,2026-08-27T19:19:58+03:00,7,https://uslugi.yandex.ru/16-yaroslavl/category?text=%D0%B1%D0%BB%D0%B0%D0%B3%D0%BE%D1%83%D1%81%D1%82%D1%80%D0%BE%D0%B9%D1%81%D1%82%D0%B2%D0%BE+%D1%82%D0%B5%D1%80%D1%80%D0%B8%D1%82%D0%BE%D1%80%D0%B8%D0%B8,https://uslugi.yandex.ru/16-yaroslavl/category/,Благоустройство территории в Ярославле: 68 исполнителей...,yandex-api-Q000032.jsonl,live_yandex_organic
Q000032,стоимость работ по благоустройству территории ярославль,S1,transactional,Yaroslavl,desktop,2026-08-27T19:19:58+03:00,8,https://uslugi.yandex.ru/16-yaroslavl/category?text=%D0%B1%D0%BB%D0%B0%D0%B3%D0%BE%D1%83%D1%81%D1%82%D1%80%D0%BE%D0%B9%D1%81%D1%82%D0%B2%D0%BE%20%D1%82%D0%B5%D1%80%D1%80%D0%B8%D1%82%D0%BE%D1%80%D0%B8%D0%B8%20%D0%B4%D0%BE%D0%BC%D0%B0,https://uslugi.yandex.ru/16-yaroslavl/category/,Благоустройство территории дома в Ярославле: 80...,yandex-api-Q000032.jsonl,live_yandex_organic
Q000032,стоимость работ по благоустройству территории ярославль,S1,transactional,Yaroslavl,desktop,2026-08-27T19:19:58+03:00,9,https://www.avito.ru/yaroslavl/predlozheniya_uslug/sad_blagoustroystvo-ASgBAgICAUSYC8KfAQ?q=%D0%B1%D0%BB%D0%B0%D0%B3%D0%BE%D1%83%D1%81%D1%82%D1%80%D0%BE%D0%B9%D1%81%D1%82%D0%B2%D0%BE+%D1%83%D1%87%D0%B0%D1%81%D1%82%D0%BA%D0%B0,https://avito.ru/yaroslavl/predlozheniya_uslug/sad_blagoustroystvo-ASgBAgICAUSYC8KfAQ/,благоустройство участка в Ярославле - цены и отзывы,yandex-api-Q000032.jsonl,live_yandex_organic
Q000032,стоимость работ по благоустройству территории ярославль,S1,transactional,Yaroslavl,desktop,2026-08-27T19:19:58+03:00,10,https://uslugi.yandex.ru/16-yaroslavl/category?text=%D0%B1%D0%BB%D0%B0%D0%B3%D0%BE%D1%83%D1%81%D1%82%D1%80%D0%BE%D0%B9%D1%81%D1%82%D0%B2%D0%BE%20%D1%82%D0%B5%D1%80%D1%80%D0%B8%D1%82%D0%BE%D1%80%D0%B8%D0%B9,https://uslugi.yandex.ru/16-yaroslavl/category/,Благоустройство территорий в Ярославле: 73 исполнителя...,yandex-api-Q000032.jsonl,live_yandex_organic
Q000033,стоимость реализации проекта обустройства частного участка в ярославской области компании,S1,transactional,Yaroslavl,desktop,2026-08-27T19:19:58+03:00,1,https://www.avito.ru/yaroslavl/predlozheniya_uslug?q=%D0%B1%D0%BB%D0%B0%D0%B3%D0%BE%D1%83%D1%81%D1%82%D1%80%D0%BE%D0%B9%D1%81%D1%82%D0%B2%D0%BE+%D1%83%D1%87%D0%B0%D1%81%D1%82%D0%BA%D0%B0,https://avito.ru/yaroslavl/predlozheniya_uslug/,благоустройство участка в Ярославле - цены и отзывы,yandex-api-Q000033.jsonl,live_yandex_organic
Q000033,стоимость реализации проекта обустройства частного участка в ярославской области компании,S1,transactional,Yaroslavl,desktop,2026-08-27T19:19:58+03:00,2,https://uslugi.yandex.ru/16-yaroslavl/category?text=%D0%BF%D0%BB%D0%B0%D0%BD%D0%B8%D1%80%D0%BE%D0%B2%D0%BA%D0%B0+%D1%83%D1%87%D0%B0%D1%81%D1%82%D0%BA%D0%B0,https://uslugi.yandex.ru/16-yaroslavl/category/,Планировка участка в Ярославле: 95 ландшафтных дизайнеров со...,yandex-api-Q000033.jsonl,live_yandex_organic
Q000033,стоимость реализации проекта обустройства частного участка в ярославской области компании,S1,transactional,Yaroslavl,desktop,2026-08-27T19:19:58+03:00,3,https://uslugi.yandex.ru/10841-yaroslavl-oblast/category?text=%D0%BF%D0%BB%D0%B0%D0%BD%D0%B8%D1%80%D0%BE%D0%B2%D0%BA%D0%B0%20%D1%83%D1%87%D0%B0%D1%81%D1%82%D0%BA%D0%B0,https://uslugi.yandex.ru/10841-yaroslavl-oblast/category/,Планировка участка в Ярославской области: 78 ландшафтных...,yandex-api-Q000033.jsonl,live_yandex_organic
Q000033,стоимость реализации проекта обустройства частного участка в ярославской области компании,S1,transactional,Yaroslavl,desktop,2026-08-27T19:19:58+03:00,4,https://www.avito.ru/yaroslavskaya_oblast/predlozheniya_uslug?q=%D0%B1%D0%BB%D0%B0%D0%B3%D0%BE%D1%83%D1%81%D1%82%D1%80%D0%BE%D0%B9%D1%81%D1%82%D0%B2%D0%BE+%D1%83%D1%87%D0%B0%D1%81%D1%82%D0%BA%D0%B0,https://avito.ru/yaroslavskaya_oblast/predlozheniya_uslug/,благоустройство участка в Ярославской области - цены...,yandex-api-Q000033.jsonl,live_yandex_organic
Q000033,стоимость реализации проекта обустройства частного участка в ярославской области компании,S1,transactional,Yaroslavl,desktop,2026-08-27T19:19:58+03:00,5,https://uslugi.yandex.ru/16-yaroslavl/category?text=%D0%BF%D1%80%D0%BE%D0%B5%D0%BA%D1%82%D0%BD%D1%8B%D0%B5+%D1%80%D0%B0%D0%B1%D0%BE%D1%82%D1%8B+%D0%BF%D0%BE+%D0%B1%D0%BB%D0%B0%D0%B3%D0%BE%D1%83%D1%81%D1%82%D1%80%D0%BE%D0%B9%D1%81%D1%82%D0%B2%D1%83+%D1%82%D0%B5%D1%80%D1%80%D0%B8%D1%82%D0%BE%D1%80%D0%B8%D0%B9,https://uslugi.yandex.ru/16-yaroslavl/category/,Проектные работы по благоустройству территорий в Ярославле...,yandex-api-Q000033.jsonl,live_yandex_organic
Q000033,стоимость реализации проекта обустройства частного участка в ярославской области компании,S1,transactional,Yaroslavl,desktop,2026-08-27T19:19:58+03:00,6,https://uslugi.yandex.ru/16-yaroslavl/category?text=%D0%9F%D0%BB%D0%B0%D0%BD%D0%B8%D1%80%D0%BE%D0%B2%D0%BA%D0%B0%20%D1%83%D1%87%D0%B0%D1%81%D1%82%D0%BA%D0%B0,https://uslugi.yandex.ru/16-yaroslavl/category/,Планировка участка в Ярославле: 84 исполнителя с отзывами...,yandex-api-Q000033.jsonl,live_yandex_organic
Q000033,стоимость реализации проекта обустройства частного участка в ярославской области компании,S1,transactional,Yaroslavl,desktop,2026-08-27T19:19:58+03:00,7,https://uslugi.yandex.ru/16-yaroslavl/category?text=%D0%B1%D0%BB%D0%B0%D0%B3%D0%BE%D1%83%D1%81%D1%82%D1%80%D0%BE%D0%B9%D1%81%D1%82%D0%B2%D0%BE+%D0%B4%D0%B0%D1%87%D0%BD%D0%BE%D0%B3%D0%BE+%D1%83%D1%87%D0%B0%D1%81%D1%82%D0%BA%D0%B0,https://uslugi.yandex.ru/16-yaroslavl/category/,Благоустройство дачного участка в Ярославле: 107 садовников...,yandex-api-Q000033.jsonl,live_yandex_organic
Q000033,стоимость реализации проекта обустройства частного участка в ярославской области компании,S1,transactional,Yaroslavl,desktop,2026-08-27T19:19:58+03:00,8,https://greenteh76.ru/ceny-na-uslugi-po-blagoustrojstvu.html,https://greenteh76.ru/ceny-na-uslugi-po-blagoustrojstvu.html/,Прайс лист на услуги по благоустройству территорий,yandex-api-Q000033.jsonl,live_yandex_organic
Q000033,стоимость реализации проекта обустройства частного участка в ярославской области компании,S1,transactional,Yaroslavl,desktop,2026-08-27T19:19:58+03:00,9,https://yaroslavl.blago-s.ru/catalog/planirovka-uchastka/,https://yaroslavl.blago-s.ru/catalog/planirovka-uchastka/,Планировка участка в Ярославле — цена и работы под ключ,yandex-api-Q000033.jsonl,live_yandex_organic
Q000033,стоимость реализации проекта обустройства частного участка в ярославской области компании,S1,transactional,Yaroslavl,desktop,2026-08-27T19:19:58+03:00,10,https://www.avito.ru/yaroslavl/predlozheniya_uslug?q=%D0%B1%D0%BB%D0%B0%D0%B3%D0%BE%D1%83%D1%81%D1%82%D1%80%D0%BE%D0%B9%D1%81%D1%82%D0%B2%D0%BE+%D0%B4%D0%B0%D1%87%D0%BD%D0%BE%D0%B3%D0%BE+%D1%83%D1%87%D0%B0%D1%81%D1%82%D0%BA%D0%B0,https://avito.ru/yaroslavl/predlozheniya_uslug/,благоустройство дачного участка в Ярославле - цены и отзывы,yandex-api-Q000033.jsonl,live_yandex_organic
Q000034,услуги по благоустройства участка брейтово,S1,transactional,Yaroslavl,desktop,2026-08-27T19:19:58+03:00,1,https://www.avito.ru/breytovo/predlozheniya_uslug/sad_blagoustroystvo/zemlyanye_raboty-ASgBAgICAkSYC8KfAdCuDvq80AE,https://avito.ru/breytovo/predlozheniya_uslug/sad_blagoustroystvo/zemlyanye_raboty-ASgBAgICAkSYC8KfAdCuDvq80AE/,"Вспашка, выравнивание земли в Брейтово",yandex-api-Q000034.jsonl,live_yandex_organic
Q000034,услуги по благоустройства участка брейтово,S1,transactional,Yaroslavl,desktop,2026-08-27T19:19:58+03:00,2,https://www.avito.ru/breytovo/predlozheniya_uslug?q=%D0%BF%D0%BE%D0%BA%D0%BE%D1%81%20%D1%82%D1%80%D0%B0%D0%B2%D1%8B,https://avito.ru/breytovo/predlozheniya_uslug/,покос травы в Брейтово - цены и отзывы | Услуги на Авито,yandex-api-Q000034.jsonl,live_yandex_organic
Q000034,услуги по благоустройства участка брейтово,S1,transactional,Yaroslavl,desktop,2026-08-27T19:19:58+03:00,3,https://uslugi.yandex.ru/100445-breitovo/category?text=%D0%BF%D0%BE%D0%BA%D0%BE%D1%81+%D1%82%D1%80%D0%B0%D0%B2%D1%8B,https://uslugi.yandex.ru/100445-breitovo/category/,Покос травы в Брейтове: 75 садовников с отзывами...,yandex-api-Q000034.jsonl,live_yandex_organic
Q000034,услуги по благоустройства участка брейтово,S1,transactional,Yaroslavl,desktop,2026-08-27T19:19:58+03:00,4,https://www.avito.ru/breytovo/predlozheniya_uslug/sad_blagoustroystvo/drugoe-ASgBAgICAkSYC8KfAdCuDr7wmQI,https://avito.ru/breytovo/predlozheniya_uslug/sad_blagoustroystvo/drugoe-ASgBAgICAkSYC8KfAdCuDr7wmQI/,Услуги по благоустройству и уходу за садом в Брейтово,yandex-api-Q000034.jsonl,live_yandex_organic
Q000034,услуги по благоустройства участка брейтово,S1,transactional,Yaroslavl,desktop,2026-08-27T19:19:58+03:00,5,https://uslugi.yandex.ru/100445-breitovo/category?text=%D0%B2%D1%8B%D1%80%D0%B0%D0%B2%D0%BD%D0%B8%D0%B2%D0%B0%D0%BD%D0%B8%D0%B5+%D1%83%D1%87%D0%B0%D1%81%D1%82%D0%BA%D0%B0,https://uslugi.yandex.ru/100445-breitovo/category/,Выравнивание участка в Брейтове: 60 мастеров...,yandex-api-Q000034.jsonl,live_yandex_organic
Q000034,услуги по благоустройства участка брейтово,S1,transactional,Yaroslavl,desktop,2026-08-27T19:19:58+03:00,6,https://www.avito.ru/breytovo/predlozheniya_uslug/sad_blagoustroystvo/ozelenenie_uhod_za_sadom_i_ogorodom-ASgBAgICAkSYC8KfAdCuDvy80AE,https://avito.ru/breytovo/predlozheniya_uslug/sad_blagoustroystvo/ozelenenie_uhod_za_sadom_i_ogorodom-ASgBAgICAkSYC8KfAdCuDvy80AE/,"Озеленение, уход за огородом, садовники в Брейтово",yandex-api-Q000034.jsonl,live_yandex_organic
Q000034,услуги по благоустройства участка брейтово,S1,transactional,Yaroslavl,desktop,2026-08-27T19:19:58+03:00,7,https://www.avito.ru/breytovo/predlozheniya_uslug?q=%D1%80%D0%B0%D1%81%D1%87%D0%B8%D1%81%D1%82%D0%BA%D0%B0+%D1%83%D1%87%D0%B0%D1%81%D1%82%D0%BA%D0%B0,https://avito.ru/breytovo/predlozheniya_uslug/,расчистка участка в Брейтово - цены и отзывы | Услуги...,yandex-api-Q000034.jsonl,live_yandex_organic
Q000034,услуги по благоустройства участка брейтово,S1,transactional,Yaroslavl,desktop,2026-08-27T19:19:58+03:00,8,https://uslugi.yandex.ru/100445-breitovo/category?text=%D0%BD%D0%B0%D0%BD%D1%8F%D1%82%D1%8C+%D1%82%D1%80%D0%B0%D0%BA%D1%82%D0%BE%D1%80+%D0%B4%D0%BB%D1%8F+%D0%B2%D1%8B%D1%80%D0%B0%D0%B2%D0%BD%D0%B8%D0%B2%D0%B0%D0%BD%D0%B8%D1%8F+%D1%83%D1%87%D0%B0%D1%81%D1%82%D0%BA%D0%B0,https://uslugi.yandex.ru/100445-breitovo/category/,Нанять трактор для выравнивания участка в Брейтове...,yandex-api-Q000034.jsonl,live_yandex_organic
Q000034,услуги по благоустройства участка брейтово,S1,transactional,Yaroslavl,desktop,2026-08-27T19:19:58+03:00,9,https://uslugi.yandex.ru/100445-breitovo/category?text=%D0%B2%D1%81%D0%BA%D0%BE%D0%BF%D0%B0%D1%82%D1%8C+%D0%BE%D0%B3%D0%BE%D1%80%D0%BE%D0%B4,https://uslugi.yandex.ru/100445-breitovo/category/,Вскопать огород в Брейтове: 108 садовников с отзывами...,yandex-api-Q000034.jsonl,live_yandex_organic
Q000034,услуги по благоустройства участка брейтово,S1,transactional,Yaroslavl,desktop,2026-08-27T19:19:58+03:00,10,https://uslugi.yandex.ru/100445-breitovo/category/hozyajstvo-i-uborka/sad-i-ogorod--3115,https://uslugi.yandex.ru/100445-breitovo/category/hozyajstvo-i-uborka/sad-i-ogorod--3115/,Уход за садом и огородом в Брейтове: 89 садовников,yandex-api-Q000034.jsonl,live_yandex_organic
Q000035,цены на работу по благоустройству,S1,transactional,Yaroslavl,desktop,2026-08-27T19:19:58+03:00,1,https://www.avito.ru/yaroslavl/predlozheniya_uslug?q=%D0%B1%D0%BB%D0%B0%D0%B3%D0%BE%D1%83%D1%81%D1%82%D1%80%D0%BE%D0%B9%D1%81%D1%82%D0%B2%D0%BE+%D1%83%D1%87%D0%B0%D1%81%D1%82%D0%BA%D0%B0,https://avito.ru/yaroslavl/predlozheniya_uslug/,благоустройство участка в Ярославле - цены и отзывы,yandex-api-Q000035.jsonl,live_yandex_organic
Q000035,цены на работу по благоустройству,S1,transactional,Yaroslavl,desktop,2026-08-27T19:19:58+03:00,2,https://greenteh76.ru/ceny-na-uslugi-po-blagoustrojstvu.html,https://greenteh76.ru/ceny-na-uslugi-po-blagoustrojstvu.html/,Прайс лист на услуги по благоустройству территорий,yandex-api-Q000035.jsonl,live_yandex_organic
Q000035,цены на работу по благоустройству,S1,transactional,Yaroslavl,desktop,2026-08-27T19:19:58+03:00,3,https://www.avito.ru/yaroslavl/predlozheniya_uslug?q=%D0%B1%D0%BB%D0%B0%D0%B3%D0%BE%D1%83%D1%81%D1%82%D1%80%D0%BE%D0%B9%D1%81%D1%82%D0%B2%D0%BE,https://avito.ru/yaroslavl/predlozheniya_uslug/,благоустройство в Ярославле - цены и отзывы | Услуги на Авито,yandex-api-Q000035.jsonl,live_yandex_organic
Q000035,цены на работу по благоустройству,S1,transactional,Yaroslavl,desktop,2026-08-27T19:19:58+03:00,4,https://uslugi.yandex.ru/16-yaroslavl/category?text=%D0%B1%D0%BB%D0%B0%D0%B3%D0%BE%D1%83%D1%81%D1%82%D1%80%D0%BE%D0%B9%D1%81%D1%82%D0%B2%D0%BE%20%D1%82%D0%B5%D1%80%D1%80%D0%B8%D1%82%D0%BE%D1%80%D0%B8%D0%B8%20%D0%B4%D0%BE%D0%BC%D0%B0,https://uslugi.yandex.ru/16-yaroslavl/category/,Благоустройство территории дома в Ярославле: 80...,yandex-api-Q000035.jsonl,live_yandex_organic
Q000035,цены на работу по благоустройству,S1,transactional,Yaroslavl,desktop,2026-08-27T19:19:58+03:00,5,https://www.avito.ru/yaroslavskaya_oblast/predlozheniya_uslug?q=%D0%B1%D0%BB%D0%B0%D0%B3%D0%BE%D1%83%D1%81%D1%82%D1%80%D0%BE%D0%B9%D1%81%D1%82%D0%B2%D0%BE+%D1%83%D1%87%D0%B0%D1%81%D1%82%D0%BA%D0%B0,https://avito.ru/yaroslavskaya_oblast/predlozheniya_uslug/,благоустройство участка в Ярославской области - цены и отзывы,yandex-api-Q000035.jsonl,live_yandex_organic
Q000035,цены на работу по благоустройству,S1,transactional,Yaroslavl,desktop,2026-08-27T19:19:58+03:00,6,https://www.avito.ru/yaroslavl/predlozheniya_uslug/tag/blagoustrojstvo-territorii,https://avito.ru/yaroslavl/predlozheniya_uslug/tag/blagoustrojstvo-territorii/,благоустройство территории в Ярославле - цены и отзывы,yandex-api-Q000035.jsonl,live_yandex_organic
Q000035,цены на работу по благоустройству,S1,transactional,Yaroslavl,desktop,2026-08-27T19:19:58+03:00,7,https://profi.ru/geo-yar/remont/blagoustroistvo-territorii/price/,https://profi.ru/geo-yar/remont/blagoustroistvo-territorii/price/,Стоимость благоустройства территорий- цена за...,yandex-api-Q000035.jsonl,live_yandex_organic
Q000035,цены на работу по благоустройству,S1,transactional,Yaroslavl,desktop,2026-08-27T19:19:58+03:00,8,https://uslugi.yandex.ru/16-yaroslavl/category?text=%D0%B1%D0%BB%D0%B0%D0%B3%D0%BE%D1%83%D1%81%D1%82%D1%80%D0%BE%D0%B9%D1%81%D1%82%D0%B2%D0%BE,https://uslugi.yandex.ru/16-yaroslavl/category/,Благоустройство в Ярославле: 104 мастера земляных работ со...,yandex-api-Q000035.jsonl,live_yandex_organic
Q000035,цены на работу по благоустройству,S1,transactional,Yaroslavl,desktop,2026-08-27T19:19:58+03:00,9,https://uslugi.yandex.ru/16-yaroslavl/category?text=%D0%BA%D0%BE%D0%BC%D0%BF%D0%B0%D0%BD%D0%B8%D0%B8+%D0%BF%D0%BE+%D0%B1%D0%BB%D0%B0%D0%B3%D0%BE%D1%83%D1%81%D1%82%D1%80%D0%BE%D0%B9%D1%81%D1%82%D0%B2%D1%83+%D1%82%D0%B5%D1%80%D1%80%D0%B8%D1%82%D0%BE%D1%80%D0%B8%D0%B9,https://uslugi.yandex.ru/16-yaroslavl/category/,Компании по благоустройству территорий в Ярославле: 65...,yandex-api-Q000035.jsonl,live_yandex_organic
Q000035,цены на работу по благоустройству,S1,transactional,Yaroslavl,desktop,2026-08-27T19:19:58+03:00,10,https://uslugi.yandex.ru/16-yaroslavl/category?text=%D0%B1%D0%BB%D0%B0%D0%B3%D0%BE%D1%83%D1%81%D1%82%D1%80%D0%BE%D0%B9%D1%81%D1%82%D0%B2%D0%BE+%D0%BF%D1%80%D0%B8%D0%B4%D0%BE%D0%BC%D0%BE%D0%B2%D0%BE%D0%B9+%D1%82%D0%B5%D1%80%D1%80%D0%B8%D1%82%D0%BE%D1%80%D0%B8%D0%B8,https://uslugi.yandex.ru/16-yaroslavl/category/,Благоустройство придомовой территории в Ярославле: 53...,yandex-api-Q000035.jsonl,live_yandex_organic
Q000036,эксперты 76,S1,brand_navigation,Yaroslavl,desktop,2026-08-27T19:19:58+03:00,1,https://exp76.ru/,https://exp76.ru/,Благоустройство участков под ключ в Рыбинске и Ярославской...,yandex-api-Q000036.jsonl,live_yandex_organic
Q000036,эксперты 76,S1,brand_navigation,Yaroslavl,desktop,2026-08-27T19:19:58+03:00,2,https://vk.ru/exp_76,https://vk.ru/exp_76/,"Ландшафтная Компания ""ЭКСПЕРТЫ"" | Уважаемые клиенты...",yandex-api-Q000036.jsonl,live_yandex_organic
Q000036,эксперты 76,S1,brand_navigation,Yaroslavl,desktop,2026-08-27T19:19:58+03:00,3,https://checko.ru/company/ehksperty-76-1197627013330,https://checko.ru/company/ehksperty-76-1197627013330/,"ООО ""ЭКСПЕРТЫ 76"" - Ярославль - ИНН 7606120330...",yandex-api-Q000036.jsonl,live_yandex_organic
Q000036,эксперты 76,S1,brand_navigation,Yaroslavl,desktop,2026-08-27T19:19:58+03:00,4,https://b2b.house/company/OOO-EKSPERTY-76_b959a6f6-6f35-4625-af04-a6353b5637f1/,https://b2b.house/company/OOO-EKSPERTY-76_b959a6f6-6f35-4625-af04-a6353b5637f1/,"ООО ""ЭКСПЕРТЫ 76"" - Ярославль ИНН 7606120330",yandex-api-Q000036.jsonl,live_yandex_organic
Q000036,эксперты 76,S1,brand_navigation,Yaroslavl,desktop,2026-08-27T19:19:58+03:00,5,https://ocenka76.ru/,https://ocenka76.ru/,Оценка недвижимости в Ярославле | PRO оценщик,yandex-api-Q000036.jsonl,live_yandex_organic
Q000036,эксперты 76,S1,brand_navigation,Yaroslavl,desktop,2026-08-27T19:19:58+03:00,6,https://www.list-org.com/company/12341128,https://list-org.com/company/12341128/,"ООО ""ЭКСПЕРТЫ 76"", ИНН 7606120330",yandex-api-Q000036.jsonl,live_yandex_organic
Q000036,эксперты 76,S1,brand_navigation,Yaroslavl,desktop,2026-08-27T19:19:58+03:00,7,https://auto-expert76.ru/,https://auto-expert76.ru/,Экспертиза после ДТП в Ярославле и Ярославской области...,yandex-api-Q000036.jsonl,live_yandex_organic
Q000036,эксперты 76,S1,brand_navigation,Yaroslavl,desktop,2026-08-27T19:19:58+03:00,8,https://yandex.ru/maps/org/eksperty76/244388452168/features/,https://yandex.ru/maps/org/eksperty76/244388452168/features/,"Больше не работает: Эксперты76, агентство... — Яндекс Карты",yandex-api-Q000036.jsonl,live_yandex_organic
Q000036,эксперты 76,S1,brand_navigation,Yaroslavl,desktop,2026-08-27T19:19:58+03:00,9,https://yandex.ru/maps/org/kompaniya_eksperty/214787695407/,https://yandex.ru/maps/org/kompaniya_eksperty/214787695407/,"Компания Эксперты, строительная компания, ул.... — Яндекс Карты",yandex-api-Q000036.jsonl,live_yandex_organic
Q000036,эксперты 76,S1,brand_navigation,Yaroslavl,desktop,2026-08-27T19:19:58+03:00,10,https://vk.ru/a_expert_yar,https://vk.ru/a_expert_yar/,Эксперты 76 агентство недвижимости / Ярославль | Агентство...,yandex-api-Q000036.jsonl,live_yandex_organic
Q000037,эксперты рыбинск,S1,brand_navigation,Yaroslavl,desktop,2026-08-27T19:19:58+03:00,1,https://exp76.ru/,https://exp76.ru/,Благоустройство участков под ключ в Рыбинске и Ярославской...,yandex-api-Q000037.jsonl,live_yandex_organic
Q000037,эксперты рыбинск,S1,brand_navigation,Yaroslavl,desktop,2026-08-27T19:19:58+03:00,2,https://yandex.ru/maps/10839/rybinsk/category/expertise/184105608/,https://yandex.ru/maps/10839/rybinsk/category/expertise/184105608/,"Экспертиза в Рыбинске, экспертиза рядом со... — Яндекс Карты",yandex-api-Q000037.jsonl,live_yandex_organic
Q000037,эксперты рыбинск,S1,brand_navigation,Yaroslavl,desktop,2026-08-27T19:19:58+03:00,3,https://uslugi.yandex.ru/10839-rybinsk/category?text=%D1%81%D1%83%D0%B4%D0%B5%D0%B1%D0%BD%D0%B0%D1%8F+%D1%8D%D0%BA%D1%81%D0%BF%D0%B5%D1%80%D1%82%D0%B8%D0%B7%D0%B0,https://uslugi.yandex.ru/10839-rybinsk/category/,Судебная экспертиза в Рыбинске: 96 юристов с отзывами...,yandex-api-Q000037.jsonl,live_yandex_organic
Q000037,эксперты рыбинск,S1,brand_navigation,Yaroslavl,desktop,2026-08-27T19:19:58+03:00,4,https://uslugi.yandex.ru/10839-rybinsk/category/yuristyi/provedenie-nezavisimyih-ekspertiz--3402,https://uslugi.yandex.ru/10839-rybinsk/category/yuristyi/provedenie-nezavisimyih-ekspertiz--3402/,Проведение независимых экспертиз в Рыбинске: 52 юриста,yandex-api-Q000037.jsonl,live_yandex_organic
Q000037,эксперты рыбинск,S1,brand_navigation,Yaroslavl,desktop,2026-08-27T19:19:58+03:00,5,https://uslugi.yandex.ru/10839-rybinsk/category?text=%D1%81%D1%82%D1%80%D0%BE%D0%B8%D1%82%D0%B5%D0%BB%D1%8C%D0%BD%D0%B0%D1%8F%20%D1%8D%D0%BA%D1%81%D0%BF%D0%B5%D1%80%D1%82%D0%B8%D0%B7%D0%B0,https://uslugi.yandex.ru/10839-rybinsk/category/,Строительная экспертиза в Рыбинске: 55 исполнителей...,yandex-api-Q000037.jsonl,live_yandex_organic
Q000037,эксперты рыбинск,S1,brand_navigation,Yaroslavl,desktop,2026-08-27T19:19:58+03:00,6,https://uslugi.yandex.ru/10839-rybinsk/category?text=%D1%82%D0%B5%D1%85%D0%BD%D0%B8%D1%87%D0%B5%D1%81%D0%BA%D0%B0%D1%8F+%D1%8D%D0%BA%D1%81%D0%BF%D0%B5%D1%80%D1%82%D0%B8%D0%B7%D0%B0,https://uslugi.yandex.ru/10839-rybinsk/category/,Техническая экспертиза в Рыбинске: 85 исполнителей с отзывами...,yandex-api-Q000037.jsonl,live_yandex_organic
Q000037,эксперты рыбинск,S1,brand_navigation,Yaroslavl,desktop,2026-08-27T19:19:58+03:00,7,https://www.avito.ru/rybinsk/predlozheniya_uslug/tag/nezavisimaja-ekspertiza,https://avito.ru/rybinsk/predlozheniya_uslug/tag/nezavisimaja-ekspertiza/,независимая экспертиза в Рыбинске - цены и отзывы | Услуги на...,yandex-api-Q000037.jsonl,live_yandex_organic
Q000037,эксперты рыбинск,S1,brand_navigation,Yaroslavl,desktop,2026-08-27T19:19:58+03:00,8,https://uslugi.yandex.ru/10839-rybinsk/category?text=%D0%B0%D0%B2%D1%82%D0%BE%D1%8D%D0%BA%D1%81%D0%BF%D0%B5%D1%80%D1%82%D0%B8%D0%B7%D0%B0,https://uslugi.yandex.ru/10839-rybinsk/category/,Автоэкспертиза в Рыбинске: 81 автоэксперт с отзывами и ценами...,yandex-api-Q000037.jsonl,live_yandex_organic
Q000037,эксперты рыбинск,S1,brand_navigation,Yaroslavl,desktop,2026-08-27T19:19:58+03:00,9,https://uslugi.yandex.ru/10839-rybinsk/category/raznoe/avtoekspertiza--689,https://uslugi.yandex.ru/10839-rybinsk/category/raznoe/avtoekspertiza--689/,Автоэкспертиза в Рыбинске: 34 автоэксперта | Яндекс Исполнители,yandex-api-Q000037.jsonl,live_yandex_organic
Q000037,эксперты рыбинск,S1,brand_navigation,Yaroslavl,desktop,2026-08-27T19:19:58+03:00,10,https://vk.ru/exp_76,https://vk.ru/exp_76/,"Ландшафтная Компания ""ЭКСПЕРТЫ"" | Уважаемые клиенты...",yandex-api-Q000037.jsonl,live_yandex_organic
Q000038,эксперты рыбинск ландшафтный,S1,brand_navigation,Yaroslavl,desktop,2026-08-27T19:19:58+03:00,1,https://exp76.ru/,https://exp76.ru/,Благоустройство участков под ключ в Рыбинске и Ярославской...,yandex-api-Q000038.jsonl,live_yandex_organic
Q000038,эксперты рыбинск ландшафтный,S1,brand_navigation,Yaroslavl,desktop,2026-08-27T19:19:58+03:00,2,https://exp76.ru/services/landshaftnoe-proektirovanie/,https://exp76.ru/services/landshaftnoe-proektirovanie/,Ландшафтное проектирование в Рыбинске и Ярославской области,yandex-api-Q000038.jsonl,live_yandex_organic
Q000038,эксперты рыбинск ландшафтный,S1,brand_navigation,Yaroslavl,desktop,2026-08-27T19:19:58+03:00,3,https://exp76.ru/services/,https://exp76.ru/services/,Услуги по благоустройству участков в Рыбинске и Ярославской...,yandex-api-Q000038.jsonl,live_yandex_organic
Q000038,эксперты рыбинск ландшафтный,S1,brand_navigation,Yaroslavl,desktop,2026-08-27T19:19:58+03:00,4,https://exp76.ru/services/planirovka-territorii/,https://exp76.ru/services/planirovka-territorii/,Планировка территории в Рыбинске и Ярославской области,yandex-api-Q000038.jsonl,live_yandex_organic
Q000038,эксперты рыбинск ландшафтный,S1,brand_navigation,Yaroslavl,desktop,2026-08-27T19:19:58+03:00,5,https://vk.ru/exp_76,https://vk.ru/exp_76/,"Ландшафтная Компания ""ЭКСПЕРТЫ"" | Уважаемые клиенты...",yandex-api-Q000038.jsonl,live_yandex_organic
Q000038,эксперты рыбинск ландшафтный,S1,brand_navigation,Yaroslavl,desktop,2026-08-27T19:19:58+03:00,6,https://www.avito.ru/rybinsk/predlozheniya_uslug?q=%D0%BB%D0%B0%D0%BD%D0%B4%D1%88%D0%B0%D1%84%D1%82%D0%BD%D1%8B%D0%B9+%D0%B4%D0%B8%D0%B7%D0%B0%D0%B9%D0%BD,https://avito.ru/rybinsk/predlozheniya_uslug/,ландшафтный дизайн в Рыбинске - цены и отзывы | Услуги на...,yandex-api-Q000038.jsonl,live_yandex_organic
Q000038,эксперты рыбинск ландшафтный,S1,brand_navigation,Yaroslavl,desktop,2026-08-27T19:19:58+03:00,7,https://www.avito.ru/rybinsk/predlozheniya_uslug?q=%D0%B1%D0%BB%D0%B0%D0%B3%D0%BE%D1%83%D1%81%D1%82%D1%80%D0%BE%D0%B9%D1%81%D1%82%D0%B2%D0%BE+%D1%83%D1%87%D0%B0%D1%81%D1%82%D0%BA%D0%B0,https://avito.ru/rybinsk/predlozheniya_uslug/,благоустройство участка в Рыбинске - цены и отзывы | Услуги на...,yandex-api-Q000038.jsonl,live_yandex_organic
Q000038,эксперты рыбинск ландшафтный,S1,brand_navigation,Yaroslavl,desktop,2026-08-27T19:19:58+03:00,8,https://uslugi.yandex.ru/10839-rybinsk/category?text=%D0%BB%D0%B0%D0%BD%D0%B4%D1%88%D0%B0%D1%84%D1%82%D0%BD%D1%8B%D0%B5+%D1%84%D0%B8%D1%80%D0%BC%D1%8B,https://uslugi.yandex.ru/10839-rybinsk/category/,Ландшафтные фирмы в Рыбинске: 68 ландшафтных...,yandex-api-Q000038.jsonl,live_yandex_organic
Q000038,эксперты рыбинск ландшафтный,S1,brand_navigation,Yaroslavl,desktop,2026-08-27T19:19:58+03:00,9,https://uslugi.yandex.ru/10839-rybinsk/category/dizajneryi/landshaftnyij-dizajner--273,https://uslugi.yandex.ru/10839-rybinsk/category/dizajneryi/landshaftnyij-dizajner--273/,Услуги ландшафтных дизайнеров в Рыбинске: 76 ландшафтных...,yandex-api-Q000038.jsonl,live_yandex_organic
Q000038,эксперты рыбинск ландшафтный,S1,brand_navigation,Yaroslavl,desktop,2026-08-27T19:19:58+03:00,10,https://uslugi.yandex.ru/10839-rybinsk/category?text=%D0%BB%D0%B0%D0%BD%D0%B4%D1%88%D0%B0%D1%84%D1%82%D0%BD%D0%BE%D0%B5+%D0%BF%D1%80%D0%BE%D0%B5%D0%BA%D1%82%D0%B8%D1%80%D0%BE%D0%B2%D0%B0%D0%BD%D0%B8%D0%B5,https://uslugi.yandex.ru/10839-rybinsk/category/,Ландшафтное проектирование в Рыбинске: 84 ландшафтных...,yandex-api-Q000038.jsonl,live_yandex_organic
Q000039,восстановление газона,S2,commercial_research,Yaroslavl,desktop,2026-08-27T19:19:58+03:00,1,https://xn--e1aaegnf2bi6b.xn--p1ai/stati/kak-vosstanovit-gazon,https://xn--e1aaegnf2bi6b.xn--p1ai/stati/kak-vosstanovit-gazon/,Ремонт и восстановление газона: как обновить газонную траву...,yandex-api-Q000039.jsonl,live_yandex_organic
Q000039,восстановление газона,S2,commercial_research,Yaroslavl,desktop,2026-08-27T19:19:58+03:00,2,https://rutrav.ru/blog/zamena-gazona-staryy-na-novyy/,https://rutrav.ru/blog/zamena-gazona-staryy-na-novyy/,Восстановление газона: как обновить старую газонную траву...,yandex-api-Q000039.jsonl,live_yandex_organic
Q000039,восстановление газона,S2,commercial_research,Yaroslavl,desktop,2026-08-27T19:19:58+03:00,3,https://dzen.ru/a/am5EcMa3M07ZbG0j,https://dzen.ru/a/am5EcMa3M07ZbG0j/,"Газон пожелтел после жары? Рассказываем, как вернуть... | Дзен",yandex-api-Q000039.jsonl,live_yandex_organic
Q000039,восстановление газона,S2,commercial_research,Yaroslavl,desktop,2026-08-27T19:19:58+03:00,4,https://ivangazon.ru/blog/gazon-posle-stroyki-kak-vosstanovit/,https://ivangazon.ru/blog/gazon-posle-stroyki-kak-vosstanovit/,Восстановление газона после стройки: полное руководство,yandex-api-Q000039.jsonl,live_yandex_organic
Q000039,восстановление газона,S2,commercial_research,Yaroslavl,desktop,2026-08-27T19:19:58+03:00,5,https://zonagazona.ru/info/remont-gazona-kak-vernut-emu-krasotu,https://zonagazona.ru/info/remont-gazona-kak-vernut-emu-krasotu/,Несколько простых способов восстановить газонное покрытие,yandex-api-Q000039.jsonl,live_yandex_organic
Q000039,восстановление газона,S2,commercial_research,Yaroslavl,desktop,2026-08-27T19:19:58+03:00,6,https://ivangazon.ru/blog/gazon-vytoptan-polnoye-rukovodstvo-po-vosstanovleniyu,https://ivangazon.ru/blog/gazon-vytoptan-polnoye-rukovodstvo-po-vosstanovleniyu/,Газон вытоптан: полное руководство по восстановлению тропинок,yandex-api-Q000039.jsonl,live_yandex_organic
Q000039,восстановление газона,S2,commercial_research,Yaroslavl,desktop,2026-08-27T19:19:58+03:00,7,https://stroyprosto.metallprofil.ru/articles/kak-vosstanovit-povrezhdyennyy-gazon-posle-zimy-poshagovaya-instruktsiya/,https://stroyprosto.metallprofil.ru/articles/kak-vosstanovit-povrezhdyennyy-gazon-posle-zimy-poshagovaya-instruktsiya/,Как восстановить газон после зимы: пошаговая инструкция 2025,yandex-api-Q000039.jsonl,live_yandex_organic
Q000039,восстановление газона,S2,commercial_research,Yaroslavl,desktop,2026-08-27T19:19:58+03:00,8,https://rutrav.ru/blog/podsev-gazonnoj-travy-pravilno/,https://rutrav.ru/blog/podsev-gazonnoj-travy-pravilno/,Подсеиваем газон: как вернуть травяному покрову плотность,yandex-api-Q000039.jsonl,live_yandex_organic
Q000039,восстановление газона,S2,commercial_research,Yaroslavl,desktop,2026-08-27T19:19:58+03:00,9,https://rutrav.ru/blog/vosstanovlenie-gazona/,https://rutrav.ru/blog/vosstanovlenie-gazona/,"Как восстановить газон своими руками после зимы, сорняков...",yandex-api-Q000039.jsonl,live_yandex_organic
Q000039,восстановление газона,S2,commercial_research,Yaroslavl,desktop,2026-08-27T19:19:58+03:00,10,https://sc-victoriya.ru/articles/agrotehnika/36019/,https://sc-victoriya.ru/articles/agrotehnika/36019/,Воскрешение газона. Как вернуть к жизни выжженную солнцем...,yandex-api-Q000039.jsonl,live_yandex_organic
Q000040,газон под ключ,S2,transactional,Yaroslavl,desktop,2026-08-27T19:19:58+03:00,1,https://www.avito.ru/yaroslavl/predlozheniya_uslug?q=%D1%83%D0%BA%D0%BB%D0%B0%D0%B4%D0%BA%D0%B0+%D1%80%D1%83%D0%BB%D0%BE%D0%BD%D0%BD%D0%BE%D0%B3%D0%BE+%D0%B3%D0%B0%D0%B7%D0%BE%D0%BD%D0%B0,https://avito.ru/yaroslavl/predlozheniya_uslug/,укладка рулонного газона в Ярославле - цены и отзывы,yandex-api-Q000040.jsonl,live_yandex_organic
Q000040,газон под ключ,S2,transactional,Yaroslavl,desktop,2026-08-27T19:19:58+03:00,2,https://yaroslavl.mslandshaft.ru/catalog/gazon/,https://yaroslavl.mslandshaft.ru/catalog/gazon/,Устройство газона под ключ в Ярославле | Ландшафт Плюс,yandex-api-Q000040.jsonl,live_yandex_organic
Q000040,газон под ключ,S2,transactional,Yaroslavl,desktop,2026-08-27T19:19:58+03:00,3,https://yaroslavl.toruda.ru/stroitelstvo/ukladka-pokritija/gazon/,https://yaroslavl.toruda.ru/stroitelstvo/ukladka-pokritija/gazon/,Укладка рулонного газона под ключ в Ярославле | Торуда,yandex-api-Q000040.jsonl,live_yandex_organic
Q000040,газон под ключ,S2,transactional,Yaroslavl,desktop,2026-08-27T19:19:58+03:00,4,https://www.avito.ru/yaroslavl/predlozheniya_uslug/sad_blagoustroystvo-ASgBAgICAUSYC8KfAQ?q=%D0%B3%D0%B0%D0%B7%D0%BE%D0%BD+%D0%BF%D0%BE%D0%B4+%D0%BA%D0%BB%D1%8E%D1%87,https://avito.ru/yaroslavl/predlozheniya_uslug/sad_blagoustroystvo-ASgBAgICAUSYC8KfAQ/,газон под ключ в Ярославле - цены и отзывы | Услуги на Авито,yandex-api-Q000040.jsonl,live_yandex_organic
Q000040,газон под ключ,S2,transactional,Yaroslavl,desktop,2026-08-27T19:19:58+03:00,5,https://www.avito.ru/yaroslavl/predlozheniya_uslug?q=%D0%BF%D0%BE%D1%81%D0%B0%D0%B4%D0%BA%D0%B0+%D0%B3%D0%B0%D0%B7%D0%BE%D0%BD%D0%B0,https://avito.ru/yaroslavl/predlozheniya_uslug/,посадка газона в Ярославле - цены и отзывы | Услуги на Авито,yandex-api-Q000040.jsonl,live_yandex_organic
Q000040,газон под ключ,S2,transactional,Yaroslavl,desktop,2026-08-27T19:19:58+03:00,6,https://www.avito.ru/yaroslavl?q=%D1%80%D1%83%D0%BB%D0%BE%D0%BD%D0%BD%D1%8B%D0%B9+%D0%B3%D0%B0%D0%B7%D0%BE%D0%BD+%D0%BF%D0%BE%D0%B4+%D0%BA%D0%BB%D1%8E%D1%87,https://avito.ru/yaroslavl/,рулонный газон под ключ - Авито | Объявления... | Авито,yandex-api-Q000040.jsonl,live_yandex_organic
Q000040,газон под ключ,S2,transactional,Yaroslavl,desktop,2026-08-27T19:19:58+03:00,7,https://yaroslavl.mslandshaft.ru/catalog/gazon/obustrojstvo-gazona/,https://yaroslavl.mslandshaft.ru/catalog/gazon/obustrojstvo-gazona/,Обустройство газона в Ярославле | Ландшафт Плюс,yandex-api-Q000040.jsonl,live_yandex_organic
Q000040,газон под ключ,S2,transactional,Yaroslavl,desktop,2026-08-27T19:19:58+03:00,8,https://zabor76.ru/rulonnye-gazony,https://zabor76.ru/rulonnye-gazony/,Рулонные газоны Ярославль укладка под ключ | ЗМ 76,yandex-api-Q000040.jsonl,live_yandex_organic
Q000040,газон под ключ,S2,transactional,Yaroslavl,desktop,2026-08-27T19:19:58+03:00,9,https://yaroslavl.mslandshaft.ru/catalog/gazon/rulonnyj-gazon/,https://yaroslavl.mslandshaft.ru/catalog/gazon/rulonnyj-gazon/,Рулонный газон в Ярославле | Ландшафт Плюс,yandex-api-Q000040.jsonl,live_yandex_organic
Q000040,газон под ключ,S2,transactional,Yaroslavl,desktop,2026-08-27T19:19:58+03:00,10,https://yaroslavl.dizajn-landshaftnyj.ru/ukladka-rulonnogo-gazona/,https://yaroslavl.dizajn-landshaftnyj.ru/ukladka-rulonnogo-gazona/,Газон под ключ цена за м2 - Укладка рулонного газона...,yandex-api-Q000040.jsonl,live_yandex_organic
Q000041,газон под ключ,S2,transactional,Yaroslavl,mobile,2026-08-27T19:19:58+03:00,1,https://m.avito.ru/yaroslavl/predlozheniya_uslug?q=%D1%83%D0%BA%D0%BB%D0%B0%D0%B4%D0%BA%D0%B0+%D1%80%D1%83%D0%BB%D0%BE%D0%BD%D0%BD%D0%BE%D0%B3%D0%BE+%D0%B3%D0%B0%D0%B7%D0%BE%D0%BD%D0%B0,https://m.avito.ru/yaroslavl/predlozheniya_uslug/,укладка рулонного газона в Ярославле - цены и отзывы | Услуги на Авито,yandex-api-Q000041.jsonl,live_yandex_organic
Q000041,газон под ключ,S2,transactional,Yaroslavl,mobile,2026-08-27T19:19:58+03:00,2,https://yaroslavl.mslandshaft.ru/catalog/gazon/,https://yaroslavl.mslandshaft.ru/catalog/gazon/,Устройство газона под ключ в Ярославле | Ландшафт Плюс,yandex-api-Q000041.jsonl,live_yandex_organic
Q000041,газон под ключ,S2,transactional,Yaroslavl,mobile,2026-08-27T19:19:58+03:00,3,https://yaroslavl.toruda.ru/stroitelstvo/ukladka-pokritija/gazon/,https://yaroslavl.toruda.ru/stroitelstvo/ukladka-pokritija/gazon/,Укладка рулонного газона под ключ в Ярославле | Торуда,yandex-api-Q000041.jsonl,live_yandex_organic
Q000041,газон под ключ,S2,transactional,Yaroslavl,mobile,2026-08-27T19:19:58+03:00,4,https://m.avito.ru/yaroslavl/predlozheniya_uslug/sad_blagoustroystvo-ASgBAgICAUSYC8KfAQ?q=%D0%B3%D0%B0%D0%B7%D0%BE%D0%BD+%D0%BF%D0%BE%D0%B4+%D0%BA%D0%BB%D1%8E%D1%87,https://m.avito.ru/yaroslavl/predlozheniya_uslug/sad_blagoustroystvo-ASgBAgICAUSYC8KfAQ/,газон под ключ в Ярославле - цены и отзывы | Услуги на Авито,yandex-api-Q000041.jsonl,live_yandex_organic
Q000041,газон под ключ,S2,transactional,Yaroslavl,mobile,2026-08-27T19:19:58+03:00,5,https://m.avito.ru/yaroslavl/predlozheniya_uslug?q=%D0%BF%D0%BE%D1%81%D0%B0%D0%B4%D0%BA%D0%B0+%D0%B3%D0%B0%D0%B7%D0%BE%D0%BD%D0%B0,https://m.avito.ru/yaroslavl/predlozheniya_uslug/,посадка газона в Ярославле - цены и отзывы | Услуги на Авито,yandex-api-Q000041.jsonl,live_yandex_organic
Q000041,газон под ключ,S2,transactional,Yaroslavl,mobile,2026-08-27T19:19:58+03:00,6,https://m.avito.ru/yaroslavl?q=%D1%80%D1%83%D0%BB%D0%BE%D0%BD%D0%BD%D1%8B%D0%B9+%D0%B3%D0%B0%D0%B7%D0%BE%D0%BD+%D0%BF%D0%BE%D0%B4+%D0%BA%D0%BB%D1%8E%D1%87,https://m.avito.ru/yaroslavl/,рулонный газон под ключ - Авито | Объявления в Ярославле... | Авито,yandex-api-Q000041.jsonl,live_yandex_organic
Q000041,газон под ключ,S2,transactional,Yaroslavl,mobile,2026-08-27T19:19:58+03:00,7,https://yaroslavl.mslandshaft.ru/catalog/gazon/obustrojstvo-gazona/,https://yaroslavl.mslandshaft.ru/catalog/gazon/obustrojstvo-gazona/,Обустройство газона в Ярославле | Ландшафт Плюс,yandex-api-Q000041.jsonl,live_yandex_organic
Q000041,газон под ключ,S2,transactional,Yaroslavl,mobile,2026-08-27T19:19:58+03:00,8,https://zabor76.ru/rulonnye-gazony,https://zabor76.ru/rulonnye-gazony/,Рулонные газоны Ярославль укладка под ключ | ЗМ 76,yandex-api-Q000041.jsonl,live_yandex_organic
Q000041,газон под ключ,S2,transactional,Yaroslavl,mobile,2026-08-27T19:19:58+03:00,9,https://yaroslavl.mslandshaft.ru/catalog/gazon/rulonnyj-gazon/,https://yaroslavl.mslandshaft.ru/catalog/gazon/rulonnyj-gazon/,Рулонный газон в Ярославле | Ландшафт Плюс,yandex-api-Q000041.jsonl,live_yandex_organic
Q000041,газон под ключ,S2,transactional,Yaroslavl,mobile,2026-08-27T19:19:58+03:00,10,https://yaroslavl.dizajn-landshaftnyj.ru/ukladka-rulonnogo-gazona/,https://yaroslavl.dizajn-landshaftnyj.ru/ukladka-rulonnogo-gazona/,Газон под ключ цена за м2 - Укладка рулонного газона в Ярославле,yandex-api-Q000041.jsonl,live_yandex_organic
Q000042,газон под ключ полесье ярославль,S2,transactional,Yaroslavl,desktop,2026-08-27T19:19:58+03:00,1,https://www.avito.ru/yaroslavl/predlozheniya_uslug?q=%D1%83%D1%81%D1%82%D1%80%D0%BE%D0%B9%D1%81%D1%82%D0%B2%D0%BE+%D0%B3%D0%B0%D0%B7%D0%BE%D0%BD%D0%B0,https://avito.ru/yaroslavl/predlozheniya_uslug/,устройство газона в Ярославле - цены и отзывы | Услуги на Авито,yandex-api-Q000042.jsonl,live_yandex_organic
Q000042,газон под ключ полесье ярославль,S2,transactional,Yaroslavl,desktop,2026-08-27T19:19:58+03:00,2,https://www.avito.ru/yaroslavl/predlozheniya_uslug?q=%D1%83%D0%BA%D0%BB%D0%B0%D0%B4%D0%BA%D0%B0+%D1%80%D1%83%D0%BB%D0%BE%D0%BD%D0%BD%D0%BE%D0%B3%D0%BE+%D0%B3%D0%B0%D0%B7%D0%BE%D0%BD%D0%B0,https://avito.ru/yaroslavl/predlozheniya_uslug/,укладка рулонного газона в Ярославле - цены и отзывы,yandex-api-Q000042.jsonl,live_yandex_organic
Q000042,газон под ключ полесье ярославль,S2,transactional,Yaroslavl,desktop,2026-08-27T19:19:58+03:00,3,https://www.avito.ru/yaroslavl/predlozheniya_uslug?q=%D0%BF%D0%BE%D1%81%D0%B5%D0%B2+%D0%B3%D0%B0%D0%B7%D0%BE%D0%BD%D0%B0,https://avito.ru/yaroslavl/predlozheniya_uslug/,посев газона в Ярославле - цены и отзывы | Услуги на Авито,yandex-api-Q000042.jsonl,live_yandex_organic
Q000042,газон под ключ полесье ярославль,S2,transactional,Yaroslavl,desktop,2026-08-27T19:19:58+03:00,4,https://www.avito.ru/yaroslavl/predlozheniya_uslug?q=%D0%BF%D0%BE%D1%81%D0%B0%D0%B4%D0%BA%D0%B0+%D0%B3%D0%B0%D0%B7%D0%BE%D0%BD%D0%B0,https://avito.ru/yaroslavl/predlozheniya_uslug/,посадка газона в Ярославле - цены и отзывы | Услуги на Авито,yandex-api-Q000042.jsonl,live_yandex_organic
Q000042,газон под ключ полесье ярославль,S2,transactional,Yaroslavl,desktop,2026-08-27T19:19:58+03:00,5,https://www.avito.ru/yaroslavl/predlozheniya_uslug/sad_blagoustroystvo-ASgBAgICAUSYC8KfAQ?q=%D1%83%D1%85%D0%BE%D0%B4+%D0%B7%D0%B0+%D0%B3%D0%B0%D0%B7%D0%BE%D0%BD%D0%BE%D0%BC,https://avito.ru/yaroslavl/predlozheniya_uslug/sad_blagoustroystvo-ASgBAgICAUSYC8KfAQ/,уход за газоном в Ярославле - цены и отзывы | Услуги на Авито,yandex-api-Q000042.jsonl,live_yandex_organic
Q000042,газон под ключ полесье ярославль,S2,transactional,Yaroslavl,desktop,2026-08-27T19:19:58+03:00,6,https://www.avito.ru/yaroslavl/predlozheniya_uslug/sad_blagoustroystvo-ASgBAgICAUSYC8KfAQ?q=%D0%B3%D0%B8%D0%B4%D1%80%D0%BE%D0%BF%D0%BE%D1%81%D0%B5%D0%B2+%D0%B3%D0%B0%D0%B7%D0%BE%D0%BD%D0%B0,https://avito.ru/yaroslavl/predlozheniya_uslug/sad_blagoustroystvo-ASgBAgICAUSYC8KfAQ/,гидропосев газона в Ярославле - цены и отзывы | Услуги на Авито,yandex-api-Q000042.jsonl,live_yandex_organic
Q000042,газон под ключ полесье ярославль,S2,transactional,Yaroslavl,desktop,2026-08-27T19:19:58+03:00,7,https://www.avito.ru/yaroslavl/rasteniya/sadovye_rasteniya/gazon-ASgBAgICAkT8lRW4zpEDoJgV2NqRAw?q=%D1%80%D1%83%D0%BB%D0%BE%D0%BD%D0%BD%D1%8B%D0%B9+%D0%B3%D0%B0%D0%B7%D0%BE%D0%BD,https://avito.ru/yaroslavl/rasteniya/sadovye_rasteniya/gazon-ASgBAgICAkT8lRW4zpEDoJgV2NqRAw/,Рулонный газон - купить в Ярославле с доставкой | Авито,yandex-api-Q000042.jsonl,live_yandex_organic
Q000042,газон под ключ полесье ярославль,S2,transactional,Yaroslavl,desktop,2026-08-27T19:19:58+03:00,8,https://www.avito.ru/yaroslavl/predlozheniya_uslug?q=%D0%B2%D1%8B%D1%80%D0%B0%D0%B2%D0%BD%D0%B8%D0%B2%D0%B0%D0%BD%D0%B8%D0%B5+%D1%83%D1%87%D0%B0%D1%81%D1%82%D0%BA%D0%B0+%D0%BF%D0%BE%D0%B4+%D0%B3%D0%B0%D0%B7%D0%BE%D0%BD,https://avito.ru/yaroslavl/predlozheniya_uslug/,выравнивание участка под газон в Ярославле - цены и отзывы,yandex-api-Q000042.jsonl,live_yandex_organic
Q000042,газон под ключ полесье ярославль,S2,transactional,Yaroslavl,desktop,2026-08-27T19:19:58+03:00,9,https://www.avito.ru/yaroslavl/rasteniya?q=%D1%80%D1%83%D0%BB%D0%BE%D0%BD%D0%BD%D1%8B%D0%B9+%D0%B3%D0%B0%D0%B7%D0%BE%D0%BD,https://avito.ru/yaroslavl/rasteniya/,Рулонный газон - купить в Ярославле | Недорогие... | Авито,yandex-api-Q000042.jsonl,live_yandex_organic
Q000042,газон под ключ полесье ярославль,S2,transactional,Yaroslavl,desktop,2026-08-27T19:19:58+03:00,10,https://www.avito.ru/yaroslavl?q=%D1%80%D1%83%D0%BB%D0%BE%D0%BD%D0%BD%D1%8B%D0%B9%20%D0%B3%D0%B0%D0%B7%D0%BE%D0%BD,https://avito.ru/yaroslavl/,рулонный газон - Авито | Объявления в Ярославле: купить... | Авито,yandex-api-Q000042.jsonl,live_yandex_organic
Q000043,газон под ключ цена,S2,transactional,Yaroslavl,desktop,2026-08-27T19:19:58+03:00,1,https://zabor76.ru/rulonnye-gazony,https://zabor76.ru/rulonnye-gazony/,Рулонные газоны Ярославль укладка под ключ | ЗМ 76,yandex-api-Q000043.jsonl,live_yandex_organic
Q000043,газон под ключ цена,S2,transactional,Yaroslavl,desktop,2026-08-27T19:19:58+03:00,2,https://www.avito.ru/yaroslavl/predlozheniya_uslug?q=%D1%83%D0%BA%D0%BB%D0%B0%D0%B4%D0%BA%D0%B0+%D1%80%D1%83%D0%BB%D0%BE%D0%BD%D0%BD%D0%BE%D0%B3%D0%BE+%D0%B3%D0%B0%D0%B7%D0%BE%D0%BD%D0%B0,https://avito.ru/yaroslavl/predlozheniya_uslug/,укладка рулонного газона в Ярославле - цены и отзывы,yandex-api-Q000043.jsonl,live_yandex_organic
Q000043,газон под ключ цена,S2,transactional,Yaroslavl,desktop,2026-08-27T19:19:58+03:00,3,https://www.avito.ru/yaroslavl/predlozheniya_uslug?q=%D0%BF%D0%BE%D1%81%D0%B5%D0%B2+%D0%B3%D0%B0%D0%B7%D0%BE%D0%BD%D0%B0,https://avito.ru/yaroslavl/predlozheniya_uslug/,посев газона в Ярославле - цены и отзывы | Услуги на Авито,yandex-api-Q000043.jsonl,live_yandex_organic
Q000043,газон под ключ цена,S2,transactional,Yaroslavl,desktop,2026-08-27T19:19:58+03:00,4,https://yaroslavl.mslandshaft.ru/catalog/gazon/,https://yaroslavl.mslandshaft.ru/catalog/gazon/,Устройство газона под ключ в Ярославле | Ландшафт Плюс,yandex-api-Q000043.jsonl,live_yandex_organic
Q000043,газон под ключ цена,S2,transactional,Yaroslavl,desktop,2026-08-27T19:19:58+03:00,5,https://www.avito.ru/yaroslavl/predlozheniya_uslug?q=%D1%83%D1%81%D1%82%D1%80%D0%BE%D0%B9%D1%81%D1%82%D0%B2%D0%BE+%D0%B3%D0%B0%D0%B7%D0%BE%D0%BD%D0%B0,https://avito.ru/yaroslavl/predlozheniya_uslug/,устройство газона в Ярославле - цены и отзывы | Услуги на Авито,yandex-api-Q000043.jsonl,live_yandex_organic
Q000043,газон под ключ цена,S2,transactional,Yaroslavl,desktop,2026-08-27T19:19:58+03:00,6,https://yaroslavl.mslandshaft.ru/catalog/gazon/obustrojstvo-gazona/,https://yaroslavl.mslandshaft.ru/catalog/gazon/obustrojstvo-gazona/,Обустройство газона в Ярославле | Ландшафт Плюс,yandex-api-Q000043.jsonl,live_yandex_organic
Q000043,газон под ключ цена,S2,transactional,Yaroslavl,desktop,2026-08-27T19:19:58+03:00,7,https://www.avito.ru/yaroslavl/predlozheniya_uslug?q=%D0%BF%D0%BE%D1%81%D0%B0%D0%B4%D0%BA%D0%B0+%D0%B3%D0%B0%D0%B7%D0%BE%D0%BD%D0%B0,https://avito.ru/yaroslavl/predlozheniya_uslug/,посадка газона в Ярославле - цены и отзывы | Услуги на Авито,yandex-api-Q000043.jsonl,live_yandex_organic
Q000043,газон под ключ цена,S2,transactional,Yaroslavl,desktop,2026-08-27T19:19:58+03:00,8,https://www.avito.ru/yaroslavl/predlozheniya_uslug/sad_blagoustroystvo-ASgBAgICAUSYC8KfAQ?q=%D0%B3%D0%B0%D0%B7%D0%BE%D0%BD+%D0%BF%D0%BE%D0%B4+%D0%BA%D0%BB%D1%8E%D1%87,https://avito.ru/yaroslavl/predlozheniya_uslug/sad_blagoustroystvo-ASgBAgICAUSYC8KfAQ/,газон под ключ в Ярославле - цены и отзывы | Услуги на Авито,yandex-api-Q000043.jsonl,live_yandex_organic
Q000043,газон под ключ цена,S2,transactional,Yaroslavl,desktop,2026-08-27T19:19:58+03:00,9,https://www.avito.ru/yaroslavl/predlozheniya_uslug?q=%D0%B3%D0%B0%D0%B7%D0%BE%D0%BD,https://avito.ru/yaroslavl/predlozheniya_uslug/,газон в Ярославле - цены и отзывы | Услуги на Авито,yandex-api-Q000043.jsonl,live_yandex_organic
Q000043,газон под ключ цена,S2,transactional,Yaroslavl,desktop,2026-08-27T19:19:58+03:00,10,https://yaroslavl.wetzavet.ru/obustroystvo-gazonov/prays-list/,https://yaroslavl.wetzavet.ru/obustroystvo-gazonov/prays-list/,"Устройство газона прайс-лист, устройство газона прайс-лист...",yandex-api-Q000043.jsonl,live_yandex_organic
Q000044,газон рулонный в рыбинске,S2,commercial_research,Yaroslavl,desktop,2026-08-27T19:19:58+03:00,1,https://www.ozon.ru/category/gazonnaya-trava-v-rulonah/,https://ozon.ru/category/gazonnaya-trava-v-rulonah/,Газонная трава в рулонах купить на OZON по низкой цене,yandex-api-Q000044.jsonl,live_yandex_organic
Q000044,газон рулонный в рыбинске,S2,commercial_research,Yaroslavl,desktop,2026-08-27T19:19:58+03:00,2,https://www.avito.ru/rybinsk/rasteniya?q=%D1%80%D1%83%D0%BB%D0%BE%D0%BD%D0%BD%D1%8B%D0%B9+%D0%B3%D0%B0%D0%B7%D0%BE%D0%BD,https://avito.ru/rybinsk/rasteniya/,Рулонный газон - купить в Рыбинске с доставкой | Авито,yandex-api-Q000044.jsonl,live_yandex_organic
Q000044,газон рулонный в рыбинске,S2,commercial_research,Yaroslavl,desktop,2026-08-27T19:19:58+03:00,3,https://www.avito.ru/rybinsk/rasteniya/sadovye_rasteniya/gazon-ASgBAgICAkT8lRW4zpEDoJgV2NqRAw,https://avito.ru/rybinsk/rasteniya/sadovye_rasteniya/gazon-ASgBAgICAkT8lRW4zpEDoJgV2NqRAw/,Купить газон  в Рыбинске с доставкой | Недорогие... | Авито,yandex-api-Q000044.jsonl,live_yandex_organic
Q000044,газон рулонный в рыбинске,S2,commercial_research,Yaroslavl,desktop,2026-08-27T19:19:58+03:00,4,https://www.avito.ru/rybinsk?q=%D1%80%D1%83%D0%BB%D0%BE%D0%BD%D0%BD%D1%8B%D0%B9+%D0%B3%D0%B0%D0%B7%D0%BE%D0%BD+%D0%BA%D1%83%D0%BF%D0%B8%D1%82%D1%8C,https://avito.ru/rybinsk/,рулонный газон купить - Авито | Объявления в Рыбинске... | Авито,yandex-api-Q000044.jsonl,live_yandex_organic
Q000044,газон рулонный в рыбинске,S2,commercial_research,Yaroslavl,desktop,2026-08-27T19:19:58+03:00,5,https://rybinsk.toruda.ru/pokritie/gazon/rulonnij/,https://rybinsk.toruda.ru/pokritie/gazon/rulonnij/,Купить рулонный газон по выгодной цене за м² в Рыбинске от...,yandex-api-Q000044.jsonl,live_yandex_organic
Q000044,газон рулонный в рыбинске,S2,commercial_research,Yaroslavl,desktop,2026-08-27T19:19:58+03:00,6,https://rybinsk.det-ploshadka.ru/pokrytiya/gazon/rulonnyy/,https://rybinsk.det-ploshadka.ru/pokrytiya/gazon/rulonnyy/,Купить рулонный газон по выгодной цене в Рыбинске...,yandex-api-Q000044.jsonl,live_yandex_organic
Q000044,газон рулонный в рыбинске,S2,commercial_research,Yaroslavl,desktop,2026-08-27T19:19:58+03:00,7,https://www.avito.ru/rybinsk/predlozheniya_uslug/sad_blagoustroystvo-ASgBAgICAUSYC8KfAQ?q=%D1%80%D1%83%D0%BB%D0%BE%D0%BD%D0%BD%D1%8B%D0%B9+%D0%B3%D0%B0%D0%B7%D0%BE%D0%BD,https://avito.ru/rybinsk/predlozheniya_uslug/sad_blagoustroystvo-ASgBAgICAUSYC8KfAQ/,рулонный газон в Рыбинске - цены и отзывы | Услуги на Авито,yandex-api-Q000044.jsonl,live_yandex_organic
Q000044,газон рулонный в рыбинске,S2,commercial_research,Yaroslavl,desktop,2026-08-27T19:19:58+03:00,8,https://www.avito.ru/yaroslavskaya_oblast/dlya_doma_i_dachi?q=%D1%80%D1%83%D0%BB%D0%BE%D0%BD%D0%BD%D1%8B%D0%B9+%D0%B3%D0%B0%D0%B7%D0%BE%D0%BD,https://avito.ru/yaroslavskaya_oblast/dlya_doma_i_dachi/,рулонный газон - Купить товары для дома и дачи... | Авито,yandex-api-Q000044.jsonl,live_yandex_organic
Q000044,газон рулонный в рыбинске,S2,commercial_research,Yaroslavl,desktop,2026-08-27T19:19:58+03:00,9,https://www.wildberries.ru/catalog/tags/gazonnaja-trava-rulonnaja-naturalbnaja,https://wildberries.ru/catalog/tags/gazonnaja-trava-rulonnaja-naturalbnaja/,Газонная трава рулонная натуральная - Купить в интернет...,yandex-api-Q000044.jsonl,live_yandex_organic
Q000044,газон рулонный в рыбинске,S2,commercial_research,Yaroslavl,desktop,2026-08-27T19:19:58+03:00,10,https://www.avito.ru/yaroslavskaya_oblast?q=%D1%80%D1%83%D0%BB%D0%BE%D0%BD%D0%BD%D1%8B%D0%B9%20%D0%B3%D0%B0%D0%B7%D0%BE%D0%BD,https://avito.ru/yaroslavskaya_oblast/,рулонный газон - Авито | Объявления в Ярославской... | Авито,yandex-api-Q000044.jsonl,live_yandex_organic
Q000045,заказать рулонные газоны,S2,transactional,Yaroslavl,desktop,2026-08-27T19:19:58+03:00,1,https://yaroslavly.gazon-ka.ru/catalog/rulonnyy_gazon/standartnyy_rulonnyy_gazon.html,https://yaroslavly.gazon-ka.ru/catalog/rulonnyy_gazon/standartnyy_rulonnyy_gazon.html/,Купить Стандартный рулонный газон от магазина Gazon-ka,yandex-api-Q000045.jsonl,live_yandex_organic
Q000045,заказать рулонные газоны,S2,transactional,Yaroslavl,desktop,2026-08-27T19:19:58+03:00,2,https://gazoncity.ru/catalog/rulonnyy_gazon/,https://gazoncity.ru/catalog/rulonnyy_gazon/,Рулонный газон купить оптом и в розницу у производителя по...,yandex-api-Q000045.jsonl,live_yandex_organic
Q000045,заказать рулонные газоны,S2,transactional,Yaroslavl,desktop,2026-08-27T19:19:58+03:00,3,https://yaroslavl.det-ploshadka.ru/pokrytiya/gazon/rulonnyy/,https://yaroslavl.det-ploshadka.ru/pokrytiya/gazon/rulonnyy/,Купить рулонный газон по выгодной цене в Ярославле...,yandex-api-Q000045.jsonl,live_yandex_organic
Q000045,заказать рулонные газоны,S2,transactional,Yaroslavl,desktop,2026-08-27T19:19:58+03:00,4,https://yaroslavly.gazon-ka.ru/catalog/rulonnyy_gazon/rulonnyy_gazon_ekonom.html,https://yaroslavly.gazon-ka.ru/catalog/rulonnyy_gazon/rulonnyy_gazon_ekonom.html/,Рулонный газон Эконом - купить в Москве | Gazon-ka.ru,yandex-api-Q000045.jsonl,live_yandex_organic
Q000045,заказать рулонные газоны,S2,transactional,Yaroslavl,desktop,2026-08-27T19:19:58+03:00,5,https://yaroslavl.toruda-dvor.ru/pokritija/gazon/rulonnij/,https://yaroslavl.toruda-dvor.ru/pokritija/gazon/rulonnij/,Рулонный газон в Ярославле – купить по выгодной цене...,yandex-api-Q000045.jsonl,live_yandex_organic
Q000045,заказать рулонные газоны,S2,transactional,Yaroslavl,desktop,2026-08-27T19:19:58+03:00,6,https://yaroslavly.gazon-ka.ru/,https://yaroslavly.gazon-ka.ru/,Продажа газонов - интернет-магазин газонных травосмесей...,yandex-api-Q000045.jsonl,live_yandex_organic
Q000045,заказать рулонные газоны,S2,transactional,Yaroslavl,desktop,2026-08-27T19:19:58+03:00,7,https://www.ozon.ru/category/rulonnyy-gazon/,https://ozon.ru/category/rulonnyy-gazon/,Рулонный газон купить на OZON по низкой цене,yandex-api-Q000045.jsonl,live_yandex_organic
Q000045,заказать рулонные газоны,S2,transactional,Yaroslavl,desktop,2026-08-27T19:19:58+03:00,8,https://yaroslavly.gazon-ka.ru/catalog/rulonnyy_gazon/,https://yaroslavly.gazon-ka.ru/catalog/rulonnyy_gazon/,"Газон в рулонах в Москве, купить газонный рулон с доставкой...",yandex-api-Q000045.jsonl,live_yandex_organic
Q000045,заказать рулонные газоны,S2,transactional,Yaroslavl,desktop,2026-08-27T19:19:58+03:00,9,https://yaroslavl.toruda.ru/pokritie/gazon/rulonnij/,https://yaroslavl.toruda.ru/pokritie/gazon/rulonnij/,Купить рулонный газон по выгодной цене за м² в Ярославле от...,yandex-api-Q000045.jsonl,live_yandex_organic
Q000045,заказать рулонные газоны,S2,transactional,Yaroslavl,desktop,2026-08-27T19:19:58+03:00,10,https://yaroslavl.toruda-park.ru/ulichnye-pokrytiya/gazony/rulonnye/,https://yaroslavl.toruda-park.ru/ulichnye-pokrytiya/gazony/rulonnye/,Рулонные газоны по выгодной цене в Ярославле от 948...,yandex-api-Q000045.jsonl,live_yandex_organic
Q000046,полив газонов ярославль,S2,commercial_research,Yaroslavl,desktop,2026-08-27T19:19:58+03:00,1,http://ac76.ru/,https://ac76.ru/,Aqua Construction — Системы автоматического полива...,yandex-api-Q000046.jsonl,live_yandex_organic
Q000046,полив газонов ярославль,S2,commercial_research,Yaroslavl,desktop,2026-08-27T19:19:58+03:00,2,https://www.avito.ru/yaroslavl/predlozheniya_uslug?q=%D0%BF%D0%BE%D0%BB%D0%B8%D0%B2+%D0%B3%D0%B0%D0%B7%D0%BE%D0%BD%D0%B0,https://avito.ru/yaroslavl/predlozheniya_uslug/,полив газона в Ярославле - цены и отзывы | Услуги на Авито,yandex-api-Q000046.jsonl,live_yandex_organic
Q000046,полив газонов ярославль,S2,commercial_research,Yaroslavl,desktop,2026-08-27T19:19:58+03:00,3,https://www.avito.ru/yaroslavl/predlozheniya_uslug?q=%D0%B0%D0%B2%D1%82%D0%BE%D0%BF%D0%BE%D0%BB%D0%B8%D0%B2,https://avito.ru/yaroslavl/predlozheniya_uslug/,автополив в Ярославле - цены и отзывы | Услуги на Авито,yandex-api-Q000046.jsonl,live_yandex_organic
Q000046,полив газонов ярославль,S2,commercial_research,Yaroslavl,desktop,2026-08-27T19:19:58+03:00,4,https://www.avito.ru/yaroslavskaya_oblast/predlozheniya_uslug/sad_blagoustroystvo/ozelenenie_uhod_za_sadom_i_ogorodom-ASgBAgICAkSYC8KfAdCuDvy80AE?q=%D0%B0%D0%B2%D1%82%D0%BE%D0%BF%D0%BE%D0%BB%D0%B8%D0%B2,https://avito.ru/yaroslavskaya_oblast/predlozheniya_uslug/sad_blagoustroystvo/ozelenenie_uhod_za_sadom_i_ogorodom-ASgBAgICAkSYC8KfAdCuDvy80AE/,автополив в Ярославской области - цены и отзывы | Услуги на...,yandex-api-Q000046.jsonl,live_yandex_organic
Q000046,полив газонов ярославль,S2,commercial_research,Yaroslavl,desktop,2026-08-27T19:19:58+03:00,5,https://www.avito.ru/yaroslavl/predlozheniya_uslug/sad_blagoustroystvo-ASgBAgICAUSYC8KfAQ?q=%D0%B0%D0%B2%D1%82%D0%BE%D0%BC%D0%B0%D1%82%D0%B8%D1%87%D0%B5%D1%81%D0%BA%D0%B8%D0%B9+%D0%BF%D0%BE%D0%BB%D0%B8%D0%B2,https://avito.ru/yaroslavl/predlozheniya_uslug/sad_blagoustroystvo-ASgBAgICAUSYC8KfAQ/,автоматический полив в Ярославле - цены и отзывы | Услуги на...,yandex-api-Q000046.jsonl,live_yandex_organic
Q000046,полив газонов ярославль,S2,commercial_research,Yaroslavl,desktop,2026-08-27T19:19:58+03:00,6,https://www.ozon.ru/category/sistema-avtopoliva-dlya-gazona/,https://ozon.ru/category/sistema-avtopoliva-dlya-gazona/,Система автополива для газона купить на OZON по низкой цене,yandex-api-Q000046.jsonl,live_yandex_organic
Q000046,полив газонов ярославль,S2,commercial_research,Yaroslavl,desktop,2026-08-27T19:19:58+03:00,7,https://yaroslavl.mslandshaft.ru/catalog/montazh-sistemy-avtopoliva/,https://yaroslavl.mslandshaft.ru/catalog/montazh-sistemy-avtopoliva/,Автополив под ключ в Ярославле | Ландшафт Плюс,yandex-api-Q000046.jsonl,live_yandex_organic
Q000046,полив газонов ярославль,S2,commercial_research,Yaroslavl,desktop,2026-08-27T19:19:58+03:00,8,https://uslugi.yandex.ru/16-yaroslavl/category?text=%D0%BC%D0%BE%D0%BD%D1%82%D0%B0%D0%B6+%D1%81%D0%B8%D1%81%D1%82%D0%B5%D0%BC%D1%8B+%D0%B0%D0%B2%D1%82%D0%BE%D0%BF%D0%BE%D0%BB%D0%B8%D0%B2%D0%B0,https://uslugi.yandex.ru/16-yaroslavl/category/,Монтаж системы автополива в Ярославле: 149 ландшафтных...,yandex-api-Q000046.jsonl,live_yandex_organic
Q000046,полив газонов ярославль,S2,commercial_research,Yaroslavl,desktop,2026-08-27T19:19:58+03:00,9,https://uslugi.yandex.ru/10841-yaroslavl-oblast/category?text=%D0%B0%D0%B2%D1%82%D0%BE%D0%BF%D0%BE%D0%BB%D0%B8%D0%B2+%D0%B3%D0%B0%D0%B7%D0%BE%D0%BD%D0%B0,https://uslugi.yandex.ru/10841-yaroslavl-oblast/category/,Автополив газона в Ярославской области: 39 ландшафтных...,yandex-api-Q000046.jsonl,live_yandex_organic
Q000046,полив газонов ярославль,S2,commercial_research,Yaroslavl,desktop,2026-08-27T19:19:58+03:00,10,https://www.avito.ru/yaroslavl/predlozheniya_uslug/sad_blagoustroystvo-ASgBAgICAUSYC8KfAQ?q=%D1%83%D1%85%D0%BE%D0%B4+%D0%B7%D0%B0+%D0%B3%D0%B0%D0%B7%D0%BE%D0%BD%D0%BE%D0%BC,https://avito.ru/yaroslavl/predlozheniya_uslug/sad_blagoustroystvo-ASgBAgICAUSYC8KfAQ/,уход за газоном в Ярославле - цены и отзывы | Услуги на Авито,yandex-api-Q000046.jsonl,live_yandex_organic
Q000047,посевной газон,S2,commercial_research,Yaroslavl,desktop,2026-08-27T19:19:58+03:00,1,https://www.ozon.ru/category/gazonnaya-trava/,https://ozon.ru/category/gazonnaya-trava/,Газонная трава купить на OZON по низкой цене,yandex-api-Q000047.jsonl,live_yandex_organic
Q000047,посевной газон,S2,commercial_research,Yaroslavl,desktop,2026-08-27T19:19:58+03:00,2,https://www.vseinstrumenti.ru/tag-page/gazonnaya-trava-universalnaya-100404/,https://vseinstrumenti.ru/tag-page/gazonnaya-trava-universalnaya-100404/,Газонная трава универсальная купить: выгодные цены от 268...,yandex-api-Q000047.jsonl,live_yandex_organic
Q000047,посевной газон,S2,commercial_research,Yaroslavl,desktop,2026-08-27T19:19:58+03:00,3,https://www.vseinstrumenti.ru/category/semena-gazonnoj-travy-6720/,https://vseinstrumenti.ru/category/semena-gazonnoj-travy-6720/,"Семена для газонной травы, травосмеси по выгодным ценам...",yandex-api-Q000047.jsonl,live_yandex_organic
Q000047,посевной газон,S2,commercial_research,Yaroslavl,desktop,2026-08-27T19:19:58+03:00,4,https://www.wildberries.ru/catalog/dom/dachniy-sezon/rasteniya-semena-i-grunty/tags/gazonnaja-trava,https://wildberries.ru/catalog/dom/dachniy-sezon/rasteniya-semena-i-grunty/tags/gazonnaja-trava/,Газонная трава - Купить в интернет магазине WildBerries.ru,yandex-api-Q000047.jsonl,live_yandex_organic
Q000047,посевной газон,S2,commercial_research,Yaroslavl,desktop,2026-08-27T19:19:58+03:00,5,https://www.ozon.ru/club/article/kak-vybrat-gazonnuyu-travu-pokupaem-luchshuyu-238248/,https://ozon.ru/club/article/kak-vybrat-gazonnuyu-travu-pokupaem-luchshuyu-238248/,Как выбрать газонную траву? Покупаем лучшую — Ozon Клуб,yandex-api-Q000047.jsonl,live_yandex_organic
Q000047,посевной газон,S2,commercial_research,Yaroslavl,desktop,2026-08-27T19:19:58+03:00,6,https://www.vseinstrumenti.ru/publication/kak-seyat-gazonnuyu-travu-vybor-semyan-i-instruktsiya-4421/,https://vseinstrumenti.ru/publication/kak-seyat-gazonnuyu-travu-vybor-semyan-i-instruktsiya-4421/,Как сеять газонную траву: выбор семян и инструкция...,yandex-api-Q000047.jsonl,live_yandex_organic
Q000047,посевной газон,S2,commercial_research,Yaroslavl,desktop,2026-08-27T19:19:58+03:00,7,https://znaet.petrovich.ru/blagoustroystvo/landshaft/rasteniya/instruktsiya/kak-posadit-i-vyrastit-gazon-svoimi-rukami/,https://znaet.petrovich.ru/blagoustroystvo/landshaft/rasteniya/instruktsiya/kak-posadit-i-vyrastit-gazon-svoimi-rukami/,Как посадить и вырастить газон своими... - «Петрович.Знает»,yandex-api-Q000047.jsonl,live_yandex_organic
Q000047,посевной газон,S2,commercial_research,Yaroslavl,desktop,2026-08-27T19:19:58+03:00,8,https://www.tn.ru/journal/kak-pravilno-poseyat-gazonnuyu-travu-svoimi-rukami/,https://tn.ru/journal/kak-pravilno-poseyat-gazonnuyu-travu-svoimi-rukami/,"Как сеять газонную траву: пошаговая инструкция, как правильно...",yandex-api-Q000047.jsonl,live_yandex_organic
Q000047,посевной газон,S2,commercial_research,Yaroslavl,desktop,2026-08-27T19:19:58+03:00,9,https://market.yandex.ru/search?text=%D0%B3%D0%B0%D0%B7%D0%BE%D0%BD%20%D0%BF%D0%BE%D1%81%D0%B5%D0%B2%D0%BD%D0%BE%D0%B9,https://market.yandex.ru/search/,Газон посевной — купить по низкой цене на Яндекс Маркете,yandex-api-Q000047.jsonl,live_yandex_organic
Q000047,посевной газон,S2,commercial_research,Yaroslavl,desktop,2026-08-27T19:19:58+03:00,10,https://gazoncity.ru/info/articles/kakoy-gazon-luchshe-rulonnyy-ili-posevnoy/,https://gazoncity.ru/info/articles/kakoy-gazon-luchshe-rulonnyy-ili-posevnoy/,Какой газон лучше: рулонный или посевной?,yandex-api-Q000047.jsonl,live_yandex_organic
Q000048,посевной газон под ключ г ярославль ул магистральная 7 7,S2,transactional,Yaroslavl,desktop,2026-08-27T19:19:58+03:00,1,https://www.avito.ru/yaroslavl/predlozheniya_uslug?q=%D1%83%D1%81%D1%82%D1%80%D0%BE%D0%B9%D1%81%D1%82%D0%B2%D0%BE+%D0%B3%D0%B0%D0%B7%D0%BE%D0%BD%D0%B0,https://avito.ru/yaroslavl/predlozheniya_uslug/,устройство газона в Ярославле - цены и отзывы | Услуги на Авито,yandex-api-Q000048.jsonl,live_yandex_organic
Q000048,посевной газон под ключ г ярославль ул магистральная 7 7,S2,transactional,Yaroslavl,desktop,2026-08-27T19:19:58+03:00,2,https://yandex.ru/maps/org/formaf/52219043370/,https://yandex.ru/maps/org/formaf/52219043370/,"Формаф, городское благоустройство, ул. Гагарина, 68, Ярославль",yandex-api-Q000048.jsonl,live_yandex_organic
Q000048,посевной газон под ключ г ярославль ул магистральная 7 7,S2,transactional,Yaroslavl,desktop,2026-08-27T19:19:58+03:00,3,https://www.avito.ru/yaroslavl/predlozheniya_uslug/posevnoy_gazon_pod_klyuch_7316417464,https://avito.ru/yaroslavl/predlozheniya_uslug/posevnoy_gazon_pod_klyuch_7316417464/,Посевной газон под ключ (7316417464) | Авито Услуги,yandex-api-Q000048.jsonl,live_yandex_organic
Q000048,посевной газон под ключ г ярославль ул магистральная 7 7,S2,transactional,Yaroslavl,desktop,2026-08-27T19:19:58+03:00,4,https://www.avito.ru/yaroslavskaya_oblast/predlozheniya_uslug?q=%D0%B2%D1%81%D0%BF%D0%B0%D1%88%D0%BA%D0%B0,https://avito.ru/yaroslavskaya_oblast/predlozheniya_uslug/,вспашка в Ярославской области - цены и отзывы | Услуги на Авито,yandex-api-Q000048.jsonl,live_yandex_organic
Q000048,посевной газон под ключ г ярославль ул магистральная 7 7,S2,transactional,Yaroslavl,desktop,2026-08-27T19:19:58+03:00,5,https://www.avito.ru/yaroslavskaya_oblast/predlozheniya_uslug/sad_blagoustroystvo-ASgBAgICAUSYC8KfAQ?q=%D0%B3%D0%B8%D0%B4%D1%80%D0%BE%D0%BF%D0%BE%D1%81%D0%B5%D0%B2,https://avito.ru/yaroslavskaya_oblast/predlozheniya_uslug/sad_blagoustroystvo-ASgBAgICAUSYC8KfAQ/,гидропосев в Ярославской области - цены и отзывы | Услуги на...,yandex-api-Q000048.jsonl,live_yandex_organic
Q000048,посевной газон под ключ г ярославль ул магистральная 7 7,S2,transactional,Yaroslavl,desktop,2026-08-27T19:19:58+03:00,6,https://www.avito.ru/yaroslavskaya_oblast/predlozheniya_uslug?q=%D0%BF%D0%BE%D1%81%D0%B5%D0%B2%20%D0%B3%D0%B0%D0%B7%D0%BE%D0%BD%D0%B0,https://avito.ru/yaroslavskaya_oblast/predlozheniya_uslug/,посев газона в Ярославской области - цены и отзывы | Услуги на...,yandex-api-Q000048.jsonl,live_yandex_organic
Q000048,посевной газон под ключ г ярославль ул магистральная 7 7,S2,transactional,Yaroslavl,desktop,2026-08-27T19:19:58+03:00,7,https://www.avito.ru/yaroslavl/predlozheniya_uslug/sad_blagoustroystvo-ASgBAgICAUSYC8KfAQ?q=%D1%83%D1%85%D0%BE%D0%B4+%D0%B7%D0%B0+%D0%B3%D0%B0%D0%B7%D0%BE%D0%BD%D0%BE%D0%BC,https://avito.ru/yaroslavl/predlozheniya_uslug/sad_blagoustroystvo-ASgBAgICAUSYC8KfAQ/,уход за газоном в Ярославле - цены и отзывы | Услуги на Авито,yandex-api-Q000048.jsonl,live_yandex_organic
Q000048,посевной газон под ключ г ярославль ул магистральная 7 7,S2,transactional,Yaroslavl,desktop,2026-08-27T19:19:58+03:00,8,https://greenteh76.ru/,https://greenteh76.ru/,ГринТех76 Ландшафтный дизайн Благоустройство Ярославль,yandex-api-Q000048.jsonl,live_yandex_organic
Q000048,посевной газон под ключ г ярославль ул магистральная 7 7,S2,transactional,Yaroslavl,desktop,2026-08-27T19:19:58+03:00,9,https://www.avito.ru/yaroslavl/predlozheniya_uslug?q=%D0%B2%D1%8B%D1%80%D0%B0%D0%B2%D0%BD%D0%B8%D0%B2%D0%B0%D0%BD%D0%B8%D0%B5+%D1%83%D1%87%D0%B0%D1%81%D1%82%D0%BA%D0%B0+%D0%BF%D0%BE%D0%B4+%D0%B3%D0%B0%D0%B7%D0%BE%D0%BD,https://avito.ru/yaroslavl/predlozheniya_uslug/,выравнивание участка под газон в Ярославле - цены и отзывы,yandex-api-Q000048.jsonl,live_yandex_organic
Q000048,посевной газон под ключ г ярославль ул магистральная 7 7,S2,transactional,Yaroslavl,desktop,2026-08-27T19:19:58+03:00,10,https://progarden.group/,https://progarden.group/,Ландшафтный дизайн в Ярославле | ProGardenGroup,yandex-api-Q000048.jsonl,live_yandex_organic
Q000049,посевной газон цена,S2,transactional,Yaroslavl,desktop,2026-08-27T19:19:58+03:00,1,https://www.ozon.ru/category/gazonnaya-trava/,https://ozon.ru/category/gazonnaya-trava/,Газонная трава купить на OZON по низкой цене,yandex-api-Q000049.jsonl,live_yandex_organic
Q000049,посевной газон цена,S2,transactional,Yaroslavl,desktop,2026-08-27T19:19:58+03:00,2,https://yaroslavl.zpitomnik.ru/catalog/gazonnye_travosmesi/,https://yaroslavl.zpitomnik.ru/catalog/gazonnye_travosmesi/,Газонные травосмеси купить в питомнике растений с доставкаой...,yandex-api-Q000049.jsonl,live_yandex_organic
Q000049,посевной газон цена,S2,transactional,Yaroslavl,desktop,2026-08-27T19:19:58+03:00,3,https://www.vseinstrumenti.ru/tag-page/gazonnaya-trava-universalnaya-100404/,https://vseinstrumenti.ru/tag-page/gazonnaya-trava-universalnaya-100404/,Газонная трава универсальная купить: выгодные цены от 268...,yandex-api-Q000049.jsonl,live_yandex_organic
Q000049,посевной газон цена,S2,transactional,Yaroslavl,desktop,2026-08-27T19:19:58+03:00,4,https://mosagrogroup.com/catalog/gazony/posevnye_gazony/,https://mosagrogroup.com/catalog/gazony/posevnye_gazony/,Посевные газоны купить оптом от 421.00... - МосАгроГрупп,yandex-api-Q000049.jsonl,live_yandex_organic
Q000049,посевной газон цена,S2,transactional,Yaroslavl,desktop,2026-08-27T19:19:58+03:00,5,https://www.vseinstrumenti.ru/category/semena-gazonnoj-travy-6720/,https://vseinstrumenti.ru/category/semena-gazonnoj-travy-6720/,"Семена для газонной травы, травосмеси по выгодным ценам...",yandex-api-Q000049.jsonl,live_yandex_organic
Q000049,посевной газон цена,S2,transactional,Yaroslavl,desktop,2026-08-27T19:19:58+03:00,6,https://www.wildberries.ru/catalog/dom/dachniy-sezon/rasteniya-semena-i-grunty/tags/gazonnaja-trava,https://wildberries.ru/catalog/dom/dachniy-sezon/rasteniya-semena-i-grunty/tags/gazonnaja-trava/,Газонная трава - Купить в интернет магазине WildBerries.ru,yandex-api-Q000049.jsonl,live_yandex_organic
Q000049,посевной газон цена,S2,transactional,Yaroslavl,desktop,2026-08-27T19:19:58+03:00,7,https://www.vseinstrumenti.ru/tag-page/gazonnaya-trava-nizkorastuschaya-100386/,https://vseinstrumenti.ru/tag-page/gazonnaya-trava-nizkorastuschaya-100386/,Газонная трава низкорастущая купить: выгодные цены от 464...,yandex-api-Q000049.jsonl,live_yandex_organic
Q000049,посевной газон цена,S2,transactional,Yaroslavl,desktop,2026-08-27T19:19:58+03:00,8,https://lemanapro.ru/catalogue/semena-gazona/,https://lemanapro.ru/catalogue/semena-gazona/,"Семена газона в Москве - купить по низкой цене, семена...",yandex-api-Q000049.jsonl,live_yandex_organic
Q000049,посевной газон цена,S2,transactional,Yaroslavl,desktop,2026-08-27T19:19:58+03:00,9,https://allgazon.ru/catalog/posevnye_gazony/,https://allgazon.ru/catalog/posevnye_gazony/,Посевные газоны купить в Москве - цены и доставка!,yandex-api-Q000049.jsonl,live_yandex_organic
Q000049,посевной газон цена,S2,transactional,Yaroslavl,desktop,2026-08-27T19:19:58+03:00,10,https://market.yandex.ru/search?text=%D0%B3%D0%B0%D0%B7%D0%BE%D0%BD%20%D0%BF%D0%BE%D1%81%D0%B5%D0%B2%D0%BD%D0%BE%D0%B9%20%D1%86%D0%B5%D0%BD%D0%B0%20%D0%B7%D0%B0%20%D0%BA%D0%B3,https://market.yandex.ru/search/,Газон посевной цена за кг — купить по низкой цене на Яндекс...,yandex-api-Q000049.jsonl,live_yandex_organic
Q000050,продам газон рулонный авито углич,S2,commercial_research,Yaroslavl,desktop,2026-08-27T19:19:58+03:00,1,https://www.avito.ru/uglich/rasteniya?q=%D1%80%D1%83%D0%BB%D0%BE%D0%BD%D0%BD%D1%8B%D0%B9+%D0%B3%D0%B0%D0%B7%D0%BE%D0%BD,https://avito.ru/uglich/rasteniya/,Рулонный газон - купить в Угличе | Недорогие домашние... | Авито,yandex-api-Q000050.jsonl,live_yandex_organic
Q000050,продам газон рулонный авито углич,S2,commercial_research,Yaroslavl,desktop,2026-08-27T19:19:58+03:00,2,https://www.avito.ru/yaroslavskaya_oblast?q=%D1%80%D1%83%D0%BB%D0%BE%D0%BD%D0%BD%D1%8B%D0%B9%20%D0%B3%D0%B0%D0%B7%D0%BE%D0%BD,https://avito.ru/yaroslavskaya_oblast/,рулонный газон - Авито | Объявления в Ярославской... | Авито,yandex-api-Q000050.jsonl,live_yandex_organic
Q000050,продам газон рулонный авито углич,S2,commercial_research,Yaroslavl,desktop,2026-08-27T19:19:58+03:00,3,https://www.avito.ru/uglich/rasteniya?q=%D1%81%D0%B5%D0%BC%D0%B5%D0%BD%D0%B0+%D0%B3%D0%B0%D0%B7%D0%BE%D0%BD%D0%BD%D0%BE%D0%B9+%D1%82%D1%80%D0%B0%D0%B2%D1%8B,https://avito.ru/uglich/rasteniya/,Семена газонной травы - купить в Угличе | Недорогие... | Авито,yandex-api-Q000050.jsonl,live_yandex_organic
Q000050,продам газон рулонный авито углич,S2,commercial_research,Yaroslavl,desktop,2026-08-27T19:19:58+03:00,4,https://www.avito.ru/uglich/rasteniya/rulonnyy_gazon_4086547534,https://avito.ru/uglich/rasteniya/rulonnyy_gazon_4086547534/,Рулонный газон купить в Угличе | Товары для дома и дачи | Авито,yandex-api-Q000050.jsonl,live_yandex_organic
Q000050,продам газон рулонный авито углич,S2,commercial_research,Yaroslavl,desktop,2026-08-27T19:19:58+03:00,5,https://www.avito.ru/uglich/rasteniya?p=2,https://avito.ru/uglich/rasteniya/,"Купить растения  в Угличе: цветы, саженцы, рассада | Авито",yandex-api-Q000050.jsonl,live_yandex_organic
Q000050,продам газон рулонный авито углич,S2,commercial_research,Yaroslavl,desktop,2026-08-27T19:19:58+03:00,6,https://www.avito.ru/yaroslavskaya_oblast/dlya_doma_i_dachi?q=%D1%80%D1%83%D0%BB%D0%BE%D0%BD%D0%BD%D1%8B%D0%B9+%D0%B3%D0%B0%D0%B7%D0%BE%D0%BD,https://avito.ru/yaroslavskaya_oblast/dlya_doma_i_dachi/,рулонный газон - Купить товары для дома и дачи... | Авито,yandex-api-Q000050.jsonl,live_yandex_organic
Q000050,продам газон рулонный авито углич,S2,commercial_research,Yaroslavl,desktop,2026-08-27T19:19:58+03:00,7,https://www.avito.ru/all?q=%D1%80%D1%83%D0%BB%D0%BE%D0%BD%D0%BD%D1%8B%D0%B9+%D0%B3%D0%B0%D0%B7%D0%BE%D0%BD,https://avito.ru/all/,рулонный газон - Авито | Объявления во всех регионах... | Авито,yandex-api-Q000050.jsonl,live_yandex_organic
Q000050,продам газон рулонный авито углич,S2,commercial_research,Yaroslavl,desktop,2026-08-27T19:19:58+03:00,8,https://www.avito.ru/all?q=%D1%82%D1%80%D0%B0%D0%B2%D0%B0+%D0%B3%D0%B0%D0%B7%D0%BE%D0%BD%D0%BD%D0%B0%D1%8F+%D1%80%D1%83%D0%BB%D0%BE%D0%BD%D0%BD%D0%B0%D1%8F,https://avito.ru/all/,трава газонная рулонная - Авито | Объявления во всех... | Авито,yandex-api-Q000050.jsonl,live_yandex_organic
Q000050,продам газон рулонный авито углич,S2,commercial_research,Yaroslavl,desktop,2026-08-27T19:19:58+03:00,9,https://www.avito.ru/uglich/rasteniya/sadovye_rasteniya-ASgBAgICAUT8lRW4zpED,https://avito.ru/uglich/rasteniya/sadovye_rasteniya-ASgBAgICAUT8lRW4zpED/,Купить садовые растения  в Угличе с доставкой | Авито,yandex-api-Q000050.jsonl,live_yandex_organic
Q000050,продам газон рулонный авито углич,S2,commercial_research,Yaroslavl,desktop,2026-08-27T19:19:58+03:00,10,https://www.avito.ru/yaroslavskaya_oblast/rasteniya/sadovye_rasteniya/gazon-ASgBAgICAkT8lRW4zpEDoJgV2NqRAw,https://avito.ru/yaroslavskaya_oblast/rasteniya/sadovye_rasteniya/gazon-ASgBAgICAkT8lRW4zpEDoJgV2NqRAw/,Купить газон  в Ярославской области с доставкой | Авито,yandex-api-Q000050.jsonl,live_yandex_organic
Q000051,производитель рулонного газона в ярославской области,S2,product_only,Yaroslavl,desktop,2026-08-27T19:19:58+03:00,1,https://yaroslavly.gazon-ka.ru/catalog/rulonnyy_gazon/standartnyy_rulonnyy_gazon.html,https://yaroslavly.gazon-ka.ru/catalog/rulonnyy_gazon/standartnyy_rulonnyy_gazon.html/,Купить Стандартный рулонный газон от магазина Gazon-ka,yandex-api-Q000051.jsonl,live_yandex_organic
Q000051,производитель рулонного газона в ярославской области,S2,product_only,Yaroslavl,desktop,2026-08-27T19:19:58+03:00,2,https://yaroslavl.regtorg.ru/goods/gazon_v_rulone.html,https://yaroslavl.regtorg.ru/goods/gazon_v_rulone.html/,"Газон в рулоне - 299 предложений в Ярославле, сравнить цены...",yandex-api-Q000051.jsonl,live_yandex_organic
Q000051,производитель рулонного газона в ярославской области,S2,product_only,Yaroslavl,desktop,2026-08-27T19:19:58+03:00,3,https://yaroslavl.krasivo-gazon.ru/,https://yaroslavl.krasivo-gazon.ru/,Рулонный газон от производителя в Ярославской области,yandex-api-Q000051.jsonl,live_yandex_organic
Q000051,производитель рулонного газона в ярославской области,S2,product_only,Yaroslavl,desktop,2026-08-27T19:19:58+03:00,4,https://www.avito.ru/yaroslavl/rasteniya/sadovye_rasteniya/gazon-ASgBAgICAkT8lRW4zpEDoJgV2NqRAw?q=%D1%80%D1%83%D0%BB%D0%BE%D0%BD%D0%BD%D1%8B%D0%B9+%D0%B3%D0%B0%D0%B7%D0%BE%D0%BD,https://avito.ru/yaroslavl/rasteniya/sadovye_rasteniya/gazon-ASgBAgICAkT8lRW4zpEDoJgV2NqRAw/,Рулонный газон - купить в Ярославле с доставкой | Авито,yandex-api-Q000051.jsonl,live_yandex_organic
Q000051,производитель рулонного газона в ярославской области,S2,product_only,Yaroslavl,desktop,2026-08-27T19:19:58+03:00,5,https://yaroslavly.mosagrogroup.com/catalog/gazony/rulonnye_gazony/,https://yaroslavly.mosagrogroup.com/catalog/gazony/rulonnye_gazony/,Рулонные газоны купить оптом от производителя - МосАгроГрупп,yandex-api-Q000051.jsonl,live_yandex_organic
Q000051,производитель рулонного газона в ярославской области,S2,product_only,Yaroslavl,desktop,2026-08-27T19:19:58+03:00,6,https://exp76.ru/services/gazon-posevnojj-i-gazon-rulonnyjj/,https://exp76.ru/services/gazon-posevnojj-i-gazon-rulonnyjj/,Газон посевной и газон рулонный в Рыбинске и Ярославской...,yandex-api-Q000051.jsonl,live_yandex_organic
Q000051,производитель рулонного газона в ярославской области,S2,product_only,Yaroslavl,desktop,2026-08-27T19:19:58+03:00,7,https://yaroslavl.regtorg.ru/goods/gazony-rulonnye/,https://yaroslavl.regtorg.ru/goods/gazony-rulonnye/,Газоны рулонные в Ярославле - сравнить цены и купить,yandex-api-Q000051.jsonl,live_yandex_organic
Q000051,производитель рулонного газона в ярославской области,S2,product_only,Yaroslavl,desktop,2026-08-27T19:19:58+03:00,8,https://2gis.ru/yaroslavl/search/%D0%9A%D0%BE%D0%BC%D0%BF%D0%B0%D0%BD%D0%B8%D1%8F-%D0%BF%D1%80%D0%BE%D0%B8%D0%B7%D0%B2%D0%BE%D0%B4%D0%B8%D1%82%D0%B5%D0%BB%D1%8C%20%D1%80%D1%83%D0%BB%D0%BE%D0%BD%D0%BD%D0%BE%D0%B3%D0%BE%20%D0%B3%D0%B0%D0%B7%D0%BE%D0%BD%D0%B0,https://2gis.ru/yaroslavl/search/%D0%9A%D0%BE%D0%BC%D0%BF%D0%B0%D0%BD%D0%B8%D1%8F-%D0%BF%D1%80%D0%BE%D0%B8%D0%B7%D0%B2%D0%BE%D0%B4%D0%B8%D1%82%D0%B5%D0%BB%D1%8C%20%D1%80%D1%83%D0%BB%D0%BE%D0%BD%D0%BD%D0%BE%D0%B3%D0%BE%20%D0%B3%D0%B0%D0%B7%D0%BE%D0%BD%D0%B0/,Компания-производитель рулонного газона в Ярославле на...,yandex-api-Q000051.jsonl,live_yandex_organic
Q000051,производитель рулонного газона в ярославской области,S2,product_only,Yaroslavl,desktop,2026-08-27T19:19:58+03:00,9,https://yaroslavl.wetzavet.ru/obustroystvo-gazonov/proizvodstvo-rulonnykh-gazonov/,https://yaroslavl.wetzavet.ru/obustroystvo-gazonov/proizvodstvo-rulonnykh-gazonov/,Производство рулонных газонов в Ярославле от компании...,yandex-api-Q000051.jsonl,live_yandex_organic
Q000051,производитель рулонного газона в ярославской области,S2,product_only,Yaroslavl,desktop,2026-08-27T19:19:58+03:00,10,https://prsad.ru/contact,https://prsad.ru/contact/,Контакты,yandex-api-Q000051.jsonl,live_yandex_organic
Q000052,рулонный газон,S2,commercial_research,Yaroslavl,desktop,2026-08-27T19:19:58+03:00,1,https://yaroslavly.gazon-ka.ru/catalog/rulonnyy_gazon/standartnyy_rulonnyy_gazon.html,https://yaroslavly.gazon-ka.ru/catalog/rulonnyy_gazon/standartnyy_rulonnyy_gazon.html/,Купить Стандартный рулонный газон от магазина Gazon-ka,yandex-api-Q000052.jsonl,live_yandex_organic
Q000052,рулонный газон,S2,commercial_research,Yaroslavl,desktop,2026-08-27T19:19:58+03:00,2,https://www.ozon.ru/category/rulonnyy-gazon/,https://ozon.ru/category/rulonnyy-gazon/,Рулонный газон купить на OZON по низкой цене,yandex-api-Q000052.jsonl,live_yandex_organic
Q000052,рулонный газон,S2,commercial_research,Yaroslavl,desktop,2026-08-27T19:19:58+03:00,3,https://yaroslavl.det-ploshadka.ru/pokrytiya/gazon/rulonnyy/,https://yaroslavl.det-ploshadka.ru/pokrytiya/gazon/rulonnyy/,Купить рулонный газон по выгодной цене в Ярославле...,yandex-api-Q000052.jsonl,live_yandex_organic
Q000052,рулонный газон,S2,commercial_research,Yaroslavl,desktop,2026-08-27T19:19:58+03:00,4,https://www.avito.ru/yaroslavl/rasteniya/sadovye_rasteniya/gazon-ASgBAgICAkT8lRW4zpEDoJgV2NqRAw?q=%D1%80%D1%83%D0%BB%D0%BE%D0%BD%D0%BD%D1%8B%D0%B9+%D0%B3%D0%B0%D0%B7%D0%BE%D0%BD,https://avito.ru/yaroslavl/rasteniya/sadovye_rasteniya/gazon-ASgBAgICAkT8lRW4zpEDoJgV2NqRAw/,Рулонный газон - купить в Ярославле с доставкой | Авито,yandex-api-Q000052.jsonl,live_yandex_organic
Q000052,рулонный газон,S2,commercial_research,Yaroslavl,desktop,2026-08-27T19:19:58+03:00,5,https://gazoncity.ru/catalog/rulonnyy_gazon/,https://gazoncity.ru/catalog/rulonnyy_gazon/,Рулонный газон купить оптом и в розницу у производителя по...,yandex-api-Q000052.jsonl,live_yandex_organic
Q000052,рулонный газон,S2,commercial_research,Yaroslavl,desktop,2026-08-27T19:19:58+03:00,6,https://www.avito.ru/yaroslavl/rasteniya?q=%D1%80%D1%83%D0%BB%D0%BE%D0%BD%D0%BD%D1%8B%D0%B9+%D0%B3%D0%B0%D0%B7%D0%BE%D0%BD,https://avito.ru/yaroslavl/rasteniya/,Рулонный газон - купить в Ярославле | Недорогие... | Авито,yandex-api-Q000052.jsonl,live_yandex_organic
Q000052,рулонный газон,S2,commercial_research,Yaroslavl,desktop,2026-08-27T19:19:58+03:00,7,https://yaroslavly.gazon-ka.ru/catalog/rulonnyy_gazon/rulonnyy_gazon_ekonom.html,https://yaroslavly.gazon-ka.ru/catalog/rulonnyy_gazon/rulonnyy_gazon_ekonom.html/,Рулонный газон Эконом - купить в Москве | Gazon-ka.ru,yandex-api-Q000052.jsonl,live_yandex_organic
Q000052,рулонный газон,S2,commercial_research,Yaroslavl,desktop,2026-08-27T19:19:58+03:00,8,https://lemanapro.ru/product/gazon-naturalnyy-v-rulone-universalnyy-klassicheskiy-40-x-200-sm-08-m2-13920906/,https://lemanapro.ru/product/gazon-naturalnyy-v-rulone-universalnyy-klassicheskiy-40-x-200-sm-08-m2-13920906/,Газон натуральный в рулоне Универсальный классический...,yandex-api-Q000052.jsonl,live_yandex_organic
Q000052,рулонный газон,S2,commercial_research,Yaroslavl,desktop,2026-08-27T19:19:58+03:00,9,https://yaroslavly.gazon-ka.ru/,https://yaroslavly.gazon-ka.ru/,Продажа газонов - интернет-магазин газонных травосмесей...,yandex-api-Q000052.jsonl,live_yandex_organic
Q000052,рулонный газон,S2,commercial_research,Yaroslavl,desktop,2026-08-27T19:19:58+03:00,10,https://yaroslavl.toruda.ru/pokritie/gazon/rulonnij/,https://yaroslavl.toruda.ru/pokritie/gazon/rulonnij/,Купить рулонный газон по выгодной цене за м² в Ярославле от...,yandex-api-Q000052.jsonl,live_yandex_organic
Q000053,рулонный газон купить в угличе,S2,product_only,Yaroslavl,desktop,2026-08-27T19:19:58+03:00,1,https://www.avito.ru/uglich/rasteniya?q=%D1%80%D1%83%D0%BB%D0%BE%D0%BD%D0%BD%D1%8B%D0%B9+%D0%B3%D0%B0%D0%B7%D0%BE%D0%BD,https://avito.ru/uglich/rasteniya/,Рулонный газон - купить в Угличе | Недорогие домашние... | Авито,yandex-api-Q000053.jsonl,live_yandex_organic
Q000053,рулонный газон купить в угличе,S2,product_only,Yaroslavl,desktop,2026-08-27T19:19:58+03:00,2,https://www.ozon.ru/category/gazonnaya-trava-v-rulonah/,https://ozon.ru/category/gazonnaya-trava-v-rulonah/,Газонная трава в рулонах купить на OZON по низкой цене,yandex-api-Q000053.jsonl,live_yandex_organic
Q000053,рулонный газон купить в угличе,S2,product_only,Yaroslavl,desktop,2026-08-27T19:19:58+03:00,3,https://www.wildberries.ru/catalog/tags/gazonnaja-trava-rulonnaja-naturalbnaja,https://wildberries.ru/catalog/tags/gazonnaja-trava-rulonnaja-naturalbnaja/,Газонная трава рулонная натуральная - Купить в интернет...,yandex-api-Q000053.jsonl,live_yandex_organic
Q000053,рулонный газон купить в угличе,S2,product_only,Yaroslavl,desktop,2026-08-27T19:19:58+03:00,4,https://www.avito.ru/uglich/rasteniya?q=%D0%B3%D0%B0%D0%B7%D0%BE%D0%BD,https://avito.ru/uglich/rasteniya/,Газон - купить в Угличе с доставкой | Недорогие... | Авито,yandex-api-Q000053.jsonl,live_yandex_organic
Q000053,рулонный газон купить в угличе,S2,product_only,Yaroslavl,desktop,2026-08-27T19:19:58+03:00,5,https://www.avito.ru/yaroslavskaya_oblast/rasteniya?q=%D1%80%D1%83%D0%BB%D0%BE%D0%BD%D0%BD%D1%8B%D0%B9+%D0%B3%D0%B0%D0%B7%D0%BE%D0%BD,https://avito.ru/yaroslavskaya_oblast/rasteniya/,Рулонный газон - купить в Ярославской области | Авито,yandex-api-Q000053.jsonl,live_yandex_organic
Q000053,рулонный газон купить в угличе,S2,product_only,Yaroslavl,desktop,2026-08-27T19:19:58+03:00,6,https://www.avito.ru/yaroslavskaya_oblast/rasteniya?q=%D0%B3%D0%B0%D0%B7%D0%BE%D0%BD+%D1%80%D1%83%D0%BB%D0%BE%D0%BD%D0%BD%D1%8B%D0%B9,https://avito.ru/yaroslavskaya_oblast/rasteniya/,газон рулонный - Купить растения  в Ярославской... | Авито,yandex-api-Q000053.jsonl,live_yandex_organic
Q000053,рулонный газон купить в угличе,S2,product_only,Yaroslavl,desktop,2026-08-27T19:19:58+03:00,7,https://market.yandex.ru/category/gazonnaya-trava-v-rulonakh,https://market.yandex.ru/category/gazonnaya-trava-v-rulonakh/,Газонная трава в рулонах - купить по низкой цене на Яндекс...,yandex-api-Q000053.jsonl,live_yandex_organic
Q000053,рулонный газон купить в угличе,S2,product_only,Yaroslavl,desktop,2026-08-27T19:19:58+03:00,8,https://market.yandex.ru/search?text=%D1%80%D1%83%D0%BB%D0%BE%D0%BD%D0%BD%D1%8B%D0%B9%20%D0%B3%D0%B0%D0%B7%D0%BE%D0%BD%20%D0%BA%D1%83%D0%BF%D0%B8%D1%82%D1%8C%20%D0%B2%20%D0%B8%D0%BD%D1%82%D0%B5%D1%80%D0%BD%D0%B5%D1%82%20%D0%BC%D0%B0%D0%B3%D0%B0%D0%B7%D0%B8%D0%BD%D0%B5,https://market.yandex.ru/search/,Рулонный газон купить в интернет магазине — купить по низкой...,yandex-api-Q000053.jsonl,live_yandex_organic
Q000053,рулонный газон купить в угличе,S2,product_only,Yaroslavl,desktop,2026-08-27T19:19:58+03:00,9,https://www.avito.ru/yaroslavskaya_oblast/dlya_doma_i_dachi?q=%D1%80%D1%83%D0%BB%D0%BE%D0%BD%D0%BD%D1%8B%D0%B9+%D0%B3%D0%B0%D0%B7%D0%BE%D0%BD,https://avito.ru/yaroslavskaya_oblast/dlya_doma_i_dachi/,рулонный газон - Купить товары для дома и дачи... | Авито,yandex-api-Q000053.jsonl,live_yandex_organic
Q000053,рулонный газон купить в угличе,S2,product_only,Yaroslavl,desktop,2026-08-27T19:19:58+03:00,10,https://market.yandex.ru/search?text=%D1%80%D1%83%D0%BB%D0%BE%D0%BD%D0%BD%D1%8B%D0%B9%20%D0%B3%D0%B0%D0%B7%D0%BE%D0%BD%20%D0%BD%D0%B5%D0%BC%D0%BD%D0%BE%D0%B3%D0%BE%20%D0%BA%D1%83%D0%BF%D0%B8%D1%82%D1%8C,https://market.yandex.ru/search/,Рулонный газон немного купить — купить по низкой цене на...,yandex-api-Q000053.jsonl,live_yandex_organic
Q000054,рулонный газон цена,S2,transactional,Yaroslavl,desktop,2026-08-27T19:19:58+03:00,1,https://yaroslavly.gazon-ka.ru/catalog/rulonnyy_gazon/standartnyy_rulonnyy_gazon.html,https://yaroslavly.gazon-ka.ru/catalog/rulonnyy_gazon/standartnyy_rulonnyy_gazon.html/,Купить Стандартный рулонный газон от магазина Gazon-ka,yandex-api-Q000054.jsonl,live_yandex_organic
Q000054,рулонный газон цена,S2,transactional,Yaroslavl,desktop,2026-08-27T19:19:58+03:00,2,https://gazoncity.ru/catalog/rulonnyy_gazon/,https://gazoncity.ru/catalog/rulonnyy_gazon/,Рулонный газон купить оптом и в розницу у производителя по...,yandex-api-Q000054.jsonl,live_yandex_organic
Q000054,рулонный газон цена,S2,transactional,Yaroslavl,desktop,2026-08-27T19:19:58+03:00,3,https://yaroslavl.det-ploshadka.ru/pokrytiya/gazon/rulonnyy/,https://yaroslavl.det-ploshadka.ru/pokrytiya/gazon/rulonnyy/,Купить рулонный газон по выгодной цене в Ярославле...,yandex-api-Q000054.jsonl,live_yandex_organic
Q000054,рулонный газон цена,S2,transactional,Yaroslavl,desktop,2026-08-27T19:19:58+03:00,4,https://www.avito.ru/yaroslavl/rasteniya/sadovye_rasteniya/gazon-ASgBAgICAkT8lRW4zpEDoJgV2NqRAw?q=%D1%80%D1%83%D0%BB%D0%BE%D0%BD%D0%BD%D1%8B%D0%B9+%D0%B3%D0%B0%D0%B7%D0%BE%D0%BD,https://avito.ru/yaroslavl/rasteniya/sadovye_rasteniya/gazon-ASgBAgICAkT8lRW4zpEDoJgV2NqRAw/,Рулонный газон - купить в Ярославле с доставкой | Авито,yandex-api-Q000054.jsonl,live_yandex_organic
Q000054,рулонный газон цена,S2,transactional,Yaroslavl,desktop,2026-08-27T19:19:58+03:00,5,https://yaroslavl.toruda.ru/pokritie/gazon/rulonnij/,https://yaroslavl.toruda.ru/pokritie/gazon/rulonnij/,Купить рулонный газон по выгодной цене за м² в Ярославле от...,yandex-api-Q000054.jsonl,live_yandex_organic
Q000054,рулонный газон цена,S2,transactional,Yaroslavl,desktop,2026-08-27T19:19:58+03:00,6,https://yaroslavly.gazon-ka.ru/catalog/rulonnyy_gazon/rulonnyy_gazon_ekonom.html,https://yaroslavly.gazon-ka.ru/catalog/rulonnyy_gazon/rulonnyy_gazon_ekonom.html/,Рулонный газон Эконом - купить в Москве | Gazon-ka.ru,yandex-api-Q000054.jsonl,live_yandex_organic
Q000054,рулонный газон цена,S2,transactional,Yaroslavl,desktop,2026-08-27T19:19:58+03:00,7,https://yaroslavl.toruda-park.ru/ulichnye-pokrytiya/gazony/rulonnye/,https://yaroslavl.toruda-park.ru/ulichnye-pokrytiya/gazony/rulonnye/,Рулонные газоны по выгодной цене в Ярославле от 948...,yandex-api-Q000054.jsonl,live_yandex_organic
Q000054,рулонный газон цена,S2,transactional,Yaroslavl,desktop,2026-08-27T19:19:58+03:00,8,https://www.avito.ru/yaroslavl/rasteniya?q=%D1%80%D1%83%D0%BB%D0%BE%D0%BD%D0%BD%D1%8B%D0%B9+%D0%B3%D0%B0%D0%B7%D0%BE%D0%BD,https://avito.ru/yaroslavl/rasteniya/,Рулонный газон - купить в Ярославле | Недорогие... | Авито,yandex-api-Q000054.jsonl,live_yandex_organic
Q000054,рулонный газон цена,S2,transactional,Yaroslavl,desktop,2026-08-27T19:19:58+03:00,9,https://yaroslavl.lemanapro.ru/product/gazon-naturalnyy-v-rulone-universalnyy-klassicheskiy-40-x-200-sm-08-m2-13920906/,https://yaroslavl.lemanapro.ru/product/gazon-naturalnyy-v-rulone-universalnyy-klassicheskiy-40-x-200-sm-08-m2-13920906/,Газон натуральный в рулоне Универсальный классический...,yandex-api-Q000054.jsonl,live_yandex_organic
Q000054,рулонный газон цена,S2,transactional,Yaroslavl,desktop,2026-08-27T19:19:58+03:00,10,https://www.ozon.ru/category/rulonnyy-gazon/,https://ozon.ru/category/rulonnyy-gazon/,Рулонный газон купить на OZON по низкой цене,yandex-api-Q000054.jsonl,live_yandex_organic
Q000055,рулонный газон ярославль,S2,commercial_research,Yaroslavl,desktop,2026-08-27T19:19:58+03:00,1,https://yaroslavly.gazon-ka.ru/catalog/rulonnyy_gazon/standartnyy_rulonnyy_gazon.html,https://yaroslavly.gazon-ka.ru/catalog/rulonnyy_gazon/standartnyy_rulonnyy_gazon.html/,Купить Стандартный рулонный газон от магазина Gazon-ka,yandex-api-Q000055.jsonl,live_yandex_organic
Q000055,рулонный газон ярославль,S2,commercial_research,Yaroslavl,desktop,2026-08-27T19:19:58+03:00,2,https://www.avito.ru/yaroslavl/rasteniya/sadovye_rasteniya/gazon-ASgBAgICAkT8lRW4zpEDoJgV2NqRAw?q=%D1%80%D1%83%D0%BB%D0%BE%D0%BD%D0%BD%D1%8B%D0%B9+%D0%B3%D0%B0%D0%B7%D0%BE%D0%BD,https://avito.ru/yaroslavl/rasteniya/sadovye_rasteniya/gazon-ASgBAgICAkT8lRW4zpEDoJgV2NqRAw/,Рулонный газон - купить в Ярославле с доставкой | Авито,yandex-api-Q000055.jsonl,live_yandex_organic
Q000055,рулонный газон ярославль,S2,commercial_research,Yaroslavl,desktop,2026-08-27T19:19:58+03:00,3,https://yaroslavl.alleyann.ru/products/gazon/gazon-rulon.html,https://yaroslavl.alleyann.ru/products/gazon/gazon-rulon.html/,"Рулонный газон - купить в Ярославле, цена - садовый центр Аллея",yandex-api-Q000055.jsonl,live_yandex_organic
Q000055,рулонный газон ярославль,S2,commercial_research,Yaroslavl,desktop,2026-08-27T19:19:58+03:00,4,https://www.ozon.ru/category/gazonnaya-trava-v-rulonah/,https://ozon.ru/category/gazonnaya-trava-v-rulonah/,Газонная трава в рулонах купить на OZON по низкой цене,yandex-api-Q000055.jsonl,live_yandex_organic
Q000055,рулонный газон ярославль,S2,commercial_research,Yaroslavl,desktop,2026-08-27T19:19:58+03:00,5,https://yaroslavl.lemanapro.ru/product/gazon-naturalnyy-v-rulone-universalnyy-klassicheskiy-40-x-200-sm-08-m2-13920906/,https://yaroslavl.lemanapro.ru/product/gazon-naturalnyy-v-rulone-universalnyy-klassicheskiy-40-x-200-sm-08-m2-13920906/,Газон натуральный в рулоне Универсальный классический...,yandex-api-Q000055.jsonl,live_yandex_organic
Q000055,рулонный газон ярославль,S2,commercial_research,Yaroslavl,desktop,2026-08-27T19:19:58+03:00,6,https://yaroslavl.det-ploshadka.ru/pokrytiya/gazon/rulonnyy/,https://yaroslavl.det-ploshadka.ru/pokrytiya/gazon/rulonnyy/,Купить рулонный газон по выгодной цене в Ярославле...,yandex-api-Q000055.jsonl,live_yandex_organic
Q000055,рулонный газон ярославль,S2,commercial_research,Yaroslavl,desktop,2026-08-27T19:19:58+03:00,7,https://prsad.ru/catalog/gazon-,https://prsad.ru/catalog/gazon-/,"Газон рулонный, смесь газонной травы, искусственная трава...",yandex-api-Q000055.jsonl,live_yandex_organic
Q000055,рулонный газон ярославль,S2,commercial_research,Yaroslavl,desktop,2026-08-27T19:19:58+03:00,8,https://dor-m.ru/yaroslavl/catalog/detail/2383/,https://dor-m.ru/yaroslavl/catalog/detail/2383/,Рулонный газон Элитный,yandex-api-Q000055.jsonl,live_yandex_organic
Q000055,рулонный газон ярославль,S2,commercial_research,Yaroslavl,desktop,2026-08-27T19:19:58+03:00,9,https://www.avito.ru/yaroslavl?q=%D1%80%D1%83%D0%BB%D0%BE%D0%BD%D0%BD%D1%8B%D0%B9+%D0%B3%D0%B0%D0%B7%D0%BE%D0%BD,https://avito.ru/yaroslavl/,рулонный газон - Авито | Объявления в Ярославле... | Авито,yandex-api-Q000055.jsonl,live_yandex_organic
Q000055,рулонный газон ярославль,S2,commercial_research,Yaroslavl,desktop,2026-08-27T19:19:58+03:00,10,https://www.avito.ru/yaroslavl/rasteniya/sadovye_rasteniya/gazon/rulon-ASgBAgICA0T8lRW4zpEDoJgV2NqRA_i~F_SPmgM,https://avito.ru/yaroslavl/rasteniya/sadovye_rasteniya/gazon/rulon-ASgBAgICA0T8lRW4zpEDoJgV2NqRA_i~F_SPmgM/,Рулонный газон – купить в Ярославле с доставкой недорого на...,yandex-api-Q000055.jsonl,live_yandex_organic
Q000056,укладка рулонного газона рыбинск,S2,commercial_research,Yaroslavl,desktop,2026-08-27T19:19:58+03:00,1,https://www.avito.ru/rybinsk/predlozheniya_uslug?q=%D1%83%D0%BA%D0%BB%D0%B0%D0%B4%D0%BA%D0%B0+%D1%80%D1%83%D0%BB%D0%BE%D0%BD%D0%BD%D0%BE%D0%B3%D0%BE+%D0%B3%D0%B0%D0%B7%D0%BE%D0%BD%D0%B0,https://avito.ru/rybinsk/predlozheniya_uslug/,укладка рулонного газона в Рыбинске - цены и отзывы,yandex-api-Q000056.jsonl,live_yandex_organic
Q000056,укладка рулонного газона рыбинск,S2,commercial_research,Yaroslavl,desktop,2026-08-27T19:19:58+03:00,2,https://www.avito.ru/rybinsk/predlozheniya_uslug/sad_blagoustroystvo-ASgBAgICAUSYC8KfAQ?q=%D1%80%D1%83%D0%BB%D0%BE%D0%BD%D0%BD%D1%8B%D0%B9+%D0%B3%D0%B0%D0%B7%D0%BE%D0%BD,https://avito.ru/rybinsk/predlozheniya_uslug/sad_blagoustroystvo-ASgBAgICAUSYC8KfAQ/,рулонный газон в Рыбинске - цены и отзывы | Услуги на Авито,yandex-api-Q000056.jsonl,live_yandex_organic
Q000056,укладка рулонного газона рыбинск,S2,commercial_research,Yaroslavl,desktop,2026-08-27T19:19:58+03:00,3,https://uslugi.yandex.ru/10839-rybinsk/category?text=%D1%83%D0%BA%D0%BB%D0%B0%D0%B4%D0%BA%D0%B0+%D1%80%D1%83%D0%BB%D0%BE%D0%BD%D0%BD%D0%BE%D0%B3%D0%BE+%D0%B3%D0%B0%D0%B7%D0%BE%D0%BD%D0%B0,https://uslugi.yandex.ru/10839-rybinsk/category/,Укладка рулонного газона в Рыбинске: 82 ландшафтных...,yandex-api-Q000056.jsonl,live_yandex_organic
Q000056,укладка рулонного газона рыбинск,S2,commercial_research,Yaroslavl,desktop,2026-08-27T19:19:58+03:00,4,https://rybinsk.mslandshaft.ru/catalog/gazon/rulonnyj-gazon/,https://rybinsk.mslandshaft.ru/catalog/gazon/rulonnyj-gazon/,Укладка рулонного газона в Рыбинске | Ландшафт Плюс,yandex-api-Q000056.jsonl,live_yandex_organic
Q000056,укладка рулонного газона рыбинск,S2,commercial_research,Yaroslavl,desktop,2026-08-27T19:19:58+03:00,5,https://uslugi.yandex.ru/10839-rybinsk/category/remont-i-stroitelstvo/ozelenenie/ustrojstvo-rulonnogo-gazona--1706,https://uslugi.yandex.ru/10839-rybinsk/category/remont-i-stroitelstvo/ozelenenie/ustrojstvo-rulonnogo-gazona--1706/,Устройство рулонного газона в Рыбинске - Озеленение - Ремонт...,yandex-api-Q000056.jsonl,live_yandex_organic
Q000056,укладка рулонного газона рыбинск,S2,commercial_research,Yaroslavl,desktop,2026-08-27T19:19:58+03:00,6,https://rybinsk.stplitka.ru/ukladka-rulonnogo-gazona,https://rybinsk.stplitka.ru/ukladka-rulonnogo-gazona/,Укладка рулонного газона в Рыбинске: стоимость от 885 руб. за...,yandex-api-Q000056.jsonl,live_yandex_organic
Q000056,укладка рулонного газона рыбинск,S2,commercial_research,Yaroslavl,desktop,2026-08-27T19:19:58+03:00,7,https://uslugi.yandex.ru/10839-rybinsk/category?text=%D1%83%D0%BA%D0%BB%D0%B0%D0%B4%D0%BA%D0%B0+%D0%B3%D0%B0%D0%B7%D0%BE%D0%BD%D0%B0,https://uslugi.yandex.ru/10839-rybinsk/category/,Укладка газона в Рыбинске: 80 ландшафтных дизайнеров...,yandex-api-Q000056.jsonl,live_yandex_organic
Q000056,укладка рулонного газона рыбинск,S2,commercial_research,Yaroslavl,desktop,2026-08-27T19:19:58+03:00,8,https://rybinsk.toruda.ru/stroitelstvo/ukladka-pokritija/gazon/,https://rybinsk.toruda.ru/stroitelstvo/ukladka-pokritija/gazon/,Укладка рулонного газона под ключ в Рыбинске | Торуда,yandex-api-Q000056.jsonl,live_yandex_organic
Q000056,укладка рулонного газона рыбинск,S2,commercial_research,Yaroslavl,desktop,2026-08-27T19:19:58+03:00,9,https://uslugi.yandex.ru/10839-rybinsk/category?text=%D1%80%D1%83%D0%BB%D0%BE%D0%BD%D0%BD%D1%8B%D0%B9+%D0%B3%D0%B0%D0%B7%D0%BE%D0%BD,https://uslugi.yandex.ru/10839-rybinsk/category/,Рулонный газон в Рыбинске: 70 ландшафтных дизайнеров...,yandex-api-Q000056.jsonl,live_yandex_organic
Q000056,укладка рулонного газона рыбинск,S2,commercial_research,Yaroslavl,desktop,2026-08-27T19:19:58+03:00,10,https://uslugi.yandex.ru/10839-rybinsk/landing/%D1%83%D1%81%D1%82%D1%80%D0%BE%D0%B9%D1%81%D1%82%D0%B2%D0%BE%20%D1%80%D1%83%D0%BB%D0%BE%D0%BD%D0%BD%D0%BE%D0%B3%D0%BE%20%D0%B3%D0%B0%D0%B7%D0%BE%D0%BD%D0%B0%20%D0%BF%D0%BE%D0%B4%20%D0%BA%D0%BB%D1%8E%D1%87,https://uslugi.yandex.ru/10839-rybinsk/landing/%D1%83%D1%81%D1%82%D1%80%D0%BE%D0%B9%D1%81%D1%82%D0%B2%D0%BE%20%D1%80%D1%83%D0%BB%D0%BE%D0%BD%D0%BD%D0%BE%D0%B3%D0%BE%20%D0%B3%D0%B0%D0%B7%D0%BE%D0%BD%D0%B0%20%D0%BF%D0%BE%D0%B4%20%D0%BA%D0%BB%D1%8E%D1%87/,Устройство рулонного газона под ключ в Рыбинске: 59...,yandex-api-Q000056.jsonl,live_yandex_organic
Q000057,устройство газона,S2,transactional,Yaroslavl,desktop,2026-08-27T19:19:58+03:00,1,https://www.avito.ru/yaroslavl/predlozheniya_uslug?q=%D1%83%D1%81%D1%82%D1%80%D0%BE%D0%B9%D1%81%D1%82%D0%B2%D0%BE+%D0%B3%D0%B0%D0%B7%D0%BE%D0%BD%D0%B0,https://avito.ru/yaroslavl/predlozheniya_uslug/,устройство газона в Ярославле - цены и отзывы | Услуги на Авито,yandex-api-Q000057.jsonl,live_yandex_organic
Q000057,устройство газона,S2,transactional,Yaroslavl,desktop,2026-08-27T19:19:58+03:00,2,https://yarlandshaft.ru/ozelenenie/ustrojstvo-gazonov,https://yarlandshaft.ru/ozelenenie/ustrojstvo-gazonov/,Рулонный и посевной газон на вашем участке в Ярославле...,yandex-api-Q000057.jsonl,live_yandex_organic
Q000057,устройство газона,S2,transactional,Yaroslavl,desktop,2026-08-27T19:19:58+03:00,3,https://t-j.ru/moi-gazon/,https://t-j.ru/moi-gazon/,Как сделать газон на даче своими руками: пошаговая инструкция,yandex-api-Q000057.jsonl,live_yandex_organic
Q000057,устройство газона,S2,transactional,Yaroslavl,desktop,2026-08-27T19:19:58+03:00,4,https://www.tn.ru/journal/kak-pravilno-poseyat-gazonnuyu-travu-svoimi-rukami/,https://tn.ru/journal/kak-pravilno-poseyat-gazonnuyu-travu-svoimi-rukami/,"Как сеять газонную траву: пошаговая инструкция, как правильно...",yandex-api-Q000057.jsonl,live_yandex_organic
Q000057,устройство газона,S2,transactional,Yaroslavl,desktop,2026-08-27T19:19:58+03:00,5,https://uslugi.yandex.ru/16-yaroslavl/category?text=%D0%BF%D0%BE%D1%81%D0%B5%D0%B2+%D0%B3%D0%B0%D0%B7%D0%BE%D0%BD%D0%B0,https://uslugi.yandex.ru/16-yaroslavl/category/,Посев газона в Ярославле: 75 ландшафтных дизайнеров со...,yandex-api-Q000057.jsonl,live_yandex_organic
Q000057,устройство газона,S2,transactional,Yaroslavl,desktop,2026-08-27T19:19:58+03:00,6,https://dzen.ru/a/aE_fa0usGksEHMl2,https://dzen.ru/a/aE_fa0usGksEHMl2/,Устройство газона: пошаговое руководство для начинающих | Дзен,yandex-api-Q000057.jsonl,live_yandex_organic
Q000057,устройство газона,S2,transactional,Yaroslavl,desktop,2026-08-27T19:19:58+03:00,7,https://m-strana.ru/articles/ustroystvo-gazona/,https://m-strana.ru/articles/ustroystvo-gazona/,Устройство газона: технология и правила ухаживания,yandex-api-Q000057.jsonl,live_yandex_organic
Q000057,устройство газона,S2,transactional,Yaroslavl,desktop,2026-08-27T19:19:58+03:00,8,https://www.botanichka.ru/article/podrobnaya-instrukcziya-po-posadke-gazona-ot-a-do-ya/,https://botanichka.ru/article/podrobnaya-instrukcziya-po-posadke-gazona-ot-a-do-ya/,Подробная инструкция по посадке газона от А до Я — Ботаничка,yandex-api-Q000057.jsonl,live_yandex_organic
Q000057,устройство газона,S2,transactional,Yaroslavl,desktop,2026-08-27T19:19:58+03:00,9,https://www.botanichka.ru/article/gazon-ot-a-do-ya-sozdanie-idealnogo-zelenogo-kovra/,https://botanichka.ru/article/gazon-ot-a-do-ya-sozdanie-idealnogo-zelenogo-kovra/,Создание идеального газона. Устройство газона на... — Ботаничка,yandex-api-Q000057.jsonl,live_yandex_organic
Q000057,устройство газона,S2,transactional,Yaroslavl,desktop,2026-08-27T19:19:58+03:00,10,https://media.halvacard.ru/dacha/krasivyi-gazon-svoimi-rukami,https://media.halvacard.ru/dacha/krasivyi-gazon-svoimi-rukami/,Как посадить газонную траву и ухаживать за ней: пошаговая...,yandex-api-Q000057.jsonl,live_yandex_organic
Q000058,цена за метр раскатного газона,S2,transactional,Yaroslavl,desktop,2026-08-27T19:19:58+03:00,1,https://yaroslavly.gazon-ka.ru/catalog/rulonnyy_gazon/standartnyy_rulonnyy_gazon.html,https://yaroslavly.gazon-ka.ru/catalog/rulonnyy_gazon/standartnyy_rulonnyy_gazon.html/,Купить Стандартный рулонный газон от магазина Gazon-ka,yandex-api-Q000058.jsonl,live_yandex_organic
Q000058,цена за метр раскатного газона,S2,transactional,Yaroslavl,desktop,2026-08-27T19:19:58+03:00,2,https://www.ozon.ru/category/gazonnaya-trava-v-rulonah/,https://ozon.ru/category/gazonnaya-trava-v-rulonah/,Газонная трава в рулонах купить на OZON по низкой цене,yandex-api-Q000058.jsonl,live_yandex_organic
Q000058,цена за метр раскатного газона,S2,transactional,Yaroslavl,desktop,2026-08-27T19:19:58+03:00,3,https://www.avito.ru/yaroslavl/rasteniya/sadovye_rasteniya/gazon-ASgBAgICAkT8lRW4zpEDoJgV2NqRAw?q=%D1%80%D1%83%D0%BB%D0%BE%D0%BD%D0%BD%D1%8B%D0%B9+%D0%B3%D0%B0%D0%B7%D0%BE%D0%BD,https://avito.ru/yaroslavl/rasteniya/sadovye_rasteniya/gazon-ASgBAgICAkT8lRW4zpEDoJgV2NqRAw/,Рулонный газон - купить в Ярославле с доставкой | Авито,yandex-api-Q000058.jsonl,live_yandex_organic
Q000058,цена за метр раскатного газона,S2,transactional,Yaroslavl,desktop,2026-08-27T19:19:58+03:00,4,https://gazon-ka.ru/catalog/rulonnyy_gazon/,https://gazon-ka.ru/catalog/rulonnyy_gazon/,"Газон в рулонах в Москве, купить газонный рулон с доставкой от...",yandex-api-Q000058.jsonl,live_yandex_organic
Q000058,цена за метр раскатного газона,S2,transactional,Yaroslavl,desktop,2026-08-27T19:19:58+03:00,5,https://progarden.group/rulonii_gazon,https://progarden.group/rulonii_gazon/,Укладка рулонного газона в Ярославле | ProGarden Group,yandex-api-Q000058.jsonl,live_yandex_organic
Q000058,цена за метр раскатного газона,S2,transactional,Yaroslavl,desktop,2026-08-27T19:19:58+03:00,6,https://yaroslavl.det-ploshadka.ru/pokrytiya/gazon/rulonnyy/,https://yaroslavl.det-ploshadka.ru/pokrytiya/gazon/rulonnyy/,Купить рулонный газон по выгодной цене в Ярославле...,yandex-api-Q000058.jsonl,live_yandex_organic
Q000058,цена за метр раскатного газона,S2,transactional,Yaroslavl,desktop,2026-08-27T19:19:58+03:00,7,https://www.avito.ru/yaroslavl/predlozheniya_uslug?q=%D1%83%D1%81%D1%82%D1%80%D0%BE%D0%B9%D1%81%D1%82%D0%B2%D0%BE+%D0%B3%D0%B0%D0%B7%D0%BE%D0%BD%D0%B0,https://avito.ru/yaroslavl/predlozheniya_uslug/,устройство газона в Ярославле - цены и отзывы | Услуги на Авито,yandex-api-Q000058.jsonl,live_yandex_organic
Q000058,цена за метр раскатного газона,S2,transactional,Yaroslavl,desktop,2026-08-27T19:19:58+03:00,8,https://www.avito.ru/yaroslavl/rasteniya?q=%D1%80%D1%83%D0%BB%D0%BE%D0%BD%D0%BD%D1%8B%D0%B9+%D0%B3%D0%B0%D0%B7%D0%BE%D0%BD,https://avito.ru/yaroslavl/rasteniya/,Рулонный газон - купить в Ярославле | Недорогие... | Авито,yandex-api-Q000058.jsonl,live_yandex_organic
Q000058,цена за метр раскатного газона,S2,transactional,Yaroslavl,desktop,2026-08-27T19:19:58+03:00,9,https://gazony.com/rulonnyj-gazon/,https://gazony.com/rulonnyj-gazon/,Рулонный газон - купить в Москве и области с доставкой | Цена за...,yandex-api-Q000058.jsonl,live_yandex_organic
Q000058,цена за метр раскатного газона,S2,transactional,Yaroslavl,desktop,2026-08-27T19:19:58+03:00,10,https://yaroslavl.wetzavet.ru/obustroystvo-gazonov/prays-list/,https://yaroslavl.wetzavet.ru/obustroystvo-gazonov/prays-list/,"Устройство газона прайс-лист, устройство газона прайс-лист...",yandex-api-Q000058.jsonl,live_yandex_organic
Q000059,дендролог в рыбинске,S3,commercial_research,Yaroslavl,desktop,2026-08-27T19:19:58+03:00,1,https://rybinsk.wetzavet.ru/raschistka-uchastka/uslugi-lesopatologa/,https://rybinsk.wetzavet.ru/raschistka-uchastka/uslugi-lesopatologa/,"Услуги дендролога, лесопатолог для оценки зеленых насаждений...",yandex-api-Q000059.jsonl,live_yandex_organic
Q000059,дендролог в рыбинске,S3,commercial_research,Yaroslavl,desktop,2026-08-27T19:19:58+03:00,2,https://rybinsk.dod-ru.ru/services/dendrologicheskaya-ekspertiza/,https://rybinsk.dod-ru.ru/services/dendrologicheskaya-ekspertiza/,Дендрологическая и лесотехническая экспертиза в Рыбинске,yandex-api-Q000059.jsonl,live_yandex_organic
Q000059,дендролог в рыбинске,S3,commercial_research,Yaroslavl,desktop,2026-08-27T19:19:58+03:00,3,https://xn--90aoglmj0e.xn----7sbbjeagccugewci4asb0ajmpe1a8i9g2b.xn--p1ai/,https://xn--90aoglmj0e.xn----7sbbjeagccugewci4asb0ajmpe1a8i9g2b.xn--p1ai/,Услуги проведения дендрологической экспертизы в Рыбинске,yandex-api-Q000059.jsonl,live_yandex_organic
Q000059,дендролог в рыбинске,S3,commercial_research,Yaroslavl,desktop,2026-08-27T19:19:58+03:00,4,https://rybinsk.gov-expertiza.ru/services/ekspertiza/dendrologicheskaya_ekspertiza/,https://rybinsk.gov-expertiza.ru/services/ekspertiza/dendrologicheskaya_ekspertiza/,Независимая дендрологическая экспертиза в городе Рыбинск.,yandex-api-Q000059.jsonl,live_yandex_organic
Q000059,дендролог в рыбинске,S3,commercial_research,Yaroslavl,desktop,2026-08-27T19:19:58+03:00,5,http://monolit76.ru/posadka-derevyev-i-kustarnikov/,https://monolit76.ru/posadka-derevyev-i-kustarnikov/,Посадка деревьев и кустарников | Монолит,yandex-api-Q000059.jsonl,live_yandex_organic
Q000059,дендролог в рыбинске,S3,commercial_research,Yaroslavl,desktop,2026-08-27T19:19:58+03:00,6,https://kronaexpert.ru/yaroslavskaya-oblast,https://kronaexpert.ru/yaroslavskaya-oblast/,"Арборист, дендролог, агроном в Ярославской области...",yandex-api-Q000059.jsonl,live_yandex_organic
Q000059,дендролог в рыбинске,S3,commercial_research,Yaroslavl,desktop,2026-08-27T19:19:58+03:00,7,https://rybinsk.wetzavet.ru/raschistka-uchastka/dendroplan-uchastka/,https://rybinsk.wetzavet.ru/raschistka-uchastka/dendroplan-uchastka/,"Паспорт благоустройства, актуализация АИС зеленых насаждений...",yandex-api-Q000059.jsonl,live_yandex_organic
Q000059,дендролог в рыбинске,S3,commercial_research,Yaroslavl,desktop,2026-08-27T19:19:58+03:00,8,https://vk.ru/yrano,https://vk.ru/yrano/,"ЯРАНО ""Петровский парк"" | Ярославская автономная...",yandex-api-Q000059.jsonl,live_yandex_organic
Q000059,дендролог в рыбинске,S3,commercial_research,Yaroslavl,desktop,2026-08-27T19:19:58+03:00,9,https://rybinsk.wetzavet.ru/services/,https://rybinsk.wetzavet.ru/services/,"благоустройство территории участка, цена на ландшафтные...",yandex-api-Q000059.jsonl,live_yandex_organic
Q000059,дендролог в рыбинске,S3,commercial_research,Yaroslavl,desktop,2026-08-27T19:19:58+03:00,10,https://vk.ru/wall-15252706_33036,https://vk.ru/wall-15252706_33036/,Как законно спилить дерево в Рыбинске: Инструкция без риска...,yandex-api-Q000059.jsonl,live_yandex_organic
Q000060,заказать посадку дерева,S3,transactional,Yaroslavl,desktop,2026-08-27T19:19:58+03:00,1,https://www.avito.ru/yaroslavl/predlozheniya_uslug/sad_blagoustroystvo/ozelenenie_uhod_za_sadom_i_ogorodom/posadka_derevev-ASgBAgICA0SYC8KfAdCuDvy80AHWrw_8x_MC,https://avito.ru/yaroslavl/predlozheniya_uslug/sad_blagoustroystvo/ozelenenie_uhod_za_sadom_i_ogorodom/posadka_derevev-ASgBAgICA0SYC8KfAdCuDvy80AHWrw_8x_MC/,"Посадка деревьев в Ярославле | Озеленение, уход за садом...",yandex-api-Q000060.jsonl,live_yandex_organic
Q000060,заказать посадку дерева,S3,transactional,Yaroslavl,desktop,2026-08-27T19:19:58+03:00,2,https://www.avito.ru/yaroslavl/predlozheniya_uslug?q=%D0%BF%D0%BE%D1%81%D0%B0%D0%B4%D0%BA%D0%B0+%D0%B4%D0%B5%D1%80%D0%B5%D0%B2%D1%8C%D0%B5%D0%B2+%D0%B8+%D0%BA%D1%83%D1%81%D1%82%D0%B0%D1%80%D0%BD%D0%B8%D0%BA%D0%BE%D0%B2,https://avito.ru/yaroslavl/predlozheniya_uslug/,посадка деревьев и кустарников в Ярославле - цены и отзывы,yandex-api-Q000060.jsonl,live_yandex_organic
Q000060,заказать посадку дерева,S3,transactional,Yaroslavl,desktop,2026-08-27T19:19:58+03:00,3,https://www.avito.ru/yaroslavl/predlozheniya_uslug/sad_blagoustroystvo-ASgBAgICAUSYC8KfAQ?q=%D0%BF%D0%BE%D1%81%D0%B0%D0%B4%D0%BA%D0%B0+%D0%B4%D0%B5%D1%80%D0%B5%D0%B2%D1%8C%D0%B5%D0%B2,https://avito.ru/yaroslavl/predlozheniya_uslug/sad_blagoustroystvo-ASgBAgICAUSYC8KfAQ/,посадка деревьев в Ярославле - цены и отзывы | Услуги на Авито,yandex-api-Q000060.jsonl,live_yandex_organic
Q000060,заказать посадку дерева,S3,transactional,Yaroslavl,desktop,2026-08-27T19:19:58+03:00,4,https://www.ozon.ru/category/sazhentsy-derevev/,https://ozon.ru/category/sazhentsy-derevev/,Саженцы деревьев купить на OZON по низкой цене,yandex-api-Q000060.jsonl,live_yandex_organic
Q000060,заказать посадку дерева,S3,transactional,Yaroslavl,desktop,2026-08-27T19:19:58+03:00,5,https://yaroslavl.mslandshaft.ru/catalog/ozelenenie/posadka-derevev/,https://yaroslavl.mslandshaft.ru/catalog/ozelenenie/posadka-derevev/,Посадка деревьев на участке в Ярославле | Ландшафт Плюс,yandex-api-Q000060.jsonl,live_yandex_organic
Q000060,заказать посадку дерева,S3,transactional,Yaroslavl,desktop,2026-08-27T19:19:58+03:00,6,https://yaroslavl.stplitka.ru/posadka-derevev,https://yaroslavl.stplitka.ru/posadka-derevev/,Посадка деревьев и кустарников в Ярославле — стоимость от...,yandex-api-Q000060.jsonl,live_yandex_organic
Q000060,заказать посадку дерева,S3,transactional,Yaroslavl,desktop,2026-08-27T19:19:58+03:00,7,https://uslugi.yandex.ru/16-yaroslavl/category?text=%D0%BF%D0%BE%D1%81%D0%B0%D0%B4%D0%BA%D0%B0+%D0%B4%D0%B5%D1%80%D0%B5%D0%B2%D1%8C%D0%B5%D0%B2,https://uslugi.yandex.ru/16-yaroslavl/category/,Посадка деревьев в Ярославле: 138 ландшафтных дизайнеров...,yandex-api-Q000060.jsonl,live_yandex_organic
Q000060,заказать посадку дерева,S3,transactional,Yaroslavl,desktop,2026-08-27T19:19:58+03:00,8,https://uslugi.yandex.ru/10841-yaroslavl-oblast/category?text=%D0%BF%D0%BE%D1%81%D0%B0%D0%B4%D0%BA%D0%B0+%D0%B4%D0%B5%D1%80%D0%B5%D0%B2%D1%8C%D0%B5%D0%B2,https://uslugi.yandex.ru/10841-yaroslavl-oblast/category/,Посадка деревьев в Ярославской области: 129 ландшафтных...,yandex-api-Q000060.jsonl,live_yandex_organic
Q000060,заказать посадку дерева,S3,transactional,Yaroslavl,desktop,2026-08-27T19:19:58+03:00,9,https://prosazhency.ru/,https://prosazhency.ru/,Саженцы из питомника ПРОСАЖЕНЦЫ - купить в Москве...,yandex-api-Q000060.jsonl,live_yandex_organic
Q000060,заказать посадку дерева,S3,transactional,Yaroslavl,desktop,2026-08-27T19:19:58+03:00,10,https://xn--80aezclli6gta.xn----8sbaryjdhjikfb8ah0k.xn--p1ai/services/posadka/,https://xn--80aezclli6gta.xn----8sbaryjdhjikfb8ah0k.xn--p1ai/services/posadka/,Посадка саженцев деревьев крупномеров в Ярославле,yandex-api-Q000060.jsonl,live_yandex_organic
Q000061,озеленение участка,S3,commercial_research,Yaroslavl,desktop,2026-08-27T19:19:58+03:00,1,https://progarden.group/ozelenenie,https://progarden.group/ozelenenie/,Озеленение в Ярославле | ProGardenGroup,yandex-api-Q000061.jsonl,live_yandex_organic
Q000061,озеленение участка,S3,commercial_research,Yaroslavl,desktop,2026-08-27T19:19:58+03:00,2,https://progarden.group/,https://progarden.group/,Ландшафтный дизайн в Ярославле | ProGardenGroup,yandex-api-Q000061.jsonl,live_yandex_organic
Q000061,озеленение участка,S3,commercial_research,Yaroslavl,desktop,2026-08-27T19:19:58+03:00,3,https://www.avito.ru/yaroslavl/predlozheniya_uslug?q=%D0%BE%D0%B7%D0%B5%D0%BB%D0%B5%D0%BD%D0%B5%D0%BD%D0%B8%D0%B5+%D1%83%D1%87%D0%B0%D1%81%D1%82%D0%BA%D0%B0,https://avito.ru/yaroslavl/predlozheniya_uslug/,озеленение участка в Ярославле - цены и отзывы | Услуги на...,yandex-api-Q000061.jsonl,live_yandex_organic
Q000061,озеленение участка,S3,commercial_research,Yaroslavl,desktop,2026-08-27T19:19:58+03:00,4,https://www.tn.ru/journal/kak-ozelenit-uchastok-svoimi-rukami-s-chego-nachat/,https://tn.ru/journal/kak-ozelenit-uchastok-svoimi-rukami-s-chego-nachat/,Ландшафтное озеленение участка: как зонировать двор...,yandex-api-Q000061.jsonl,live_yandex_organic
Q000061,озеленение участка,S3,commercial_research,Yaroslavl,desktop,2026-08-27T19:19:58+03:00,5,https://uslugi.yandex.ru/16-yaroslavl/category/remont-i-stroitelstvo/ozelenenie--1693,https://uslugi.yandex.ru/16-yaroslavl/category/remont-i-stroitelstvo/ozelenenie--1693/,Услуги озеленения в Ярославле: 91 ландшафтный дизайнер со...,yandex-api-Q000061.jsonl,live_yandex_organic
Q000061,озеленение участка,S3,commercial_research,Yaroslavl,desktop,2026-08-27T19:19:58+03:00,6,https://uslugi.yandex.ru/10841-yaroslavl-oblast/category?text=%D0%BE%D0%B7%D0%B5%D0%BB%D0%B5%D0%BD%D0%B5%D0%BD%D0%B8%D0%B5%20%D1%83%D1%87%D0%B0%D1%81%D1%82%D0%BA%D0%B0,https://uslugi.yandex.ru/10841-yaroslavl-oblast/category/,Озеленение участка в Ярославской области: 39 ландшафтных...,yandex-api-Q000061.jsonl,live_yandex_organic
Q000061,озеленение участка,S3,commercial_research,Yaroslavl,desktop,2026-08-27T19:19:58+03:00,7,https://www.avito.ru/yaroslavl/predlozheniya_uslug?q=%D0%BE%D0%B7%D0%B5%D0%BB%D0%B5%D0%BD%D0%B5%D0%BD%D0%B8%D0%B5,https://avito.ru/yaroslavl/predlozheniya_uslug/,озеленение в Ярославле - цены и отзывы | Услуги на Авито,yandex-api-Q000061.jsonl,live_yandex_organic
Q000061,озеленение участка,S3,commercial_research,Yaroslavl,desktop,2026-08-27T19:19:58+03:00,8,https://yaroslavl.mslandshaft.ru/catalog/ozelenenie/,https://yaroslavl.mslandshaft.ru/catalog/ozelenenie/,Озеленение участка под ключ в Ярославле | Ландшафт Плюс,yandex-api-Q000061.jsonl,live_yandex_organic
Q000061,озеленение участка,S3,commercial_research,Yaroslavl,desktop,2026-08-27T19:19:58+03:00,9,https://www.avito.ru/yaroslavl/predlozheniya_uslug?q=%D0%BB%D0%B0%D0%BD%D0%B4%D1%88%D0%B0%D1%84%D1%82%D0%BD%D1%8B%D0%B9+%D0%B4%D0%B8%D0%B7%D0%B0%D0%B9%D0%BD,https://avito.ru/yaroslavl/predlozheniya_uslug/,ландшафтный дизайн в Ярославле - цены и отзывы | Услуги на...,yandex-api-Q000061.jsonl,live_yandex_organic
Q000061,озеленение участка,S3,commercial_research,Yaroslavl,desktop,2026-08-27T19:19:58+03:00,10,https://filsad.ru/,https://filsad.ru/,Ландшафтный дизайн Ярославль садового и дачного участка...,yandex-api-Q000061.jsonl,live_yandex_organic
Q000062,озеленение участка под ключ и благоустройство ярославль,S3,transactional,Yaroslavl,desktop,2026-08-27T19:19:58+03:00,1,https://yaroslavl.blago-s.ru/,https://yaroslavl.blago-s.ru/,Благоустройство участка и территории частного дома под ключ...,yandex-api-Q000062.jsonl,live_yandex_organic
Q000062,озеленение участка под ключ и благоустройство ярославль,S3,transactional,Yaroslavl,desktop,2026-08-27T19:19:58+03:00,2,https://atlant76.com/landshaftnye-raboty/,https://atlant76.com/landshaftnye-raboty/,Ландшафтный дизайн дачного участка под ключ — услуги...,yandex-api-Q000062.jsonl,live_yandex_organic
Q000062,озеленение участка под ключ и благоустройство ярославль,S3,transactional,Yaroslavl,desktop,2026-08-27T19:19:58+03:00,3,https://landshaftniy-dizayn.ru/region/yaroslavl/,https://landshaftniy-dizayn.ru/region/yaroslavl/,Ландшафтный дизайн участка под ключ в Ярославле - цены,yandex-api-Q000062.jsonl,live_yandex_organic
Q000062,озеленение участка под ключ и благоустройство ярославль,S3,transactional,Yaroslavl,desktop,2026-08-27T19:19:58+03:00,4,https://filsad.ru/,https://filsad.ru/,Ландшафтный дизайн Ярославль садового и дачного участка...,yandex-api-Q000062.jsonl,live_yandex_organic
Q000062,озеленение участка под ключ и благоустройство ярославль,S3,transactional,Yaroslavl,desktop,2026-08-27T19:19:58+03:00,5,https://greenteh76.ru/,https://greenteh76.ru/,ГринТех76 Ландшафтный дизайн Благоустройство Ярославль,yandex-api-Q000062.jsonl,live_yandex_organic
Q000062,озеленение участка под ключ и благоустройство ярославль,S3,transactional,Yaroslavl,desktop,2026-08-27T19:19:58+03:00,6,https://major-landscape.ru/,https://major-landscape.ru/,Ландшафтный дизайн в Ярославле — Major Landscape,yandex-api-Q000062.jsonl,live_yandex_organic
Q000062,озеленение участка под ключ и благоустройство ярославль,S3,transactional,Yaroslavl,desktop,2026-08-27T19:19:58+03:00,7,https://progarden.group/,https://progarden.group/,Ландшафтный дизайн в Ярославле | ProGardenGroup,yandex-api-Q000062.jsonl,live_yandex_organic
Q000062,озеленение участка под ключ и благоустройство ярославль,S3,transactional,Yaroslavl,desktop,2026-08-27T19:19:58+03:00,8,https://www.avito.ru/yaroslavl/predlozheniya_uslug?q=%D0%B1%D0%BB%D0%B0%D0%B3%D0%BE%D1%83%D1%81%D1%82%D1%80%D0%BE%D0%B9%D1%81%D1%82%D0%B2%D0%BE+%D1%83%D1%87%D0%B0%D1%81%D1%82%D0%BA%D0%B0,https://avito.ru/yaroslavl/predlozheniya_uslug/,благоустройство участка в Ярославле - цены и отзывы,yandex-api-Q000062.jsonl,live_yandex_organic
Q000062,озеленение участка под ключ и благоустройство ярославль,S3,transactional,Yaroslavl,desktop,2026-08-27T19:19:58+03:00,9,https://www.avito.ru/yaroslavl/predlozheniya_uslug?q=%D0%BE%D0%B7%D0%B5%D0%BB%D0%B5%D0%BD%D0%B5%D0%BD%D0%B8%D0%B5+%D1%83%D1%87%D0%B0%D1%81%D1%82%D0%BA%D0%B0,https://avito.ru/yaroslavl/predlozheniya_uslug/,озеленение участка в Ярославле - цены и отзывы | Услуги на...,yandex-api-Q000062.jsonl,live_yandex_organic
Q000062,озеленение участка под ключ и благоустройство ярославль,S3,transactional,Yaroslavl,desktop,2026-08-27T19:19:58+03:00,10,https://www.avito.ru/yaroslavl/predlozheniya_uslug?q=%D0%BE%D0%B7%D0%B5%D0%BB%D0%B5%D0%BD%D0%B5%D0%BD%D0%B8%D0%B5,https://avito.ru/yaroslavl/predlozheniya_uslug/,озеленение в Ярославле - цены и отзывы | Услуги на Авито,yandex-api-Q000062.jsonl,live_yandex_organic
Q000063,посадка деревьев,S3,commercial_research,Yaroslavl,desktop,2026-08-27T19:19:58+03:00,1,https://treeschool.ru/articles/posadka-derevev-i-kustarnikov-rekomendacii-i-pravila-chast-1/,https://treeschool.ru/articles/posadka-derevev-i-kustarnikov-rekomendacii-i-pravila-chast-1/,Посадка деревьев и кустарников. Рекомендации и правила.,yandex-api-Q000063.jsonl,live_yandex_organic
Q000063,посадка деревьев,S3,commercial_research,Yaroslavl,desktop,2026-08-27T19:19:58+03:00,2,https://www.mvideo.ru/blog/pomogaem-razobratsya/zdes-budet-gorod-sad-kak-i-kogda-sazhat-plodovye-derevya-i-kustarniki,https://mvideo.ru/blog/pomogaem-razobratsya/zdes-budet-gorod-sad-kak-i-kogda-sazhat-plodovye-derevya-i-kustarniki/,Когда сажать саженцы: полный гид по посадке весной и осенью,yandex-api-Q000063.jsonl,live_yandex_organic
Q000063,посадка деревьев,S3,commercial_research,Yaroslavl,desktop,2026-08-27T19:19:58+03:00,3,https://forest-save.ru/esg-blog/kak-pravilno-posadit-derevo,https://forest-save.ru/esg-blog/kak-pravilno-posadit-derevo/,Посадить дерево - как правильно и когда лучше сажать деревья...,yandex-api-Q000063.jsonl,live_yandex_organic
Q000063,посадка деревьев,S3,commercial_research,Yaroslavl,desktop,2026-08-27T19:19:58+03:00,4,https://konturland.ru/articles/posadka_dereviev_kustarnikov,https://konturland.ru/articles/posadka_dereviev_kustarnikov/,Посадка деревьев и кустарников – рекомендации и правила,yandex-api-Q000063.jsonl,live_yandex_organic
Q000063,посадка деревьев,S3,commercial_research,Yaroslavl,desktop,2026-08-27T19:19:58+03:00,5,https://ru.wikihow.com/%D1%81%D0%B0%D0%B6%D0%B0%D1%82%D1%8C-%D1%84%D1%80%D1%83%D0%BA%D1%82%D0%BE%D0%B2%D1%8B%D0%B5-%D0%B4%D0%B5%D1%80%D0%B5%D0%B2%D1%8C%D1%8F,https://ru.wikihow.com/%D1%81%D0%B0%D0%B6%D0%B0%D1%82%D1%8C-%D1%84%D1%80%D1%83%D0%BA%D1%82%D0%BE%D0%B2%D1%8B%D0%B5-%D0%B4%D0%B5%D1%80%D0%B5%D0%B2%D1%8C%D1%8F/,Как сажать фруктовые деревья (с иллюстрациями),yandex-api-Q000063.jsonl,live_yandex_organic
Q000063,посадка деревьев,S3,commercial_research,Yaroslavl,desktop,2026-08-27T19:19:58+03:00,6,https://baucenter.ru/advices/737977/,https://baucenter.ru/advices/737977/,Как посадить саженцы плодовых деревьев и кустарников.,yandex-api-Q000063.jsonl,live_yandex_organic
Q000063,посадка деревьев,S3,commercial_research,Yaroslavl,desktop,2026-08-27T19:19:58+03:00,7,https://www.botanichka.ru/article/kogda-luchshe-sazhat-plodovye-derevya-vesnoj-ili-osenyu-reshaem-raz-i-navsegda/,https://botanichka.ru/article/kogda-luchshe-sazhat-plodovye-derevya-vesnoj-ili-osenyu-reshaem-raz-i-navsegda/,"Когда лучше сажать плодовые деревья, весной или... — Ботаничка",yandex-api-Q000063.jsonl,live_yandex_organic
Q000063,посадка деревьев,S3,commercial_research,Yaroslavl,desktop,2026-08-27T19:19:58+03:00,8,https://rosselhoscenter.ru/ob-uchrezhdenii/filialy/sibirskiy/omskaya-oblast/sad-mechty-bez-oshibok-kak-pravilno-rasschitat-rasstoyanie-mezhdu-plodovymi-derevyami/,https://rosselhoscenter.ru/ob-uchrezhdenii/filialy/sibirskiy/omskaya-oblast/sad-mechty-bez-oshibok-kak-pravilno-rasschitat-rasstoyanie-mezhdu-plodovymi-derevyami/,Сад мечты без ошибок: как правильно рассчитать расстояние...,yandex-api-Q000063.jsonl,live_yandex_organic
Q000063,посадка деревьев,S3,commercial_research,Yaroslavl,desktop,2026-08-27T19:19:58+03:00,9,https://kutepovo.ru/blogdachnika/sovety-pokupatelyam/posadka-plodovykh-derevev/,https://kutepovo.ru/blogdachnika/sovety-pokupatelyam/posadka-plodovykh-derevev/,"Посадка саженцев плодовых деревьев: сроки, схемы и расстояние",yandex-api-Q000063.jsonl,live_yandex_organic
Q000063,посадка деревьев,S3,commercial_research,Yaroslavl,desktop,2026-08-27T19:19:58+03:00,10,https://www.botanichka.ru/article/kak-posadit-derevo-pravilno/,https://botanichka.ru/article/kak-posadit-derevo-pravilno/,"Как посадить дерево правильно? Сроки, удобрения... — Ботаничка",yandex-api-Q000063.jsonl,live_yandex_organic
Q000064,посадка крупномеров,S3,commercial_research,Yaroslavl,desktop,2026-08-27T19:19:58+03:00,1,https://ecoplant-pitomnik.ru/articles/kak-posadit-krupnomeryi/,https://ecoplant-pitomnik.ru/articles/kak-posadit-krupnomeryi/,Посадка крупномеров: пошаговые инструкции и правила,yandex-api-Q000064.jsonl,live_yandex_organic
Q000064,посадка крупномеров,S3,commercial_research,Yaroslavl,desktop,2026-08-27T19:19:58+03:00,2,https://xn--e1aaegnf2bi6b.xn--p1ai/stati/posadka-krupnomerov,https://xn--e1aaegnf2bi6b.xn--p1ai/stati/posadka-krupnomerov/,Как посадить крупномеры - особенности посадки больших...,yandex-api-Q000064.jsonl,live_yandex_organic
Q000064,посадка крупномеров,S3,commercial_research,Yaroslavl,desktop,2026-08-27T19:19:58+03:00,3,https://www.vhoz.ru/articles/sad/posadka-krupnomerov-dlya-chego-kogda-i-kak-pravilno/,https://vhoz.ru/articles/sad/posadka-krupnomerov-dlya-chego-kogda-i-kak-pravilno/,"Посадка крупномеров: для чего, когда и как правильно",yandex-api-Q000064.jsonl,live_yandex_organic
Q000064,посадка крупномеров,S3,commercial_research,Yaroslavl,desktop,2026-08-27T19:19:58+03:00,4,https://pitomnikgavrish.ru/sovety/vzroslyy-sad-za-odin-sezon-sazhaem-krupnomery/,https://pitomnikgavrish.ru/sovety/vzroslyy-sad-za-odin-sezon-sazhaem-krupnomery/,Взрослый сад за один сезон. Сажаем крупномеры - Советы от...,yandex-api-Q000064.jsonl,live_yandex_organic
Q000064,посадка крупномеров,S3,commercial_research,Yaroslavl,desktop,2026-08-27T19:19:58+03:00,5,https://lesnoy-kontur.ru/blog/posadka-krupnomerov-kak-pravilno-posadit-derevo,https://lesnoy-kontur.ru/blog/posadka-krupnomerov-kak-pravilno-posadit-derevo/,Посадка крупномеров: как правильно посадить и пересадить...,yandex-api-Q000064.jsonl,live_yandex_organic
Q000064,посадка крупномеров,S3,commercial_research,Yaroslavl,desktop,2026-08-27T19:19:58+03:00,6,https://ru.ruwiki.ru/wiki/%D0%9A%D1%80%D1%83%D0%BF%D0%BD%D0%BE%D0%BC%D0%B5%D1%80%D1%8B,https://ru.ruwiki.ru/wiki/%D0%9A%D1%80%D1%83%D0%BF%D0%BD%D0%BE%D0%BC%D0%B5%D1%80%D1%8B/,Крупномеры — Рувики: Интернет-энциклопедия,yandex-api-Q000064.jsonl,live_yandex_organic
Q000064,посадка крупномеров,S3,commercial_research,Yaroslavl,desktop,2026-08-27T19:19:58+03:00,7,https://www.botanichka.ru/article/vse-o-posadke-krupnomerov-kak-i-kogda-sazhat-vyrosshie-derevya/,https://botanichka.ru/article/vse-o-posadke-krupnomerov-kak-i-kogda-sazhat-vyrosshie-derevya/,Всё о посадке крупномеров: как и зачем сажать... — Ботаничка,yandex-api-Q000064.jsonl,live_yandex_organic
Q000064,посадка крупномеров,S3,commercial_research,Yaroslavl,desktop,2026-08-27T19:19:58+03:00,8,https://stroyprosto.metallprofil.ru/articles/zimnyaya-posadka-krupnomerov-polnoe-rukovodstvo-po-tekhnologii-riskam-i-garantiyam/,https://stroyprosto.metallprofil.ru/articles/zimnyaya-posadka-krupnomerov-polnoe-rukovodstvo-po-tekhnologii-riskam-i-garantiyam/,Зимняя посадка крупномеров: гид + цены 2026,yandex-api-Q000064.jsonl,live_yandex_organic
Q000064,посадка крупномеров,S3,commercial_research,Yaroslavl,desktop,2026-08-27T19:19:58+03:00,9,https://pitomnik-zr.ru/statyi/posadka-i-peresadka-krupnomerov/,https://pitomnik-zr.ru/statyi/posadka-i-peresadka-krupnomerov/,Деревья-крупномеры на участке. Правила посадки и пересадки...,yandex-api-Q000064.jsonl,live_yandex_organic
Q000064,посадка крупномеров,S3,commercial_research,Yaroslavl,desktop,2026-08-27T19:19:58+03:00,10,https://ru.wikipedia.org/wiki/%D0%9A%D1%80%D1%83%D0%BF%D0%BD%D0%BE%D0%BC%D0%B5%D1%80%D1%8B,https://ru.wikipedia.org/wiki/%D0%9A%D1%80%D1%83%D0%BF%D0%BD%D0%BE%D0%BC%D0%B5%D1%80%D1%8B/,Крупномеры — Википедия,yandex-api-Q000064.jsonl,live_yandex_organic
Q000065,посадка кустарников,S3,commercial_research,Yaroslavl,desktop,2026-08-27T19:19:58+03:00,1,https://treeschool.ru/articles/posadka-derevev-i-kustarnikov-rekomendacii-i-pravila-chast-1/,https://treeschool.ru/articles/posadka-derevev-i-kustarnikov-rekomendacii-i-pravila-chast-1/,Посадка деревьев и кустарников. Рекомендации и правила.,yandex-api-Q000065.jsonl,live_yandex_organic
Q000065,посадка кустарников,S3,commercial_research,Yaroslavl,desktop,2026-08-27T19:19:58+03:00,2,https://konturland.ru/articles/posadka_dereviev_kustarnikov,https://konturland.ru/articles/posadka_dereviev_kustarnikov/,Посадка деревьев и кустарников – рекомендации и правила,yandex-api-Q000065.jsonl,live_yandex_organic
Q000065,посадка кустарников,S3,commercial_research,Yaroslavl,desktop,2026-08-27T19:19:58+03:00,3,https://www.mvideo.ru/blog/pomogaem-razobratsya/zdes-budet-gorod-sad-kak-i-kogda-sazhat-plodovye-derevya-i-kustarniki,https://mvideo.ru/blog/pomogaem-razobratsya/zdes-budet-gorod-sad-kak-i-kogda-sazhat-plodovye-derevya-i-kustarniki/,Когда сажать саженцы: полный гид по посадке весной и осенью,yandex-api-Q000065.jsonl,live_yandex_organic
Q000065,посадка кустарников,S3,commercial_research,Yaroslavl,desktop,2026-08-27T19:19:58+03:00,4,https://dzen.ru/a/ZQ7X2i3-gnU1sifU,https://dzen.ru/a/ZQ7X2i3-gnU1sifU/,Закладываем сад осенью: правила посадки плодовых... | Дзен,yandex-api-Q000065.jsonl,live_yandex_organic
Q000065,посадка кустарников,S3,commercial_research,Yaroslavl,desktop,2026-08-27T19:19:58+03:00,5,https://dzen.ru/a/aPnSEoc7gAD7Z9NE,https://dzen.ru/a/aPnSEoc7gAD7Z9NE/,"Как осенью сажать деревья и кустарники, чтобы они точно... | Дзен",yandex-api-Q000065.jsonl,live_yandex_organic
Q000065,посадка кустарников,S3,commercial_research,Yaroslavl,desktop,2026-08-27T19:19:58+03:00,6,https://landshaftniy-dizayn.ru/vse-stati/pravilnaya-skhema-posadki-plodovykh-derevev-i-kustarnikov/,https://landshaftniy-dizayn.ru/vse-stati/pravilnaya-skhema-posadki-plodovykh-derevev-i-kustarnikov/,Правильная схема посадки плодовых деревьев и кустарников,yandex-api-Q000065.jsonl,live_yandex_organic
Q000065,посадка кустарников,S3,commercial_research,Yaroslavl,desktop,2026-08-27T19:19:58+03:00,7,https://landimprovement.ru/articles/posadochnij-material/posadka-kustarnikov/,https://landimprovement.ru/articles/posadochnij-material/posadka-kustarnikov/,Посадка кустарников в саду | Ландшафтная компания Гринтэк,yandex-api-Q000065.jsonl,live_yandex_organic
Q000065,посадка кустарников,S3,commercial_research,Yaroslavl,desktop,2026-08-27T19:19:58+03:00,8,https://dzen.ru/a/aKtGVVaKkRMNsUYZ,https://dzen.ru/a/aKtGVVaKkRMNsUYZ/,Когда лучше сажать деревья и кустарники: осенью или... | Дзен,yandex-api-Q000065.jsonl,live_yandex_organic
Q000065,посадка кустарников,S3,commercial_research,Yaroslavl,desktop,2026-08-27T19:19:58+03:00,9,https://dzen.ru/video/watch/68f25a8e20d4e425339e3685,https://dzen.ru/video/watch/68f25a8e20d4e425339e3685/,Крыжовник и смородину сажаем по-новому! Мастер-класс по... | Дзен,yandex-api-Q000065.jsonl,live_yandex_organic
Q000065,посадка кустарников,S3,commercial_research,Yaroslavl,desktop,2026-08-27T19:19:58+03:00,10,https://dzen.ru/a/Z-4tln3rvDDXoHNf,https://dzen.ru/a/Z-4tln3rvDDXoHNf/,Весенняя посадка саженцев деревьев и кустарников: как... | Дзен,yandex-api-Q000065.jsonl,live_yandex_organic
Q000066,посадка хвойных,S3,commercial_research,Yaroslavl,desktop,2026-08-27T19:19:58+03:00,1,https://dzen.ru/a/aecYGxIugTmqmG1E,https://dzen.ru/a/aecYGxIugTmqmG1E/,Хвойные: как посадить правильно и не потерять дерево | Дзен,yandex-api-Q000066.jsonl,live_yandex_organic
Q000066,посадка хвойных,S3,commercial_research,Yaroslavl,desktop,2026-08-27T19:19:58+03:00,2,https://lemanapro.ru/journal/kak-vybrat-sazhency-hvoynyh-rasteniy/,https://lemanapro.ru/journal/kak-vybrat-sazhency-hvoynyh-rasteniy/,Как выбрать и посадить хвойное растение... — Журнал Лемана ПРО,yandex-api-Q000066.jsonl,live_yandex_organic
Q000066,посадка хвойных,S3,commercial_research,Yaroslavl,desktop,2026-08-27T19:19:58+03:00,3,https://xn--e1aaegnf2bi6b.xn--p1ai/stati/kak-sazhat-khvojnye-derevya,https://xn--e1aaegnf2bi6b.xn--p1ai/stati/kak-sazhat-khvojnye-derevya/,Как правильно сажать хвойные деревья,yandex-api-Q000066.jsonl,live_yandex_organic
Q000066,посадка хвойных,S3,commercial_research,Yaroslavl,desktop,2026-08-27T19:19:58+03:00,4,https://avirondevelopment.ru/blog/kak-pravilno-sazhat-khvoynye-derevya-pravila-posadki-rasteniy-na-dachnom-uchastke/,https://avirondevelopment.ru/blog/kak-pravilno-sazhat-khvoynye-derevya-pravila-posadki-rasteniy-na-dachnom-uchastke/,Правила посадки хвойных деревьев: когда лучше сажать и как...,yandex-api-Q000066.jsonl,live_yandex_organic
Q000066,посадка хвойных,S3,commercial_research,Yaroslavl,desktop,2026-08-27T19:19:58+03:00,5,https://stroyprosto.metallprofil.ru/articles/khvoynyy-sad-kak-sozdat-s-nulya-i-izbezhat-oshibok/,https://stroyprosto.metallprofil.ru/articles/khvoynyy-sad-kak-sozdat-s-nulya-i-izbezhat-oshibok/,Хвойный сад: создание с нуля + цены и ошибки 2025,yandex-api-Q000066.jsonl,live_yandex_organic
Q000066,посадка хвойных,S3,commercial_research,Yaroslavl,desktop,2026-08-27T19:19:58+03:00,6,https://pitomnikgavrish.ru/sovety/sentyabr-luchshee-vremya-dlya-posadki-khvoynykh/,https://pitomnikgavrish.ru/sovety/sentyabr-luchshee-vremya-dlya-posadki-khvoynykh/,Сентябрь — лучшее время для посадки хвойных - Советы от...,yandex-api-Q000066.jsonl,live_yandex_organic
Q000066,посадка хвойных,S3,commercial_research,Yaroslavl,desktop,2026-08-27T19:19:58+03:00,7,https://antonovsad.ru/kak-posadit-hvoynye-rasteniya-sroki-pravila-i-shema-posadki-2142/,https://antonovsad.ru/kak-posadit-hvoynye-rasteniya-sroki-pravila-i-shema-posadki-2142/,Посадка хвойных растений весной на даче. Как посадить...,yandex-api-Q000066.jsonl,live_yandex_organic
Q000066,посадка хвойных,S3,commercial_research,Yaroslavl,desktop,2026-08-27T19:19:58+03:00,8,https://larix.by/novost-pytomnik/posadka-hvojnyh-rastenij-oshibki-novichkov,https://larix.by/novost-pytomnik/posadka-hvojnyh-rastenij-oshibki-novichkov/,Как правильно посадить хвойные растения... | Советы от Larix.by,yandex-api-Q000066.jsonl,live_yandex_organic
Q000066,посадка хвойных,S3,commercial_research,Yaroslavl,desktop,2026-08-27T19:19:58+03:00,9,https://www.botanichka.ru/article/kak-prodlit-zhizn-hvojnym-pravila-posadki-i-osnovy-uhoda/,https://botanichka.ru/article/kak-prodlit-zhizn-hvojnym-pravila-posadki-i-osnovy-uhoda/,Как продлить жизнь хвойным: правила весенней посадки...,yandex-api-Q000066.jsonl,live_yandex_organic
Q000066,посадка хвойных,S3,commercial_research,Yaroslavl,desktop,2026-08-27T19:19:58+03:00,10,https://purshat.com/articles/detail/16149/,https://purshat.com/articles/detail/16149/,Когда сажать хвойные растения: весной или осенью — что лучше...,yandex-api-Q000066.jsonl,live_yandex_organic
Q000067,стоимость посадки деревьев,S3,transactional,Yaroslavl,desktop,2026-08-27T19:19:58+03:00,1,https://www.avito.ru/yaroslavl/predlozheniya_uslug?q=%D0%BF%D0%BE%D1%81%D0%B0%D0%B4%D0%BA%D0%B0+%D0%B4%D0%B5%D1%80%D0%B5%D0%B2%D1%8C%D0%B5%D0%B2+%D0%B8+%D0%BA%D1%83%D1%81%D1%82%D0%B0%D1%80%D0%BD%D0%B8%D0%BA%D0%BE%D0%B2,https://avito.ru/yaroslavl/predlozheniya_uslug/,посадка деревьев и кустарников в Ярославле - цены и отзывы,yandex-api-Q000067.jsonl,live_yandex_organic
Q000067,стоимость посадки деревьев,S3,transactional,Yaroslavl,desktop,2026-08-27T19:19:58+03:00,2,https://www.avito.ru/yaroslavl/predlozheniya_uslug/sad_blagoustroystvo/ozelenenie_uhod_za_sadom_i_ogorodom/posadka_derevev-ASgBAgICA0SYC8KfAdCuDvy80AHWrw_8x_MC,https://avito.ru/yaroslavl/predlozheniya_uslug/sad_blagoustroystvo/ozelenenie_uhod_za_sadom_i_ogorodom/posadka_derevev-ASgBAgICA0SYC8KfAdCuDvy80AHWrw_8x_MC/,"Посадка деревьев в Ярославле | Озеленение, уход за садом...",yandex-api-Q000067.jsonl,live_yandex_organic
Q000067,стоимость посадки деревьев,S3,transactional,Yaroslavl,desktop,2026-08-27T19:19:58+03:00,3,https://uslugi.yandex.ru/16-yaroslavl/category?text=%D0%BF%D0%BE%D1%81%D0%B0%D0%B4%D0%BA%D0%B0+%D0%B4%D0%B5%D1%80%D0%B5%D0%B2%D1%8C%D0%B5%D0%B2,https://uslugi.yandex.ru/16-yaroslavl/category/,Посадка деревьев в Ярославле: 138 ландшафтных дизайнеров...,yandex-api-Q000067.jsonl,live_yandex_organic
Q000067,стоимость посадки деревьев,S3,transactional,Yaroslavl,desktop,2026-08-27T19:19:58+03:00,4,https://profi.ru/geo-yar/remont/blagoustroistvo-territorii/ozelenenie-territorii/posadka-dereva/,https://profi.ru/geo-yar/remont/blagoustroistvo-territorii/ozelenenie-territorii/posadka-dereva/,"Посадка крупномерных деревьев в Ярославле, цены и отзывы...",yandex-api-Q000067.jsonl,live_yandex_organic
Q000067,стоимость посадки деревьев,S3,transactional,Yaroslavl,desktop,2026-08-27T19:19:58+03:00,5,https://yaroslavl.mslandshaft.ru/catalog/ozelenenie/posadka-derevev/,https://yaroslavl.mslandshaft.ru/catalog/ozelenenie/posadka-derevev/,Посадка деревьев на участке в Ярославле | Ландшафт Плюс,yandex-api-Q000067.jsonl,live_yandex_organic
Q000067,стоимость посадки деревьев,S3,transactional,Yaroslavl,desktop,2026-08-27T19:19:58+03:00,6,https://uslugi.yandex.ru/10841-yaroslavl-oblast/category?text=%D0%BF%D0%BE%D1%81%D0%B0%D0%B4%D0%BA%D0%B0+%D0%B4%D0%B5%D1%80%D0%B5%D0%B2%D1%8C%D0%B5%D0%B2,https://uslugi.yandex.ru/10841-yaroslavl-oblast/category/,Посадка деревьев в Ярославской области: 129 ландшафтных...,yandex-api-Q000067.jsonl,live_yandex_organic
Q000067,стоимость посадки деревьев,S3,transactional,Yaroslavl,desktop,2026-08-27T19:19:58+03:00,7,https://uslugi.yandex.ru/16-yaroslavl/category?text=%D0%B2%D1%8B%D1%81%D0%B0%D0%B4%D0%BA%D0%B0+%D0%B4%D0%B5%D1%80%D0%B5%D0%B2%D1%8C%D0%B5%D0%B2,https://uslugi.yandex.ru/16-yaroslavl/category/,Высадка деревьев в Ярославле: 105 ландшафтных дизайнеров...,yandex-api-Q000067.jsonl,live_yandex_organic
Q000067,стоимость посадки деревьев,S3,transactional,Yaroslavl,desktop,2026-08-27T19:19:58+03:00,8,https://profi.ru/geo-yar/remont/blagoustroistvo-territorii/ozelenenie-territorii/posadka-dereva/price/,https://profi.ru/geo-yar/remont/blagoustroistvo-territorii/ozelenenie-territorii/posadka-dereva/price/,Стоимость посадки деревьев- цена за шт. в Ярославле...,yandex-api-Q000067.jsonl,live_yandex_organic
Q000067,стоимость посадки деревьев,S3,transactional,Yaroslavl,desktop,2026-08-27T19:19:58+03:00,9,https://izumrudniycity.ru/landshaftnye-uslugi-yaroslavl/,https://izumrudniycity.ru/landshaftnye-uslugi-yaroslavl/,Услуги ландшафтного дизайна и цены в Ярославле | Изумрудный...,yandex-api-Q000067.jsonl,live_yandex_organic
Q000067,стоимость посадки деревьев,S3,transactional,Yaroslavl,desktop,2026-08-27T19:19:58+03:00,10,https://www.avito.ru/yaroslavl/predlozheniya_uslug/tag/peresadka-derevev,https://avito.ru/yaroslavl/predlozheniya_uslug/tag/peresadka-derevev/,пересадка деревьев в Ярославле - цены и отзывы | Услуги на...,yandex-api-Q000067.jsonl,live_yandex_organic
Q000068,услуги по выбору и посадке фруктовых деревьев в ярославле,S3,transactional,Yaroslavl,desktop,2026-08-27T19:19:58+03:00,1,https://www.avito.ru/yaroslavl/predlozheniya_uslug/tag/peresadka-derevev,https://avito.ru/yaroslavl/predlozheniya_uslug/tag/peresadka-derevev/,пересадка деревьев в Ярославле - цены и отзывы | Услуги на...,yandex-api-Q000068.jsonl,live_yandex_organic
Q000068,услуги по выбору и посадке фруктовых деревьев в ярославле,S3,transactional,Yaroslavl,desktop,2026-08-27T19:19:58+03:00,2,https://www.avito.ru/yaroslavl/predlozheniya_uslug?q=%D0%BF%D0%BE%D1%81%D0%B0%D0%B4%D0%BA%D0%B0+%D0%B4%D0%B5%D1%80%D0%B5%D0%B2%D1%8C%D0%B5%D0%B2,https://avito.ru/yaroslavl/predlozheniya_uslug/,посадка деревьев в Ярославле - цены и отзывы | Услуги на Авито,yandex-api-Q000068.jsonl,live_yandex_organic
Q000068,услуги по выбору и посадке фруктовых деревьев в ярославле,S3,transactional,Yaroslavl,desktop,2026-08-27T19:19:58+03:00,3,https://www.avito.ru/yaroslavl/predlozheniya_uslug/sad_blagoustroystvo/ozelenenie_uhod_za_sadom_i_ogorodom/posadka_derevev-ASgBAgICA0SYC8KfAdCuDvy80AHWrw_8x_MC,https://avito.ru/yaroslavl/predlozheniya_uslug/sad_blagoustroystvo/ozelenenie_uhod_za_sadom_i_ogorodom/posadka_derevev-ASgBAgICA0SYC8KfAdCuDvy80AHWrw_8x_MC/,"Посадка деревьев в Ярославле | Озеленение, уход за садом...",yandex-api-Q000068.jsonl,live_yandex_organic
Q000068,услуги по выбору и посадке фруктовых деревьев в ярославле,S3,transactional,Yaroslavl,desktop,2026-08-27T19:19:58+03:00,4,https://www.avito.ru/yaroslavskaya_oblast/predlozheniya_uslug?q=%D0%BE%D0%B1%D1%80%D0%B5%D0%B7%D0%BA%D0%B0+%D0%BF%D0%BB%D0%BE%D0%B4%D0%BE%D0%B2%D1%8B%D1%85+%D0%B4%D0%B5%D1%80%D0%B5%D0%B2%D1%8C%D0%B5%D0%B2,https://avito.ru/yaroslavskaya_oblast/predlozheniya_uslug/,обрезка плодовых деревьев в Ярославской области - цены...,yandex-api-Q000068.jsonl,live_yandex_organic
Q000068,услуги по выбору и посадке фруктовых деревьев в ярославле,S3,transactional,Yaroslavl,desktop,2026-08-27T19:19:58+03:00,5,https://uslugi.yandex.ru/16-yaroslavl/category?text=%D0%BF%D0%B5%D1%80%D0%B5%D1%81%D0%B0%D0%B4%D0%BA%D0%B0%20%D0%B4%D0%B5%D1%80%D0%B5%D0%B2%D1%8C%D0%B5%D0%B2%20%D0%BA%D1%80%D1%83%D0%BF%D0%BD%D0%BE%D0%BC%D0%B5%D1%80%D0%BE%D0%B2%20%D0%BC%D0%B0%D0%BD%D0%B8%D0%BF%D1%83%D0%BB%D1%8F%D1%82%D0%BE%D1%80,https://uslugi.yandex.ru/16-yaroslavl/category/,Пересадка деревьев крупномеров манипулятор в Ярославле: 96...,yandex-api-Q000068.jsonl,live_yandex_organic
Q000068,услуги по выбору и посадке фруктовых деревьев в ярославле,S3,transactional,Yaroslavl,desktop,2026-08-27T19:19:58+03:00,6,https://uslugi.yandex.ru/16-yaroslavl/category?text=%D0%BF%D0%BE%D1%81%D0%B0%D0%B4%D0%BA%D0%B0+%D0%B4%D0%B5%D1%80%D0%B5%D0%B2%D1%8C%D0%B5%D0%B2,https://uslugi.yandex.ru/16-yaroslavl/category/,Посадка деревьев в Ярославле: 138 ландшафтных дизайнеров...,yandex-api-Q000068.jsonl,live_yandex_organic
Q000068,услуги по выбору и посадке фруктовых деревьев в ярославле,S3,transactional,Yaroslavl,desktop,2026-08-27T19:19:58+03:00,7,https://uslugi.yandex.ru/16-yaroslavl/category?text=%D0%B2%D1%8B%D1%81%D0%B0%D0%B4%D0%BA%D0%B0+%D0%B4%D0%B5%D1%80%D0%B5%D0%B2%D1%8C%D0%B5%D0%B2,https://uslugi.yandex.ru/16-yaroslavl/category/,Высадка деревьев в Ярославле: 105 ландшафтных дизайнеров...,yandex-api-Q000068.jsonl,live_yandex_organic
Q000068,услуги по выбору и посадке фруктовых деревьев в ярославле,S3,transactional,Yaroslavl,desktop,2026-08-27T19:19:58+03:00,8,https://uslugi.yandex.ru/16-yaroslavl/category?text=%D0%BF%D0%BE%D1%81%D0%B0%D0%B4%D0%BA%D0%B0+%D0%B4%D0%B5%D1%80%D0%B5%D0%B2%D1%8C%D0%B5%D0%B2+%D1%86%D0%B5%D0%BD%D0%B0,https://uslugi.yandex.ru/16-yaroslavl/category/,Посадка деревьев цена в Ярославле: 116 ландшафтных...,yandex-api-Q000068.jsonl,live_yandex_organic
Q000068,услуги по выбору и посадке фруктовых деревьев в ярославле,S3,transactional,Yaroslavl,desktop,2026-08-27T19:19:58+03:00,9,https://www.avito.ru/yaroslavl/predlozheniya_uslug/sad_blagoustroystvo/ozelenenie_uhod_za_sadom_i_ogorodom-ASgBAgICAkSYC8KfAdCuDvy80AE?q=%D0%BB%D0%B0%D0%BD%D0%B4%D1%88%D0%B0%D1%84%D1%82%D0%BD%D1%8B%D0%B9+%D0%B4%D0%B8%D0%B7%D0%B0%D0%B9%D0%BD,https://avito.ru/yaroslavl/predlozheniya_uslug/sad_blagoustroystvo/ozelenenie_uhod_za_sadom_i_ogorodom-ASgBAgICAkSYC8KfAdCuDvy80AE/,ландшафтный дизайн в Ярославле - цены и отзывы | Услуги на...,yandex-api-Q000068.jsonl,live_yandex_organic
Q000068,услуги по выбору и посадке фруктовых деревьев в ярославле,S3,transactional,Yaroslavl,desktop,2026-08-27T19:19:58+03:00,10,https://www.avito.ru/yaroslavl/predlozheniya_uslug?q=%D0%BF%D1%80%D0%B8%D0%B2%D0%B8%D0%B2%D0%BA%D0%B0+%D0%BF%D0%BB%D0%BE%D0%B4%D0%BE%D0%B2%D1%8B%D1%85+%D0%B4%D0%B5%D1%80%D0%B5%D0%B2%D1%8C%D0%B5%D0%B2,https://avito.ru/yaroslavl/predlozheniya_uslug/,прививка плодовых деревьев в Ярославле - цены и отзывы,yandex-api-Q000068.jsonl,live_yandex_organic
Q000069,заказать обрезку деревьев,S4,transactional,Yaroslavl,desktop,2026-08-27T19:19:58+03:00,1,https://www.avito.ru/yaroslavl/predlozheniya_uslug?q=%D0%BE%D0%B1%D1%80%D0%B5%D0%B7%D0%BA%D0%B0+%D0%BF%D0%BB%D0%BE%D0%B4%D0%BE%D0%B2%D1%8B%D1%85+%D0%B4%D0%B5%D1%80%D0%B5%D0%B2%D1%8C%D0%B5%D0%B2,https://avito.ru/yaroslavl/predlozheniya_uslug/,обрезка плодовых деревьев в Ярославле - цены и отзывы,yandex-api-Q000069.jsonl,live_yandex_organic
Q000069,заказать обрезку деревьев,S4,transactional,Yaroslavl,desktop,2026-08-27T19:19:58+03:00,2,https://uslugi.yandex.ru/16-yaroslavl/category?text=%D0%BE%D0%B1%D1%80%D0%B5%D0%B7%D0%BA%D0%B0+%D0%B4%D0%B5%D1%80%D0%B5%D0%B2%D1%8C%D0%B5%D0%B2,https://uslugi.yandex.ru/16-yaroslavl/category/,Обрезка деревьев в Ярославле: 122 арбориста со средним...,yandex-api-Q000069.jsonl,live_yandex_organic
Q000069,заказать обрезку деревьев,S4,transactional,Yaroslavl,desktop,2026-08-27T19:19:58+03:00,3,https://www.avito.ru/yaroslavl/predlozheniya_uslug/sad_blagoustroystvo-ASgBAgICAUSYC8KfAQ?q=%D0%BE%D0%B1%D1%80%D0%B5%D0%B7%D0%BA%D0%B0+%D0%B4%D0%B5%D1%80%D0%B5%D0%B2%D1%8C%D0%B5%D0%B2,https://avito.ru/yaroslavl/predlozheniya_uslug/sad_blagoustroystvo-ASgBAgICAUSYC8KfAQ/,обрезка деревьев в Ярославле - цены и отзывы | Услуги на Авито,yandex-api-Q000069.jsonl,live_yandex_organic
Q000069,заказать обрезку деревьев,S4,transactional,Yaroslavl,desktop,2026-08-27T19:19:58+03:00,4,https://uslugi.yandex.ru/16-yaroslavl/category?text=%D0%BE%D0%B1%D1%80%D0%B5%D0%B7%D0%BA%D0%B0+%D0%B4%D0%B5%D1%80%D0%B5%D0%B2%D1%8C%D0%B5%D0%B2+%D1%81+%D0%B0%D0%B2%D1%82%D0%BE%D0%B2%D1%8B%D1%88%D0%BA%D0%B8,https://uslugi.yandex.ru/16-yaroslavl/category/,Обрезка деревьев с автовышки в Ярославле: 118 арбористов со...,yandex-api-Q000069.jsonl,live_yandex_organic
Q000069,заказать обрезку деревьев,S4,transactional,Yaroslavl,desktop,2026-08-27T19:19:58+03:00,5,https://uslugi.yandex.ru/16-yaroslavl/category?text=%D0%A3%D1%81%D0%BB%D1%83%D0%B3%D0%B8%20%D0%BF%D0%BE%20%D0%BE%D0%B1%D1%80%D0%B5%D0%B7%D0%BA%D0%B5%20%D0%B4%D0%B5%D1%80%D0%B5%D0%B2%D1%8C%D0%B5%D0%B2,https://uslugi.yandex.ru/16-yaroslavl/category/,Услуги по обрезке деревьев в Ярославле: 121 арборист со...,yandex-api-Q000069.jsonl,live_yandex_organic
Q000069,заказать обрезку деревьев,S4,transactional,Yaroslavl,desktop,2026-08-27T19:19:58+03:00,6,https://uslugi.yandex.ru/16-yaroslavl/category?text=%D0%BF%D1%80%D0%BE%D1%84%D0%B5%D1%81%D1%81%D0%B8%D0%BE%D0%BD%D0%B0%D0%BB%D1%8C%D0%BD%D0%B0%D1%8F+%D0%BE%D0%B1%D1%80%D0%B5%D0%B7%D0%BA%D0%B0+%D0%BF%D0%BB%D0%BE%D0%B4%D0%BE%D0%B2%D1%8B%D1%85+%D0%B4%D0%B5%D1%80%D0%B5%D0%B2%D1%8C%D0%B5%D0%B2,https://uslugi.yandex.ru/16-yaroslavl/category/,Профессиональная обрезка плодовых деревьев в Ярославле...,yandex-api-Q000069.jsonl,live_yandex_organic
Q000069,заказать обрезку деревьев,S4,transactional,Yaroslavl,desktop,2026-08-27T19:19:58+03:00,7,https://uslugi.yandex.ru/16-yaroslavl/category?text=%D0%9F%D0%BE%D0%B4%D1%80%D0%B5%D0%B7%D0%BA%D0%B0%20%D0%B4%D0%B5%D1%80%D0%B5%D0%B2%D1%8C%D0%B5%D0%B2%20%D1%86%D0%B5%D0%BD%D0%B0,https://uslugi.yandex.ru/16-yaroslavl/category/,Подрезка деревьев цена в Ярославле: 132 арбориста со средним...,yandex-api-Q000069.jsonl,live_yandex_organic
Q000069,заказать обрезку деревьев,S4,transactional,Yaroslavl,desktop,2026-08-27T19:19:58+03:00,8,https://uslugi.yandex.ru/16-yaroslavl/category?text=%D0%9E%D0%B1%D1%80%D0%B5%D0%B7%D0%BA%D0%B0%20%D0%B4%D0%B5%D1%80%D0%B5%D0%B2%D1%8C%D0%B5%D0%B2%20%D0%B7%D0%B0%D0%BA%D0%B0%D0%B7%D0%B0%D1%82%D1%8C,https://uslugi.yandex.ru/16-yaroslavl/category/,Обрезка деревьев заказать в Ярославле: 130 арбористов со...,yandex-api-Q000069.jsonl,live_yandex_organic
Q000069,заказать обрезку деревьев,S4,transactional,Yaroslavl,desktop,2026-08-27T19:19:58+03:00,9,https://uslugi.yandex.ru/16-yaroslavl/category/hozyajstvo-i-uborka/spil-i-obrezka-derevev-i-kustarnikov--4445,https://uslugi.yandex.ru/16-yaroslavl/category/hozyajstvo-i-uborka/spil-i-obrezka-derevev-i-kustarnikov--4445/,Спил и обрезка деревьев и кустарников в Ярославле - Хозяйство...,yandex-api-Q000069.jsonl,live_yandex_organic
Q000069,заказать обрезку деревьев,S4,transactional,Yaroslavl,desktop,2026-08-27T19:19:58+03:00,10,https://www.avito.ru/yaroslavskaya_oblast/predlozheniya_uslug?q=%D0%BE%D0%B1%D1%80%D0%B5%D0%B7%D0%BA%D0%B0+%D0%BF%D0%BB%D0%BE%D0%B4%D0%BE%D0%B2%D1%8B%D1%85+%D0%B4%D0%B5%D1%80%D0%B5%D0%B2%D1%8C%D0%B5%D0%B2,https://avito.ru/yaroslavskaya_oblast/predlozheniya_uslug/,обрезка плодовых деревьев в Ярославской области - цены...,yandex-api-Q000069.jsonl,live_yandex_organic
Q000070,калькулятор работ садовых,S4,commercial_research,Yaroslavl,desktop,2026-08-27T19:19:58+03:00,1,https://calcal.ru/garden-path-calculator,https://calcal.ru/garden-path-calculator/,Калькулятор садовых дорожек онлайн — расчёт... | calcal.ru,yandex-api-Q000070.jsonl,live_yandex_organic
Q000070,калькулятор работ садовых,S4,commercial_research,Yaroslavl,desktop,2026-08-27T19:19:58+03:00,2,https://exp76.ru/kalkuljator-uslug/,https://exp76.ru/kalkuljator-uslug/,"Калькулятор стоимости благоустройства участка - дренаж, плитка...",yandex-api-Q000070.jsonl,live_yandex_organic
Q000070,калькулятор работ садовых,S4,commercial_research,Yaroslavl,desktop,2026-08-27T19:19:58+03:00,3,https://calcal.ru/landscape-budget-calculator,https://calcal.ru/landscape-budget-calculator/,Калькулятор ландшафтного дизайна онлайн — расчёт... | calcal.ru,yandex-api-Q000070.jsonl,live_yandex_organic
Q000070,калькулятор работ садовых,S4,commercial_research,Yaroslavl,desktop,2026-08-27T19:19:58+03:00,4,https://gardmi.com/ru/,https://gardmi.com/ru/,"Планировщик участка онлайн — бесплатно, без регистрации | gardmi",yandex-api-Q000070.jsonl,live_yandex_organic
Q000070,калькулятор работ садовых,S4,commercial_research,Yaroslavl,desktop,2026-08-27T19:19:58+03:00,5,https://konturland.ru/price/kalkulyator,https://konturland.ru/price/kalkulyator/,Калькулятор для расчета цены проекта ландшафтного дизайна,yandex-api-Q000070.jsonl,live_yandex_organic
Q000070,калькулятор работ садовых,S4,commercial_research,Yaroslavl,desktop,2026-08-27T19:19:58+03:00,6,https://yka.ru/calc/works/,https://yka.ru/calc/works/,Расчет стоимости уходных работ за садом,yandex-api-Q000070.jsonl,live_yandex_organic
Q000070,калькулятор работ садовых,S4,commercial_research,Yaroslavl,desktop,2026-08-27T19:19:58+03:00,7,https://svoe-selo.ru/landscape-design-calculator,https://svoe-selo.ru/landscape-design-calculator/,Своё | Село,yandex-api-Q000070.jsonl,live_yandex_organic
Q000070,калькулятор работ садовых,S4,commercial_research,Yaroslavl,desktop,2026-08-27T19:19:58+03:00,8,https://good-lawn.ru/online-kalkulator-planner-blagoustroistva,https://good-lawn.ru/online-kalkulator-planner-blagoustroistva/,Онлайн-планер участка и калькулятор благоустройства,yandex-api-Q000070.jsonl,live_yandex_organic
Q000070,калькулятор работ садовых,S4,commercial_research,Yaroslavl,desktop,2026-08-27T19:19:58+03:00,9,https://greenhistory.ru/kalkulyator,https://greenhistory.ru/kalkulyator/,Калькулятор - Green History,yandex-api-Q000070.jsonl,live_yandex_organic
Q000070,калькулятор работ садовых,S4,commercial_research,Yaroslavl,desktop,2026-08-27T19:19:58+03:00,10,https://krasiviysad.ru/kalkulyatoryi-uslug/,https://krasiviysad.ru/kalkulyatoryi-uslug/,Калькуляторы расчета стоимости услуг ландшафтного дизайна,yandex-api-Q000070.jsonl,live_yandex_organic
Q000071,найти садовника на участок в рыбинске,S4,commercial_research,Yaroslavl,desktop,2026-08-27T19:19:58+03:00,1,https://uslugi.yandex.ru/10839-rybinsk/category?text=%D0%BF%D0%BE%D0%BC%D0%BE%D1%89%D1%8C+%D0%BF%D0%BE+%D0%BE%D0%B3%D0%BE%D1%80%D0%BE%D0%B4%D1%83,https://uslugi.yandex.ru/10839-rybinsk/category/,Помощь по огороду в Рыбинске: 43 садовника с отзывами...,yandex-api-Q000071.jsonl,live_yandex_organic
Q000071,найти садовника на участок в рыбинске,S4,commercial_research,Yaroslavl,desktop,2026-08-27T19:19:58+03:00,2,https://www.avito.ru/rybinsk/predlozheniya_uslug/sad_blagoustroystvo/ozelenenie_uhod_za_sadom_i_ogorodom/uslugi_sadovnika-ASgBAgICA0SYC8KfAdCuDvy80AHWrw~KyPMC,https://avito.ru/rybinsk/predlozheniya_uslug/sad_blagoustroystvo/ozelenenie_uhod_za_sadom_i_ogorodom/uslugi_sadovnika-ASgBAgICA0SYC8KfAdCuDvy80AHWrw~KyPMC/,"Услуги садовника в Рыбинске | Озеленение, уход за садом...",yandex-api-Q000071.jsonl,live_yandex_organic
Q000071,найти садовника на участок в рыбинске,S4,commercial_research,Yaroslavl,desktop,2026-08-27T19:19:58+03:00,3,https://www.avito.ru/rybinsk/predlozheniya_uslug/sad_blagoustroystvo-ASgBAgICAUSYC8KfAQ?q=%D1%81%D0%B0%D0%B4%D0%BE%D0%B2%D0%BD%D0%B8%D0%BA,https://avito.ru/rybinsk/predlozheniya_uslug/sad_blagoustroystvo-ASgBAgICAUSYC8KfAQ/,садовник в Рыбинске - цены и отзывы | Услуги на Авито,yandex-api-Q000071.jsonl,live_yandex_organic
Q000071,найти садовника на участок в рыбинске,S4,commercial_research,Yaroslavl,desktop,2026-08-27T19:19:58+03:00,4,https://uslugi.yandex.ru/10839-rybinsk/category/hozyajstvo-i-uborka/sad-i-ogorod/sadovnik--3119,https://uslugi.yandex.ru/10839-rybinsk/category/hozyajstvo-i-uborka/sad-i-ogorod/sadovnik--3119/,Садовник в Рыбинске - Уход за садом и огородом - Хозяйство...,yandex-api-Q000071.jsonl,live_yandex_organic
Q000071,найти садовника на участок в рыбинске,S4,commercial_research,Yaroslavl,desktop,2026-08-27T19:19:58+03:00,5,https://www.avito.ru/rybinsk/predlozheniya_uslug?q=%D0%B1%D0%BB%D0%B0%D0%B3%D0%BE%D1%83%D1%81%D1%82%D1%80%D0%BE%D0%B9%D1%81%D1%82%D0%B2%D0%BE+%D1%83%D1%87%D0%B0%D1%81%D1%82%D0%BA%D0%B0,https://avito.ru/rybinsk/predlozheniya_uslug/,благоустройство участка в Рыбинске - цены и отзывы | Услуги на...,yandex-api-Q000071.jsonl,live_yandex_organic
Q000071,найти садовника на участок в рыбинске,S4,commercial_research,Yaroslavl,desktop,2026-08-27T19:19:58+03:00,6,https://www.avito.ru/rybinsk/predlozheniya_uslug?q=%D0%B2%D1%81%D0%BF%D0%B0%D1%88%D0%BA%D0%B0+%D0%B7%D0%B5%D0%BC%D0%BB%D0%B8,https://avito.ru/rybinsk/predlozheniya_uslug/,вспашка земли в Рыбинске - цены и отзывы | Услуги на Авито,yandex-api-Q000071.jsonl,live_yandex_organic
Q000071,найти садовника на участок в рыбинске,S4,commercial_research,Yaroslavl,desktop,2026-08-27T19:19:58+03:00,7,https://uslugi.yandex.ru/10839-rybinsk/category?text=%D1%81%D0%B0%D0%B4%D0%BE%D0%B2%D0%BD%D0%B8%D0%BA%20%D0%BD%D0%B0%20%D0%B4%D0%B0%D1%87%D1%83,https://uslugi.yandex.ru/10839-rybinsk/category/,Садовник на дачу в Рыбинске: 59 садовников с отзывами...,yandex-api-Q000071.jsonl,live_yandex_organic
Q000071,найти садовника на участок в рыбинске,S4,commercial_research,Yaroslavl,desktop,2026-08-27T19:19:58+03:00,8,https://uslugi.yandex.ru/10839-rybinsk/category?text=%D0%B1%D0%BB%D0%B0%D0%B3%D0%BE%D1%83%D1%81%D1%82%D1%80%D0%BE%D0%B9%D1%81%D1%82%D0%B2%D0%BE+%D0%B4%D0%B0%D1%87%D0%BD%D0%BE%D0%B3%D0%BE+%D1%83%D1%87%D0%B0%D1%81%D1%82%D0%BA%D0%B0,https://uslugi.yandex.ru/10839-rybinsk/category/,Благоустройство дачного участка в Рыбинске: 87 садовников...,yandex-api-Q000071.jsonl,live_yandex_organic
Q000071,найти садовника на участок в рыбинске,S4,commercial_research,Yaroslavl,desktop,2026-08-27T19:19:58+03:00,9,https://uslugi.yandex.ru/10839-rybinsk/category?text=%D0%9F%D0%BE%D0%BA%D0%BE%D1%81%20%D1%83%D1%87%D0%B0%D1%81%D1%82%D0%BA%D0%B0%20%D1%86%D0%B5%D0%BD%D0%B0%20%D0%B7%D0%B0%20%D1%81%D0%BE%D1%82%D0%BA%D1%83,https://uslugi.yandex.ru/10839-rybinsk/category/,Покос участка цена за сотку в Рыбинске: 73 садовника...,yandex-api-Q000071.jsonl,live_yandex_organic
Q000071,найти садовника на участок в рыбинске,S4,commercial_research,Yaroslavl,desktop,2026-08-27T19:19:58+03:00,10,https://uslugi.yandex.ru/10839-rybinsk/category?text=%D1%81%D0%BA%D0%BE%D1%81%D0%B8%D1%82%D1%8C+%D1%82%D1%80%D0%B0%D0%B2%D1%83+%D0%BD%D0%B0+%D1%83%D1%87%D0%B0%D1%81%D1%82%D0%BA%D0%B5,https://uslugi.yandex.ru/10839-rybinsk/category/,Скосить траву на участке в Рыбинске: 73 садовника с отзывами...,yandex-api-Q000071.jsonl,live_yandex_organic
Q000072,обрезка деревьев,S4,commercial_research,Yaroslavl,desktop,2026-08-27T19:19:58+03:00,1,https://kutepovo.ru/blogdachnika/sovety-pokupatelyam/obrezka-derevev-i-kustarnikov-rukovodstvo-dlya-sadovoda/,https://kutepovo.ru/blogdachnika/sovety-pokupatelyam/obrezka-derevev-i-kustarnikov-rukovodstvo-dlya-sadovoda/,Правильная обрезка плодовых деревьев и кустарников: схемы...,yandex-api-Q000072.jsonl,live_yandex_organic
Q000072,обрезка деревьев,S4,commercial_research,Yaroslavl,desktop,2026-08-27T19:19:58+03:00,2,https://t-j.ru/guide/obrezka-dereviev/,https://t-j.ru/guide/obrezka-dereviev/,"Обрезка деревьев: правила, инструменты и основные ошибки",yandex-api-Q000072.jsonl,live_yandex_organic
Q000072,обрезка деревьев,S4,commercial_research,Yaroslavl,desktop,2026-08-27T19:19:58+03:00,3,https://www.avito.ru/yaroslavl/predlozheniya_uslug?q=%D0%BE%D0%B1%D1%80%D0%B5%D0%B7%D0%BA%D0%B0+%D0%BF%D0%BB%D0%BE%D0%B4%D0%BE%D0%B2%D1%8B%D1%85+%D0%B4%D0%B5%D1%80%D0%B5%D0%B2%D1%8C%D0%B5%D0%B2,https://avito.ru/yaroslavl/predlozheniya_uslug/,обрезка плодовых деревьев в Ярославле - цены и отзывы,yandex-api-Q000072.jsonl,live_yandex_organic
Q000072,обрезка деревьев,S4,commercial_research,Yaroslavl,desktop,2026-08-27T19:19:58+03:00,4,https://rskrf.ru/tips/eksperty-obyasnyayut/kak-pravilno-obrezat-kostochkovye-derevya-instruktsiya-dlya-derevev-raznogo-vozrasta/,https://rskrf.ru/tips/eksperty-obyasnyayut/kak-pravilno-obrezat-kostochkovye-derevya-instruktsiya-dlya-derevev-raznogo-vozrasta/,Как правильно обрезать косточковые деревья: обрезка вишни...,yandex-api-Q000072.jsonl,live_yandex_organic
Q000072,обрезка деревьев,S4,commercial_research,Yaroslavl,desktop,2026-08-27T19:19:58+03:00,5,https://lemanapro.ru/journal/osennyaya-obrezka-plodovyh-derevev/,https://lemanapro.ru/journal/osennyaya-obrezka-plodovyh-derevev/,Осенняя обрезка плодовых деревьев: когда и как... — Лемана ПРО,yandex-api-Q000072.jsonl,live_yandex_organic
Q000072,обрезка деревьев,S4,commercial_research,Yaroslavl,desktop,2026-08-27T19:19:58+03:00,6,https://www.avito.ru/journal/articles/kak-i-kogda-pravilno-obrezat-plodovye-derevya-na-dachnom-uchastke,https://avito.ru/journal/articles/kak-i-kogda-pravilno-obrezat-plodovye-derevya-na-dachnom-uchastke/,Как и когда правильно обрезать плодовые деревья на дачном...,yandex-api-Q000072.jsonl,live_yandex_organic
Q000072,обрезка деревьев,S4,commercial_research,Yaroslavl,desktop,2026-08-27T19:19:58+03:00,7,https://dzen.ru/a/Z0n1GUqKBV3049Uv,https://dzen.ru/a/Z0n1GUqKBV3049Uv/,"Обрезка плодовых – самые эффективные приёмы! Всё, что... | Дзен",yandex-api-Q000072.jsonl,live_yandex_organic
Q000072,обрезка деревьев,S4,commercial_research,Yaroslavl,desktop,2026-08-27T19:19:58+03:00,8,https://realty.rbc.ru/news/67e445f79a794762efd864f8,https://realty.rbc.ru/news/67e445f79a794762efd864f8/,"Обрезка плодовых деревьев: виды, как правильно и когда...",yandex-api-Q000072.jsonl,live_yandex_organic
Q000072,обрезка деревьев,S4,commercial_research,Yaroslavl,desktop,2026-08-27T19:19:58+03:00,9,https://rskrf.ru/tips/eksperty-obyasnyayut/kak-i-zachem-obrezat-derevya-osenyu-neobkhodimost-plyusy-i-minusy-pravila/,https://rskrf.ru/tips/eksperty-obyasnyayut/kak-i-zachem-obrezat-derevya-osenyu-neobkhodimost-plyusy-i-minusy-pravila/,"Как обрезать деревья и кустарники осенью: сроки, виды...",yandex-api-Q000072.jsonl,live_yandex_organic
Q000072,обрезка деревьев,S4,commercial_research,Yaroslavl,desktop,2026-08-27T19:19:58+03:00,10,https://pitomnik-zr.ru/statyi/obrezka-plodovyx-derevev-principy-i-sroki/,https://pitomnik-zr.ru/statyi/obrezka-plodovyx-derevev-principy-i-sroki/,Виды обрезки деревьев и кустарников - когда делать обрезку,yandex-api-Q000072.jsonl,live_yandex_organic
Q000073,обрезка деревьев цена,S4,transactional,Yaroslavl,desktop,2026-08-27T19:19:58+03:00,1,https://uslugi.yandex.ru/16-yaroslavl/category?text=%D1%81%D1%82%D1%80%D0%B8%D0%B6%D0%BA%D0%B0%20%D0%B4%D0%B5%D1%80%D0%B5%D0%B2%D1%8C%D0%B5%D0%B2%20%D0%B8%20%D0%BA%D1%83%D1%81%D1%82%D0%B0%D1%80%D0%BD%D0%B8%D0%BA%D0%BE%D0%B2,https://uslugi.yandex.ru/16-yaroslavl/category/,Стрижка деревьев и кустарников в Ярославле: 126 арбористов со...,yandex-api-Q000073.jsonl,live_yandex_organic
Q000073,обрезка деревьев цена,S4,transactional,Yaroslavl,desktop,2026-08-27T19:19:58+03:00,2,https://uslugi.yandex.ru/16-yaroslavl/category?text=%D0%9E%D0%B1%D1%80%D0%B5%D0%B7%D0%BA%D0%B0%20%D0%B4%D0%B5%D1%80%D0%B5%D0%B2%D1%8C%D0%B5%D0%B2%20%D1%81%D1%82%D0%BE%D0%B8%D0%BC%D0%BE%D1%81%D1%82%D1%8C%20%D1%80%D0%B0%D0%B1%D0%BE%D1%82,https://uslugi.yandex.ru/16-yaroslavl/category/,Обрезка деревьев стоимость работ в Ярославле: 142 арбориста...,yandex-api-Q000073.jsonl,live_yandex_organic
Q000073,обрезка деревьев цена,S4,transactional,Yaroslavl,desktop,2026-08-27T19:19:58+03:00,3,https://uslugi.yandex.ru/16-yaroslavl/category?text=%D1%81%D0%B0%D0%BD%D0%B8%D1%82%D0%B0%D1%80%D0%BD%D0%B0%D1%8F+%D0%BE%D0%B1%D1%80%D0%B5%D0%B7%D0%BA%D0%B0+%D0%B4%D0%B5%D1%80%D0%B5%D0%B2%D1%8C%D0%B5%D0%B2,https://uslugi.yandex.ru/16-yaroslavl/category/,Санитарная обрезка деревьев в Ярославле: 125 арбористов со...,yandex-api-Q000073.jsonl,live_yandex_organic
Q000073,обрезка деревьев цена,S4,transactional,Yaroslavl,desktop,2026-08-27T19:19:58+03:00,4,https://uslugi.yandex.ru/16-yaroslavl/category?text=%D0%9E%D0%B1%D1%80%D0%B5%D0%B7%D0%BA%D0%B0%20%D0%B4%D0%B5%D1%80%D0%B5%D0%B2%D1%8C%D0%B5%D0%B2%20%D0%B7%D0%B0%D0%BA%D0%B0%D0%B7%D0%B0%D1%82%D1%8C,https://uslugi.yandex.ru/16-yaroslavl/category/,Обрезка деревьев заказать в Ярославле: 130 арбористов со...,yandex-api-Q000073.jsonl,live_yandex_organic
Q000073,обрезка деревьев цена,S4,transactional,Yaroslavl,desktop,2026-08-27T19:19:58+03:00,5,https://uslugi.yandex.ru/16-yaroslavl/category?text=%D0%9E%D0%B1%D1%80%D0%B5%D0%B7%D0%BA%D0%B0%20%D0%BF%D0%BB%D0%BE%D0%B4%D0%BE%D0%B2%D1%8B%D1%85%20%D0%B4%D0%B5%D1%80%D0%B5%D0%B2%D1%8C%D0%B5%D0%B2%20%D1%86%D0%B5%D0%BD%D0%B0,https://uslugi.yandex.ru/16-yaroslavl/category/,Обрезка плодовых деревьев цена в Ярославле: 99 арбористов...,yandex-api-Q000073.jsonl,live_yandex_organic
Q000073,обрезка деревьев цена,S4,transactional,Yaroslavl,desktop,2026-08-27T19:19:58+03:00,6,https://uslugi.yandex.ru/16-yaroslavl/category?text=%D0%BF%D1%80%D0%BE%D1%84%D0%B5%D1%81%D1%81%D0%B8%D0%BE%D0%BD%D0%B0%D0%BB%D1%8C%D0%BD%D0%B0%D1%8F+%D0%BE%D0%B1%D1%80%D0%B5%D0%B7%D0%BA%D0%B0+%D0%BF%D0%BB%D0%BE%D0%B4%D0%BE%D0%B2%D1%8B%D1%85+%D0%B4%D0%B5%D1%80%D0%B5%D0%B2%D1%8C%D0%B5%D0%B2,https://uslugi.yandex.ru/16-yaroslavl/category/,Профессиональная обрезка плодовых деревьев в Ярославле...,yandex-api-Q000073.jsonl,live_yandex_organic
Q000073,обрезка деревьев цена,S4,transactional,Yaroslavl,desktop,2026-08-27T19:19:58+03:00,7,https://uslugi.yandex.ru/10841-yaroslavl-oblast/category?text=%D0%BE%D0%B1%D1%80%D0%B5%D0%B7%D0%BA%D0%B0%20%D0%BF%D0%BB%D0%BE%D0%B4%D0%BE%D0%B2%D1%8B%D1%85%20%D0%B4%D0%B5%D1%80%D0%B5%D0%B2%D1%8C%D0%B5%D0%B2,https://uslugi.yandex.ru/10841-yaroslavl-oblast/category/,Обрезка плодовых деревьев в Ярославской области: 113...,yandex-api-Q000073.jsonl,live_yandex_organic
Q000073,обрезка деревьев цена,S4,transactional,Yaroslavl,desktop,2026-08-27T19:19:58+03:00,8,https://uslugi.yandex.ru/16-yaroslavl/category?text=%D0%9F%D0%BE%D0%B4%D1%80%D0%B5%D0%B7%D0%BA%D0%B0%20%D0%B4%D0%B5%D1%80%D0%B5%D0%B2%D1%8C%D0%B5%D0%B2%20%D1%86%D0%B5%D0%BD%D0%B0,https://uslugi.yandex.ru/16-yaroslavl/category/,Подрезка деревьев цена в Ярославле: 132 арбориста со средним...,yandex-api-Q000073.jsonl,live_yandex_organic
Q000073,обрезка деревьев цена,S4,transactional,Yaroslavl,desktop,2026-08-27T19:19:58+03:00,9,https://uslugi.yandex.ru/16-yaroslavl/category?text=%D0%9E%D0%B1%D1%80%D0%B5%D0%B7%D0%BA%D0%B0%20%D1%8F%D0%B1%D0%BB%D0%BE%D0%BD%D1%8C%20%D1%86%D0%B5%D0%BD%D0%B0,https://uslugi.yandex.ru/16-yaroslavl/category/,Обрезка яблонь цена в Ярославле: 47 арбористов со средним...,yandex-api-Q000073.jsonl,live_yandex_organic
Q000073,обрезка деревьев цена,S4,transactional,Yaroslavl,desktop,2026-08-27T19:19:58+03:00,10,https://uslugi.yandex.ru/16-yaroslavl/category/hozyajstvo-i-uborka/spil-i-obrezka-derevev-i-kustarnikov/obrezka-dereva--4443,https://uslugi.yandex.ru/16-yaroslavl/category/hozyajstvo-i-uborka/spil-i-obrezka-derevev-i-kustarnikov/obrezka-dereva--4443/,Обрезка дерева в Ярославле - Спил и обрезка деревьев...,yandex-api-Q000073.jsonl,live_yandex_organic
Q000074,обрезка кустарников,S4,commercial_research,Yaroslavl,desktop,2026-08-27T19:19:58+03:00,1,https://ru.wikihow.com/%D0%BF%D0%BE%D0%B4%D1%81%D1%82%D1%80%D0%B8%D0%B3%D0%B0%D1%82%D1%8C-%D0%BA%D1%83%D1%81%D1%82%D0%B0%D1%80%D0%BD%D0%B8%D0%BA%D0%B8,https://ru.wikihow.com/%D0%BF%D0%BE%D0%B4%D1%81%D1%82%D1%80%D0%B8%D0%B3%D0%B0%D1%82%D1%8C-%D0%BA%D1%83%D1%81%D1%82%D0%B0%D1%80%D0%BD%D0%B8%D0%BA%D0%B8/,Как подстригать кустарники: 14 шагов (с иллюстрациями),yandex-api-Q000074.jsonl,live_yandex_organic
Q000074,обрезка кустарников,S4,commercial_research,Yaroslavl,desktop,2026-08-27T19:19:58+03:00,2,https://kutepovo.ru/blogdachnika/sovety-pokupatelyam/obrezka-derevev-i-kustarnikov-rukovodstvo-dlya-sadovoda/,https://kutepovo.ru/blogdachnika/sovety-pokupatelyam/obrezka-derevev-i-kustarnikov-rukovodstvo-dlya-sadovoda/,Правильная обрезка плодовых деревьев и кустарников: схемы...,yandex-api-Q000074.jsonl,live_yandex_organic
Q000074,обрезка кустарников,S4,commercial_research,Yaroslavl,desktop,2026-08-27T19:19:58+03:00,3,https://dzen.ru/a/aHDWelA-zzvJgGmU,https://dzen.ru/a/aHDWelA-zzvJgGmU/,Важные правила летней обрезки декоративных кустарников | Дзен,yandex-api-Q000074.jsonl,live_yandex_organic
Q000074,обрезка кустарников,S4,commercial_research,Yaroslavl,desktop,2026-08-27T19:19:58+03:00,4,https://rskrf.ru/tips/eksperty-obyasnyayut/kak-i-zachem-obrezat-derevya-osenyu-neobkhodimost-plyusy-i-minusy-pravila/,https://rskrf.ru/tips/eksperty-obyasnyayut/kak-i-zachem-obrezat-derevya-osenyu-neobkhodimost-plyusy-i-minusy-pravila/,"Как обрезать деревья и кустарники осенью: сроки, виды...",yandex-api-Q000074.jsonl,live_yandex_organic
Q000074,обрезка кустарников,S4,commercial_research,Yaroslavl,desktop,2026-08-27T19:19:58+03:00,5,https://www.botanichka.ru/article/strizhka-i-formirovka-dekorativnyh-kustarnikov-chto-kogda-i-kak/,https://botanichka.ru/article/strizhka-i-formirovka-dekorativnyh-kustarnikov-chto-kogda-i-kak/,Стрижка и формировка декоративных кустарников... — Ботаничка,yandex-api-Q000074.jsonl,live_yandex_organic
Q000074,обрезка кустарников,S4,commercial_research,Yaroslavl,desktop,2026-08-27T19:19:58+03:00,6,https://may-green.ru/articles/posadka-i-ukhod/plodovye-uhod/obrezka-kustarnikov-osenyu/,https://may-green.ru/articles/posadka-i-ukhod/plodovye-uhod/obrezka-kustarnikov-osenyu/,"Обрезка кустарников осенью: какие надо обрезать, а какие...",yandex-api-Q000074.jsonl,live_yandex_organic
Q000074,обрезка кустарников,S4,commercial_research,Yaroslavl,desktop,2026-08-27T19:19:58+03:00,7,https://dzen.ru/a/aoEH9V_t_ztBinCT,https://dzen.ru/a/aoEH9V_t_ztBinCT/,Когда обрезать кустарники? Садовод назвал оптимальный... | Дзен,yandex-api-Q000074.jsonl,live_yandex_organic
Q000074,обрезка кустарников,S4,commercial_research,Yaroslavl,desktop,2026-08-27T19:19:58+03:00,8,https://www.drevo-spas.ru/poleznaya-informatsiya/raboti-v-sadu/kak-obrezat-dekorativnie-kustarniki_art.html,https://drevo-spas.ru/poleznaya-informatsiya/raboti-v-sadu/kak-obrezat-dekorativnie-kustarniki_art.html/,Как обрезать декоративные кустарники,yandex-api-Q000074.jsonl,live_yandex_organic
Q000074,обрезка кустарников,S4,commercial_research,Yaroslavl,desktop,2026-08-27T19:19:58+03:00,9,https://antonovsad.ru/obrezka-dekorativnyh-kustarnikov-osenyu-oktyabrskie-raboty-dlya-krasivogo-sada-6981/,https://antonovsad.ru/obrezka-dekorativnyh-kustarnikov-osenyu-oktyabrskie-raboty-dlya-krasivogo-sada-6981/,"Осенняя обрезка декоративных кустарников: сроки, схемы...",yandex-api-Q000074.jsonl,live_yandex_organic
Q000074,обрезка кустарников,S4,commercial_research,Yaroslavl,desktop,2026-08-27T19:19:58+03:00,10,https://sad-i-ogorod.ru/blog/obrezat-dekorativnye-kustov/,https://sad-i-ogorod.ru/blog/obrezat-dekorativnye-kustov/,Как и когда нужно обрезать декоративные кусты?,yandex-api-Q000074.jsonl,live_yandex_organic
Q000075,обслуживание садов,S4,commercial_research,Yaroslavl,desktop,2026-08-27T19:19:58+03:00,1,https://progarden.group/ukhod-za-sadom,https://progarden.group/ukhod-za-sadom/,Уход за садом и обслуживание участков... | ProGardenGroup,yandex-api-Q000075.jsonl,live_yandex_organic
Q000075,обслуживание садов,S4,commercial_research,Yaroslavl,desktop,2026-08-27T19:19:58+03:00,2,https://uslugi.yandex.ru/16-yaroslavl/category/hozyajstvo-i-uborka/sad-i-ogorod--3115,https://uslugi.yandex.ru/16-yaroslavl/category/hozyajstvo-i-uborka/sad-i-ogorod--3115/,Уход за садом и огородом в Ярославле: 88 садовников со...,yandex-api-Q000075.jsonl,live_yandex_organic
Q000075,обслуживание садов,S4,commercial_research,Yaroslavl,desktop,2026-08-27T19:19:58+03:00,3,https://uslugi.yandex.ru/16-yaroslavl/category?text=%D0%BE%D0%B1%D1%80%D0%B0%D0%B1%D0%BE%D1%82%D0%BA%D0%B0+%D1%81%D0%B0%D0%B4%D0%BE%D0%B2,https://uslugi.yandex.ru/16-yaroslavl/category/,Обработка садов в Ярославле: 104 садовника со средним...,yandex-api-Q000075.jsonl,live_yandex_organic
Q000075,обслуживание садов,S4,commercial_research,Yaroslavl,desktop,2026-08-27T19:19:58+03:00,4,https://www.avito.ru/yaroslavl/predlozheniya_uslug/sad_blagoustroystvo/ozelenenie_uhod_za_sadom_i_ogorodom-ASgBAgICAkSYC8KfAdCuDvy80AE?q=%D1%81%D0%B0%D0%B4%D0%BE%D0%B2%D0%BD%D0%B8%D0%BA,https://avito.ru/yaroslavl/predlozheniya_uslug/sad_blagoustroystvo/ozelenenie_uhod_za_sadom_i_ogorodom-ASgBAgICAkSYC8KfAdCuDvy80AE/,садовник в Ярославле - цены и отзывы | Услуги на Авито,yandex-api-Q000075.jsonl,live_yandex_organic
Q000075,обслуживание садов,S4,commercial_research,Yaroslavl,desktop,2026-08-27T19:19:58+03:00,5,https://akvilegiya.ru/uslugi/uslugi-sadovnika,https://akvilegiya.ru/uslugi/uslugi-sadovnika/,Полный уход Вашим за садом. Услуги садовника в Ярославле,yandex-api-Q000075.jsonl,live_yandex_organic
Q000075,обслуживание садов,S4,commercial_research,Yaroslavl,desktop,2026-08-27T19:19:58+03:00,6,https://www.avito.ru/yaroslavl/predlozheniya_uslug/sad_blagoustroystvo/ozelenenie_uhod_za_sadom_i_ogorodom-ASgBAgICAkSYC8KfAdCuDvy80AE?q=%D1%83%D1%81%D0%BB%D1%83%D0%B3%D0%B8+%D1%81%D0%B0%D0%B4%D0%BE%D0%B2%D0%BD%D0%B8%D0%BA%D0%B0,https://avito.ru/yaroslavl/predlozheniya_uslug/sad_blagoustroystvo/ozelenenie_uhod_za_sadom_i_ogorodom-ASgBAgICAkSYC8KfAdCuDvy80AE/,услуги садовника в Ярославле - цены и отзывы | Услуги на Авито,yandex-api-Q000075.jsonl,live_yandex_organic
Q000075,обслуживание садов,S4,commercial_research,Yaroslavl,desktop,2026-08-27T19:19:58+03:00,7,https://progarden.group/services/uhod-za-sadom,https://progarden.group/services/uhod-za-sadom/,Комплексный уход за садом от компании ProGarden Group,yandex-api-Q000075.jsonl,live_yandex_organic
Q000075,обслуживание садов,S4,commercial_research,Yaroslavl,desktop,2026-08-27T19:19:58+03:00,8,https://uslugi.yandex.ru/profile/AlsufevDmitrij-2005452,https://uslugi.yandex.ru/profile/AlsufevDmitrij-2005452/,"Алсуфьев Дмитрий - Хозяйство и уборка, Уход за садом...",yandex-api-Q000075.jsonl,live_yandex_organic
Q000075,обслуживание садов,S4,commercial_research,Yaroslavl,desktop,2026-08-27T19:19:58+03:00,9,https://yaroslavl.delosmelo.com/sadovnik,https://yaroslavl.delosmelo.com/sadovnik/,Услуги садовника в Ярославле - вызов опытного мастера по...,yandex-api-Q000075.jsonl,live_yandex_organic
Q000075,обслуживание садов,S4,commercial_research,Yaroslavl,desktop,2026-08-27T19:19:58+03:00,10,https://wondergarden.ru/information/kompleksnyy-ukhod-za-sadom-osnovnye-raboty/,https://wondergarden.ru/information/kompleksnyy-ukhod-za-sadom-osnovnye-raboty/,Комплексный уход за садом – основные работы,yandex-api-Q000075.jsonl,live_yandex_organic
Q000076,садовник на участок рыбинск,S4,commercial_research,Yaroslavl,desktop,2026-08-27T19:19:58+03:00,1,https://www.avito.ru/rybinsk/predlozheniya_uslug/sad_blagoustroystvo/ozelenenie_uhod_za_sadom_i_ogorodom/uslugi_sadovnika-ASgBAgICA0SYC8KfAdCuDvy80AHWrw~KyPMC,https://avito.ru/rybinsk/predlozheniya_uslug/sad_blagoustroystvo/ozelenenie_uhod_za_sadom_i_ogorodom/uslugi_sadovnika-ASgBAgICA0SYC8KfAdCuDvy80AHWrw~KyPMC/,"Услуги садовника в Рыбинске | Озеленение, уход за садом...",yandex-api-Q000076.jsonl,live_yandex_organic
Q000076,садовник на участок рыбинск,S4,commercial_research,Yaroslavl,desktop,2026-08-27T19:19:58+03:00,2,https://uslugi.yandex.ru/10839-rybinsk/category?text=%D0%BF%D0%BE%D0%BC%D0%BE%D1%89%D1%8C+%D0%BF%D0%BE+%D0%BE%D0%B3%D0%BE%D1%80%D0%BE%D0%B4%D1%83,https://uslugi.yandex.ru/10839-rybinsk/category/,Помощь по огороду в Рыбинске: 43 садовника с отзывами...,yandex-api-Q000076.jsonl,live_yandex_organic
Q000076,садовник на участок рыбинск,S4,commercial_research,Yaroslavl,desktop,2026-08-27T19:19:58+03:00,3,https://www.avito.ru/rybinsk/predlozheniya_uslug/sad_blagoustroystvo-ASgBAgICAUSYC8KfAQ?q=%D1%81%D0%B0%D0%B4%D0%BE%D0%B2%D0%BD%D0%B8%D0%BA,https://avito.ru/rybinsk/predlozheniya_uslug/sad_blagoustroystvo-ASgBAgICAUSYC8KfAQ/,садовник в Рыбинске - цены и отзывы | Услуги на Авито,yandex-api-Q000076.jsonl,live_yandex_organic
Q000076,садовник на участок рыбинск,S4,commercial_research,Yaroslavl,desktop,2026-08-27T19:19:58+03:00,4,https://uslugi.yandex.ru/10839-rybinsk/category/hozyajstvo-i-uborka/sad-i-ogorod/sadovnik--3119,https://uslugi.yandex.ru/10839-rybinsk/category/hozyajstvo-i-uborka/sad-i-ogorod/sadovnik--3119/,Садовник в Рыбинске - Уход за садом и огородом - Хозяйство...,yandex-api-Q000076.jsonl,live_yandex_organic
Q000076,садовник на участок рыбинск,S4,commercial_research,Yaroslavl,desktop,2026-08-27T19:19:58+03:00,5,https://www.avito.ru/rybinsk/predlozheniya_uslug/sad_blagoustroystvo/ozelenenie_uhod_za_sadom_i_ogorodom-ASgBAgICAkSYC8KfAdCuDvy80AE,https://avito.ru/rybinsk/predlozheniya_uslug/sad_blagoustroystvo/ozelenenie_uhod_za_sadom_i_ogorodom-ASgBAgICAkSYC8KfAdCuDvy80AE/,"Озеленение, уход за огородом, садовники в Рыбинске",yandex-api-Q000076.jsonl,live_yandex_organic
Q000076,садовник на участок рыбинск,S4,commercial_research,Yaroslavl,desktop,2026-08-27T19:19:58+03:00,6,https://www.avito.ru/rybinsk/predlozheniya_uslug?q=%D0%B2%D1%81%D0%BF%D0%B0%D1%88%D0%BA%D0%B0+%D0%B7%D0%B5%D0%BC%D0%BB%D0%B8,https://avito.ru/rybinsk/predlozheniya_uslug/,вспашка земли в Рыбинске - цены и отзывы | Услуги на Авито,yandex-api-Q000076.jsonl,live_yandex_organic
Q000076,садовник на участок рыбинск,S4,commercial_research,Yaroslavl,desktop,2026-08-27T19:19:58+03:00,7,https://uslugi.yandex.ru/10839-rybinsk/category?text=%D0%9F%D0%BE%D0%BA%D0%BE%D1%81%20%D1%83%D1%87%D0%B0%D1%81%D1%82%D0%BA%D0%B0%20%D1%86%D0%B5%D0%BD%D0%B0%20%D0%B7%D0%B0%20%D1%81%D0%BE%D1%82%D0%BA%D1%83,https://uslugi.yandex.ru/10839-rybinsk/category/,Покос участка цена за сотку в Рыбинске: 73 садовника...,yandex-api-Q000076.jsonl,live_yandex_organic
Q000076,садовник на участок рыбинск,S4,commercial_research,Yaroslavl,desktop,2026-08-27T19:19:58+03:00,8,https://uslugi.yandex.ru/10839-rybinsk/category?text=%D0%B1%D0%BB%D0%B0%D0%B3%D0%BE%D1%83%D1%81%D1%82%D1%80%D0%BE%D0%B9%D1%81%D1%82%D0%B2%D0%BE+%D0%B4%D0%B0%D1%87%D0%BD%D0%BE%D0%B3%D0%BE+%D1%83%D1%87%D0%B0%D1%81%D1%82%D0%BA%D0%B0,https://uslugi.yandex.ru/10839-rybinsk/category/,Благоустройство дачного участка в Рыбинске: 87 садовников...,yandex-api-Q000076.jsonl,live_yandex_organic
Q000076,садовник на участок рыбинск,S4,commercial_research,Yaroslavl,desktop,2026-08-27T19:19:58+03:00,9,https://uslugi.yandex.ru/10839-rybinsk/category/hozyajstvo-i-uborka/sad-i-ogorod--3115,https://uslugi.yandex.ru/10839-rybinsk/category/hozyajstvo-i-uborka/sad-i-ogorod--3115/,Уход за садом и огородом в Рыбинске: 88 садовников,yandex-api-Q000076.jsonl,live_yandex_organic
Q000076,садовник на участок рыбинск,S4,commercial_research,Yaroslavl,desktop,2026-08-27T19:19:58+03:00,10,https://uslugi.yandex.ru/10839-rybinsk/category?text=%D1%81%D0%B0%D0%B4%D0%BE%D0%B2%D0%BD%D0%B8%D0%BA%20%D0%BD%D0%B0%20%D0%B4%D0%B0%D1%87%D1%83,https://uslugi.yandex.ru/10839-rybinsk/category/,Садовник на дачу в Рыбинске: 59 садовников с отзывами...,yandex-api-Q000076.jsonl,live_yandex_organic
Q000077,сезонный уход за садом рыбинск,S4,commercial_research,Yaroslavl,desktop,2026-08-27T19:19:58+03:00,1,https://www.avito.ru/rybinsk/predlozheniya_uslug/sad_blagoustroystvo/ozelenenie_uhod_za_sadom_i_ogorodom-ASgBAgICAkSYC8KfAdCuDvy80AE,https://avito.ru/rybinsk/predlozheniya_uslug/sad_blagoustroystvo/ozelenenie_uhod_za_sadom_i_ogorodom-ASgBAgICAkSYC8KfAdCuDvy80AE/,"Озеленение, уход за огородом, садовники в Рыбинске | Сад...",yandex-api-Q000077.jsonl,live_yandex_organic
Q000077,сезонный уход за садом рыбинск,S4,commercial_research,Yaroslavl,desktop,2026-08-27T19:19:58+03:00,2,https://www.avito.ru/rybinsk/predlozheniya_uslug/sad_blagoustroystvo-ASgBAgICAUSYC8KfAQ?q=%D1%81%D0%B0%D0%B4%D0%BE%D0%B2%D0%BD%D0%B8%D0%BA,https://avito.ru/rybinsk/predlozheniya_uslug/sad_blagoustroystvo-ASgBAgICAUSYC8KfAQ/,садовник в Рыбинске - цены и отзывы | Услуги на Авито,yandex-api-Q000077.jsonl,live_yandex_organic
Q000077,сезонный уход за садом рыбинск,S4,commercial_research,Yaroslavl,desktop,2026-08-27T19:19:58+03:00,3,https://uslugi.yandex.ru/10839-rybinsk/category?text=%D0%BF%D0%BE%D0%BC%D0%BE%D1%89%D1%8C+%D0%BF%D0%BE+%D0%BE%D0%B3%D0%BE%D1%80%D0%BE%D0%B4%D1%83,https://uslugi.yandex.ru/10839-rybinsk/category/,Помощь по огороду в Рыбинске: 43 садовника с отзывами...,yandex-api-Q000077.jsonl,live_yandex_organic
Q000077,сезонный уход за садом рыбинск,S4,commercial_research,Yaroslavl,desktop,2026-08-27T19:19:58+03:00,4,https://uslugi.yandex.ru/10839-rybinsk/category/hozyajstvo-i-uborka/sad-i-ogorod--3115,https://uslugi.yandex.ru/10839-rybinsk/category/hozyajstvo-i-uborka/sad-i-ogorod--3115/,Уход за садом и огородом в Рыбинске: 88 садовников,yandex-api-Q000077.jsonl,live_yandex_organic
Q000077,сезонный уход за садом рыбинск,S4,commercial_research,Yaroslavl,desktop,2026-08-27T19:19:58+03:00,5,https://uslugi.yandex.ru/10839-rybinsk/category/hozyajstvo-i-uborka/sad-i-ogorod/sadovnik--3119,https://uslugi.yandex.ru/10839-rybinsk/category/hozyajstvo-i-uborka/sad-i-ogorod/sadovnik--3119/,Садовник в Рыбинске - Уход за садом и огородом - Хозяйство...,yandex-api-Q000077.jsonl,live_yandex_organic
Q000077,сезонный уход за садом рыбинск,S4,commercial_research,Yaroslavl,desktop,2026-08-27T19:19:58+03:00,6,https://m.vk.ru/monolit_rybinsk,https://m.vk.ru/monolit_rybinsk/,"Ландшафтный центр ""Монолит"" | Рыбинск | Открыты с 8:00 до 19...",yandex-api-Q000077.jsonl,live_yandex_organic
Q000077,сезонный уход за садом рыбинск,S4,commercial_research,Yaroslavl,desktop,2026-08-27T19:19:58+03:00,7,https://exp76.ru/services/ukhod-za-sadom/,https://exp76.ru/services/ukhod-za-sadom/,Уход за садом в Рыбинске и Рыбинском районе,yandex-api-Q000077.jsonl,live_yandex_organic
Q000077,сезонный уход за садом рыбинск,S4,commercial_research,Yaroslavl,desktop,2026-08-27T19:19:58+03:00,8,https://uslugi.yandex.ru/10839-rybinsk/category?text=%D0%B1%D0%BB%D0%B0%D0%B3%D0%BE%D1%83%D1%81%D1%82%D1%80%D0%BE%D0%B9%D1%81%D1%82%D0%B2%D0%BE%20%D0%B4%D0%B0%D1%87%D0%BD%D0%BE%D0%B3%D0%BE%20%D1%83%D1%87%D0%B0%D1%81%D1%82%D0%BA%D0%B0,https://uslugi.yandex.ru/10839-rybinsk/category/,Благоустройство дачного участка в Рыбинске: 83 садовника...,yandex-api-Q000077.jsonl,live_yandex_organic
Q000077,сезонный уход за садом рыбинск,S4,commercial_research,Yaroslavl,desktop,2026-08-27T19:19:58+03:00,9,https://www.avito.ru/rybinsk/predlozheniya_uslug/sad_blagoustroystvo/ozelenenie_uhod_za_sadom_i_ogorodom-ASgBAgICAkSYC8KfAdCuDvy80AE?q=%D1%80%D0%B0%D1%81%D1%87%D0%B8%D1%81%D1%82%D0%BA%D0%B0+%D1%83%D1%87%D0%B0%D1%81%D1%82%D0%BA%D0%B0,https://avito.ru/rybinsk/predlozheniya_uslug/sad_blagoustroystvo/ozelenenie_uhod_za_sadom_i_ogorodom-ASgBAgICAkSYC8KfAdCuDvy80AE/,расчистка участка в Рыбинске - цены и отзывы | Услуги на Авито,yandex-api-Q000077.jsonl,live_yandex_organic
Q000077,сезонный уход за садом рыбинск,S4,commercial_research,Yaroslavl,desktop,2026-08-27T19:19:58+03:00,10,https://uslugi.yandex.ru/10839-rybinsk/category?text=%D0%9F%D0%BE%D0%BA%D0%BE%D1%81%20%D1%83%D1%87%D0%B0%D1%81%D1%82%D0%BA%D0%B0%20%D1%86%D0%B5%D0%BD%D0%B0%20%D0%B7%D0%B0%20%D1%81%D0%BE%D1%82%D0%BA%D1%83,https://uslugi.yandex.ru/10839-rybinsk/category/,Покос участка цена за сотку в Рыбинске: 73 садовника с отзывами...,yandex-api-Q000077.jsonl,live_yandex_organic
Q000078,уход за садом,S4,commercial_research,Yaroslavl,desktop,2026-08-27T19:19:58+03:00,1,https://uslugi.yandex.ru/16-yaroslavl/category/hozyajstvo-i-uborka/sad-i-ogorod--3115,https://uslugi.yandex.ru/16-yaroslavl/category/hozyajstvo-i-uborka/sad-i-ogorod--3115/,Уход за садом и огородом в Ярославле: 88 садовников со...,yandex-api-Q000078.jsonl,live_yandex_organic
Q000078,уход за садом,S4,commercial_research,Yaroslavl,desktop,2026-08-27T19:19:58+03:00,2,https://www.avito.ru/yaroslavl/predlozheniya_uslug?q=%D1%83%D1%85%D0%BE%D0%B4+%D0%B7%D0%B0+%D1%81%D0%B0%D0%B4%D0%BE%D0%BC,https://avito.ru/yaroslavl/predlozheniya_uslug/,уход за садом в Ярославле - цены и отзывы | Услуги на Авито,yandex-api-Q000078.jsonl,live_yandex_organic
Q000078,уход за садом,S4,commercial_research,Yaroslavl,desktop,2026-08-27T19:19:58+03:00,3,https://www.avito.ru/yaroslavl/predlozheniya_uslug/sad_blagoustroystvo/ozelenenie_uhod_za_sadom_i_ogorodom-ASgBAgICAkSYC8KfAdCuDvy80AE,https://avito.ru/yaroslavl/predlozheniya_uslug/sad_blagoustroystvo/ozelenenie_uhod_za_sadom_i_ogorodom-ASgBAgICAkSYC8KfAdCuDvy80AE/,"Озеленение, уход за огородом, садовники в Ярославле | Сад...",yandex-api-Q000078.jsonl,live_yandex_organic
Q000078,уход за садом,S4,commercial_research,Yaroslavl,desktop,2026-08-27T19:19:58+03:00,4,https://organic-mix.ru/articles/ukhod-za-sadom/,https://organic-mix.ru/articles/ukhod-za-sadom/,Уход за садом по всем правилам,yandex-api-Q000078.jsonl,live_yandex_organic
Q000078,уход за садом,S4,commercial_research,Yaroslavl,desktop,2026-08-27T19:19:58+03:00,5,https://dzen.ru/a/aZgGwUdmDy16Ue81,https://dzen.ru/a/aZgGwUdmDy16Ue81/,Сад ждёт ухода: пошаговое руководство для начинающего... | Дзен,yandex-api-Q000078.jsonl,live_yandex_organic
Q000078,уход за садом,S4,commercial_research,Yaroslavl,desktop,2026-08-27T19:19:58+03:00,6,https://progarden.group/services/uhod-za-sadom,https://progarden.group/services/uhod-za-sadom/,Комплексный уход за садом от компании ProGarden Group,yandex-api-Q000078.jsonl,live_yandex_organic
Q000078,уход за садом,S4,commercial_research,Yaroslavl,desktop,2026-08-27T19:19:58+03:00,7,https://ld-spb.ru/vse-o-landshafte-i-sade/ukhod-za-sadom-vesnoj-letom-osenyu-zimoj,https://ld-spb.ru/vse-o-landshafte-i-sade/ukhod-za-sadom-vesnoj-letom-osenyu-zimoj/,"Уход за садом весной, летом, осенью и зимой: этапы ухода...",yandex-api-Q000078.jsonl,live_yandex_organic
Q000078,уход за садом,S4,commercial_research,Yaroslavl,desktop,2026-08-27T19:19:58+03:00,8,https://dzen.ru/a/YnOE6LeOhVp7ZqTp,https://dzen.ru/a/YnOE6LeOhVp7ZqTp/,План ухода за молодым садом для ускоренного развития | Дзен,yandex-api-Q000078.jsonl,live_yandex_organic
Q000078,уход за садом,S4,commercial_research,Yaroslavl,desktop,2026-08-27T19:19:58+03:00,9,https://lemanapro.ru/journal/kak-uhazhivat-za-sadom-vesnoy/,https://lemanapro.ru/journal/kak-uhazhivat-za-sadom-vesnoy/,Как ухаживать за садом весной — Лемана ПРО,yandex-api-Q000078.jsonl,live_yandex_organic
Q000078,уход за садом,S4,commercial_research,Yaroslavl,desktop,2026-08-27T19:19:58+03:00,10,https://dzen.ru/a/YVmhgp4O6GpoAAhW,https://dzen.ru/a/YVmhgp4O6GpoAAhW/,Как правильно ухаживать за садом осенью? Хитрости... | Дзен,yandex-api-Q000078.jsonl,live_yandex_organic
Q000079,уход за садом цена,S4,transactional,Yaroslavl,desktop,2026-08-27T19:19:58+03:00,1,https://www.avito.ru/yaroslavl/predlozheniya_uslug?q=%D1%83%D1%85%D0%BE%D0%B4+%D0%B7%D0%B0+%D1%81%D0%B0%D0%B4%D0%BE%D0%BC,https://avito.ru/yaroslavl/predlozheniya_uslug/,уход за садом в Ярославле - цены и отзывы | Услуги на Авито,yandex-api-Q000079.jsonl,live_yandex_organic
Q000079,уход за садом цена,S4,transactional,Yaroslavl,desktop,2026-08-27T19:19:58+03:00,2,https://www.avito.ru/yaroslavl/predlozheniya_uslug/sad_blagoustroystvo/ozelenenie_uhod_za_sadom_i_ogorodom-ASgBAgICAkSYC8KfAdCuDvy80AE?q=%D1%83%D0%B1%D0%BE%D1%80%D0%BA%D0%B0+%D1%83%D1%87%D0%B0%D1%81%D1%82%D0%BA%D0%B0,https://avito.ru/yaroslavl/predlozheniya_uslug/sad_blagoustroystvo/ozelenenie_uhod_za_sadom_i_ogorodom-ASgBAgICAkSYC8KfAdCuDvy80AE/,уборка участка в Ярославле - цены и отзывы | Услуги на Авито,yandex-api-Q000079.jsonl,live_yandex_organic
Q000079,уход за садом цена,S4,transactional,Yaroslavl,desktop,2026-08-27T19:19:58+03:00,3,https://www.avito.ru/yaroslavl/predlozheniya_uslug/sad_blagoustroystvo/ozelenenie_uhod_za_sadom_i_ogorodom-ASgBAgICAkSYC8KfAdCuDvy80AE?q=%D0%BF%D0%BE%D0%BC%D0%BE%D1%89%D0%BD%D0%B8%D0%BA+%D0%BF%D0%BE+%D1%81%D0%B0%D0%B4%D1%83,https://avito.ru/yaroslavl/predlozheniya_uslug/sad_blagoustroystvo/ozelenenie_uhod_za_sadom_i_ogorodom-ASgBAgICAkSYC8KfAdCuDvy80AE/,помощник по саду в Ярославле - цены и отзывы | Услуги на Авито,yandex-api-Q000079.jsonl,live_yandex_organic
Q000079,уход за садом цена,S4,transactional,Yaroslavl,desktop,2026-08-27T19:19:58+03:00,4,https://www.avito.ru/yaroslavl/predlozheniya_uslug/sad_blagoustroystvo-ASgBAgICAUSYC8KfAQ?q=%D1%81%D0%B0%D0%B4%D0%BE%D0%B2%D0%BD%D0%B8%D0%BA,https://avito.ru/yaroslavl/predlozheniya_uslug/sad_blagoustroystvo-ASgBAgICAUSYC8KfAQ/,садовник в Ярославле - цены и отзывы | Услуги на Авито,yandex-api-Q000079.jsonl,live_yandex_organic
Q000079,уход за садом цена,S4,transactional,Yaroslavl,desktop,2026-08-27T19:19:58+03:00,5,https://www.avito.ru/yaroslavl/predlozheniya_uslug/sad_blagoustroystvo/ozelenenie_uhod_za_sadom_i_ogorodom-ASgBAgICAkSYC8KfAdCuDvy80AE?q=%D1%83%D1%81%D0%BB%D1%83%D0%B3%D0%B8+%D1%81%D0%B0%D0%B4%D0%BE%D0%B2%D0%BD%D0%B8%D0%BA%D0%B0,https://avito.ru/yaroslavl/predlozheniya_uslug/sad_blagoustroystvo/ozelenenie_uhod_za_sadom_i_ogorodom-ASgBAgICAkSYC8KfAdCuDvy80AE/,услуги садовника в Ярославле - цены и отзывы | Услуги на Авито,yandex-api-Q000079.jsonl,live_yandex_organic
Q000079,уход за садом цена,S4,transactional,Yaroslavl,desktop,2026-08-27T19:19:58+03:00,6,https://uslugi.yandex.ru/16-yaroslavl/category/hozyajstvo-i-uborka/sad-i-ogorod--3115,https://uslugi.yandex.ru/16-yaroslavl/category/hozyajstvo-i-uborka/sad-i-ogorod--3115/,Уход за садом и огородом в Ярославле: 88 садовников со...,yandex-api-Q000079.jsonl,live_yandex_organic
Q000079,уход за садом цена,S4,transactional,Yaroslavl,desktop,2026-08-27T19:19:58+03:00,7,https://www.avito.ru/yaroslavskaya_oblast/predlozheniya_uslug/sad_blagoustroystvo/ozelenenie_uhod_za_sadom_i_ogorodom-ASgBAgICAkSYC8KfAdCuDvy80AE?q=%D1%83%D1%85%D0%BE%D0%B4+%D0%B7%D0%B0+%D1%81%D0%B0%D0%B4%D0%BE%D0%BC,https://avito.ru/yaroslavskaya_oblast/predlozheniya_uslug/sad_blagoustroystvo/ozelenenie_uhod_za_sadom_i_ogorodom-ASgBAgICAkSYC8KfAdCuDvy80AE/,уход за садом в Ярославской области - цены и отзывы | Услуги на...,yandex-api-Q000079.jsonl,live_yandex_organic
Q000079,уход за садом цена,S4,transactional,Yaroslavl,desktop,2026-08-27T19:19:58+03:00,8,https://uslugi.yandex.ru/10841-yaroslavl-oblast/category/hozyajstvo-i-uborka/sad-i-ogorod--3115,https://uslugi.yandex.ru/10841-yaroslavl-oblast/category/hozyajstvo-i-uborka/sad-i-ogorod--3115/,Уход за садом и огородом в Ярославской области: 90 садовников...,yandex-api-Q000079.jsonl,live_yandex_organic
Q000079,уход за садом цена,S4,transactional,Yaroslavl,desktop,2026-08-27T19:19:58+03:00,9,https://www.avito.ru/yaroslavskaya_oblast/predlozheniya_uslug/sad_blagoustroystvo/ozelenenie_uhod_za_sadom_i_ogorodom-ASgBAgICAkSYC8KfAdCuDvy80AE?q=%D1%81%D0%B0%D0%B4%D0%BE%D0%B2%D0%BD%D0%B8%D0%BA,https://avito.ru/yaroslavskaya_oblast/predlozheniya_uslug/sad_blagoustroystvo/ozelenenie_uhod_za_sadom_i_ogorodom-ASgBAgICAkSYC8KfAdCuDvy80AE/,садовник в Ярославской области - цены и отзывы | Услуги на Авито,yandex-api-Q000079.jsonl,live_yandex_organic
Q000079,уход за садом цена,S4,transactional,Yaroslavl,desktop,2026-08-27T19:19:58+03:00,10,https://uslugi.yandex.ru/16-yaroslavl/category?text=%D0%A3%D1%85%D0%BE%D0%B4%20%D0%B7%D0%B0%20%D1%81%D0%B0%D0%B4%D0%BE%D0%BC%20%D1%83%D1%81%D0%BB%D1%83%D0%B3%D0%B8%20%D1%81%D0%B0%D0%B4%D0%BE%D0%B2%D0%BD%D0%B8%D0%BA%D0%B0,https://uslugi.yandex.ru/16-yaroslavl/category/,Уход за садом услуги садовника в Ярославле: 105 садовников со...,yandex-api-Q000079.jsonl,live_yandex_organic
Q000080,вертикальная планировка участка рыбинск,S5,commercial_research,Yaroslavl,desktop,2026-08-27T19:19:58+03:00,1,https://www.avito.ru/rybinsk/predlozheniya_uslug?q=%D0%BF%D0%BB%D0%B0%D0%BD%D0%B8%D1%80%D0%BE%D0%B2%D0%BA%D0%B0+%D1%83%D1%87%D0%B0%D1%81%D1%82%D0%BA%D0%B0,https://avito.ru/rybinsk/predlozheniya_uslug/,планировка участка в Рыбинске - цены и отзывы | Услуги на Авито,yandex-api-Q000080.jsonl,live_yandex_organic
Q000080,вертикальная планировка участка рыбинск,S5,commercial_research,Yaroslavl,desktop,2026-08-27T19:19:58+03:00,2,https://rybinsk.mzog.ru/vertikalnaya-planirovka,https://rybinsk.mzog.ru/vertikalnaya-planirovka/,"Вертикальная планировка участка Рыбинск, цена от 2082 руб.",yandex-api-Q000080.jsonl,live_yandex_organic
Q000080,вертикальная планировка участка рыбинск,S5,commercial_research,Yaroslavl,desktop,2026-08-27T19:19:58+03:00,3,https://www.avito.ru/rybinsk/predlozheniya_uslug?q=%D0%BF%D0%BB%D0%B0%D0%BD%D0%B8%D1%80%D0%BE%D0%B2%D0%BA%D0%B0+%D1%83%D1%87%D0%B0%D1%81%D1%82%D0%BA%D0%B0+%D0%B2%D1%8B%D1%80%D0%B0%D0%B2%D0%BD%D0%B8%D0%B2%D0%B0%D0%BD%D0%B8%D0%B5,https://avito.ru/rybinsk/predlozheniya_uslug/,планировка участка выравнивание в Рыбинске - цены и отзывы,yandex-api-Q000080.jsonl,live_yandex_organic
Q000080,вертикальная планировка участка рыбинск,S5,commercial_research,Yaroslavl,desktop,2026-08-27T19:19:58+03:00,4,https://www.avito.ru/rybinsk/predlozheniya_uslug?q=%D0%B2%D1%8B%D1%80%D0%B0%D0%B2%D0%BD%D0%B8%D0%B2%D0%B0%D0%BD%D0%B8%D0%B5+%D1%83%D1%87%D0%B0%D1%81%D1%82%D0%BA%D0%B0+%D1%82%D1%80%D0%B0%D0%BA%D1%82%D0%BE%D1%80%D0%BE%D0%BC,https://avito.ru/rybinsk/predlozheniya_uslug/,выравнивание участка трактором в Рыбинске - цены и отзывы,yandex-api-Q000080.jsonl,live_yandex_organic
Q000080,вертикальная планировка участка рыбинск,S5,commercial_research,Yaroslavl,desktop,2026-08-27T19:19:58+03:00,5,https://www.avito.ru/rybinsk/predlozheniya_uslug?q=%D0%BB%D0%B0%D0%BD%D0%B4%D1%88%D0%B0%D1%84%D1%82%D0%BD%D1%8B%D0%B9+%D0%B4%D0%B8%D0%B7%D0%B0%D0%B9%D0%BD,https://avito.ru/rybinsk/predlozheniya_uslug/,ландшафтный дизайн в Рыбинске - цены и отзывы | Услуги на...,yandex-api-Q000080.jsonl,live_yandex_organic
Q000080,вертикальная планировка участка рыбинск,S5,commercial_research,Yaroslavl,desktop,2026-08-27T19:19:58+03:00,6,https://uslugi.yandex.ru/10839-rybinsk/landing/%D0%B2%D0%B5%D1%80%D1%82%D0%B8%D0%BA%D0%B0%D0%BB%D1%8C%D0%BD%D0%B0%D1%8F%20%D0%BF%D0%BB%D0%B0%D0%BD%D0%B8%D1%80%D0%BE%D0%B2%D0%BA%D0%B0%20%D1%82%D0%B5%D1%80%D1%80%D0%B8%D1%82%D0%BE%D1%80%D0%B8%D0%B9,https://uslugi.yandex.ru/10839-rybinsk/landing/%D0%B2%D0%B5%D1%80%D1%82%D0%B8%D0%BA%D0%B0%D0%BB%D1%8C%D0%BD%D0%B0%D1%8F%20%D0%BF%D0%BB%D0%B0%D0%BD%D0%B8%D1%80%D0%BE%D0%B2%D0%BA%D0%B0%20%D1%82%D0%B5%D1%80%D1%80%D0%B8%D1%82%D0%BE%D1%80%D0%B8%D0%B9/,Вертикальная планировка территорий в Рыбинске: 27...,yandex-api-Q000080.jsonl,live_yandex_organic
Q000080,вертикальная планировка участка рыбинск,S5,commercial_research,Yaroslavl,desktop,2026-08-27T19:19:58+03:00,7,https://www.avito.ru/rybinsk/predlozheniya_uslug?q=%D0%B1%D0%BB%D0%B0%D0%B3%D0%BE%D1%83%D1%81%D1%82%D1%80%D0%BE%D0%B9%D1%81%D1%82%D0%B2%D0%BE+%D1%83%D1%87%D0%B0%D1%81%D1%82%D0%BA%D0%B0,https://avito.ru/rybinsk/predlozheniya_uslug/,благоустройство участка в Рыбинске - цены и отзывы | Услуги на...,yandex-api-Q000080.jsonl,live_yandex_organic
Q000080,вертикальная планировка участка рыбинск,S5,commercial_research,Yaroslavl,desktop,2026-08-27T19:19:58+03:00,8,https://www.avito.ru/rybinsk/predlozheniya_uslug/tag/vyravnivanie-uchastka,https://avito.ru/rybinsk/predlozheniya_uslug/tag/vyravnivanie-uchastka/,выравнивание участка в Рыбинске - цены и отзывы | Услуги на...,yandex-api-Q000080.jsonl,live_yandex_organic
Q000080,вертикальная планировка участка рыбинск,S5,commercial_research,Yaroslavl,desktop,2026-08-27T19:19:58+03:00,9,https://rybinsk.mslandshaft.ru/catalog/vyravnivanie-uchastka/,https://rybinsk.mslandshaft.ru/catalog/vyravnivanie-uchastka/,Выравнивание участка | Ландшафт Плюс,yandex-api-Q000080.jsonl,live_yandex_organic
Q000080,вертикальная планировка участка рыбинск,S5,commercial_research,Yaroslavl,desktop,2026-08-27T19:19:58+03:00,10,https://www.avito.ru/rybinsk/predlozheniya_uslug/sad_blagoustroystvo/zemlyanye_raboty-ASgBAgICAkSYC8KfAdCuDvq80AE,https://avito.ru/rybinsk/predlozheniya_uslug/sad_blagoustroystvo/zemlyanye_raboty-ASgBAgICAkSYC8KfAdCuDvq80AE/,"Вспашка, выравнивание земли в Рыбинске | Сад, благоустройство...",yandex-api-Q000080.jsonl,live_yandex_organic
Q000081,выравнивание участка,S5,commercial_research,Yaroslavl,desktop,2026-08-27T19:19:58+03:00,1,https://mini-pogruzchiki.ru/uslugi/vyravnivanie-uchastka/,https://mini-pogruzchiki.ru/uslugi/vyravnivanie-uchastka/,Выравнивание участка трактором: цена за сотку в Ярославле,yandex-api-Q000081.jsonl,live_yandex_organic
Q000081,выравнивание участка,S5,commercial_research,Yaroslavl,desktop,2026-08-27T19:19:58+03:00,2,https://www.avito.ru/yaroslavl/predlozheniya_uslug/tag/vyravnivanie-uchastka,https://avito.ru/yaroslavl/predlozheniya_uslug/tag/vyravnivanie-uchastka/,выравнивание участка в Ярославле - цены и отзывы | Услуги на...,yandex-api-Q000081.jsonl,live_yandex_organic
Q000081,выравнивание участка,S5,commercial_research,Yaroslavl,desktop,2026-08-27T19:19:58+03:00,3,https://www.avito.ru/yaroslavl/predlozheniya_uslug?q=%D0%B2%D1%81%D0%BF%D0%B0%D1%88%D0%BA%D0%B0+%D0%B8+%D0%B2%D1%8B%D1%80%D0%B0%D0%B2%D0%BD%D0%B8%D0%B2%D0%B0%D0%BD%D0%B8%D0%B5+%D1%83%D1%87%D0%B0%D1%81%D1%82%D0%BA%D0%B0,https://avito.ru/yaroslavl/predlozheniya_uslug/,вспашка и выравнивание участка в Ярославле - цены и отзывы,yandex-api-Q000081.jsonl,live_yandex_organic
Q000081,выравнивание участка,S5,commercial_research,Yaroslavl,desktop,2026-08-27T19:19:58+03:00,4,https://www.avito.ru/yaroslavl/predlozheniya_uslug?q=%D0%B2%D1%8B%D1%80%D0%B0%D0%B2%D0%BD%D0%B8%D0%B2%D0%B0%D0%BD%D0%B8%D0%B5+%D1%83%D1%87%D0%B0%D1%81%D1%82%D0%BA%D0%B0+%D0%BC%D0%B8%D0%BD%D0%B8+%D1%82%D1%80%D0%B0%D0%BA%D1%82%D0%BE%D1%80%D0%BE%D0%BC,https://avito.ru/yaroslavl/predlozheniya_uslug/,выравнивание участка мини трактором в Ярославле - цены...,yandex-api-Q000081.jsonl,live_yandex_organic
Q000081,выравнивание участка,S5,commercial_research,Yaroslavl,desktop,2026-08-27T19:19:58+03:00,5,https://m.avito.ru/yaroslavl/predlozheniya_uslug/sad_blagoustroystvo/zemlyanye_raboty-ASgBAgICAkSYC8KfAdCuDvq80AE?q=%D0%B2%D1%8B%D1%80%D0%B0%D0%B2%D0%BD%D0%B8%D0%B2%D0%B0%D0%BD%D0%B8%D0%B5%20%D1%83%D1%87%D0%B0%D1%81%D1%82%D0%BA%D0%B0,https://m.avito.ru/yaroslavl/predlozheniya_uslug/sad_blagoustroystvo/zemlyanye_raboty-ASgBAgICAkSYC8KfAdCuDvq80AE/,выравнивание участка в Ярославле - цены и отзывы | Услуги на...,yandex-api-Q000081.jsonl,live_yandex_organic
Q000081,выравнивание участка,S5,commercial_research,Yaroslavl,desktop,2026-08-27T19:19:58+03:00,6,https://yaroslavl.blago-s.ru/catalog/zemlyanye-raboty/vyravnivanie-uchastka/,https://yaroslavl.blago-s.ru/catalog/zemlyanye-raboty/vyravnivanie-uchastka/,Выравнивание участка в Ярославле — цена и работы под ключ,yandex-api-Q000081.jsonl,live_yandex_organic
Q000081,выравнивание участка,S5,commercial_research,Yaroslavl,desktop,2026-08-27T19:19:58+03:00,7,https://blog.domclick.ru/nedvizhimost/post/kak-vyrovnyat-zemelnyj-uchastok,https://blog.domclick.ru/nedvizhimost/post/kak-vyrovnyat-zemelnyj-uchastok/,Как выровнять участок - как правильно выровнить земельный...,yandex-api-Q000081.jsonl,live_yandex_organic
Q000081,выравнивание участка,S5,commercial_research,Yaroslavl,desktop,2026-08-27T19:19:58+03:00,8,https://uslugi.yandex.ru/16-yaroslavl/category?text=%D0%B2%D1%8B%D1%80%D0%B0%D0%B2%D0%BD%D0%B8%D0%B2%D0%B0%D0%BD%D0%B8%D0%B5+%D1%83%D1%87%D0%B0%D1%81%D1%82%D0%BA%D0%B0,https://uslugi.yandex.ru/16-yaroslavl/category/,Выравнивание участка в Ярославле: 100 мастеров земляных...,yandex-api-Q000081.jsonl,live_yandex_organic
Q000081,выравнивание участка,S5,commercial_research,Yaroslavl,desktop,2026-08-27T19:19:58+03:00,9,https://uslugi.yandex.ru/10841-yaroslavl-oblast/category?text=%D0%B2%D1%8B%D1%80%D0%B0%D0%B2%D0%BD%D0%B8%D0%B2%D0%B0%D0%BD%D0%B8%D0%B5+%D1%83%D1%87%D0%B0%D1%81%D1%82%D0%BA%D0%B0,https://uslugi.yandex.ru/10841-yaroslavl-oblast/category/,Выравнивание участка в Ярославской области: 84 мастера...,yandex-api-Q000081.jsonl,live_yandex_organic
Q000081,выравнивание участка,S5,commercial_research,Yaroslavl,desktop,2026-08-27T19:19:58+03:00,10,https://yaroslavl.topsadovnik.ru/vyravnivanie-uchastka,https://yaroslavl.topsadovnik.ru/vyravnivanie-uchastka/,Выравнивание участка в Ярославле: стоимость от 1572 руб.,yandex-api-Q000081.jsonl,live_yandex_organic
Q000082,выравнивание участка цена,S5,transactional,Yaroslavl,desktop,2026-08-27T19:19:58+03:00,1,https://www.avito.ru/yaroslavl/predlozheniya_uslug/tag/vyravnivanie-uchastka,https://avito.ru/yaroslavl/predlozheniya_uslug/tag/vyravnivanie-uchastka/,выравнивание участка в Ярославле - цены и отзывы | Услуги на...,yandex-api-Q000082.jsonl,live_yandex_organic
Q000082,выравнивание участка цена,S5,transactional,Yaroslavl,desktop,2026-08-27T19:19:58+03:00,2,https://www.avito.ru/yaroslavl/predlozheniya_uslug?q=%D0%B2%D1%81%D0%BF%D0%B0%D1%88%D0%BA%D0%B0+%D0%B8+%D0%B2%D1%8B%D1%80%D0%B0%D0%B2%D0%BD%D0%B8%D0%B2%D0%B0%D0%BD%D0%B8%D0%B5+%D1%83%D1%87%D0%B0%D1%81%D1%82%D0%BA%D0%B0,https://avito.ru/yaroslavl/predlozheniya_uslug/,вспашка и выравнивание участка в Ярославле - цены и отзывы,yandex-api-Q000082.jsonl,live_yandex_organic
Q000082,выравнивание участка цена,S5,transactional,Yaroslavl,desktop,2026-08-27T19:19:58+03:00,3,https://www.avito.ru/yaroslavl/predlozheniya_uslug?q=%D0%B2%D1%8B%D1%80%D0%B0%D0%B2%D0%BD%D0%B8%D0%B2%D0%B0%D0%BD%D0%B8%D0%B5+%D1%83%D1%87%D0%B0%D1%81%D1%82%D0%BA%D0%B0+%D0%BF%D0%BE%D0%B4+%D0%B3%D0%B0%D0%B7%D0%BE%D0%BD,https://avito.ru/yaroslavl/predlozheniya_uslug/,выравнивание участка под газон в Ярославле - цены и отзывы,yandex-api-Q000082.jsonl,live_yandex_organic
Q000082,выравнивание участка цена,S5,transactional,Yaroslavl,desktop,2026-08-27T19:19:58+03:00,4,https://www.avito.ru/yaroslavl/predlozheniya_uslug?q=%D0%BF%D0%BB%D0%B0%D0%BD%D0%B8%D1%80%D0%BE%D0%B2%D0%BA%D0%B0+%D1%83%D1%87%D0%B0%D1%81%D1%82%D0%BA%D0%B0+%D0%B2%D1%8B%D1%80%D0%B0%D0%B2%D0%BD%D0%B8%D0%B2%D0%B0%D0%BD%D0%B8%D0%B5,https://avito.ru/yaroslavl/predlozheniya_uslug/,планировка участка выравнивание в Ярославле - цены и отзывы,yandex-api-Q000082.jsonl,live_yandex_organic
Q000082,выравнивание участка цена,S5,transactional,Yaroslavl,desktop,2026-08-27T19:19:58+03:00,5,https://uslugi.yandex.ru/10841-yaroslavl-oblast/category?text=%D0%B2%D1%8B%D1%80%D0%B0%D0%B2%D0%BD%D0%B8%D0%B2%D0%B0%D0%BD%D0%B8%D0%B5+%D1%83%D1%87%D0%B0%D1%81%D1%82%D0%BA%D0%B0,https://uslugi.yandex.ru/10841-yaroslavl-oblast/category/,Выравнивание участка в Ярославской области: 84 мастера...,yandex-api-Q000082.jsonl,live_yandex_organic
Q000082,выравнивание участка цена,S5,transactional,Yaroslavl,desktop,2026-08-27T19:19:58+03:00,6,https://uslugi.yandex.ru/16-yaroslavl/category?text=%D0%B2%D1%8B%D1%80%D0%B0%D0%B2%D0%BD%D0%B8%D0%B2%D0%B0%D0%BD%D0%B8%D0%B5%20%D1%83%D1%87%D0%B0%D1%81%D1%82%D0%BA%D0%B0,https://uslugi.yandex.ru/16-yaroslavl/category/,Выравнивание участка в Ярославле: 93 мастера земляных...,yandex-api-Q000082.jsonl,live_yandex_organic
Q000082,выравнивание участка цена,S5,transactional,Yaroslavl,desktop,2026-08-27T19:19:58+03:00,7,https://uslugi.yandex.ru/16-yaroslavl/category?text=%D0%97%D0%B5%D0%BC%D0%B5%D0%BB%D1%8C%D0%BD%D1%8B%D0%B5%20%D1%80%D0%B0%D0%B1%D0%BE%D1%82%D1%8B%20%D0%BD%D0%B0%20%D1%83%D1%87%D0%B0%D1%81%D1%82%D0%BA%D0%B5%20%D0%B2%D1%8B%D1%80%D0%B0%D0%B2%D0%BD%D0%B8%D0%B2%D0%B0%D0%BD%D0%B8%D0%B5%20%D1%86%D0%B5%D0%BD%D0%B0,https://uslugi.yandex.ru/16-yaroslavl/category/,Земельные работы на участке выравнивание цена в Ярославле...,yandex-api-Q000082.jsonl,live_yandex_organic
Q000082,выравнивание участка цена,S5,transactional,Yaroslavl,desktop,2026-08-27T19:19:58+03:00,8,https://www.avito.ru/yaroslavl/predlozheniya_uslug?q=%D0%B2%D1%8B%D1%80%D0%B0%D0%B2%D0%BD%D0%B8%D0%B2%D0%B0%D0%BD%D0%B8%D0%B5+%D1%83%D1%87%D0%B0%D1%81%D1%82%D0%BA%D0%B0+%D0%BC%D0%B8%D0%BD%D0%B8+%D1%82%D1%80%D0%B0%D0%BA%D1%82%D0%BE%D1%80%D0%BE%D0%BC,https://avito.ru/yaroslavl/predlozheniya_uslug/,выравнивание участка мини трактором в Ярославле - цены...,yandex-api-Q000082.jsonl,live_yandex_organic
Q000082,выравнивание участка цена,S5,transactional,Yaroslavl,desktop,2026-08-27T19:19:58+03:00,9,https://uslugi.yandex.ru/16-yaroslavl/category?text=%D0%9F%D0%BB%D0%B0%D0%BD%D0%B8%D1%80%D0%BE%D0%B2%D0%BA%D0%B0%20%D0%B8%20%D0%B2%D1%8B%D1%80%D0%B0%D0%B2%D0%BD%D0%B8%D0%B2%D0%B0%D0%BD%D0%B8%D0%B5%20%D1%83%D1%87%D0%B0%D1%81%D1%82%D0%BA%D0%B0,https://uslugi.yandex.ru/16-yaroslavl/category/,Планировка и выравнивание участка в Ярославле: 50 мастеров...,yandex-api-Q000082.jsonl,live_yandex_organic
Q000082,выравнивание участка цена,S5,transactional,Yaroslavl,desktop,2026-08-27T19:19:58+03:00,10,https://uslugi.yandex.ru/16-yaroslavl/category?text=%D0%A0%D0%B0%D1%81%D1%87%D0%B8%D1%81%D1%82%D0%BA%D0%B0%20%D0%B8%20%D0%B2%D1%8B%D1%80%D0%B0%D0%B2%D0%BD%D0%B8%D0%B2%D0%B0%D0%BD%D0%B8%D0%B5%20%D1%83%D1%87%D0%B0%D1%81%D1%82%D0%BA%D0%B0,https://uslugi.yandex.ru/16-yaroslavl/category/,Расчистка и выравнивание участка в Ярославле: 92...,yandex-api-Q000082.jsonl,live_yandex_organic
Q000083,выравнивание участка ярославль,S5,commercial_research,Yaroslavl,desktop,2026-08-27T19:19:58+03:00,1,https://www.avito.ru/yaroslavl/predlozheniya_uslug/tag/vyravnivanie-uchastka,https://avito.ru/yaroslavl/predlozheniya_uslug/tag/vyravnivanie-uchastka/,выравнивание участка в Ярославле - цены и отзывы | Услуги на...,yandex-api-Q000083.jsonl,live_yandex_organic
Q000083,выравнивание участка ярославль,S5,commercial_research,Yaroslavl,desktop,2026-08-27T19:19:58+03:00,2,https://www.avito.ru/yaroslavl/predlozheniya_uslug?q=%D0%BF%D0%BB%D0%B0%D0%BD%D0%B8%D1%80%D0%BE%D0%B2%D0%BA%D0%B0+%D1%83%D1%87%D0%B0%D1%81%D1%82%D0%BA%D0%B0+%D0%B2%D1%8B%D1%80%D0%B0%D0%B2%D0%BD%D0%B8%D0%B2%D0%B0%D0%BD%D0%B8%D0%B5,https://avito.ru/yaroslavl/predlozheniya_uslug/,планировка участка выравнивание в Ярославле - цены и отзывы,yandex-api-Q000083.jsonl,live_yandex_organic
Q000083,выравнивание участка ярославль,S5,commercial_research,Yaroslavl,desktop,2026-08-27T19:19:58+03:00,3,https://www.avito.ru/yaroslavl/predlozheniya_uslug?q=%D0%B2%D1%81%D0%BF%D0%B0%D1%88%D0%BA%D0%B0%20%D0%B8%20%D0%B2%D1%8B%D1%80%D0%B0%D0%B2%D0%BD%D0%B8%D0%B2%D0%B0%D0%BD%D0%B8%D0%B5%20%D1%83%D1%87%D0%B0%D1%81%D1%82%D0%BA%D0%B0,https://avito.ru/yaroslavl/predlozheniya_uslug/,вспашка и выравнивание участка в Ярославле - цены и отзывы,yandex-api-Q000083.jsonl,live_yandex_organic
Q000083,выравнивание участка ярославль,S5,commercial_research,Yaroslavl,desktop,2026-08-27T19:19:58+03:00,4,https://www.avito.ru/yaroslavl/predlozheniya_uslug?q=%D1%80%D0%B0%D1%81%D1%87%D0%B8%D1%81%D1%82%D0%BA%D0%B0+%D0%B8+%D0%B2%D1%8B%D1%80%D0%B0%D0%B2%D0%BD%D0%B8%D0%B2%D0%B0%D0%BD%D0%B8%D0%B5+%D1%83%D1%87%D0%B0%D1%81%D1%82%D0%BA%D0%B0,https://avito.ru/yaroslavl/predlozheniya_uslug/,расчистка и выравнивание участка в Ярославле - цены и отзывы,yandex-api-Q000083.jsonl,live_yandex_organic
Q000083,выравнивание участка ярославль,S5,commercial_research,Yaroslavl,desktop,2026-08-27T19:19:58+03:00,5,https://www.avito.ru/yaroslavl/predlozheniya_uslug?q=%D0%B2%D1%8B%D1%80%D0%BE%D0%B2%D0%BD%D1%8F%D1%82%D1%8C+%D1%83%D1%87%D0%B0%D1%81%D1%82%D0%BE%D0%BA,https://avito.ru/yaroslavl/predlozheniya_uslug/,выровнять участок в Ярославле - цены и отзывы | Услуги на Авито,yandex-api-Q000083.jsonl,live_yandex_organic
Q000083,выравнивание участка ярославль,S5,commercial_research,Yaroslavl,desktop,2026-08-27T19:19:58+03:00,6,https://mini-pogruzchiki.ru/uslugi/vyravnivanie-uchastka/,https://mini-pogruzchiki.ru/uslugi/vyravnivanie-uchastka/,Выравнивание участка трактором: цена за сотку в Ярославле,yandex-api-Q000083.jsonl,live_yandex_organic
Q000083,выравнивание участка ярославль,S5,commercial_research,Yaroslavl,desktop,2026-08-27T19:19:58+03:00,7,https://www.avito.ru/yaroslavl/predlozheniya_uslug?q=%D0%B2%D1%8B%D1%80%D0%B0%D0%B2%D0%BD%D0%B8%D0%B2%D0%B0%D0%BD%D0%B8%D0%B5+%D1%83%D1%87%D0%B0%D1%81%D1%82%D0%BA%D0%B0+%D0%BF%D0%BE%D0%B4+%D0%B3%D0%B0%D0%B7%D0%BE%D0%BD,https://avito.ru/yaroslavl/predlozheniya_uslug/,выравнивание участка под газон в Ярославле - цены и отзывы,yandex-api-Q000083.jsonl,live_yandex_organic
Q000083,выравнивание участка ярославль,S5,commercial_research,Yaroslavl,desktop,2026-08-27T19:19:58+03:00,8,https://www.avito.ru/yaroslavl/predlozheniya_uslug/sad_blagoustroystvo/zemlyanye_raboty/vyravnivanie_uchastka-ASgBAgICA0SYC8KfAdCuDvq80AHazxaWhpgD,https://avito.ru/yaroslavl/predlozheniya_uslug/sad_blagoustroystvo/zemlyanye_raboty/vyravnivanie_uchastka-ASgBAgICA0SYC8KfAdCuDvq80AHazxaWhpgD/,Выравнивание участка в Ярославле | Земляные работы на Авито,yandex-api-Q000083.jsonl,live_yandex_organic
Q000083,выравнивание участка ярославль,S5,commercial_research,Yaroslavl,desktop,2026-08-27T19:19:58+03:00,9,https://uslugi.yandex.ru/16-yaroslavl/category?text=%D0%B2%D1%8B%D1%80%D0%B0%D0%B2%D0%BD%D0%B8%D0%B2%D0%B0%D0%BD%D0%B8%D0%B5+%D1%83%D1%87%D0%B0%D1%81%D1%82%D0%BA%D0%B0,https://uslugi.yandex.ru/16-yaroslavl/category/,Выравнивание участка в Ярославле: 100 мастеров земляных...,yandex-api-Q000083.jsonl,live_yandex_organic
Q000083,выравнивание участка ярославль,S5,commercial_research,Yaroslavl,desktop,2026-08-27T19:19:58+03:00,10,https://www.tehnoniki.ru/articles/vyravnivanie-uchastka.html,https://tehnoniki.ru/articles/vyravnivanie-uchastka.html/,Выравнивание участка по низкой стоимости работ...,yandex-api-Q000083.jsonl,live_yandex_organic
Q000084,выравнивание участка ярославль купить tehno ники ру,S5,product_only,Yaroslavl,desktop,2026-08-27T19:19:58+03:00,1,https://tehno-niki.ru/nivelir.html,https://tehno-niki.ru/nivelir.html/,Выравнивание участка с 2D нивелиром в Ярославле — ТехноНик,yandex-api-Q000084.jsonl,live_yandex_organic
Q000084,выравнивание участка ярославль купить tehno ники ру,S5,product_only,Yaroslavl,desktop,2026-08-27T19:19:58+03:00,2,https://www.tehnoniki.ru/,https://tehnoniki.ru/,Аренда строительной спецтехники с экипажем - услуги спецтехники,yandex-api-Q000084.jsonl,live_yandex_organic
Q000084,выравнивание участка ярославль купить tehno ники ру,S5,product_only,Yaroslavl,desktop,2026-08-27T19:19:58+03:00,3,https://www.tehnoniki.ru/uslugi/,https://tehnoniki.ru/uslugi/,"Услуги компании ООО ""ТехноНик""",yandex-api-Q000084.jsonl,live_yandex_organic
Q000084,выравнивание участка ярославль купить tehno ники ру,S5,product_only,Yaroslavl,desktop,2026-08-27T19:19:58+03:00,4,https://tehno-niki.ru/planirovka.html,https://tehno-niki.ru/planirovka.html/,Планировка и выравнивание участка в Ярославле — ТехноНик,yandex-api-Q000084.jsonl,live_yandex_organic
Q000084,выравнивание участка ярославль купить tehno ники ру,S5,product_only,Yaroslavl,desktop,2026-08-27T19:19:58+03:00,5,https://www.tehnoniki.ru/articles/vyravnivanie-uchastka.html,https://tehnoniki.ru/articles/vyravnivanie-uchastka.html/,Выравнивание участка по низкой стоимости работ...,yandex-api-Q000084.jsonl,live_yandex_organic
Q000084,выравнивание участка ярославль купить tehno ники ру,S5,product_only,Yaroslavl,desktop,2026-08-27T19:19:58+03:00,6,https://tehno-niki.ru/,https://tehno-niki.ru/,ТехноНик — расчистка участков и аренда спецтехники,yandex-api-Q000084.jsonl,live_yandex_organic
Q000084,выравнивание участка ярославль купить tehno ники ру,S5,product_only,Yaroslavl,desktop,2026-08-27T19:19:58+03:00,7,https://www.tehnoniki.ru/uslugi/zemljanye_raboty.html,https://tehnoniki.ru/uslugi/zemljanye_raboty.html/,Производство земляных работ вручную в строительстве...,yandex-api-Q000084.jsonl,live_yandex_organic
Q000084,выравнивание участка ярославль купить tehno ники ру,S5,product_only,Yaroslavl,desktop,2026-08-27T19:19:58+03:00,8,https://www.tehnoniki.ru/prajs-list.html,https://tehnoniki.ru/prajs-list.html/,"Аренда спецтехники: прайс-лист, цена, стоимость",yandex-api-Q000084.jsonl,live_yandex_organic
Q000084,выравнивание участка ярославль купить tehno ники ру,S5,product_only,Yaroslavl,desktop,2026-08-27T19:19:58+03:00,9,https://www.tehnoniki.ru/uslugi/vspashka_uchastka.html,https://tehnoniki.ru/uslugi/vspashka_uchastka.html/,Вспахать участок трактором в Ярославле по низким ценам,yandex-api-Q000084.jsonl,live_yandex_organic
Q000084,выравнивание участка ярославль купить tehno ники ру,S5,product_only,Yaroslavl,desktop,2026-08-27T19:19:58+03:00,10,https://tehno-niki.ru/blagoustrojstvo.html,https://tehno-niki.ru/blagoustrojstvo.html/,Благоустройство и озеленение в Ярославле — ТехноНик,yandex-api-Q000084.jsonl,live_yandex_organic
Q000085,выровнять участок на даче ярославль за пределами города tehno ники,S5,commercial_research,Yaroslavl,desktop,2026-08-27T19:19:58+03:00,1,https://tehno-niki.ru/planirovka.html,https://tehno-niki.ru/planirovka.html/,Планировка и выравнивание участка в Ярославле...,yandex-api-Q000085.jsonl,live_yandex_organic
Q000085,выровнять участок на даче ярославль за пределами города tehno ники,S5,commercial_research,Yaroslavl,desktop,2026-08-27T19:19:58+03:00,2,https://tehno-niki.ru/nivelir.html,https://tehno-niki.ru/nivelir.html/,Выравнивание участка с 2D нивелиром в Ярославле...,yandex-api-Q000085.jsonl,live_yandex_organic
Q000085,выровнять участок на даче ярославль за пределами города tehno ники,S5,commercial_research,Yaroslavl,desktop,2026-08-27T19:19:58+03:00,3,https://www.tehnoniki.ru/articles/vyravnivanie-uchastka.html,https://tehnoniki.ru/articles/vyravnivanie-uchastka.html/,Выравнивание участка по низкой стоимости работ...,yandex-api-Q000085.jsonl,live_yandex_organic
Q000085,выровнять участок на даче ярославль за пределами города tehno ники,S5,commercial_research,Yaroslavl,desktop,2026-08-27T19:19:58+03:00,4,https://www.tehnoniki.ru/,https://tehnoniki.ru/,Аренда строительной спецтехники с экипажем - услуги...,yandex-api-Q000085.jsonl,live_yandex_organic
Q000085,выровнять участок на даче ярославль за пределами города tehno ники,S5,commercial_research,Yaroslavl,desktop,2026-08-27T19:19:58+03:00,5,http://tehno-niki.ru/,https://tehno-niki.ru/,ТехноНик — расчистка участков и аренда спецтехники,yandex-api-Q000085.jsonl,live_yandex_organic
Q000085,выровнять участок на даче ярославль за пределами города tehno ники,S5,commercial_research,Yaroslavl,desktop,2026-08-27T19:19:58+03:00,6,https://www.tehnoniki.ru/uslugi/vspashka_uchastka.html,https://tehnoniki.ru/uslugi/vspashka_uchastka.html/,Вспахать участок трактором в Ярославле по низким ценам,yandex-api-Q000085.jsonl,live_yandex_organic
Q000085,выровнять участок на даче ярославль за пределами города tehno ники,S5,commercial_research,Yaroslavl,desktop,2026-08-27T19:19:58+03:00,7,https://www.avito.ru/yaroslavl/predlozheniya_uslug/tag/vyravnivanie-uchastka,https://avito.ru/yaroslavl/predlozheniya_uslug/tag/vyravnivanie-uchastka/,выравнивание участка в Ярославле - цены и отзывы | Услуги на...,yandex-api-Q000085.jsonl,live_yandex_organic
Q000085,выровнять участок на даче ярославль за пределами города tehno ники,S5,commercial_research,Yaroslavl,desktop,2026-08-27T19:19:58+03:00,8,https://www.avito.ru/yaroslavl/predlozheniya_uslug?q=%D0%B2%D1%81%D0%BF%D0%B0%D1%88%D0%BA%D0%B0+%D0%B8+%D0%B2%D1%8B%D1%80%D0%B0%D0%B2%D0%BD%D0%B8%D0%B2%D0%B0%D0%BD%D0%B8%D0%B5+%D1%83%D1%87%D0%B0%D1%81%D1%82%D0%BA%D0%B0,https://avito.ru/yaroslavl/predlozheniya_uslug/,вспашка и выравнивание участка в Ярославле - цены и отзывы,yandex-api-Q000085.jsonl,live_yandex_organic
Q000085,выровнять участок на даче ярославль за пределами города tehno ники,S5,commercial_research,Yaroslavl,desktop,2026-08-27T19:19:58+03:00,9,https://www.tehnoniki.ru/uslugi/,https://tehnoniki.ru/uslugi/,"Услуги компании ООО ""ТехноНик""",yandex-api-Q000085.jsonl,live_yandex_organic
Q000085,выровнять участок на даче ярославль за пределами города tehno ники,S5,commercial_research,Yaroslavl,desktop,2026-08-27T19:19:58+03:00,10,https://www.avito.ru/yaroslavl/predlozheniya_uslug?q=%D0%B2%D1%8B%D1%80%D0%B0%D0%B2%D0%BD%D0%B8%D0%B2%D0%B0%D0%BD%D0%B8%D0%B5+%D1%83%D1%87%D0%B0%D1%81%D1%82%D0%BA%D0%B0+%D1%82%D1%80%D0%B0%D0%BA%D1%82%D0%BE%D1%80%D0%BE%D0%BC,https://avito.ru/yaroslavl/predlozheniya_uslug/,выравнивание участка трактором в Ярославле - цены и отзывы,yandex-api-Q000085.jsonl,live_yandex_organic
Q000086,выровнять участок на даче ярославль минимальная цена техно ники,S5,transactional,Yaroslavl,desktop,2026-08-27T19:19:58+03:00,1,https://tehno-niki.ru/nivelir.html,https://tehno-niki.ru/nivelir.html/,Выравнивание участка с 2D нивелиром в Ярославле — ТехноНик,yandex-api-Q000086.jsonl,live_yandex_organic
Q000086,выровнять участок на даче ярославль минимальная цена техно ники,S5,transactional,Yaroslavl,desktop,2026-08-27T19:19:58+03:00,2,https://www.tehnoniki.ru/uslugi/,https://tehnoniki.ru/uslugi/,"Услуги компании ООО ""ТехноНик""",yandex-api-Q000086.jsonl,live_yandex_organic
Q000086,выровнять участок на даче ярославль минимальная цена техно ники,S5,transactional,Yaroslavl,desktop,2026-08-27T19:19:58+03:00,3,https://www.avito.ru/yaroslavl/predlozheniya_uslug?q=%D0%BF%D0%BB%D0%B0%D0%BD%D0%B8%D1%80%D0%BE%D0%B2%D0%BA%D0%B0+%D1%83%D1%87%D0%B0%D1%81%D1%82%D0%BA%D0%B0+%D0%B2%D1%8B%D1%80%D0%B0%D0%B2%D0%BD%D0%B8%D0%B2%D0%B0%D0%BD%D0%B8%D0%B5,https://avito.ru/yaroslavl/predlozheniya_uslug/,планировка участка выравнивание в Ярославле - цены и отзывы,yandex-api-Q000086.jsonl,live_yandex_organic
Q000086,выровнять участок на даче ярославль минимальная цена техно ники,S5,transactional,Yaroslavl,desktop,2026-08-27T19:19:58+03:00,4,https://www.avito.ru/yaroslavl/predlozheniya_uslug?q=%D0%B2%D1%8B%D1%80%D0%B0%D0%B2%D0%BD%D0%B8%D0%B2%D0%B0%D0%BD%D0%B8%D0%B5+%D1%83%D1%87%D0%B0%D1%81%D1%82%D0%BA%D0%B0+%D0%BC%D0%B8%D0%BD%D0%B8+%D1%82%D1%80%D0%B0%D0%BA%D1%82%D0%BE%D1%80%D0%BE%D0%BC,https://avito.ru/yaroslavl/predlozheniya_uslug/,выравнивание участка мини трактором в Ярославле - цены...,yandex-api-Q000086.jsonl,live_yandex_organic
Q000086,выровнять участок на даче ярославль минимальная цена техно ники,S5,transactional,Yaroslavl,desktop,2026-08-27T19:19:58+03:00,5,https://www.avito.ru/yaroslavl/predlozheniya_uslug?q=%D0%B2%D1%8B%D1%80%D0%B0%D0%B2%D0%BD%D0%B8%D0%B2%D0%B0%D0%BD%D0%B8%D0%B5+%D1%83%D1%87%D0%B0%D1%81%D1%82%D0%BA%D0%B0+%D1%82%D1%80%D0%B0%D0%BA%D1%82%D0%BE%D1%80%D0%BE%D0%BC,https://avito.ru/yaroslavl/predlozheniya_uslug/,выравнивание участка трактором в Ярославле - цены и отзывы,yandex-api-Q000086.jsonl,live_yandex_organic
Q000086,выровнять участок на даче ярославль минимальная цена техно ники,S5,transactional,Yaroslavl,desktop,2026-08-27T19:19:58+03:00,6,https://www.avito.ru/yaroslavl/predlozheniya_uslug/tag/vyravnivanie-uchastka,https://avito.ru/yaroslavl/predlozheniya_uslug/tag/vyravnivanie-uchastka/,выравнивание участка в Ярославле - цены и отзывы | Услуги на...,yandex-api-Q000086.jsonl,live_yandex_organic
Q000086,выровнять участок на даче ярославль минимальная цена техно ники,S5,transactional,Yaroslavl,desktop,2026-08-27T19:19:58+03:00,7,https://www.avito.ru/yaroslavl/predlozheniya_uslug?q=%D0%B2%D1%81%D0%BF%D0%B0%D1%88%D0%BA%D0%B0+%D0%B8+%D0%B2%D1%8B%D1%80%D0%B0%D0%B2%D0%BD%D0%B8%D0%B2%D0%B0%D0%BD%D0%B8%D0%B5+%D1%83%D1%87%D0%B0%D1%81%D1%82%D0%BA%D0%B0,https://avito.ru/yaroslavl/predlozheniya_uslug/,вспашка и выравнивание участка в Ярославле - цены и отзывы,yandex-api-Q000086.jsonl,live_yandex_organic
Q000086,выровнять участок на даче ярославль минимальная цена техно ники,S5,transactional,Yaroslavl,desktop,2026-08-27T19:19:58+03:00,8,https://www.tehnoniki.ru/uslugi/vspashka_uchastka.html,https://tehnoniki.ru/uslugi/vspashka_uchastka.html/,Вспахать участок трактором в Ярославле по низким ценам,yandex-api-Q000086.jsonl,live_yandex_organic
Q000086,выровнять участок на даче ярославль минимальная цена техно ники,S5,transactional,Yaroslavl,desktop,2026-08-27T19:19:58+03:00,9,https://www.tehnoniki.ru/articles/vyravnivanie-uchastka.html,https://tehnoniki.ru/articles/vyravnivanie-uchastka.html/,Выравнивание участка по низкой стоимости работ...,yandex-api-Q000086.jsonl,live_yandex_organic
Q000086,выровнять участок на даче ярославль минимальная цена техно ники,S5,transactional,Yaroslavl,desktop,2026-08-27T19:19:58+03:00,10,https://www.avito.ru/yaroslavl/predlozheniya_uslug?q=%D0%B2%D1%8B%D1%80%D0%B0%D0%B2%D0%BD%D0%B8%D0%B2%D0%B0%D0%BD%D0%B8%D0%B5+%D1%83%D1%87%D0%B0%D1%81%D1%82%D0%BA%D0%B0+%D0%BF%D0%BE%D0%B4+%D0%B3%D0%B0%D0%B7%D0%BE%D0%BD,https://avito.ru/yaroslavl/predlozheniya_uslug/,выравнивание участка под газон в Ярославле - цены и отзывы,yandex-api-Q000086.jsonl,live_yandex_organic
Q000087,выровнять участок на даче ярославль оформление заказа ник техно ооо,S5,commercial_research,Yaroslavl,desktop,2026-08-27T19:19:58+03:00,1,https://www.tehnoniki.ru/uslugi/,https://tehnoniki.ru/uslugi/,"Услуги компании ООО ""ТехноНик""",yandex-api-Q000087.jsonl,live_yandex_organic
Q000087,выровнять участок на даче ярославль оформление заказа ник техно ооо,S5,commercial_research,Yaroslavl,desktop,2026-08-27T19:19:58+03:00,2,https://tehno-niki.ru/nivelir.html,https://tehno-niki.ru/nivelir.html/,Выравнивание участка с 2D нивелиром в Ярославле — ТехноНик,yandex-api-Q000087.jsonl,live_yandex_organic
Q000087,выровнять участок на даче ярославль оформление заказа ник техно ооо,S5,commercial_research,Yaroslavl,desktop,2026-08-27T19:19:58+03:00,3,https://tehno-niki.ru/blagoustrojstvo.html,https://tehno-niki.ru/blagoustrojstvo.html/,Благоустройство и озеленение в Ярославле — ТехноНик,yandex-api-Q000087.jsonl,live_yandex_organic
Q000087,выровнять участок на даче ярославль оформление заказа ник техно ооо,S5,commercial_research,Yaroslavl,desktop,2026-08-27T19:19:58+03:00,4,https://tehno-niki.ru/,https://tehno-niki.ru/,ТехноНик — расчистка участков и аренда спецтехники,yandex-api-Q000087.jsonl,live_yandex_organic
Q000087,выровнять участок на даче ярославль оформление заказа ник техно ооо,S5,commercial_research,Yaroslavl,desktop,2026-08-27T19:19:58+03:00,5,https://www.tehnoniki.ru/articles/vyravnivanie-uchastka.html,https://tehnoniki.ru/articles/vyravnivanie-uchastka.html/,Выравнивание участка по низкой стоимости работ...,yandex-api-Q000087.jsonl,live_yandex_organic
Q000087,выровнять участок на даче ярославль оформление заказа ник техно ооо,S5,commercial_research,Yaroslavl,desktop,2026-08-27T19:19:58+03:00,6,https://www.avito.ru/yaroslavl/predlozheniya_uslug/tag/vyravnivanie-uchastka,https://avito.ru/yaroslavl/predlozheniya_uslug/tag/vyravnivanie-uchastka/,выравнивание участка в Ярославле - цены и отзывы | Услуги на...,yandex-api-Q000087.jsonl,live_yandex_organic
Q000087,выровнять участок на даче ярославль оформление заказа ник техно ооо,S5,commercial_research,Yaroslavl,desktop,2026-08-27T19:19:58+03:00,7,https://www.avito.ru/yaroslavl/predlozheniya_uslug?q=%D0%B2%D1%81%D0%BF%D0%B0%D1%88%D0%BA%D0%B0+%D0%B8+%D0%B2%D1%8B%D1%80%D0%B0%D0%B2%D0%BD%D0%B8%D0%B2%D0%B0%D0%BD%D0%B8%D0%B5+%D1%83%D1%87%D0%B0%D1%81%D1%82%D0%BA%D0%B0,https://avito.ru/yaroslavl/predlozheniya_uslug/,вспашка и выравнивание участка в Ярославле - цены и отзывы,yandex-api-Q000087.jsonl,live_yandex_organic
Q000087,выровнять участок на даче ярославль оформление заказа ник техно ооо,S5,commercial_research,Yaroslavl,desktop,2026-08-27T19:19:58+03:00,8,https://www.avito.ru/yaroslavl/predlozheniya_uslug?q=%D0%BF%D0%BB%D0%B0%D0%BD%D0%B8%D1%80%D0%BE%D0%B2%D0%BA%D0%B0+%D1%83%D1%87%D0%B0%D1%81%D1%82%D0%BA%D0%B0+%D0%B2%D1%8B%D1%80%D0%B0%D0%B2%D0%BD%D0%B8%D0%B2%D0%B0%D0%BD%D0%B8%D0%B5,https://avito.ru/yaroslavl/predlozheniya_uslug/,планировка участка выравнивание в Ярославле - цены и отзывы,yandex-api-Q000087.jsonl,live_yandex_organic
Q000087,выровнять участок на даче ярославль оформление заказа ник техно ооо,S5,commercial_research,Yaroslavl,desktop,2026-08-27T19:19:58+03:00,9,https://www.tehnoniki.ru/uslugi/vspashka_uchastka.html,https://tehnoniki.ru/uslugi/vspashka_uchastka.html/,Вспахать участок трактором в Ярославле по низким ценам,yandex-api-Q000087.jsonl,live_yandex_organic
Q000087,выровнять участок на даче ярославль оформление заказа ник техно ооо,S5,commercial_research,Yaroslavl,desktop,2026-08-27T19:19:58+03:00,10,https://mini-pogruzchiki.ru/uslugi/vyravnivanie-uchastka/,https://mini-pogruzchiki.ru/uslugi/vyravnivanie-uchastka/,Выравнивание участка трактором: цена за сотку в Ярославле,yandex-api-Q000087.jsonl,live_yandex_organic
Q000088,заказать выравнивание участка,S5,transactional,Yaroslavl,desktop,2026-08-27T19:19:58+03:00,1,https://www.avito.ru/yaroslavl/predlozheniya_uslug/tag/vyravnivanie-uchastka,https://avito.ru/yaroslavl/predlozheniya_uslug/tag/vyravnivanie-uchastka/,выравнивание участка в Ярославле - цены и отзывы | Услуги на...,yandex-api-Q000088.jsonl,live_yandex_organic
Q000088,заказать выравнивание участка,S5,transactional,Yaroslavl,desktop,2026-08-27T19:19:58+03:00,2,https://www.avito.ru/yaroslavl/predlozheniya_uslug?q=%D0%B2%D1%81%D0%BF%D0%B0%D1%88%D0%BA%D0%B0+%D0%B8+%D0%B2%D1%8B%D1%80%D0%B0%D0%B2%D0%BD%D0%B8%D0%B2%D0%B0%D0%BD%D0%B8%D0%B5+%D1%83%D1%87%D0%B0%D1%81%D1%82%D0%BA%D0%B0,https://avito.ru/yaroslavl/predlozheniya_uslug/,вспашка и выравнивание участка в Ярославле - цены и отзывы,yandex-api-Q000088.jsonl,live_yandex_organic
Q000088,заказать выравнивание участка,S5,transactional,Yaroslavl,desktop,2026-08-27T19:19:58+03:00,3,https://uslugi.yandex.ru/10841-yaroslavl-oblast/category?text=%D0%B2%D1%8B%D1%80%D0%B0%D0%B2%D0%BD%D0%B8%D0%B2%D0%B0%D0%BD%D0%B8%D0%B5+%D1%83%D1%87%D0%B0%D1%81%D1%82%D0%BA%D0%B0,https://uslugi.yandex.ru/10841-yaroslavl-oblast/category/,Выравнивание участка в Ярославской области: 84 мастера...,yandex-api-Q000088.jsonl,live_yandex_organic
Q000088,заказать выравнивание участка,S5,transactional,Yaroslavl,desktop,2026-08-27T19:19:58+03:00,4,https://uslugi.yandex.ru/16-yaroslavl/category?text=%D0%B2%D1%8B%D1%80%D0%B0%D0%B2%D0%BD%D0%B8%D0%B2%D0%B0%D0%BD%D0%B8%D0%B5+%D1%83%D1%87%D0%B0%D1%81%D1%82%D0%BA%D0%B0,https://uslugi.yandex.ru/16-yaroslavl/category/,Выравнивание участка в Ярославле: 100 мастеров земляных...,yandex-api-Q000088.jsonl,live_yandex_organic
Q000088,заказать выравнивание участка,S5,transactional,Yaroslavl,desktop,2026-08-27T19:19:58+03:00,5,https://yaroslavl.blago-s.ru/catalog/zemlyanye-raboty/vyravnivanie-uchastka/,https://yaroslavl.blago-s.ru/catalog/zemlyanye-raboty/vyravnivanie-uchastka/,Выравнивание участка в Ярославле — цена и работы под ключ,yandex-api-Q000088.jsonl,live_yandex_organic
Q000088,заказать выравнивание участка,S5,transactional,Yaroslavl,desktop,2026-08-27T19:19:58+03:00,6,https://uslugi.yandex.ru/16-yaroslavl/category?text=%D0%97%D0%B5%D0%BC%D0%B5%D0%BB%D1%8C%D0%BD%D1%8B%D0%B5%20%D1%80%D0%B0%D0%B1%D0%BE%D1%82%D1%8B%20%D0%BD%D0%B0%20%D1%83%D1%87%D0%B0%D1%81%D1%82%D0%BA%D0%B5%20%D0%B2%D1%8B%D1%80%D0%B0%D0%B2%D0%BD%D0%B8%D0%B2%D0%B0%D0%BD%D0%B8%D0%B5%20%D1%86%D0%B5%D0%BD%D0%B0,https://uslugi.yandex.ru/16-yaroslavl/category/,Земельные работы на участке выравнивание цена в Ярославле...,yandex-api-Q000088.jsonl,live_yandex_organic
Q000088,заказать выравнивание участка,S5,transactional,Yaroslavl,desktop,2026-08-27T19:19:58+03:00,7,https://uslugi.yandex.ru/16-yaroslavl/category?text=%D0%A0%D0%B0%D1%81%D1%87%D0%B8%D1%81%D1%82%D0%BA%D0%B0%20%D0%B8%20%D0%B2%D1%8B%D1%80%D0%B0%D0%B2%D0%BD%D0%B8%D0%B2%D0%B0%D0%BD%D0%B8%D0%B5%20%D1%83%D1%87%D0%B0%D1%81%D1%82%D0%BA%D0%B0,https://uslugi.yandex.ru/16-yaroslavl/category/,Расчистка и выравнивание участка в Ярославле: 92...,yandex-api-Q000088.jsonl,live_yandex_organic
Q000088,заказать выравнивание участка,S5,transactional,Yaroslavl,desktop,2026-08-27T19:19:58+03:00,8,https://ekskavatory-arenda.ru/uslugi/vyravnivanie-uchastka/,https://ekskavatory-arenda.ru/uslugi/vyravnivanie-uchastka/,Выравнивание участка под газон в Ярославле: услуги по низкой...,yandex-api-Q000088.jsonl,live_yandex_organic
Q000088,заказать выравнивание участка,S5,transactional,Yaroslavl,desktop,2026-08-27T19:19:58+03:00,9,https://uslugi.yandex.ru/16-yaroslavl/category?text=%D0%B2%D1%8B%D1%80%D0%B0%D0%B2%D0%BD%D0%B8%D0%B2%D0%B0%D0%BD%D0%B8%D0%B5+%D1%83%D1%87%D0%B0%D1%81%D1%82%D0%BA%D0%B0+%D0%BC%D0%B8%D0%BD%D0%B8-%D1%82%D1%80%D0%B0%D0%BA%D1%82%D0%BE%D1%80,https://uslugi.yandex.ru/16-yaroslavl/category/,Выравнивание участка мини трактор в Ярославле: 27...,yandex-api-Q000088.jsonl,live_yandex_organic
Q000088,заказать выравнивание участка,S5,transactional,Yaroslavl,desktop,2026-08-27T19:19:58+03:00,10,https://yaroslavl.topsadovnik.ru/vyravnivanie-uchastka,https://yaroslavl.topsadovnik.ru/vyravnivanie-uchastka/,Выравнивание участка в Ярославле: стоимость от 1572 руб.,yandex-api-Q000088.jsonl,live_yandex_organic
Q000089,заказать планировку участка,S5,transactional,Yaroslavl,desktop,2026-08-27T19:19:58+03:00,1,https://www.avito.ru/yaroslavl/predlozheniya_uslug?q=%D0%BF%D0%BB%D0%B0%D0%BD%D0%B8%D1%80%D0%BE%D0%B2%D0%BA%D0%B0+%D1%83%D1%87%D0%B0%D1%81%D1%82%D0%BA%D0%B0,https://avito.ru/yaroslavl/predlozheniya_uslug/,планировка участка в Ярославле - цены и отзывы | Услуги на...,yandex-api-Q000089.jsonl,live_yandex_organic
Q000089,заказать планировку участка,S5,transactional,Yaroslavl,desktop,2026-08-27T19:19:58+03:00,2,https://uslugi.yandex.ru/16-yaroslavl/category?text=%D0%BF%D0%BB%D0%B0%D0%BD%D0%B8%D1%80%D0%BE%D0%B2%D0%BA%D0%B0+%D1%83%D1%87%D0%B0%D1%81%D1%82%D0%BA%D0%B0,https://uslugi.yandex.ru/16-yaroslavl/category/,Планировка участка в Ярославле: 95 ландшафтных дизайнеров...,yandex-api-Q000089.jsonl,live_yandex_organic
Q000089,заказать планировку участка,S5,transactional,Yaroslavl,desktop,2026-08-27T19:19:58+03:00,3,https://uslugi.yandex.ru/16-yaroslavl/category?text=%D0%9F%D0%BB%D0%B0%D0%BD%D0%B8%D1%80%D0%BE%D0%B2%D0%BA%D0%B0%20%D1%83%D1%87%D0%B0%D1%81%D1%82%D0%BA%D0%B0,https://uslugi.yandex.ru/16-yaroslavl/category/,Планировка участка в Ярославле: 84 исполнителя с отзывами...,yandex-api-Q000089.jsonl,live_yandex_organic
Q000089,заказать планировку участка,S5,transactional,Yaroslavl,desktop,2026-08-27T19:19:58+03:00,4,https://septiki-yaroslavl.com/service/planirovka-uchastka,https://septiki-yaroslavl.com/service/planirovka-uchastka/,Планировка участка в Ярославле под ключ | Проектирование...,yandex-api-Q000089.jsonl,live_yandex_organic
Q000089,заказать планировку участка,S5,transactional,Yaroslavl,desktop,2026-08-27T19:19:58+03:00,5,https://www.avito.ru/yaroslavskaya_oblast/predlozheniya_uslug?q=%D0%BF%D0%BB%D0%B0%D0%BD%D0%B8%D1%80%D0%BE%D0%B2%D0%BA%D0%B0+%D1%83%D1%87%D0%B0%D1%81%D1%82%D0%BA%D0%B0,https://avito.ru/yaroslavskaya_oblast/predlozheniya_uslug/,планировка участка в Ярославской области - цены и отзывы,yandex-api-Q000089.jsonl,live_yandex_organic
Q000089,заказать планировку участка,S5,transactional,Yaroslavl,desktop,2026-08-27T19:19:58+03:00,6,https://uslugi.yandex.ru/10841-yaroslavl-oblast/category?text=%D0%BF%D0%BB%D0%B0%D0%BD%D0%B8%D1%80%D0%BE%D0%B2%D0%BA%D0%B0%20%D1%83%D1%87%D0%B0%D1%81%D1%82%D0%BA%D0%B0,https://uslugi.yandex.ru/10841-yaroslavl-oblast/category/,Планировка участка в Ярославской области: 78 ландшафтных...,yandex-api-Q000089.jsonl,live_yandex_organic
Q000089,заказать планировку участка,S5,transactional,Yaroslavl,desktop,2026-08-27T19:19:58+03:00,7,https://www.avito.ru/yaroslavl/predlozheniya_uslug?q=%D0%BF%D0%BB%D0%B0%D0%BD%D0%B8%D1%80%D0%BE%D0%B2%D0%BA%D0%B0+%D1%83%D1%87%D0%B0%D1%81%D1%82%D0%BA%D0%B0+%D1%82%D1%80%D0%B0%D0%BA%D1%82%D0%BE%D1%80%D0%BE%D0%BC,https://avito.ru/yaroslavl/predlozheniya_uslug/,планировка участка трактором в Ярославле - цены и отзывы,yandex-api-Q000089.jsonl,live_yandex_organic
Q000089,заказать планировку участка,S5,transactional,Yaroslavl,desktop,2026-08-27T19:19:58+03:00,8,https://yaroslavl.blago-s.ru/catalog/planirovka-uchastka/,https://yaroslavl.blago-s.ru/catalog/planirovka-uchastka/,Планировка участка в Ярославле — цена и работы под ключ,yandex-api-Q000089.jsonl,live_yandex_organic
Q000089,заказать планировку участка,S5,transactional,Yaroslavl,desktop,2026-08-27T19:19:58+03:00,9,https://uslugi.yandex.ru/16-yaroslavl/category?text=%D0%97%D0%B0%D0%BA%D0%B0%D0%B7%D0%B0%D1%82%D1%8C%20%D0%BF%D1%80%D0%BE%D0%B5%D0%BA%D1%82%20%D0%BF%D0%BB%D0%B0%D0%BD%D0%B8%D1%80%D0%BE%D0%B2%D0%BA%D0%B8%20%D1%82%D0%B5%D1%80%D1%80%D0%B8%D1%82%D0%BE%D1%80%D0%B8%D0%B8,https://uslugi.yandex.ru/16-yaroslavl/category/,Заказать проект планировки территории в Ярославле: 68...,yandex-api-Q000089.jsonl,live_yandex_organic
Q000089,заказать планировку участка,S5,transactional,Yaroslavl,desktop,2026-08-27T19:19:58+03:00,10,https://yaroslavl.gbistroj.ru/planirovka-uchastka,https://yaroslavl.gbistroj.ru/planirovka-uchastka/,Планировка участка экскаватором и бульдозером в Ярославле...,yandex-api-Q000089.jsonl,live_yandex_organic
Q000090,каким грунтом поднять участок,S5,commercial_research,Yaroslavl,desktop,2026-08-27T19:19:58+03:00,1,https://www.tg-stroy.ru/info/kak-vybrat-grunt-dlya-vyravnivaniya-uchastka-i-podnyatiya-urovnya-zemli/,https://tg-stroy.ru/info/kak-vybrat-grunt-dlya-vyravnivaniya-uchastka-i-podnyatiya-urovnya-zemli/,Как выбрать грунт для выравнивания участка и поднятия уровня...,yandex-api-Q000090.jsonl,live_yandex_organic
Q000090,каким грунтом поднять участок,S5,commercial_research,Yaroslavl,desktop,2026-08-27T19:19:58+03:00,2,https://zemledelov.ru/articles/kak-podnyat-uchastok-podsypka/,https://zemledelov.ru/articles/kak-podnyat-uchastok-podsypka/,"Как поднять участок: 4 способа подсыпки, расчёт объёма...",yandex-api-Q000090.jsonl,live_yandex_organic
Q000090,каким грунтом поднять участок,S5,commercial_research,Yaroslavl,desktop,2026-08-27T19:19:58+03:00,3,https://gruntland.ru/articles/kak-podnyat-uroven-uchastka-gruntom/,https://gruntland.ru/articles/kak-podnyat-uroven-uchastka-gruntom/,Как поднять участок грунтом – пошаговая инструкция и расчет...,yandex-api-Q000090.jsonl,live_yandex_organic
Q000090,каким грунтом поднять участок,S5,commercial_research,Yaroslavl,desktop,2026-08-27T19:19:58+03:00,4,https://dzen.ru/a/YpncGkDPqieGIRkP,https://dzen.ru/a/YpncGkDPqieGIRkP/,Какой грунт лучше для поднятия участка | Грунтовозов | Дзен,yandex-api-Q000090.jsonl,live_yandex_organic
Q000090,каким грунтом поднять участок,S5,commercial_research,Yaroslavl,desktop,2026-08-27T19:19:58+03:00,5,https://xn--80aaf1bcmsd.xn--90ais/blog/detail/grunt-dlya-podnyatiya-uchastka/,https://xn--80aaf1bcmsd.xn--90ais/blog/detail/grunt-dlya-podnyatiya-uchastka/,Какой грунт использовать для поднятия участка,yandex-api-Q000090.jsonl,live_yandex_organic
Q000090,каким грунтом поднять участок,S5,commercial_research,Yaroslavl,desktop,2026-08-27T19:19:58+03:00,6,https://xn--e1aaegnf2bi6b.xn--p1ai/stati/kak-pravilno-podnyat-uchastok,https://xn--e1aaegnf2bi6b.xn--p1ai/stati/kak-pravilno-podnyat-uchastok/,Как правильно поднять участок - способы и инструкция,yandex-api-Q000090.jsonl,live_yandex_organic
Q000090,каким грунтом поднять участок,S5,commercial_research,Yaroslavl,desktop,2026-08-27T19:19:58+03:00,7,https://betonly.ru/stati/grunt-dlya-podnyatiya-uchastka.html,https://betonly.ru/stati/grunt-dlya-podnyatiya-uchastka.html/,Грунт для поднятия участка: как выбрать и правильно... - Betonly.,yandex-api-Q000090.jsonl,live_yandex_organic
Q000090,каким грунтом поднять участок,S5,commercial_research,Yaroslavl,desktop,2026-08-27T19:19:58+03:00,8,https://nk-ps.ru/klientam/articles/tekhnologiya-pravilnoy-otsypki-uchastka/,https://nk-ps.ru/klientam/articles/tekhnologiya-pravilnoy-otsypki-uchastka/,Технология правильной отсыпки участка: от анализа почвы до...,yandex-api-Q000090.jsonl,live_yandex_organic
Q000090,каким грунтом поднять участок,S5,commercial_research,Yaroslavl,desktop,2026-08-27T19:19:58+03:00,9,https://taxi-pesok.ru/stati/pereyti-na-novyy-uroven-kak-otsypat-uchastok-peskom-ili-gruntom,https://taxi-pesok.ru/stati/pereyti-na-novyy-uroven-kak-otsypat-uchastok-peskom-ili-gruntom/,Подъем участка песком или грунтом,yandex-api-Q000090.jsonl,live_yandex_organic
Q000090,каким грунтом поднять участок,S5,commercial_research,Yaroslavl,desktop,2026-08-27T19:19:58+03:00,10,https://dzen.ru/a/ajAFW0NfyjzkzTDj,https://dzen.ru/a/ajAFW0NfyjzkzTDj/,Грунт для поднятия участка: какой выбрать... | Дзен,yandex-api-Q000090.jsonl,live_yandex_organic
Q000091,планировка грунта,S5,commercial_research,Yaroslavl,desktop,2026-08-27T19:19:58+03:00,1,https://tsk-sistema.ru/company/stati/planirovka-uchastka-kak-vyrovnyat-zemlyu-pered-stroitelstvom-doma/,https://tsk-sistema.ru/company/stati/planirovka-uchastka-kak-vyrovnyat-zemlyu-pered-stroitelstvom-doma/,Выравнивание участка перед строительством дома: этапы работ...,yandex-api-Q000091.jsonl,live_yandex_organic
Q000091,планировка грунта,S5,commercial_research,Yaroslavl,desktop,2026-08-27T19:19:58+03:00,2,https://inert-group.ru/news/razravnivaniye-i-planirovka-grunta/,https://inert-group.ru/news/razravnivaniye-i-planirovka-grunta/,Разравнивание и планировка грунта | Инерт Групп Логистик,yandex-api-Q000091.jsonl,live_yandex_organic
Q000091,планировка грунта,S5,commercial_research,Yaroslavl,desktop,2026-08-27T19:19:58+03:00,3,https://normativ.kontur.ru/document?moduleId=9&documentId=429622,https://normativ.kontur.ru/document/,СП 45.13330.2017. Свод правил. Земляные... — Контур.Норматив,yandex-api-Q000091.jsonl,live_yandex_organic
Q000091,планировка грунта,S5,commercial_research,Yaroslavl,desktop,2026-08-27T19:19:58+03:00,4,https://spetspark-nn.ru/planirovka-grunta/,https://spetspark-nn.ru/planirovka-grunta/,Планировка грунта бульдозером и выравнивание участка - услуги...,yandex-api-Q000091.jsonl,live_yandex_organic
Q000091,планировка грунта,S5,commercial_research,Yaroslavl,desktop,2026-08-27T19:19:58+03:00,5,http://pgsha.ru:8008/books/study/%D1%EE%F0%E3%F3%F2%EE%E2%20%C8.%C2.%2C%20%C1%E5%F0%E5%E7%ED%E5%E2%20%C2.%C0.%20%D2%E5%F5%ED%EE%EB%EE%E3%E8%E8%20%EF%F0%EE%E8%E7%E2%EE%E4%F1%F2%E2%E0%20%E7%E5%EC%EB%FF%ED%FB%F5%20%F0%E0%E1%EE%F2.pdf,https://pgsha.ru:8008/books/study/%D1%EE%F0%E3%F3%F2%EE%E2%20%C8.%C2.%2C%20%C1%E5%F0%E5%E7%ED%E5%E2%20%C2.%C0.%20%D2%E5%F5%ED%EE%EB%EE%E3%E8%E8%20%EF%F0%EE%E8%E7%E2%EE%E4%F1%F2%E2%E0%20%E7%E5%EC%EB%FF%ED%FB%F5%20%F0%E0%E1%EE%F2.pdf/,Министерство сельского хозяйства Российской Федерации,yandex-api-Q000091.jsonl,live_yandex_organic
Q000091,планировка грунта,S5,commercial_research,Yaroslavl,desktop,2026-08-27T19:19:58+03:00,6,https://mini-pogruzchiki.ru/uslugi/planirovka-grunta/,https://mini-pogruzchiki.ru/uslugi/planirovka-grunta/,Планировка грунта: расценки в Ярославле,yandex-api-Q000091.jsonl,live_yandex_organic
Q000091,планировка грунта,S5,commercial_research,Yaroslavl,desktop,2026-08-27T19:19:58+03:00,7,https://alliance.promo/blog/razrabotka-grunta-buldozerom-srezka-peremeshchenie-i-planirovka-uchastka,https://alliance.promo/blog/razrabotka-grunta-buldozerom-srezka-peremeshchenie-i-planirovka-uchastka/,Разработка грунта бульдозером – как выполняется срезка...,yandex-api-Q000091.jsonl,live_yandex_organic
Q000091,планировка грунта,S5,commercial_research,Yaroslavl,desktop,2026-08-27T19:19:58+03:00,8,https://vgasu.ru/attachments/oi_tuhareli-01.pdf,https://vgasu.ru/attachments/oi_tuhareli-01.pdf/,vgasu.ru/attachments/oi_tuhareli-01.pdf,yandex-api-Q000091.jsonl,live_yandex_organic
Q000091,планировка грунта,S5,commercial_research,Yaroslavl,desktop,2026-08-27T19:19:58+03:00,9,https://blagoystroystvo.ru/services/zemlyanye/planirovka/vertikalnaya/,https://blagoystroystvo.ru/services/zemlyanye/planirovka/vertikalnaya/,Услуги вертикальной планировки грунта спецтехникой,yandex-api-Q000091.jsonl,live_yandex_organic
Q000091,планировка грунта,S5,commercial_research,Yaroslavl,desktop,2026-08-27T19:19:58+03:00,10,https://mgsu.ru/universityabout/Struktura/Kafedri/Tehnol_i_org_str_proizv/dokumenty/%D0%A2%D0%B5%D1%85%D0%BD%D0%BE%D0%BB%D0%BE%D0%B3%D0%B8%D1%87%D0%B5%D1%81%D0%BA%D0%B0%D1%8F%20%D0%BA%D0%B0%D1%80%D1%82%D0%B0%20%D0%BD%D0%B0%20%D0%B7%D0%B5%D0%BC%D0%BB%D1%8F%D0%BD%D1%8B%D0%B5%20%D1%80%D0%B0%D0%B1%D0%BE%D1%82%D1%8B.pdf,https://mgsu.ru/universityabout/Struktura/Kafedri/Tehnol_i_org_str_proizv/dokumenty/%D0%A2%D0%B5%D1%85%D0%BD%D0%BE%D0%BB%D0%BE%D0%B3%D0%B8%D1%87%D0%B5%D1%81%D0%BA%D0%B0%D1%8F%20%D0%BA%D0%B0%D1%80%D1%82%D0%B0%20%D0%BD%D0%B0%20%D0%B7%D0%B5%D0%BC%D0%BB%D1%8F%D0%BD%D1%8B%D0%B5%20%D1%80%D0%B0%D0%B1%D0%BE%D1%82%D1%8B.pdf/,СТРОИТЕЛЬСТВО,yandex-api-Q000091.jsonl,live_yandex_organic
Q000092,планировка территории,S5,commercial_research,Yaroslavl,desktop,2026-08-27T19:19:58+03:00,1,https://www.consultant.ru/document/cons_doc_LAW_51040/ec61c64f0d3253360b358e7c88d2a5216938fbf6/,https://consultant.ru/document/cons_doc_LAW_51040/ec61c64f0d3253360b358e7c88d2a5216938fbf6/,ГрК РФ Глава 5. ПЛАНИРОВКА ТЕРРИТОРИИ \ КонсультантПлюс,yandex-api-Q000092.jsonl,live_yandex_organic
Q000092,планировка территории,S5,commercial_research,Yaroslavl,desktop,2026-08-27T19:19:58+03:00,2,https://www.consultant.ru/document/cons_doc_LAW_51040/eac7ac77d3078a3dfa4a2a9884f0e67d67da2eb2/,https://consultant.ru/document/cons_doc_LAW_51040/eac7ac77d3078a3dfa4a2a9884f0e67d67da2eb2/,ГрК РФ Статья 42. Проект планировки территории...,yandex-api-Q000092.jsonl,live_yandex_organic
Q000092,планировка территории,S5,commercial_research,Yaroslavl,desktop,2026-08-27T19:19:58+03:00,3,https://base.garant.ru/12138258/c74d6d7c95e27021146be056ebac8f37/,https://base.garant.ru/12138258/c74d6d7c95e27021146be056ebac8f37/,Глава 5. Планировка территории (ст. 41 - 46).... | ГАРАНТ,yandex-api-Q000092.jsonl,live_yandex_organic
Q000092,планировка территории,S5,commercial_research,Yaroslavl,desktop,2026-08-27T19:19:58+03:00,4,https://sudact.ru/law/gradostroitelnyi-kodeks/glava-5/,https://sudact.ru/law/gradostroitelnyi-kodeks/glava-5/,Глава 5. Планировка территории Градостроительный кодекс...,yandex-api-Q000092.jsonl,live_yandex_organic
Q000092,планировка территории,S5,commercial_research,Yaroslavl,desktop,2026-08-27T19:19:58+03:00,5,https://sudact.ru/law/gradostroitelnyi-kodeks/glava-5/statia-42/,https://sudact.ru/law/gradostroitelnyi-kodeks/glava-5/statia-42/,Ст. 42 Градостроительного кодекса,yandex-api-Q000092.jsonl,live_yandex_organic
Q000092,планировка территории,S5,commercial_research,Yaroslavl,desktop,2026-08-27T19:19:58+03:00,6,https://www.consultant.ru/document/cons_doc_LAW_51040/2a679030b1fbedead6215f4726b6f38c0f46b807/,https://consultant.ru/document/cons_doc_LAW_51040/2a679030b1fbedead6215f4726b6f38c0f46b807/,"ГрК РФ Статья 41. Назначение, виды документации по...",yandex-api-Q000092.jsonl,live_yandex_organic
Q000092,планировка территории,S5,commercial_research,Yaroslavl,desktop,2026-08-27T19:19:58+03:00,7,https://base.garant.ru/12138258/43c951d8803e4d3c0a4d98e76e8fcc55/,https://base.garant.ru/12138258/43c951d8803e4d3c0a4d98e76e8fcc55/,Статья 42. Проект планировки территории. | ГАРАНТ,yandex-api-Q000092.jsonl,live_yandex_organic
Q000092,планировка территории,S5,commercial_research,Yaroslavl,desktop,2026-08-27T19:19:58+03:00,8,https://www.consultant.ru/document/cons_doc_LAW_51040/ddefb7b01cd050579f9725dab52c0a718ccaa417/,https://consultant.ru/document/cons_doc_LAW_51040/ddefb7b01cd050579f9725dab52c0a718ccaa417/,ГрК РФ Статья 41.1. Общие требования к документации по...,yandex-api-Q000092.jsonl,live_yandex_organic
Q000092,планировка территории,S5,commercial_research,Yaroslavl,desktop,2026-08-27T19:19:58+03:00,9,https://normativ.kontur.ru/document?moduleId=1&documentId=506143,https://normativ.kontur.ru/document/,Постановление Правительства РФ от... — Контур.Норматив,yandex-api-Q000092.jsonl,live_yandex_organic
Q000092,планировка территории,S5,commercial_research,Yaroslavl,desktop,2026-08-27T19:19:58+03:00,10,https://companies.rbc.ru/news/o2jGoxZVas/proekt-planirovki-territorii---ne-byurokraticheskaya-formalnost/,https://companies.rbc.ru/news/o2jGoxZVas/proekt-planirovki-territorii---ne-byurokraticheskaya-formalnost/,Проект планировки территории — не бюрократическая...,yandex-api-Q000092.jsonl,live_yandex_organic
Q000093,планировка территории цена,S5,transactional,Yaroslavl,desktop,2026-08-27T19:19:58+03:00,1,https://www.avito.ru/yaroslavl/predlozheniya_uslug?q=%D0%BF%D0%BB%D0%B0%D0%BD%D0%B8%D1%80%D0%BE%D0%B2%D0%BA%D0%B0+%D1%83%D1%87%D0%B0%D1%81%D1%82%D0%BA%D0%B0,https://avito.ru/yaroslavl/predlozheniya_uslug/,планировка участка в Ярославле - цены и отзывы | Услуги на...,yandex-api-Q000093.jsonl,live_yandex_organic
Q000093,планировка территории цена,S5,transactional,Yaroslavl,desktop,2026-08-27T19:19:58+03:00,2,https://www.avito.ru/yaroslavl/predlozheniya_uslug?q=%D0%BF%D0%BB%D0%B0%D0%BD%D0%B8%D1%80%D0%BE%D0%B2%D0%BA%D0%B0+%D1%83%D1%87%D0%B0%D1%81%D1%82%D0%BA%D0%B0+%D1%82%D1%80%D0%B0%D0%BA%D1%82%D0%BE%D1%80%D0%BE%D0%BC,https://avito.ru/yaroslavl/predlozheniya_uslug/,планировка участка трактором в Ярославле - цены и отзывы,yandex-api-Q000093.jsonl,live_yandex_organic
Q000093,планировка территории цена,S5,transactional,Yaroslavl,desktop,2026-08-27T19:19:58+03:00,3,https://uslugi.yandex.ru/16-yaroslavl/category?text=%D0%BF%D0%BB%D0%B0%D0%BD%D0%B8%D1%80%D0%BE%D0%B2%D0%BA%D0%B0+%D1%83%D1%87%D0%B0%D1%81%D1%82%D0%BA%D0%B0,https://uslugi.yandex.ru/16-yaroslavl/category/,Планировка участка в Ярославле: 95 ландшафтных дизайнеров...,yandex-api-Q000093.jsonl,live_yandex_organic
Q000093,планировка территории цена,S5,transactional,Yaroslavl,desktop,2026-08-27T19:19:58+03:00,4,https://www.avito.ru/yaroslavskaya_oblast/predlozheniya_uslug?q=%D0%BF%D0%BB%D0%B0%D0%BD%D0%B8%D1%80%D0%BE%D0%B2%D0%BA%D0%B0+%D1%83%D1%87%D0%B0%D1%81%D1%82%D0%BA%D0%B0,https://avito.ru/yaroslavskaya_oblast/predlozheniya_uslug/,планировка участка в Ярославской области - цены и отзывы,yandex-api-Q000093.jsonl,live_yandex_organic
Q000093,планировка территории цена,S5,transactional,Yaroslavl,desktop,2026-08-27T19:19:58+03:00,5,https://uslugi.yandex.ru/16-yaroslavl/category?text=%D0%9F%D0%BB%D0%B0%D0%BD%D0%B8%D1%80%D0%BE%D0%B2%D0%BA%D0%B0%20%D1%83%D1%87%D0%B0%D1%81%D1%82%D0%BA%D0%B0,https://uslugi.yandex.ru/16-yaroslavl/category/,Планировка участка в Ярославле: 84 исполнителя с отзывами...,yandex-api-Q000093.jsonl,live_yandex_organic
Q000093,планировка территории цена,S5,transactional,Yaroslavl,desktop,2026-08-27T19:19:58+03:00,6,https://uslugi.yandex.ru/10841-yaroslavl-oblast/category?text=%D0%BF%D0%BB%D0%B0%D0%BD%D0%B8%D1%80%D0%BE%D0%B2%D0%BA%D0%B0%20%D1%83%D1%87%D0%B0%D1%81%D1%82%D0%BA%D0%B0,https://uslugi.yandex.ru/10841-yaroslavl-oblast/category/,Планировка участка в Ярославской области: 78 ландшафтных...,yandex-api-Q000093.jsonl,live_yandex_organic
Q000093,планировка территории цена,S5,transactional,Yaroslavl,desktop,2026-08-27T19:19:58+03:00,7,https://uslugi.yandex.ru/16-yaroslavl/category?text=%D0%9F%D0%BB%D0%B0%D0%BD%D0%B8%D1%80%D0%BE%D0%B2%D0%BA%D0%B0%20%D1%83%D1%87%D0%B0%D1%81%D1%82%D0%BA%D0%B0%20%D1%82%D1%80%D0%B0%D0%BA%D1%82%D0%BE%D1%80%D0%BE%D0%BC%20%D1%86%D0%B5%D0%BD%D0%B0,https://uslugi.yandex.ru/16-yaroslavl/category/,Планировка участка трактором цена в Ярославле: 55...,yandex-api-Q000093.jsonl,live_yandex_organic
Q000093,планировка территории цена,S5,transactional,Yaroslavl,desktop,2026-08-27T19:19:58+03:00,8,https://yaroslavl.gbistroj.ru/planirovka-uchastka,https://yaroslavl.gbistroj.ru/planirovka-uchastka/,Планировка участка экскаватором и бульдозером в Ярославле...,yandex-api-Q000093.jsonl,live_yandex_organic
Q000093,планировка территории цена,S5,transactional,Yaroslavl,desktop,2026-08-27T19:19:58+03:00,9,https://www.avito.ru/yaroslavskaya_oblast/predlozheniya_uslug?q=%D0%BF%D0%BB%D0%B0%D0%BD%D0%B8%D1%80%D0%BE%D0%B2%D0%BA%D0%B0+%D1%83%D1%87%D0%B0%D1%81%D1%82%D0%BA%D0%B0+%D0%B2%D1%8B%D1%80%D0%B0%D0%B2%D0%BD%D0%B8%D0%B2%D0%B0%D0%BD%D0%B8%D0%B5,https://avito.ru/yaroslavskaya_oblast/predlozheniya_uslug/,планировка участка выравнивание в Ярославской области...,yandex-api-Q000093.jsonl,live_yandex_organic
Q000093,планировка территории цена,S5,transactional,Yaroslavl,desktop,2026-08-27T19:19:58+03:00,10,https://uslugi.yandex.ru/16-yaroslavl/category?text=%D0%9F%D0%BB%D0%B0%D0%BD%D0%B8%D1%80%D0%BE%D0%B2%D0%BA%D0%B0%20%D0%B8%20%D0%B2%D1%8B%D1%80%D0%B0%D0%B2%D0%BD%D0%B8%D0%B2%D0%B0%D0%BD%D0%B8%D0%B5%20%D1%83%D1%87%D0%B0%D1%81%D1%82%D0%BA%D0%B0,https://uslugi.yandex.ru/16-yaroslavl/category/,Планировка и выравнивание участка в Ярославле: 50 мастеров...,yandex-api-Q000093.jsonl,live_yandex_organic
Q000094,планировка участка,S5,commercial_research,Yaroslavl,desktop,2026-08-27T19:19:58+03:00,1,https://gardmi.com/ru/,https://gardmi.com/ru/,"Планировщик участка онлайн — бесплатно, без... | gardmi",yandex-api-Q000094.jsonl,live_yandex_organic
Q000094,планировка участка,S5,commercial_research,Yaroslavl,desktop,2026-08-27T19:19:58+03:00,2,https://dzen.ru/a/akyI5x3Sl17w9-wb,https://dzen.ru/a/akyI5x3Sl17w9-wb/,Как сделать грамотную планировку участка: советы эксперта | Дзен,yandex-api-Q000094.jsonl,live_yandex_organic
Q000094,планировка участка,S5,commercial_research,Yaroslavl,desktop,2026-08-27T19:19:58+03:00,3,https://blog.rusgeocom.ru/informatsiya/stati/planirovka-uchastka-kak-pravilno-organizovat-prostranstvo-i-izbezhat-oshibok,https://blog.rusgeocom.ru/informatsiya/stati/planirovka-uchastka-kak-pravilno-organizovat-prostranstvo-i-izbezhat-oshibok/,Как распланировать участок: схема планировки и советы по...,yandex-api-Q000094.jsonl,live_yandex_organic
Q000094,планировка участка,S5,commercial_research,Yaroslavl,desktop,2026-08-27T19:19:58+03:00,4,https://garden-planner.ru/,https://garden-planner.ru/,Онлайн-сервис для планировки и дизайна садового участка,yandex-api-Q000094.jsonl,live_yandex_organic
Q000094,планировка участка,S5,commercial_research,Yaroslavl,desktop,2026-08-27T19:19:58+03:00,5,https://www.cian.ru/stati-planirovka-uchastka-343644/,https://cian.ru/stati-planirovka-uchastka-343644/,Гид по грамотной планировке земельного участка,yandex-api-Q000094.jsonl,live_yandex_organic
Q000094,планировка участка,S5,commercial_research,Yaroslavl,desktop,2026-08-27T19:19:58+03:00,6,https://blog.domclick.ru/nedvizhimost/post/planirovka-uchastka-10-sotok-svoimi-rukami-instrukciya,https://blog.domclick.ru/nedvizhimost/post/planirovka-uchastka-10-sotok-svoimi-rukami-instrukciya/,Планировка участка 10 соток своими руками: инструкция...,yandex-api-Q000094.jsonl,live_yandex_organic
Q000094,планировка участка,S5,commercial_research,Yaroslavl,desktop,2026-08-27T19:19:58+03:00,7,https://skillbox.ru/media/design/planirovka-dachnogo-uchastka-idei-shemy-i-pravila-zonirovaniya/,https://skillbox.ru/media/design/planirovka-dachnogo-uchastka-idei-shemy-i-pravila-zonirovaniya/,Планировка дачного участка: зонирование... / Skillbox Media,yandex-api-Q000094.jsonl,live_yandex_organic
Q000094,планировка участка,S5,commercial_research,Yaroslavl,desktop,2026-08-27T19:19:58+03:00,8,https://sotkin.online/,https://sotkin.online/,Бесплатный онлайн-планировщик участка Соткин,yandex-api-Q000094.jsonl,live_yandex_organic
Q000094,планировка участка,S5,commercial_research,Yaroslavl,desktop,2026-08-27T19:19:58+03:00,9,https://landscape3d.ru/planirovka-zemelnogo-uchastka.php,https://landscape3d.ru/planirovka-zemelnogo-uchastka.php/,Пошаговая планировка земельного участка с экспертом,yandex-api-Q000094.jsonl,live_yandex_organic
Q000094,планировка участка,S5,commercial_research,Yaroslavl,desktop,2026-08-27T19:19:58+03:00,10,https://metallprofil.ru/shop/informatsiya/press-tsentr/stati/planirovanie-zemelnogo-uchastka-kak-izbezhat-oshibok/,https://metallprofil.ru/shop/informatsiya/press-tsentr/stati/planirovanie-zemelnogo-uchastka-kak-izbezhat-oshibok/,"План земельного участка: зачем нужна планировка участка, как...",yandex-api-Q000094.jsonl,live_yandex_organic
Q000095,планировка участка,S5,commercial_research,Yaroslavl,mobile,2026-08-27T19:19:58+03:00,1,https://dzen.ru/a/akyI5x3Sl17w9-wb,https://dzen.ru/a/akyI5x3Sl17w9-wb/,Как сделать грамотную планировку участка: советы эксперта | Дзен,yandex-api-Q000095.jsonl,live_yandex_organic
Q000095,планировка участка,S5,commercial_research,Yaroslavl,mobile,2026-08-27T19:19:58+03:00,2,https://gardmi.com/ru/,https://gardmi.com/ru/,"Планировщик участка онлайн — бесплатно, без регистрации | gardmi",yandex-api-Q000095.jsonl,live_yandex_organic
Q000095,планировка участка,S5,commercial_research,Yaroslavl,mobile,2026-08-27T19:19:58+03:00,3,https://blog.rusgeocom.ru/informatsiya/stati/planirovka-uchastka-kak-pravilno-organizovat-prostranstvo-i-izbezhat-oshibok,https://blog.rusgeocom.ru/informatsiya/stati/planirovka-uchastka-kak-pravilno-organizovat-prostranstvo-i-izbezhat-oshibok/,Как распланировать участок: схема планировки и советы по организации...,yandex-api-Q000095.jsonl,live_yandex_organic
Q000095,планировка участка,S5,commercial_research,Yaroslavl,mobile,2026-08-27T19:19:58+03:00,4,https://www.cian.ru/stati-planirovka-uchastka-343644/,https://cian.ru/stati-planirovka-uchastka-343644/,Гид по грамотной планировке земельного участка,yandex-api-Q000095.jsonl,live_yandex_organic
Q000095,планировка участка,S5,commercial_research,Yaroslavl,mobile,2026-08-27T19:19:58+03:00,5,https://blog.domclick.ru/nedvizhimost/post/planirovka-uchastka-10-sotok-svoimi-rukami-instrukciya,https://blog.domclick.ru/nedvizhimost/post/planirovka-uchastka-10-sotok-svoimi-rukami-instrukciya/,Планировка участка 10 соток своими руками: инструкция...,yandex-api-Q000095.jsonl,live_yandex_organic
Q000095,планировка участка,S5,commercial_research,Yaroslavl,mobile,2026-08-27T19:19:58+03:00,6,https://sotkin.online/,https://sotkin.online/,Бесплатный онлайн-планировщик участка Соткин,yandex-api-Q000095.jsonl,live_yandex_organic
Q000095,планировка участка,S5,commercial_research,Yaroslavl,mobile,2026-08-27T19:19:58+03:00,7,https://skillbox.ru/media/design/planirovka-dachnogo-uchastka-idei-shemy-i-pravila-zonirovaniya/,https://skillbox.ru/media/design/planirovka-dachnogo-uchastka-idei-shemy-i-pravila-zonirovaniya/,Планировка дачного участка: зонирование и схемы... / Skillbox Media,yandex-api-Q000095.jsonl,live_yandex_organic
Q000095,планировка участка,S5,commercial_research,Yaroslavl,mobile,2026-08-27T19:19:58+03:00,8,https://landscape3d.ru/planirovka-zemelnogo-uchastka.php,https://landscape3d.ru/planirovka-zemelnogo-uchastka.php/,Пошаговая планировка земельного участка с экспертом,yandex-api-Q000095.jsonl,live_yandex_organic
Q000095,планировка участка,S5,commercial_research,Yaroslavl,mobile,2026-08-27T19:19:58+03:00,9,https://svoevse.ru/plans,https://svoevse.ru/plans/,Онлайн планировка участка – планировщик дачного участка на Все...,yandex-api-Q000095.jsonl,live_yandex_organic
Q000095,планировка участка,S5,commercial_research,Yaroslavl,mobile,2026-08-27T19:19:58+03:00,10,https://garden-planner.ru/,https://garden-planner.ru/,Онлайн-сервис для планировки и дизайна садового участка,yandex-api-Q000095.jsonl,live_yandex_organic
Q000096,планировка участка рыбинск,S5,commercial_research,Yaroslavl,desktop,2026-08-27T19:19:58+03:00,1,https://www.avito.ru/rybinsk/predlozheniya_uslug?q=%D0%BF%D0%BB%D0%B0%D0%BD%D0%B8%D1%80%D0%BE%D0%B2%D0%BA%D0%B0+%D1%83%D1%87%D0%B0%D1%81%D1%82%D0%BA%D0%B0,https://avito.ru/rybinsk/predlozheniya_uslug/,планировка участка в Рыбинске - цены и отзывы | Услуги на Авито,yandex-api-Q000096.jsonl,live_yandex_organic
Q000096,планировка участка рыбинск,S5,commercial_research,Yaroslavl,desktop,2026-08-27T19:19:58+03:00,2,https://www.avito.ru/rybinsk/predlozheniya_uslug?q=%D0%B2%D1%8B%D1%80%D0%B0%D0%B2%D0%BD%D0%B8%D0%B2%D0%B0%D0%BD%D0%B8%D0%B5+%D1%83%D1%87%D0%B0%D1%81%D1%82%D0%BA%D0%B0+%D1%82%D1%80%D0%B0%D0%BA%D1%82%D0%BE%D1%80%D0%BE%D0%BC,https://avito.ru/rybinsk/predlozheniya_uslug/,выравнивание участка трактором в Рыбинске - цены и отзывы,yandex-api-Q000096.jsonl,live_yandex_organic
Q000096,планировка участка рыбинск,S5,commercial_research,Yaroslavl,desktop,2026-08-27T19:19:58+03:00,3,https://uslugi.yandex.ru/10839-rybinsk/category?text=%D0%BF%D0%BB%D0%B0%D0%BD%D0%B8%D1%80%D0%BE%D0%B2%D0%BA%D0%B0+%D1%83%D1%87%D0%B0%D1%81%D1%82%D0%BA%D0%B0,https://uslugi.yandex.ru/10839-rybinsk/category/,Планировка участка в Рыбинске: 73 исполнителя с отзывами...,yandex-api-Q000096.jsonl,live_yandex_organic
Q000096,планировка участка рыбинск,S5,commercial_research,Yaroslavl,desktop,2026-08-27T19:19:58+03:00,4,https://www.avito.ru/rybinsk/predlozheniya_uslug?q=%D0%B1%D0%BB%D0%B0%D0%B3%D0%BE%D1%83%D1%81%D1%82%D1%80%D0%BE%D0%B9%D1%81%D1%82%D0%B2%D0%BE%20%D1%83%D1%87%D0%B0%D1%81%D1%82%D0%BA%D0%B0,https://avito.ru/rybinsk/predlozheniya_uslug/,благоустройство участка в Рыбинске - цены и отзывы | Услуги на...,yandex-api-Q000096.jsonl,live_yandex_organic
Q000096,планировка участка рыбинск,S5,commercial_research,Yaroslavl,desktop,2026-08-27T19:19:58+03:00,5,https://uslugi.yandex.ru/10839-rybinsk/category?text=%D0%9F%D0%BB%D0%B0%D0%BD%D0%B8%D1%80%D0%BE%D0%B2%D0%BA%D0%B0%20%D0%B8%20%D0%B2%D1%8B%D1%80%D0%B0%D0%B2%D0%BD%D0%B8%D0%B2%D0%B0%D0%BD%D0%B8%D0%B5%20%D1%83%D1%87%D0%B0%D1%81%D1%82%D0%BA%D0%B0,https://uslugi.yandex.ru/10839-rybinsk/category/,Планировка и выравнивание участка в Рыбинске: 36 мастеров...,yandex-api-Q000096.jsonl,live_yandex_organic
Q000096,планировка участка рыбинск,S5,commercial_research,Yaroslavl,desktop,2026-08-27T19:19:58+03:00,6,https://www.avito.ru/rybinsk/predlozheniya_uslug/transport_perevozki/arenda_spetstekhniki-ASgBAgICAkSYC8SfAZoL3J8B?q=%D0%BF%D0%BB%D0%B0%D0%BD%D0%B8%D1%80%D0%BE%D0%B2%D0%BA%D0%B0+%D1%83%D1%87%D0%B0%D1%81%D1%82%D0%BA%D0%B0,https://avito.ru/rybinsk/predlozheniya_uslug/transport_perevozki/arenda_spetstekhniki-ASgBAgICAkSYC8SfAZoL3J8B/,планировка участка - Аренда и услуги спецтехники в Рыбинске...,yandex-api-Q000096.jsonl,live_yandex_organic
Q000096,планировка участка рыбинск,S5,commercial_research,Yaroslavl,desktop,2026-08-27T19:19:58+03:00,7,https://www.avito.ru/rybinsk/predlozheniya_uslug?q=%D0%B2%D1%81%D0%BF%D0%B0%D1%88%D0%BA%D0%B0,https://avito.ru/rybinsk/predlozheniya_uslug/,вспашка в Рыбинске - цены и отзывы | Услуги на Авито,yandex-api-Q000096.jsonl,live_yandex_organic
Q000096,планировка участка рыбинск,S5,commercial_research,Yaroslavl,desktop,2026-08-27T19:19:58+03:00,8,https://www.avito.ru/rybinsk/predlozheniya_uslug/sad_blagoustroystvo/zemlyanye_raboty-ASgBAgICAkSYC8KfAdCuDvq80AE,https://avito.ru/rybinsk/predlozheniya_uslug/sad_blagoustroystvo/zemlyanye_raboty-ASgBAgICAkSYC8KfAdCuDvq80AE/,"Вспашка, выравнивание земли в Рыбинске | Сад, благоустройство...",yandex-api-Q000096.jsonl,live_yandex_organic
Q000096,планировка участка рыбинск,S5,commercial_research,Yaroslavl,desktop,2026-08-27T19:19:58+03:00,9,https://www.avito.ru/rybinsk/predlozheniya_uslug/tag/vyravnivanie-uchastka,https://avito.ru/rybinsk/predlozheniya_uslug/tag/vyravnivanie-uchastka/,выравнивание участка в Рыбинске - цены и отзывы | Услуги на...,yandex-api-Q000096.jsonl,live_yandex_organic
Q000096,планировка участка рыбинск,S5,commercial_research,Yaroslavl,desktop,2026-08-27T19:19:58+03:00,10,https://uslugi.yandex.ru/10839-rybinsk/category?text=%D0%B7%D0%B0%D0%BA%D0%B0%D0%B7%D0%B0%D1%82%D1%8C+%D1%82%D1%80%D0%B0%D0%BA%D1%82%D0%BE%D1%80+%D0%B4%D0%BB%D1%8F+%D0%BF%D0%BB%D0%B0%D0%BD%D0%B8%D1%80%D0%BE%D0%B2%D0%BA%D0%B8+%D1%83%D1%87%D0%B0%D1%81%D1%82%D0%BA%D0%B0,https://uslugi.yandex.ru/10839-rybinsk/category/,Заказать трактор для планировки участка в Рыбинске: 59...,yandex-api-Q000096.jsonl,live_yandex_organic
Q000097,планировка участка цена,S5,transactional,Yaroslavl,desktop,2026-08-27T19:19:58+03:00,1,https://www.avito.ru/yaroslavl/predlozheniya_uslug?q=%D0%BF%D0%BB%D0%B0%D0%BD%D0%B8%D1%80%D0%BE%D0%B2%D0%BA%D0%B0+%D1%83%D1%87%D0%B0%D1%81%D1%82%D0%BA%D0%B0,https://avito.ru/yaroslavl/predlozheniya_uslug/,планировка участка в Ярославле - цены и отзывы | Услуги на...,yandex-api-Q000097.jsonl,live_yandex_organic
Q000097,планировка участка цена,S5,transactional,Yaroslavl,desktop,2026-08-27T19:19:58+03:00,2,https://www.avito.ru/yaroslavl/predlozheniya_uslug?q=%D0%BF%D0%BB%D0%B0%D0%BD%D0%B8%D1%80%D0%BE%D0%B2%D0%BA%D0%B0+%D1%83%D1%87%D0%B0%D1%81%D1%82%D0%BA%D0%B0+%D1%82%D1%80%D0%B0%D0%BA%D1%82%D0%BE%D1%80%D0%BE%D0%BC,https://avito.ru/yaroslavl/predlozheniya_uslug/,планировка участка трактором в Ярославле - цены и отзывы,yandex-api-Q000097.jsonl,live_yandex_organic
Q000097,планировка участка цена,S5,transactional,Yaroslavl,desktop,2026-08-27T19:19:58+03:00,3,https://uslugi.yandex.ru/16-yaroslavl/category?text=%D0%BF%D0%BB%D0%B0%D0%BD%D0%B8%D1%80%D0%BE%D0%B2%D0%BA%D0%B0+%D1%83%D1%87%D0%B0%D1%81%D1%82%D0%BA%D0%B0,https://uslugi.yandex.ru/16-yaroslavl/category/,Планировка участка в Ярославле: 95 ландшафтных дизайнеров...,yandex-api-Q000097.jsonl,live_yandex_organic
Q000097,планировка участка цена,S5,transactional,Yaroslavl,desktop,2026-08-27T19:19:58+03:00,4,https://www.avito.ru/yaroslavl/predlozheniya_uslug?q=%D0%BF%D0%BB%D0%B0%D0%BD%D0%B8%D1%80%D0%BE%D0%B2%D0%BA%D0%B0+%D1%83%D1%87%D0%B0%D1%81%D1%82%D0%BA%D0%B0+%D0%B2%D1%8B%D1%80%D0%B0%D0%B2%D0%BD%D0%B8%D0%B2%D0%B0%D0%BD%D0%B8%D0%B5,https://avito.ru/yaroslavl/predlozheniya_uslug/,планировка участка выравнивание в Ярославле - цены и отзывы,yandex-api-Q000097.jsonl,live_yandex_organic
Q000097,планировка участка цена,S5,transactional,Yaroslavl,desktop,2026-08-27T19:19:58+03:00,5,https://uslugi.yandex.ru/16-yaroslavl/category?text=%D0%9F%D0%BB%D0%B0%D0%BD%D0%B8%D1%80%D0%BE%D0%B2%D0%BA%D0%B0%20%D1%83%D1%87%D0%B0%D1%81%D1%82%D0%BA%D0%B0,https://uslugi.yandex.ru/16-yaroslavl/category/,Планировка участка в Ярославле: 84 исполнителя с отзывами...,yandex-api-Q000097.jsonl,live_yandex_organic
Q000097,планировка участка цена,S5,transactional,Yaroslavl,desktop,2026-08-27T19:19:58+03:00,6,https://uslugi.yandex.ru/10841-yaroslavl-oblast/category?text=%D0%BF%D0%BB%D0%B0%D0%BD%D0%B8%D1%80%D0%BE%D0%B2%D0%BA%D0%B0+%D1%83%D1%87%D0%B0%D1%81%D1%82%D0%BA%D0%B0,https://uslugi.yandex.ru/10841-yaroslavl-oblast/category/,Планировка участка в Ярославской области: 74 ландшафтных...,yandex-api-Q000097.jsonl,live_yandex_organic
Q000097,планировка участка цена,S5,transactional,Yaroslavl,desktop,2026-08-27T19:19:58+03:00,7,https://www.avito.ru/yaroslavl/predlozheniya_uslug?q=%D0%BB%D0%B0%D0%BD%D0%B4%D1%88%D0%B0%D1%84%D1%82%D0%BD%D1%8B%D0%B9+%D0%B4%D0%B8%D0%B7%D0%B0%D0%B9%D0%BD+%D0%BF%D1%80%D0%BE%D0%B5%D0%BA%D1%82+%D1%83%D1%87%D0%B0%D1%81%D1%82%D0%BA%D0%B0,https://avito.ru/yaroslavl/predlozheniya_uslug/,ландшафтный дизайн проект участка в Ярославле - цены и отзывы,yandex-api-Q000097.jsonl,live_yandex_organic
Q000097,планировка участка цена,S5,transactional,Yaroslavl,desktop,2026-08-27T19:19:58+03:00,8,https://uslugi.yandex.ru/16-yaroslavl/category?text=%D0%9F%D0%BB%D0%B0%D0%BD%D0%B8%D1%80%D0%BE%D0%B2%D0%BA%D0%B0%20%D1%83%D1%87%D0%B0%D1%81%D1%82%D0%BA%D0%B0%20%D1%82%D1%80%D0%B0%D0%BA%D1%82%D0%BE%D1%80%D0%BE%D0%BC%20%D1%86%D0%B5%D0%BD%D0%B0,https://uslugi.yandex.ru/16-yaroslavl/category/,Планировка участка трактором цена в Ярославле: 55...,yandex-api-Q000097.jsonl,live_yandex_organic
Q000097,планировка участка цена,S5,transactional,Yaroslavl,desktop,2026-08-27T19:19:58+03:00,9,https://uslugi.yandex.ru/16-yaroslavl/category?text=%D0%BF%D1%80%D0%BE%D0%B5%D0%BA%D1%82%D0%B8%D1%80%D0%BE%D0%B2%D0%B0%D0%BD%D0%B8%D0%B5%20%D1%83%D1%87%D0%B0%D1%81%D1%82%D0%BA%D0%B0,https://uslugi.yandex.ru/16-yaroslavl/category/,Проектирование участка в Ярославле: 133 ландшафтных...,yandex-api-Q000097.jsonl,live_yandex_organic
Q000097,планировка участка цена,S5,transactional,Yaroslavl,desktop,2026-08-27T19:19:58+03:00,10,https://uslugi.yandex.ru/16-yaroslavl/category?text=%D0%9F%D0%BB%D0%B0%D0%BD%D0%B8%D1%80%D0%BE%D0%B2%D0%BA%D0%B0%20%D0%B8%20%D0%B2%D1%8B%D1%80%D0%B0%D0%B2%D0%BD%D0%B8%D0%B2%D0%B0%D0%BD%D0%B8%D0%B5%20%D1%83%D1%87%D0%B0%D1%81%D1%82%D0%BA%D0%B0,https://uslugi.yandex.ru/16-yaroslavl/category/,Планировка и выравнивание участка в Ярославле: 50 мастеров...,yandex-api-Q000097.jsonl,live_yandex_organic
Q000098,планировка участка ярославль,S5,commercial_research,Yaroslavl,desktop,2026-08-27T19:19:58+03:00,1,https://www.avito.ru/yaroslavl/predlozheniya_uslug?q=%D0%BF%D0%BB%D0%B0%D0%BD%D0%B8%D1%80%D0%BE%D0%B2%D0%BA%D0%B0+%D1%83%D1%87%D0%B0%D1%81%D1%82%D0%BA%D0%B0,https://avito.ru/yaroslavl/predlozheniya_uslug/,планировка участка в Ярославле - цены и отзывы | Услуги на...,yandex-api-Q000098.jsonl,live_yandex_organic
Q000098,планировка участка ярославль,S5,commercial_research,Yaroslavl,desktop,2026-08-27T19:19:58+03:00,2,https://mini-pogruzchiki.ru/uslugi/vyravnivanie-uchastka/,https://mini-pogruzchiki.ru/uslugi/vyravnivanie-uchastka/,Выравнивание участка трактором: цена за сотку в Ярославле,yandex-api-Q000098.jsonl,live_yandex_organic
Q000098,планировка участка ярославль,S5,commercial_research,Yaroslavl,desktop,2026-08-27T19:19:58+03:00,3,https://www.avito.ru/yaroslavl/predlozheniya_uslug?q=%D0%BF%D0%BB%D0%B0%D0%BD%D0%B8%D1%80%D0%BE%D0%B2%D0%BA%D0%B0+%D1%83%D1%87%D0%B0%D1%81%D1%82%D0%BA%D0%B0+%D1%82%D1%80%D0%B0%D0%BA%D1%82%D0%BE%D1%80%D0%BE%D0%BC,https://avito.ru/yaroslavl/predlozheniya_uslug/,планировка участка трактором в Ярославле - цены и отзывы,yandex-api-Q000098.jsonl,live_yandex_organic
Q000098,планировка участка ярославль,S5,commercial_research,Yaroslavl,desktop,2026-08-27T19:19:58+03:00,4,https://www.avito.ru/yaroslavskaya_oblast/predlozheniya_uslug?q=%D0%BF%D0%BB%D0%B0%D0%BD%D0%B8%D1%80%D0%BE%D0%B2%D0%BA%D0%B0+%D1%83%D1%87%D0%B0%D1%81%D1%82%D0%BA%D0%B0,https://avito.ru/yaroslavskaya_oblast/predlozheniya_uslug/,планировка участка в Ярославской области - цены и отзывы,yandex-api-Q000098.jsonl,live_yandex_organic
Q000098,планировка участка ярославль,S5,commercial_research,Yaroslavl,desktop,2026-08-27T19:19:58+03:00,5,https://uslugi.yandex.ru/16-yaroslavl/category?text=%D0%BF%D0%BB%D0%B0%D0%BD%D0%B8%D1%80%D0%BE%D0%B2%D0%BA%D0%B0+%D1%83%D1%87%D0%B0%D1%81%D1%82%D0%BA%D0%B0,https://uslugi.yandex.ru/16-yaroslavl/category/,Планировка участка в Ярославле: 95 ландшафтных дизайнеров...,yandex-api-Q000098.jsonl,live_yandex_organic
Q000098,планировка участка ярославль,S5,commercial_research,Yaroslavl,desktop,2026-08-27T19:19:58+03:00,6,https://yaroslavl.gbistroj.ru/planirovka-uchastka,https://yaroslavl.gbistroj.ru/planirovka-uchastka/,Планировка участка экскаватором и бульдозером в Ярославле...,yandex-api-Q000098.jsonl,live_yandex_organic
Q000098,планировка участка ярославль,S5,commercial_research,Yaroslavl,desktop,2026-08-27T19:19:58+03:00,7,https://uslugi.yandex.ru/16-yaroslavl/category?text=%D0%BF%D0%BB%D0%B0%D0%BD%D0%B8%D1%80%D0%BE%D0%B2%D0%BA%D0%B0+%D1%83%D1%87%D0%B0%D1%81%D1%82%D0%BA%D0%B0+%D1%82%D1%80%D0%B0%D0%BA%D1%82%D0%BE%D1%80%D0%BE%D0%BC,https://uslugi.yandex.ru/16-yaroslavl/category/,Планировка участка трактором в Ярославле: 59 исполнителей...,yandex-api-Q000098.jsonl,live_yandex_organic
Q000098,планировка участка ярославль,S5,commercial_research,Yaroslavl,desktop,2026-08-27T19:19:58+03:00,8,https://uslugi.yandex.ru/16-yaroslavl/category?text=%D0%9F%D0%BB%D0%B0%D0%BD%D0%B8%D1%80%D0%BE%D0%B2%D0%BA%D0%B0%20%D1%83%D1%87%D0%B0%D1%81%D1%82%D0%BA%D0%B0,https://uslugi.yandex.ru/16-yaroslavl/category/,Планировка участка в Ярославле: 84 исполнителя с отзывами...,yandex-api-Q000098.jsonl,live_yandex_organic
Q000098,планировка участка ярославль,S5,commercial_research,Yaroslavl,desktop,2026-08-27T19:19:58+03:00,9,https://uslugi.yandex.ru/16-yaroslavl/category?text=%D0%9F%D0%BB%D0%B0%D0%BD%D0%B8%D1%80%D0%BE%D0%B2%D0%BA%D0%B0%20%D0%B8%20%D0%B2%D1%8B%D1%80%D0%B0%D0%B2%D0%BD%D0%B8%D0%B2%D0%B0%D0%BD%D0%B8%D0%B5%20%D1%83%D1%87%D0%B0%D1%81%D1%82%D0%BA%D0%B0,https://uslugi.yandex.ru/16-yaroslavl/category/,Планировка и выравнивание участка в Ярославле: 50 мастеров...,yandex-api-Q000098.jsonl,live_yandex_organic
Q000098,планировка участка ярославль,S5,commercial_research,Yaroslavl,desktop,2026-08-27T19:19:58+03:00,10,https://yaroslavl.blago-s.ru/catalog/planirovka-uchastka/,https://yaroslavl.blago-s.ru/catalog/planirovka-uchastka/,Планировка участка в Ярославле — цена и работы под ключ,yandex-api-Q000098.jsonl,live_yandex_organic
Q000099,рассчитать стоимость выравнивания участка 5 соток,S5,transactional,Yaroslavl,desktop,2026-08-27T19:19:58+03:00,1,https://landshaftniy-dizayn.ru/region/yaroslavl/landshaftnye-raboty/vyravnivanie/,https://landshaftniy-dizayn.ru/region/yaroslavl/landshaftnye-raboty/vyravnivanie/,Выравнивание участка в Ярославле — цена за сотку,yandex-api-Q000099.jsonl,live_yandex_organic
Q000099,рассчитать стоимость выравнивания участка 5 соток,S5,transactional,Yaroslavl,desktop,2026-08-27T19:19:58+03:00,2,https://www.avito.ru/yaroslavl/predlozheniya_uslug?q=%D0%BF%D0%BB%D0%B0%D0%BD%D0%B8%D1%80%D0%BE%D0%B2%D0%BA%D0%B0+%D1%83%D1%87%D0%B0%D1%81%D1%82%D0%BA%D0%B0+%D0%B2%D1%8B%D1%80%D0%B0%D0%B2%D0%BD%D0%B8%D0%B2%D0%B0%D0%BD%D0%B8%D0%B5,https://avito.ru/yaroslavl/predlozheniya_uslug/,планировка участка выравнивание в Ярославле - цены и отзывы,yandex-api-Q000099.jsonl,live_yandex_organic
Q000099,рассчитать стоимость выравнивания участка 5 соток,S5,transactional,Yaroslavl,desktop,2026-08-27T19:19:58+03:00,3,https://yaroslavl.mslandshaft.ru/catalog/vyravnivanie-uchastka/,https://yaroslavl.mslandshaft.ru/catalog/vyravnivanie-uchastka/,Выравнивание участка в Ярославле | Ландшафт Плюс,yandex-api-Q000099.jsonl,live_yandex_organic
Q000099,рассчитать стоимость выравнивания участка 5 соток,S5,transactional,Yaroslavl,desktop,2026-08-27T19:19:58+03:00,4,https://www.avito.ru/yaroslavl/predlozheniya_uslug?q=%D0%92%D1%8B%D1%80%D0%B0%D0%B2%D0%BD%D0%B8%D0%B2%D0%B0%D0%BD%D0%B8%D0%B5%20%D1%83%D1%87%D0%B0%D1%81%D1%82%D0%BA%D0%B0,https://avito.ru/yaroslavl/predlozheniya_uslug/,Выравнивание участка в Ярославле - цены и отзывы | Услуги на...,yandex-api-Q000099.jsonl,live_yandex_organic
Q000099,рассчитать стоимость выравнивания участка 5 соток,S5,transactional,Yaroslavl,desktop,2026-08-27T19:19:58+03:00,5,https://xn--e1aaegnf2bi6b.xn--p1ai/ozelenenie-i-blagoustrojstvo/vyravnivanie-uchastka,https://xn--e1aaegnf2bi6b.xn--p1ai/ozelenenie-i-blagoustrojstvo/vyravnivanie-uchastka/,"Выравнивание дачного участка в Москве и области, цены на...",yandex-api-Q000099.jsonl,live_yandex_organic
Q000099,рассчитать стоимость выравнивания участка 5 соток,S5,transactional,Yaroslavl,desktop,2026-08-27T19:19:58+03:00,6,https://yaroslavl.blago-s.ru/catalog/zemlyanye-raboty/vyravnivanie-uchastka/,https://yaroslavl.blago-s.ru/catalog/zemlyanye-raboty/vyravnivanie-uchastka/,Выравнивание участка в Ярославле — цена и работы под ключ,yandex-api-Q000099.jsonl,live_yandex_organic
Q000099,рассчитать стоимость выравнивания участка 5 соток,S5,transactional,Yaroslavl,desktop,2026-08-27T19:19:58+03:00,7,https://schebenpesok.ru/kalkulyator/podnyatie-uchastka/,https://schebenpesok.ru/kalkulyator/podnyatie-uchastka/,"Калькулятор поднятия и выравнивания участка: грунт, ПГС...",yandex-api-Q000099.jsonl,live_yandex_organic
Q000099,рассчитать стоимость выравнивания участка 5 соток,S5,transactional,Yaroslavl,desktop,2026-08-27T19:19:58+03:00,8,https://profi.ru/geo-yar/remont/vyravnivanie-uchastkov/price/,https://profi.ru/geo-yar/remont/vyravnivanie-uchastkov/price/,Стоимость выравнивания участков- цена за сотка...,yandex-api-Q000099.jsonl,live_yandex_organic
Q000099,рассчитать стоимость выравнивания участка 5 соток,S5,transactional,Yaroslavl,desktop,2026-08-27T19:19:58+03:00,9,https://uslugi.yandex.ru/10841-yaroslavl-oblast/category?text=%D0%B2%D1%8B%D1%80%D0%B0%D0%B2%D0%BD%D0%B8%D0%B2%D0%B0%D0%BD%D0%B8%D0%B5+%D1%83%D1%87%D0%B0%D1%81%D1%82%D0%BA%D0%B0,https://uslugi.yandex.ru/10841-yaroslavl-oblast/category/,Выравнивание участка в Ярославской области: 84 мастера...,yandex-api-Q000099.jsonl,live_yandex_organic
Q000099,рассчитать стоимость выравнивания участка 5 соток,S5,transactional,Yaroslavl,desktop,2026-08-27T19:19:58+03:00,10,https://yaroslavl.topsadovnik.ru/vyravnivanie-uchastka,https://yaroslavl.topsadovnik.ru/vyravnivanie-uchastka/,Выравнивание участка в Ярославле: стоимость от 1572 руб.,yandex-api-Q000099.jsonl,live_yandex_organic
Q000100,организация выполняющая установкой гравитационной подпорной стены ярославль,S6,commercial_research,Yaroslavl,desktop,2026-08-27T19:19:58+03:00,1,https://www.avito.ru/yaroslavskaya_oblast/predlozheniya_uslug?q=%D0%BF%D0%BE%D0%B4%D0%BF%D0%BE%D1%80%D0%BD%D0%B0%D1%8F+%D1%81%D1%82%D0%B5%D0%BD%D0%B0,https://avito.ru/yaroslavskaya_oblast/predlozheniya_uslug/,подпорная стена в Ярославской области - цены и отзывы,yandex-api-Q000100.jsonl,live_yandex_organic
Q000100,организация выполняющая установкой гравитационной подпорной стены ярославль,S6,commercial_research,Yaroslavl,desktop,2026-08-27T19:19:58+03:00,2,https://landshaftniy-dizayn.ru/region/yaroslavl/blagoustroystvo/podpornye-stenki/,https://landshaftniy-dizayn.ru/region/yaroslavl/blagoustroystvo/podpornye-stenki/,Монтаж подпорных стен в Ярославле под ключ,yandex-api-Q000100.jsonl,live_yandex_organic
Q000100,организация выполняющая установкой гравитационной подпорной стены ярославль,S6,commercial_research,Yaroslavl,desktop,2026-08-27T19:19:58+03:00,3,https://www.avito.ru/yaroslavskaya_oblast/predlozheniya_uslug/stroitelstvo-ASgBAgICAUSYC6Cf8QI?q=%D0%BF%D0%BE%D0%B4%D0%BF%D0%BE%D1%80%D0%BD%D0%B0%D1%8F+%D1%81%D1%82%D0%B5%D0%BD%D0%B0,https://avito.ru/yaroslavskaya_oblast/predlozheniya_uslug/stroitelstvo-ASgBAgICAUSYC6Cf8QI/,подпорная стена в Ярославской области - цены и отзывы,yandex-api-Q000100.jsonl,live_yandex_organic
Q000100,организация выполняющая установкой гравитационной подпорной стены ярославль,S6,commercial_research,Yaroslavl,desktop,2026-08-27T19:19:58+03:00,4,https://yaroslavl.gbistroj.ru/stroitelstvo-podpornykh-sten,https://yaroslavl.gbistroj.ru/stroitelstvo-podpornykh-sten/,Строительство подпорных стен в Ярославле – Монтаж...,yandex-api-Q000100.jsonl,live_yandex_organic
Q000100,организация выполняющая установкой гравитационной подпорной стены ярославль,S6,commercial_research,Yaroslavl,desktop,2026-08-27T19:19:58+03:00,5,https://yaroslavl.blago-s.ru/catalog/podpornaya-stena-pod-klyuch/,https://yaroslavl.blago-s.ru/catalog/podpornaya-stena-pod-klyuch/,Подпорная стенка в Ярославле — цена и работы под ключ,yandex-api-Q000100.jsonl,live_yandex_organic
Q000100,организация выполняющая установкой гравитационной подпорной стены ярославль,S6,commercial_research,Yaroslavl,desktop,2026-08-27T19:19:58+03:00,6,https://yaroslavl.gbistroj.ru/tseny,https://yaroslavl.gbistroj.ru/tseny/,Цены на услуги строительства фундамента в Ярославле.,yandex-api-Q000100.jsonl,live_yandex_organic
Q000100,организация выполняющая установкой гравитационной подпорной стены ярославль,S6,commercial_research,Yaroslavl,desktop,2026-08-27T19:19:58+03:00,7,https://www.avito.ru/yaroslavl/predlozheniya_uslug/stroitelstvo-ASgBAgICAUSYC6Cf8QI?q=%D0%BF%D0%BE%D0%B4%D0%BF%D0%BE%D1%80%D0%BD%D1%8B%D0%B5+%D1%81%D1%82%D0%B5%D0%BD%D1%8B,https://avito.ru/yaroslavl/predlozheniya_uslug/stroitelstvo-ASgBAgICAUSYC6Cf8QI/,подпорные стены - Строительство домов в Ярославле под ключ...,yandex-api-Q000100.jsonl,live_yandex_organic
Q000100,организация выполняющая установкой гравитационной подпорной стены ярославль,S6,commercial_research,Yaroslavl,desktop,2026-08-27T19:19:58+03:00,8,https://www.avito.ru/yaroslavl/predlozheniya_uslug/stroitelstvo-ASgBAgICAUSYC6Cf8QI?q=%D0%BF%D0%BE%D0%B4%D0%BF%D0%BE%D1%80%D0%BD%D0%B0%D1%8F+%D1%81%D1%82%D0%B5%D0%BD%D0%B0,https://avito.ru/yaroslavl/predlozheniya_uslug/stroitelstvo-ASgBAgICAUSYC6Cf8QI/,подпорная стена - Строительство домов в Ярославле под ключ...,yandex-api-Q000100.jsonl,live_yandex_organic
Q000100,организация выполняющая установкой гравитационной подпорной стены ярославль,S6,commercial_research,Yaroslavl,desktop,2026-08-27T19:19:58+03:00,9,https://yaroslavl.road-stroy.com/services/backwall,https://yaroslavl.road-stroy.com/services/backwall/,"Подпорная стенка из габионов: фундамент, дренаж, размеры...",yandex-api-Q000100.jsonl,live_yandex_organic
Q000100,организация выполняющая установкой гравитационной подпорной стены ярославль,S6,commercial_research,Yaroslavl,desktop,2026-08-27T19:19:58+03:00,10,https://uslugi.yandex.ru/16-yaroslavl/category?text=%D0%BF%D0%BE%D0%B4%D0%BF%D0%BE%D1%80%D0%BD%D0%B0%D1%8F+%D1%81%D1%82%D0%B5%D0%BD%D0%BA%D0%B0,https://uslugi.yandex.ru/16-yaroslavl/category/,Подпорная стенка в Ярославле: 12 исполнителей с отзывами...,yandex-api-Q000100.jsonl,live_yandex_organic
Q000101,подпорная стенка из бетона,S6,commercial_research,Yaroslavl,desktop,2026-08-27T19:19:58+03:00,1,https://kkgtk.kg/wp-content/uploads/2024/04/Ts48C3dMj45PQvm.pdf,https://kkgtk.kg/wp-content/uploads/2024/04/Ts48C3dMj45PQvm.pdf/,ТТК. Устройство железобетонной монолитной подпорной стенки,yandex-api-Q000101.jsonl,live_yandex_organic
Q000101,подпорная стенка из бетона,S6,commercial_research,Yaroslavl,desktop,2026-08-27T19:19:58+03:00,2,https://www.avito.ru/all/remont_i_stroitelstvo/stroymaterialy-ASgBAgICAURYoAI?q=%D0%B1%D0%BB%D0%BE%D0%BA+%D0%BF%D0%BE%D0%B4%D0%BF%D0%BE%D1%80%D0%BD%D0%BE%D0%B9+%D1%81%D1%82%D0%B5%D0%BD%D1%8B,https://avito.ru/all/remont_i_stroitelstvo/stroymaterialy-ASgBAgICAURYoAI/,блок подпорной стены - Купить стройматериалы ‍ во... | Авито,yandex-api-Q000101.jsonl,live_yandex_organic
Q000101,подпорная стенка из бетона,S6,commercial_research,Yaroslavl,desktop,2026-08-27T19:19:58+03:00,3,https://gabionpro.ru/articles/betonnye-podpornye-stenki,https://gabionpro.ru/articles/betonnye-podpornye-stenki/,Бетонные подпорные стенки. Толстостенные и тонкостенные,yandex-api-Q000101.jsonl,live_yandex_organic
Q000101,подпорная стенка из бетона,S6,commercial_research,Yaroslavl,desktop,2026-08-27T19:19:58+03:00,4,https://mosobltrotuar.ru/uslugi/ustroystvo-podpornykh-sten-na-uchastke/,https://mosobltrotuar.ru/uslugi/ustroystvo-podpornykh-sten-na-uchastke/,Подпорная стена из бетона и блоков на участке с доступной...,yandex-api-Q000101.jsonl,live_yandex_organic
Q000101,подпорная стенка из бетона,S6,commercial_research,Yaroslavl,desktop,2026-08-27T19:19:58+03:00,5,https://edencraft.ru/service/betonnye-podpornye-stenki/,https://edencraft.ru/service/betonnye-podpornye-stenki/,Подпорные стенки из бетона - цена в Москве и МО,yandex-api-Q000101.jsonl,live_yandex_organic
Q000101,подпорная стенка из бетона,S6,commercial_research,Yaroslavl,desktop,2026-08-27T19:19:58+03:00,6,https://landshaftniy-dizayn.ru/vse-stati/podpornye-stenki-na-uchastke-s-uklonom-materialy-konstruktsii-i-primery/,https://landshaftniy-dizayn.ru/vse-stati/podpornye-stenki-na-uchastke-s-uklonom-materialy-konstruktsii-i-primery/,Подпорная стена на уклоне: толщина по высоте и 7 материалов,yandex-api-Q000101.jsonl,live_yandex_organic
Q000101,подпорная стенка из бетона,S6,commercial_research,Yaroslavl,desktop,2026-08-27T19:19:58+03:00,7,https://stroy.telos76.ru/blog/podpornaya-stenka-na-uchastke/,https://stroy.telos76.ru/blog/podpornaya-stenka-na-uchastke/,Подпорная стенка: расчёт и строительство 2026 | Ярославль,yandex-api-Q000101.jsonl,live_yandex_organic
Q000101,подпорная стенка из бетона,S6,commercial_research,Yaroslavl,desktop,2026-08-27T19:19:58+03:00,8,https://www.botanichka.ru/article/kak-krasivo-zonirovat-uchastok-podpornye-stenki-v-dizajne-sada/,https://botanichka.ru/article/kak-krasivo-zonirovat-uchastok-podpornye-stenki-v-dizajne-sada/,Как красиво зонировать участок — подпорные стенки в дизайне...,yandex-api-Q000101.jsonl,live_yandex_organic
Q000101,подпорная стенка из бетона,S6,commercial_research,Yaroslavl,desktop,2026-08-27T19:19:58+03:00,9,https://grillit.store/,https://grillit.store/,"Подпорные стенки купить в Москве, цены на бетонные... | Grillit",yandex-api-Q000101.jsonl,live_yandex_organic
Q000101,подпорная стенка из бетона,S6,commercial_research,Yaroslavl,desktop,2026-08-27T19:19:58+03:00,10,https://m-strana.ru/articles/kak-sdelat-podpornuyu-stenku/,https://m-strana.ru/articles/kak-sdelat-podpornuyu-stenku/,"Как сделать подпорную стенку из кирпича, бетона или камней на...",yandex-api-Q000101.jsonl,live_yandex_organic
Q000102,подпорная стенка из блоков,S6,commercial_research,Yaroslavl,desktop,2026-08-27T19:19:58+03:00,1,https://www.avito.ru/all/remont_i_stroitelstvo/stroymaterialy-ASgBAgICAURYoAI?q=%D0%B1%D0%BB%D0%BE%D0%BA+%D0%BF%D0%BE%D0%B4%D0%BF%D0%BE%D1%80%D0%BD%D0%BE%D0%B9+%D1%81%D1%82%D0%B5%D0%BD%D1%8B,https://avito.ru/all/remont_i_stroitelstvo/stroymaterialy-ASgBAgICAURYoAI/,блок подпорной стены - Купить стройматериалы ‍ во... | Авито,yandex-api-Q000102.jsonl,live_yandex_organic
Q000102,подпорная стенка из блоков,S6,commercial_research,Yaroslavl,desktop,2026-08-27T19:19:58+03:00,2,https://ru.wikihow.com/%D0%BF%D0%BE%D1%81%D1%82%D1%80%D0%BE%D0%B8%D1%82%D1%8C-%D0%BF%D0%BE%D0%B4%D0%BF%D0%BE%D1%80%D0%BD%D1%83%D1%8E-%D1%81%D1%82%D0%B5%D0%BD%D1%83-%D0%B8%D0%B7-%D0%B1%D0%B5%D1%82%D0%BE%D0%BD%D0%BD%D1%8B%D1%85-%D0%B1%D0%BB%D0%BE%D0%BA%D0%BE%D0%B2,https://ru.wikihow.com/%D0%BF%D0%BE%D1%81%D1%82%D1%80%D0%BE%D0%B8%D1%82%D1%8C-%D0%BF%D0%BE%D0%B4%D0%BF%D0%BE%D1%80%D0%BD%D1%83%D1%8E-%D1%81%D1%82%D0%B5%D0%BD%D1%83-%D0%B8%D0%B7-%D0%B1%D0%B5%D1%82%D0%BE%D0%BD%D0%BD%D1%8B%D1%85-%D0%B1%D0%BB%D0%BE%D0%BA%D0%BE%D0%B2/,Как построить подпорную стену из бетонных блоков,yandex-api-Q000102.jsonl,live_yandex_organic
Q000102,подпорная стенка из блоков,S6,commercial_research,Yaroslavl,desktop,2026-08-27T19:19:58+03:00,3,https://dzen.ru/a/aF5GgXOlqx1GwuxH,https://dzen.ru/a/aF5GgXOlqx1GwuxH/,"Подпорная стена из блоков. Как делать, фото и видео | Дзен",yandex-api-Q000102.jsonl,live_yandex_organic
Q000102,подпорная стенка из блоков,S6,commercial_research,Yaroslavl,desktop,2026-08-27T19:19:58+03:00,4,https://landshaftniy-dizayn.ru/vse-stati/podpornye-stenki-na-uchastke-s-uklonom-materialy-konstruktsii-i-primery/,https://landshaftniy-dizayn.ru/vse-stati/podpornye-stenki-na-uchastke-s-uklonom-materialy-konstruktsii-i-primery/,Подпорная стена на уклоне: толщина по высоте и 7 материалов,yandex-api-Q000102.jsonl,live_yandex_organic
Q000102,подпорная стенка из блоков,S6,commercial_research,Yaroslavl,desktop,2026-08-27T19:19:58+03:00,5,https://grillit.store/,https://grillit.store/,"Подпорные стенки купить в Москве, цены на бетонные... | Grillit",yandex-api-Q000102.jsonl,live_yandex_organic
Q000102,подпорная стенка из блоков,S6,commercial_research,Yaroslavl,desktop,2026-08-27T19:19:58+03:00,6,https://graviblock.ru/,https://graviblock.ru/,Graviblock: блоки для подпорных стен,yandex-api-Q000102.jsonl,live_yandex_organic
Q000102,подпорная стенка из блоков,S6,commercial_research,Yaroslavl,desktop,2026-08-27T19:19:58+03:00,7,https://gabion16.ru/podpornaya-stena-iz-blokov/,https://gabion16.ru/podpornaya-stena-iz-blokov/,"Подпорная стена из ФБС: технология, узлы и чертёж | gabion16.ru",yandex-api-Q000102.jsonl,live_yandex_organic
Q000102,подпорная стенка из блоков,S6,commercial_research,Yaroslavl,desktop,2026-08-27T19:19:58+03:00,8,https://tr-page.yandex.ru/translate?lang=en-ru&url=https%3A%2F%2Fwww.wikihow.com%2FConstruct-a-Block-Retaining-Wall,https://tr-page.yandex.ru/translate/,Как построить подпорную стенку из блоков: 14 шагов...,yandex-api-Q000102.jsonl,live_yandex_organic
Q000102,подпорная стенка из блоков,S6,commercial_research,Yaroslavl,desktop,2026-08-27T19:19:58+03:00,9,https://mosobltrotuar.ru/uslugi/ustroystvo-podpornykh-sten-na-uchastke/,https://mosobltrotuar.ru/uslugi/ustroystvo-podpornykh-sten-na-uchastke/,Подпорная стена из бетона и блоков на участке с доступной...,yandex-api-Q000102.jsonl,live_yandex_organic
Q000102,подпорная стенка из блоков,S6,commercial_research,Yaroslavl,desktop,2026-08-27T19:19:58+03:00,10,https://rutube.ru/video/ce40c91095fe526bf414dbddc502fef1/,https://rutube.ru/video/ce40c91095fe526bf414dbddc502fef1/,Как можно сделать подпорную стенку из блоков на участке.,yandex-api-Q000102.jsonl,live_yandex_organic
Q000103,подпорная стенка из габионов,S6,commercial_research,Yaroslavl,desktop,2026-08-27T19:19:58+03:00,1,https://gabionpro.ru/articles/podpornye-steny-iz-gabionov-kak-proektirovat,https://gabionpro.ru/articles/podpornye-steny-iz-gabionov-kak-proektirovat/,Проектирование подпорных стен из габионов | Статьи,yandex-api-Q000103.jsonl,live_yandex_organic
Q000103,подпорная стенка из габионов,S6,commercial_research,Yaroslavl,desktop,2026-08-27T19:19:58+03:00,2,https://dzen.ru/a/Y5grclyolRJIlJ4v,https://dzen.ru/a/Y5grclyolRJIlJ4v/,"Подпорная стена из габионов — это или дорого, или не... | Дзен",yandex-api-Q000103.jsonl,live_yandex_organic
Q000103,подпорная стенка из габионов,S6,commercial_research,Yaroslavl,desktop,2026-08-27T19:19:58+03:00,3,https://gabion.pro/technology,https://gabion.pro/technology/,Технология изготовления подпорных стен из габиона,yandex-api-Q000103.jsonl,live_yandex_organic
Q000103,подпорная стенка из габионов,S6,commercial_research,Yaroslavl,desktop,2026-08-27T19:19:58+03:00,4,https://georex.ru/cat_resh/gabiony-na-uchastke-s-uklonom-kogda-eto-nadezhno-a-kogda-luchshe-ne-riskovat/,https://georex.ru/cat_resh/gabiony-na-uchastke-s-uklonom-kogda-eto-nadezhno-a-kogda-luchshe-ne-riskovat/,Подпорная стенка из габионов на участке с уклоном: когда это...,yandex-api-Q000103.jsonl,live_yandex_organic
Q000103,подпорная стенка из габионов,S6,commercial_research,Yaroslavl,desktop,2026-08-27T19:19:58+03:00,5,https://don-gabion.ru/podpornaya-stenka-iz-gabiona-tekhnologiya,https://don-gabion.ru/podpornaya-stenka-iz-gabiona-tekhnologiya/,Подпорная стенка из коробчатого габиона... | Don Gabion,yandex-api-Q000103.jsonl,live_yandex_organic
Q000103,подпорная стенка из габионов,S6,commercial_research,Yaroslavl,desktop,2026-08-27T19:19:58+03:00,6,https://topgabion.ru/podpornaya-stenka-iz-gabionov/,https://topgabion.ru/podpornaya-stenka-iz-gabionov/,Подпорная Стенка из Габионов цена от производителя СПб,yandex-api-Q000103.jsonl,live_yandex_organic
Q000103,подпорная стенка из габионов,S6,commercial_research,Yaroslavl,desktop,2026-08-27T19:19:58+03:00,7,https://greenartstudio.ru/articles/blagoustroystvo/podpornye-stenki-i-gabiony-ot-inzhenerii-do-dizayna/,https://greenartstudio.ru/articles/blagoustroystvo/podpornye-stenki-i-gabiony-ot-inzhenerii-do-dizayna/,Подпорные стенки и габионы: инженерные решения 2026,yandex-api-Q000103.jsonl,live_yandex_organic
Q000103,подпорная стенка из габионов,S6,commercial_research,Yaroslavl,desktop,2026-08-27T19:19:58+03:00,8,https://topgabion.ru/podpornaya-stena-iz-gabionov/,https://topgabion.ru/podpornaya-stena-iz-gabionov/,Подпорная стена из габионов - Габионы от производителя,yandex-api-Q000103.jsonl,live_yandex_organic
Q000103,подпорная стенка из габионов,S6,commercial_research,Yaroslavl,desktop,2026-08-27T19:19:58+03:00,9,https://geotextilefactory.ru/articles/setchatye-izdeliya/nadyezhnye-podpornye-steny-iz-gabionov-konstruktsiya-raschyet-i-montazh/,https://geotextilefactory.ru/articles/setchatye-izdeliya/nadyezhnye-podpornye-steny-iz-gabionov-konstruktsiya-raschyet-i-montazh/,Подпорные стены из габионов: принципы расчета и технологии...,yandex-api-Q000103.jsonl,live_yandex_organic
Q000103,подпорная стенка из габионов,S6,commercial_research,Yaroslavl,desktop,2026-08-27T19:19:58+03:00,10,https://geo-market.ru/blog/primenenie-materialov/podpornye-steny-iz-gabionov/,https://geo-market.ru/blog/primenenie-materialov/podpornye-steny-iz-gabionov/,Подпорные стены из габионов | Геомаркет | Статьи,yandex-api-Q000103.jsonl,live_yandex_organic
Q000104,подпорная стенка на участке,S6,commercial_research,Yaroslavl,desktop,2026-08-27T19:19:58+03:00,1,https://stroy.telos76.ru/blog/podpornaya-stenka-na-uchastke/,https://stroy.telos76.ru/blog/podpornaya-stenka-na-uchastke/,Подпорная стенка: расчёт и строительство 2026 | Ярославль,yandex-api-Q000104.jsonl,live_yandex_organic
Q000104,подпорная стенка на участке,S6,commercial_research,Yaroslavl,desktop,2026-08-27T19:19:58+03:00,2,https://dzen.ru/a/ahJzSBUdvlFXqS0m,https://dzen.ru/a/ahJzSBUdvlFXqS0m/,"Подпорные стенки на участке: как укрепить склон, создать... | Дзен",yandex-api-Q000104.jsonl,live_yandex_organic
Q000104,подпорная стенка на участке,S6,commercial_research,Yaroslavl,desktop,2026-08-27T19:19:58+03:00,3,https://m-strana.ru/articles/kak-sdelat-podpornuyu-stenku/,https://m-strana.ru/articles/kak-sdelat-podpornuyu-stenku/,"Как сделать подпорную стенку из кирпича, бетона или камней на...",yandex-api-Q000104.jsonl,live_yandex_organic
Q000104,подпорная стенка на участке,S6,commercial_research,Yaroslavl,desktop,2026-08-27T19:19:58+03:00,4,https://www.botanichka.ru/article/kak-krasivo-zonirovat-uchastok-podpornye-stenki-v-dizajne-sada/,https://botanichka.ru/article/kak-krasivo-zonirovat-uchastok-podpornye-stenki-v-dizajne-sada/,Как красиво зонировать участок — подпорные стенки в дизайне...,yandex-api-Q000104.jsonl,live_yandex_organic
Q000104,подпорная стенка на участке,S6,commercial_research,Yaroslavl,desktop,2026-08-27T19:19:58+03:00,5,https://landshaftniy-dizayn.ru/vse-stati/podpornye-stenki-na-uchastke-s-uklonom-materialy-konstruktsii-i-primery/,https://landshaftniy-dizayn.ru/vse-stati/podpornye-stenki-na-uchastke-s-uklonom-materialy-konstruktsii-i-primery/,Подпорная стена на уклоне: толщина по высоте и 7 материалов,yandex-api-Q000104.jsonl,live_yandex_organic
Q000104,подпорная стенка на участке,S6,commercial_research,Yaroslavl,desktop,2026-08-27T19:19:58+03:00,6,https://greenartstudio.ru/articles/blagoustroystvo/podpornye-stenki-i-gabiony-ot-inzhenerii-do-dizayna/,https://greenartstudio.ru/articles/blagoustroystvo/podpornye-stenki-i-gabiony-ot-inzhenerii-do-dizayna/,Подпорные стенки и габионы: инженерные решения 2026,yandex-api-Q000104.jsonl,live_yandex_organic
Q000104,подпорная стенка на участке,S6,commercial_research,Yaroslavl,desktop,2026-08-27T19:19:58+03:00,7,https://room-gpt.ru/blog/podpornye-stenki-na-uchastke-materialy-i-konstrukcii,https://room-gpt.ru/blog/podpornye-stenki-na-uchastke-materialy-i-konstrukcii/,"Подпорные стенки: материалы, цены и своими руками | RoomGPT",yandex-api-Q000104.jsonl,live_yandex_organic
Q000104,подпорная стенка на участке,S6,commercial_research,Yaroslavl,desktop,2026-08-27T19:19:58+03:00,8,https://planistroy.ru/blog/article/podpornaya-stenka-na-uchastke,https://planistroy.ru/blog/article/podpornaya-stenka-na-uchastke/,Блог Планистрой - Подпорная стенка на участке,yandex-api-Q000104.jsonl,live_yandex_organic
Q000104,подпорная стенка на участке,S6,commercial_research,Yaroslavl,desktop,2026-08-27T19:19:58+03:00,9,https://dzen.ru/a/acT7blVorWZx05St,https://dzen.ru/a/acT7blVorWZx05St/,Подпорные стенки на участке с уклоном: из чего сделать... | Дзен,yandex-api-Q000104.jsonl,live_yandex_organic
Q000104,подпорная стенка на участке,S6,commercial_research,Yaroslavl,desktop,2026-08-27T19:19:58+03:00,10,https://ru.wikihow.com/%D0%BF%D0%BE%D1%81%D1%82%D1%80%D0%BE%D0%B8%D1%82%D1%8C-%D0%BF%D0%BE%D0%B4%D0%BF%D0%BE%D1%80%D0%BD%D1%83%D1%8E-%D1%81%D1%82%D0%B5%D0%BD%D1%83,https://ru.wikihow.com/%D0%BF%D0%BE%D1%81%D1%82%D1%80%D0%BE%D0%B8%D1%82%D1%8C-%D0%BF%D0%BE%D0%B4%D0%BF%D0%BE%D1%80%D0%BD%D1%83%D1%8E-%D1%81%D1%82%D0%B5%D0%BD%D1%83/,Как построить подпорную стену (с иллюстрациями),yandex-api-Q000104.jsonl,live_yandex_organic
Q000105,строительство подпорной стенки рыбинск,S6,transactional,Yaroslavl,desktop,2026-08-27T19:19:58+03:00,1,https://rybinsk.mslandshaft.ru/catalog/podpornaya-stena-pod-klyuch/,https://rybinsk.mslandshaft.ru/catalog/podpornaya-stena-pod-klyuch/,Подпорная стенка из бетона под ключ в Рыбинске | Ландшафт...,yandex-api-Q000105.jsonl,live_yandex_organic
Q000105,строительство подпорной стенки рыбинск,S6,transactional,Yaroslavl,desktop,2026-08-27T19:19:58+03:00,2,https://exp76.ru/services/podpornye-stenki/,https://exp76.ru/services/podpornye-stenki/,Подпорные стенки в Рыбинске и Ярославкой области,yandex-api-Q000105.jsonl,live_yandex_organic
Q000105,строительство подпорной стенки рыбинск,S6,transactional,Yaroslavl,desktop,2026-08-27T19:19:58+03:00,3,https://rybinsk.topsadovnik.ru/ustrojstvo-podpornyh-stenok,https://rybinsk.topsadovnik.ru/ustrojstvo-podpornyh-stenok/,Устройство подпорных стенок в Рыбинске от 729 руб....,yandex-api-Q000105.jsonl,live_yandex_organic
Q000105,строительство подпорной стенки рыбинск,S6,transactional,Yaroslavl,desktop,2026-08-27T19:19:58+03:00,4,https://rybinsk.stplitka.ru/stroitelstvo-podpornoj-stenki-iz-betona,https://rybinsk.stplitka.ru/stroitelstvo-podpornoj-stenki-iz-betona/,Подпорная стенка из бетона под ключ в Рыбинске - стоимость от...,yandex-api-Q000105.jsonl,live_yandex_organic
Q000105,строительство подпорной стенки рыбинск,S6,transactional,Yaroslavl,desktop,2026-08-27T19:19:58+03:00,5,https://www.avito.ru/yaroslavskaya_oblast/predlozheniya_uslug?q=%D0%BF%D0%BE%D0%B4%D0%BF%D0%BE%D1%80%D0%BD%D0%B0%D1%8F+%D1%81%D1%82%D0%B5%D0%BD%D0%B0,https://avito.ru/yaroslavskaya_oblast/predlozheniya_uslug/,подпорная стена в Ярославской области - цены и отзывы,yandex-api-Q000105.jsonl,live_yandex_organic
Q000105,строительство подпорной стенки рыбинск,S6,transactional,Yaroslavl,desktop,2026-08-27T19:19:58+03:00,6,https://rybinsk.stplitka.ru/obustrojstvo-podpornoj-stenki-na-uchastke,https://rybinsk.stplitka.ru/obustrojstvo-podpornoj-stenki-na-uchastke/,Подпорная стенка на участке: обустройство от 781 руб....,yandex-api-Q000105.jsonl,live_yandex_organic
Q000105,строительство подпорной стенки рыбинск,S6,transactional,Yaroslavl,desktop,2026-08-27T19:19:58+03:00,7,https://rybinsk.blago-s.ru/catalog/podpornaya-stena-pod-klyuch/,https://rybinsk.blago-s.ru/catalog/podpornaya-stena-pod-klyuch/,Подпорная стенка в Рыбинске — цена и работы под ключ,yandex-api-Q000105.jsonl,live_yandex_organic
Q000105,строительство подпорной стенки рыбинск,S6,transactional,Yaroslavl,desktop,2026-08-27T19:19:58+03:00,8,https://rybinsk.stplitka.ru/ustanovka-podpornoj-stenki,https://rybinsk.stplitka.ru/ustanovka-podpornoj-stenki/,Установка подпорной стенки в Рыбинске: качество и цена от...,yandex-api-Q000105.jsonl,live_yandex_organic
Q000105,строительство подпорной стенки рыбинск,S6,transactional,Yaroslavl,desktop,2026-08-27T19:19:58+03:00,9,https://rybinsk.gbistroj.ru/stroitelstvo-podpornykh-sten,https://rybinsk.gbistroj.ru/stroitelstvo-podpornykh-sten/,Строительство подпорных стен в Рыбинске – Монтаж...,yandex-api-Q000105.jsonl,live_yandex_organic
Q000105,строительство подпорной стенки рыбинск,S6,transactional,Yaroslavl,desktop,2026-08-27T19:19:58+03:00,10,https://rybinsk.stplitka.ru/ustrojstvo-podpornoj-stenki-iz-gabionov,https://rybinsk.stplitka.ru/ustrojstvo-podpornoj-stenki-iz-gabionov/,Подпорная стенка из габионов: цена от 3643 руб. в Рыбинске...,yandex-api-Q000105.jsonl,live_yandex_organic
Q000106,устройство подпорной стенки,S6,transactional,Yaroslavl,desktop,2026-08-27T19:19:58+03:00,1,https://kkgtk.kg/wp-content/uploads/2024/04/Ts48C3dMj45PQvm.pdf,https://kkgtk.kg/wp-content/uploads/2024/04/Ts48C3dMj45PQvm.pdf/,ТТК. Устройство железобетонной монолитной подпорной стенки,yandex-api-Q000106.jsonl,live_yandex_organic
Q000106,устройство подпорной стенки,S6,transactional,Yaroslavl,desktop,2026-08-27T19:19:58+03:00,2,https://stroy.telos76.ru/blog/podpornaya-stenka-na-uchastke/,https://stroy.telos76.ru/blog/podpornaya-stenka-na-uchastke/,Подпорная стенка: расчёт и строительство 2026 | Ярославль,yandex-api-Q000106.jsonl,live_yandex_organic
Q000106,устройство подпорной стенки,S6,transactional,Yaroslavl,desktop,2026-08-27T19:19:58+03:00,3,https://m-strana.ru/articles/kak-sdelat-podpornuyu-stenku/,https://m-strana.ru/articles/kak-sdelat-podpornuyu-stenku/,"Как сделать подпорную стенку из кирпича, бетона или камней на...",yandex-api-Q000106.jsonl,live_yandex_organic
Q000106,устройство подпорной стенки,S6,transactional,Yaroslavl,desktop,2026-08-27T19:19:58+03:00,4,https://landshaftniy-dizayn.ru/vse-stati/podpornye-stenki-na-uchastke-s-uklonom-materialy-konstruktsii-i-primery/,https://landshaftniy-dizayn.ru/vse-stati/podpornye-stenki-na-uchastke-s-uklonom-materialy-konstruktsii-i-primery/,Подпорная стена на уклоне: толщина по высоте и 7 материалов,yandex-api-Q000106.jsonl,live_yandex_organic
Q000106,устройство подпорной стенки,S6,transactional,Yaroslavl,desktop,2026-08-27T19:19:58+03:00,5,https://mosobltrotuar.ru/uslugi/ustroystvo-podpornykh-sten-na-uchastke/,https://mosobltrotuar.ru/uslugi/ustroystvo-podpornykh-sten-na-uchastke/,Подпорная стена из бетона и блоков на участке с доступной...,yandex-api-Q000106.jsonl,live_yandex_organic
Q000106,устройство подпорной стенки,S6,transactional,Yaroslavl,desktop,2026-08-27T19:19:58+03:00,6,https://room-gpt.ru/blog/podpornye-stenki-na-uchastke-materialy-i-konstrukcii,https://room-gpt.ru/blog/podpornye-stenki-na-uchastke-materialy-i-konstrukcii/,"Подпорные стенки: материалы, цены и своими руками | RoomGPT",yandex-api-Q000106.jsonl,live_yandex_organic
Q000106,устройство подпорной стенки,S6,transactional,Yaroslavl,desktop,2026-08-27T19:19:58+03:00,7,https://konturland.ru/articles/ustroystvo_podpornyh_stenok,https://konturland.ru/articles/ustroystvo_podpornyh_stenok/,Устройство подпорных стенок | Статьи,yandex-api-Q000106.jsonl,live_yandex_organic
Q000106,устройство подпорной стенки,S6,transactional,Yaroslavl,desktop,2026-08-27T19:19:58+03:00,8,https://ru.wikihow.com/%D0%BF%D0%BE%D1%81%D1%82%D1%80%D0%BE%D0%B8%D1%82%D1%8C-%D0%BF%D0%BE%D0%B4%D0%BF%D0%BE%D1%80%D0%BD%D1%83%D1%8E-%D1%81%D1%82%D0%B5%D0%BD%D1%83,https://ru.wikihow.com/%D0%BF%D0%BE%D1%81%D1%82%D1%80%D0%BE%D0%B8%D1%82%D1%8C-%D0%BF%D0%BE%D0%B4%D0%BF%D0%BE%D1%80%D0%BD%D1%83%D1%8E-%D1%81%D1%82%D0%B5%D0%BD%D1%83/,Как построить подпорную стену (с иллюстрациями),yandex-api-Q000106.jsonl,live_yandex_organic
Q000106,устройство подпорной стенки,S6,transactional,Yaroslavl,desktop,2026-08-27T19:19:58+03:00,9,https://planistroy.ru/blog/article/podpornaya-stenka-na-uchastke,https://planistroy.ru/blog/article/podpornaya-stenka-na-uchastke/,Блог Планистрой - Подпорная стенка на участке,yandex-api-Q000106.jsonl,live_yandex_organic
Q000106,устройство подпорной стенки,S6,transactional,Yaroslavl,desktop,2026-08-27T19:19:58+03:00,10,https://dzen.ru/a/acT7blVorWZx05St,https://dzen.ru/a/acT7blVorWZx05St/,Подпорные стенки на участке с уклоном: из чего сделать... | Дзен,yandex-api-Q000106.jsonl,live_yandex_organic
Q000107,ландшафтное освещение,S7,commercial_research,Yaroslavl,desktop,2026-08-27T19:19:58+03:00,1,https://www.ozon.ru/category/landshaftnyy-svetilnik/,https://ozon.ru/category/landshaftnyy-svetilnik/,Ландшафтный светильник купить на OZON по низкой цене,yandex-api-Q000107.jsonl,live_yandex_organic
Q000107,ландшафтное освещение,S7,commercial_research,Yaroslavl,desktop,2026-08-27T19:19:58+03:00,2,https://www.centersvet.ru/catalog/landscape_luminaires/,https://centersvet.ru/catalog/landscape_luminaires/,Центрсвет Ландшафтный светильник - купить уличные садовые...,yandex-api-Q000107.jsonl,live_yandex_organic
Q000107,ландшафтное освещение,S7,commercial_research,Yaroslavl,desktop,2026-08-27T19:19:58+03:00,3,https://www.vseinstrumenti.ru/tag-page/landshaftnye-sadovo-parkovye-svetilniki-40624/,https://vseinstrumenti.ru/tag-page/landshaftnye-sadovo-parkovye-svetilniki-40624/,Ландшафтные садово-парковые светильники купить: выгодные...,yandex-api-Q000107.jsonl,live_yandex_organic
Q000107,ландшафтное освещение,S7,commercial_research,Yaroslavl,desktop,2026-08-27T19:19:58+03:00,4,https://elementsv.ru/category/-landshaftnoe-i-fasadnoe-osveshenie/,https://elementsv.ru/category/-landshaftnoe-i-fasadnoe-osveshenie/,Ландшафтные и фасадные светильники | Купить в «Элемент света»,yandex-api-Q000107.jsonl,live_yandex_organic
Q000107,ландшафтное освещение,S7,commercial_research,Yaroslavl,desktop,2026-08-27T19:19:58+03:00,5,https://www.vseinstrumenti.ru/publication/kak-gramotno-sdelat-landshaftnoe-osveschenie-uchastka-4852/,https://vseinstrumenti.ru/publication/kak-gramotno-sdelat-landshaftnoe-osveschenie-uchastka-4852/,Как грамотно сделать ландшафтное освещение участка...,yandex-api-Q000107.jsonl,live_yandex_organic
Q000107,ландшафтное освещение,S7,commercial_research,Yaroslavl,desktop,2026-08-27T19:19:58+03:00,6,https://donplafon.ru/catalog/ulichnoe-osveshenie/landshaftnye/,https://donplafon.ru/catalog/ulichnoe-osveshenie/landshaftnye/,Ландшафтные светильники - купить Ландшафтный светильник...,yandex-api-Q000107.jsonl,live_yandex_organic
Q000107,ландшафтное освещение,S7,commercial_research,Yaroslavl,desktop,2026-08-27T19:19:58+03:00,7,https://www.vseinstrumenti.ru/tag-page/landshaftnye-svetilniki-dlya-podsvetki-derevev-1028096/,https://vseinstrumenti.ru/tag-page/landshaftnye-svetilniki-dlya-podsvetki-derevev-1028096/,Ландшафтные светильники для подсветки деревьев купить...,yandex-api-Q000107.jsonl,live_yandex_organic
Q000107,ландшафтное освещение,S7,commercial_research,Yaroslavl,desktop,2026-08-27T19:19:58+03:00,8,https://www.vseinstrumenti.ru/category/sadovo-parkovye-svetilniki-4475/,https://vseinstrumenti.ru/category/sadovo-parkovye-svetilniki-4475/,Уличные светильники садово-парковые купить по выгодным ценам...,yandex-api-Q000107.jsonl,live_yandex_organic
Q000107,ландшафтное освещение,S7,commercial_research,Yaroslavl,desktop,2026-08-27T19:19:58+03:00,9,https://www.vamsvet.ru/catalog/section/eksterernoe_osveshchenie_landshaftnye/,https://vamsvet.ru/catalog/section/eksterernoe_osveshchenie_landshaftnye/,Ландшафтные светильники  — купить ландшафтные...,yandex-api-Q000107.jsonl,live_yandex_organic
Q000107,ландшафтное освещение,S7,commercial_research,Yaroslavl,desktop,2026-08-27T19:19:58+03:00,10,https://lu.ru/po_naznacheniyu/landshaftnye/,https://lu.ru/po_naznacheniyu/landshaftnye/,Ландшафтные светильники - купить... | Интернет магазин Lu.ru,yandex-api-Q000107.jsonl,live_yandex_organic
Q000108,ландшафтное освещение ярославль,S7,commercial_research,Yaroslavl,desktop,2026-08-27T19:19:58+03:00,1,https://www.ozon.ru/category/landshaftnye-svetilniki-led/,https://ozon.ru/category/landshaftnye-svetilniki-led/,Ландшафтные светильники LED купить на OZON по низкой цене,yandex-api-Q000108.jsonl,live_yandex_organic
Q000108,ландшафтное освещение ярославль,S7,commercial_research,Yaroslavl,desktop,2026-08-27T19:19:58+03:00,2,https://yaroslavl.ledperm.ru/catalogue/cat/landshaftnoe-led-osveshchenie/,https://yaroslavl.ledperm.ru/catalogue/cat/landshaftnoe-led-osveshchenie/,Ландшафтное LED освещение в Ярославле,yandex-api-Q000108.jsonl,live_yandex_organic
Q000108,ландшафтное освещение ярославль,S7,commercial_research,Yaroslavl,desktop,2026-08-27T19:19:58+03:00,3,https://landshaftniy-dizayn.ru/region/yaroslavl/inzhenernye-kommunikatsii/landshaftnoe-osveshchenie/,https://landshaftniy-dizayn.ru/region/yaroslavl/inzhenernye-kommunikatsii/landshaftnoe-osveshchenie/,Ландшафтное освещение участка в Ярославле под ключ,yandex-api-Q000108.jsonl,live_yandex_organic
Q000108,ландшафтное освещение ярославль,S7,commercial_research,Yaroslavl,desktop,2026-08-27T19:19:58+03:00,4,https://www.vseinstrumenti.ru/tag-page/landshaftnye-sadovo-parkovye-svetilniki-40624/,https://vseinstrumenti.ru/tag-page/landshaftnye-sadovo-parkovye-svetilniki-40624/,Ландшафтные садово-парковые светильники купить: выгодные...,yandex-api-Q000108.jsonl,live_yandex_organic
Q000108,ландшафтное освещение ярославль,S7,commercial_research,Yaroslavl,desktop,2026-08-27T19:19:58+03:00,5,https://yaroslavl.mslandshaft.ru/catalog/proektirovanie-osveshcheniya/,https://yaroslavl.mslandshaft.ru/catalog/proektirovanie-osveshcheniya/,Ландшафтное освещение: проект и монтаж в Ярославле,yandex-api-Q000108.jsonl,live_yandex_organic
Q000108,ландшафтное освещение ярославль,S7,commercial_research,Yaroslavl,desktop,2026-08-27T19:19:58+03:00,6,https://yaroslavl.petrovich.ru/catalog/285396003/,https://yaroslavl.petrovich.ru/catalog/285396003/,Садовое освещение - купить в Ярославле по цене от 445₽,yandex-api-Q000108.jsonl,live_yandex_organic
Q000108,ландшафтное освещение ярославль,S7,commercial_research,Yaroslavl,desktop,2026-08-27T19:19:58+03:00,7,https://yaroslavl.lemanapro.ru/catalogue/landshaftnye-svetilniki/,https://yaroslavl.lemanapro.ru/catalogue/landshaftnye-svetilniki/,Ландшафтные светильники купить в Ярославле недорого - цены...,yandex-api-Q000108.jsonl,live_yandex_organic
Q000108,ландшафтное освещение ярославль,S7,commercial_research,Yaroslavl,desktop,2026-08-27T19:19:58+03:00,8,https://yaroslavl.blago-s.ru/catalog/montazh-landshaftnogo-osveshcheniya/,https://yaroslavl.blago-s.ru/catalog/montazh-landshaftnogo-osveshcheniya/,Ландшафтное освещение: проект и монтаж в Ярославле — цена...,yandex-api-Q000108.jsonl,live_yandex_organic
Q000108,ландшафтное освещение ярославль,S7,commercial_research,Yaroslavl,desktop,2026-08-27T19:19:58+03:00,9,https://www.avito.ru/yaroslavl?q=%D0%BB%D0%B0%D0%BD%D0%B4%D1%88%D0%B0%D1%84%D1%82%D0%BD%D0%BE%D0%B5+%D0%BE%D1%81%D0%B2%D0%B5%D1%89%D0%B5%D0%BD%D0%B8%D0%B5,https://avito.ru/yaroslavl/,ландшафтное освещение - Авито | Объявления в Ярославле...,yandex-api-Q000108.jsonl,live_yandex_organic
Q000108,ландшафтное освещение ярославль,S7,commercial_research,Yaroslavl,desktop,2026-08-27T19:19:58+03:00,10,https://filsad.ru/services/landshaftnoe-osveshhenie/,https://filsad.ru/services/landshaftnoe-osveshhenie/,Ландшафтное освещение в Ярославле — Философия сада,yandex-api-Q000108.jsonl,live_yandex_organic
Q000109,монтаж освещения участка рыбинск,S7,transactional,Yaroslavl,desktop,2026-08-27T19:19:58+03:00,1,https://exp76.ru/services/ulichnoe-osveshhenie-uchastka/,https://exp76.ru/services/ulichnoe-osveshhenie-uchastka/,Уличное освещение участка в Рыбинске и Ярославской области,yandex-api-Q000109.jsonl,live_yandex_organic
Q000109,монтаж освещения участка рыбинск,S7,transactional,Yaroslavl,desktop,2026-08-27T19:19:58+03:00,2,https://www.avito.ru/rybinsk/predlozheniya_uslug?q=%D0%B1%D0%BB%D0%B0%D0%B3%D0%BE%D1%83%D1%81%D1%82%D1%80%D0%BE%D0%B9%D1%81%D1%82%D0%B2%D0%BE+%D1%83%D1%87%D0%B0%D1%81%D1%82%D0%BA%D0%B0,https://avito.ru/rybinsk/predlozheniya_uslug/,благоустройство участка в Рыбинске - цены и отзывы | Услуги на...,yandex-api-Q000109.jsonl,live_yandex_organic
Q000109,монтаж освещения участка рыбинск,S7,transactional,Yaroslavl,desktop,2026-08-27T19:19:58+03:00,3,https://uslugi.yandex.ru/10839-rybinsk/category?text=%D0%A3%D1%81%D1%82%D0%B0%D0%BD%D0%BE%D0%B2%D0%BA%D0%B0%20%D1%83%D0%BB%D0%B8%D1%87%D0%BD%D0%BE%D0%B3%D0%BE%20%D0%BE%D1%81%D0%B2%D0%B5%D1%89%D0%B5%D0%BD%D0%B8%D1%8F%20%D0%BD%D0%B0%20%D1%81%D1%82%D0%BE%D0%BB%D0%B1%D0%B5,https://uslugi.yandex.ru/10839-rybinsk/category/,Установка уличного освещения на столбе в Рыбинске: 103...,yandex-api-Q000109.jsonl,live_yandex_organic
Q000109,монтаж освещения участка рыбинск,S7,transactional,Yaroslavl,desktop,2026-08-27T19:19:58+03:00,4,https://rybinsk.toruda.ru/stroitelstvo/montazh-ulichnogo-osveshenija/,https://rybinsk.toruda.ru/stroitelstvo/montazh-ulichnogo-osveshenija/,Монтаж уличного (наружного) освещения в Рыбинске | Торуда,yandex-api-Q000109.jsonl,live_yandex_organic
Q000109,монтаж освещения участка рыбинск,S7,transactional,Yaroslavl,desktop,2026-08-27T19:19:58+03:00,5,https://uslugi.yandex.ru/10839-rybinsk/landing/%D0%BC%D0%BE%D0%BD%D1%82%D0%B0%D0%B6%20%D1%84%D0%BE%D0%BD%D0%B0%D1%80%D0%B5%D0%B9%20%D1%83%D0%BB%D0%B8%D1%87%D0%BD%D0%BE%D0%B3%D0%BE%20%D0%BE%D1%81%D0%B2%D0%B5%D1%89%D0%B5%D0%BD%D0%B8%D1%8F,https://uslugi.yandex.ru/10839-rybinsk/landing/%D0%BC%D0%BE%D0%BD%D1%82%D0%B0%D0%B6%20%D1%84%D0%BE%D0%BD%D0%B0%D1%80%D0%B5%D0%B9%20%D1%83%D0%BB%D0%B8%D1%87%D0%BD%D0%BE%D0%B3%D0%BE%20%D0%BE%D1%81%D0%B2%D0%B5%D1%89%D0%B5%D0%BD%D0%B8%D1%8F/,Монтаж фонарей уличного освещения в Рыбинске: 107...,yandex-api-Q000109.jsonl,live_yandex_organic
Q000109,монтаж освещения участка рыбинск,S7,transactional,Yaroslavl,desktop,2026-08-27T19:19:58+03:00,6,https://uslugi.yandex.ru/10839-rybinsk/category?text=%D0%A3%D1%81%D1%82%D0%B0%D0%BD%D0%BE%D0%B2%D0%B8%D1%82%D1%8C+%D1%81%D1%82%D0%BE%D0%BB%D0%B1+%D0%BF%D0%BE%D0%B4+%D1%8D%D0%BB%D0%B5%D0%BA%D1%82%D1%80%D0%B8%D1%87%D0%B5%D1%81%D1%82%D0%B2%D0%BE+%D0%BD%D0%B0+%D1%83%D1%87%D0%B0%D1%81%D1%82%D0%BA%D0%B5,https://uslugi.yandex.ru/10839-rybinsk/category/,Установить столб под электричество на участке в Рыбинске: 107...,yandex-api-Q000109.jsonl,live_yandex_organic
Q000109,монтаж освещения участка рыбинск,S7,transactional,Yaroslavl,desktop,2026-08-27T19:19:58+03:00,7,https://www.avito.ru/rybinsk/predlozheniya_uslug?q=%D1%83%D1%81%D1%82%D0%B0%D0%BD%D0%BE%D0%B2%D0%BA%D0%B0+%D0%BE%D0%BF%D0%BE%D1%80+%D0%BB%D1%8D%D0%BF,https://avito.ru/rybinsk/predlozheniya_uslug/,установка опор лэп в Рыбинске - цены и отзывы | Услуги на Авито,yandex-api-Q000109.jsonl,live_yandex_organic
Q000109,монтаж освещения участка рыбинск,S7,transactional,Yaroslavl,desktop,2026-08-27T19:19:58+03:00,8,https://izion.pro/rybinsk/ulichnoe-osveshchenie,https://izion.pro/rybinsk/ulichnoe-osveshchenie/,Уличное освещение для загородных домов и дач в Рыбинске,yandex-api-Q000109.jsonl,live_yandex_organic
Q000109,монтаж освещения участка рыбинск,S7,transactional,Yaroslavl,desktop,2026-08-27T19:19:58+03:00,9,https://rybinsk.mslandshaft.ru/catalog/proektirovanie-osveshcheniya/,https://rybinsk.mslandshaft.ru/catalog/proektirovanie-osveshcheniya/,Ландшафтное освещение: проект и монтаж в Рыбинске,yandex-api-Q000109.jsonl,live_yandex_organic
Q000109,монтаж освещения участка рыбинск,S7,transactional,Yaroslavl,desktop,2026-08-27T19:19:58+03:00,10,https://uslugi.yandex.ru/10839-rybinsk/category?text=%D0%BF%D1%80%D0%BE%D0%B5%D0%BA%D1%82%D0%B8%D1%80%D0%BE%D0%B2%D0%B0%D0%BD%D0%B8%D0%B5%20%D0%BD%D0%B0%D1%80%D1%83%D0%B6%D0%BD%D0%BE%D0%B3%D0%BE%20%D0%BE%D1%81%D0%B2%D0%B5%D1%89%D0%B5%D0%BD%D0%B8%D1%8F,https://uslugi.yandex.ru/10839-rybinsk/category/,Проектирование наружного освещения в Рыбинске: 71...,yandex-api-Q000109.jsonl,live_yandex_organic
Q000110,освещение участка,S7,commercial_research,Yaroslavl,desktop,2026-08-27T19:19:58+03:00,1,https://www.cian.ru/stati-osveschenie-uchastka-vybiraem-svetilniki-i-sostavljaem-shemu-razmeschenija-343532/,https://cian.ru/stati-osveschenie-uchastka-vybiraem-svetilniki-i-sostavljaem-shemu-razmeschenija-343532/,Освещение участка дома: виды светильников и схемы монтажа,yandex-api-Q000110.jsonl,live_yandex_organic
Q000110,освещение участка,S7,commercial_research,Yaroslavl,desktop,2026-08-27T19:19:58+03:00,2,https://hoff.ru/blog/osveschenie-uchastka-idei-podsvetki-chastnogo-doma/,https://hoff.ru/blog/osveschenie-uchastka-idei-podsvetki-chastnogo-doma/,Освещение участка: виды уличных светильников и идеи... | Hoff,yandex-api-Q000110.jsonl,live_yandex_organic
Q000110,освещение участка,S7,commercial_research,Yaroslavl,desktop,2026-08-27T19:19:58+03:00,3,https://stroyprosto.metallprofil.ru/articles/kak-sozdat-idealnoe-landshaftnoe-osveshchenie-do-nachala-blagoustroystva/,https://stroyprosto.metallprofil.ru/articles/kak-sozdat-idealnoe-landshaftnoe-osveshchenie-do-nachala-blagoustroystva/,Ландшафтное освещение: гид по планированию + цены 2026,yandex-api-Q000110.jsonl,live_yandex_organic
Q000110,освещение участка,S7,commercial_research,Yaroslavl,desktop,2026-08-27T19:19:58+03:00,4,https://baucenter.ru/advices/5020042/,https://baucenter.ru/advices/5020042/,Как спланировать освещение на участке и всё учесть - читайте...,yandex-api-Q000110.jsonl,live_yandex_organic
Q000110,освещение участка,S7,commercial_research,Yaroslavl,desktop,2026-08-27T19:19:58+03:00,5,https://znaet.petrovich.ru/blagoustroystvo/landshaft/proektirovanie/instruktsiya/kak-sdelat-osveshchenie-na-uchastke/,https://znaet.petrovich.ru/blagoustroystvo/landshaft/proektirovanie/instruktsiya/kak-sdelat-osveshchenie-na-uchastke/,Как сделать освещение на участке: виды... - «Петрович.Знает»,yandex-api-Q000110.jsonl,live_yandex_organic
Q000110,освещение участка,S7,commercial_research,Yaroslavl,desktop,2026-08-27T19:19:58+03:00,6,https://www.vseinstrumenti.ru/publication/kak-gramotno-sdelat-landshaftnoe-osveschenie-uchastka-4852/,https://vseinstrumenti.ru/publication/kak-gramotno-sdelat-landshaftnoe-osveschenie-uchastka-4852/,Как грамотно сделать ландшафтное освещение участка...,yandex-api-Q000110.jsonl,live_yandex_organic
Q000110,освещение участка,S7,commercial_research,Yaroslavl,desktop,2026-08-27T19:19:58+03:00,7,https://t-j.ru/list/lights-garden-plot/,https://t-j.ru/list/lights-garden-plot/,Ландшафтное освещение участка: 8 частых ошибок,yandex-api-Q000110.jsonl,live_yandex_organic
Q000110,освещение участка,S7,commercial_research,Yaroslavl,desktop,2026-08-27T19:19:58+03:00,8,https://basicdecor.ru/journal/post/ulichnoe-osveshchenie-uchastka-planirovka-i-montazh/,https://basicdecor.ru/journal/post/ulichnoe-osveshchenie-uchastka-planirovka-i-montazh/,Как сделать уличное освещение на участке... | Журнал BasicDecor,yandex-api-Q000110.jsonl,live_yandex_organic
Q000110,освещение участка,S7,commercial_research,Yaroslavl,desktop,2026-08-27T19:19:58+03:00,9,https://dzen.ru/a/aAJjgsEuQSTbj83v,https://dzen.ru/a/aAJjgsEuQSTbj83v/,Ландшафтный свет — это легко! | FORUMHOUSE | Дзен,yandex-api-Q000110.jsonl,live_yandex_organic
Q000110,освещение участка,S7,commercial_research,Yaroslavl,desktop,2026-08-27T19:19:58+03:00,10,https://xn--e1aaegnf2bi6b.xn--p1ai/stati/osveshchenie-uchastka,https://xn--e1aaegnf2bi6b.xn--p1ai/stati/osveshchenie-uchastka/,Освещение участка: советы и основные ошибки,yandex-api-Q000110.jsonl,live_yandex_organic
Q000111,подсветка дорожек,S7,commercial_research,Yaroslavl,desktop,2026-08-27T19:19:58+03:00,1,https://www.ozon.ru/category/fonari-dlya-dorozhek/,https://ozon.ru/category/fonari-dlya-dorozhek/,Фонари для дорожек купить на OZON по низкой цене,yandex-api-Q000111.jsonl,live_yandex_organic
Q000111,подсветка дорожек,S7,commercial_research,Yaroslavl,desktop,2026-08-27T19:19:58+03:00,2,https://vapse.ru/catalog/svet-dlya-sada/,https://vapse.ru/catalog/svet-dlya-sada/,Свет для сада - садовые светильники и фонари купить в магазине...,yandex-api-Q000111.jsonl,live_yandex_organic
Q000111,подсветка дорожек,S7,commercial_research,Yaroslavl,desktop,2026-08-27T19:19:58+03:00,3,https://www.wildberries.ru/catalog/tags/podsvetka-dlja-dorozhek,https://wildberries.ru/catalog/tags/podsvetka-dlja-dorozhek/,Подсветка для дорожек - Купить в интернет магазине WildBerries.ru,yandex-api-Q000111.jsonl,live_yandex_organic
Q000111,подсветка дорожек,S7,commercial_research,Yaroslavl,desktop,2026-08-27T19:19:58+03:00,4,https://vapse.ru/catalog/ulichnoe-osveshchenie/,https://vapse.ru/catalog/ulichnoe-osveshchenie/,Уличное освещение для загородного и частного дома/дачи купить...,yandex-api-Q000111.jsonl,live_yandex_organic
Q000111,подсветка дорожек,S7,commercial_research,Yaroslavl,desktop,2026-08-27T19:19:58+03:00,5,https://vapse.ru/catalog/svet/ulichnoe-osveshchenie/landshaftnye/outdoor/,https://vapse.ru/catalog/svet/ulichnoe-osveshchenie/landshaftnye/outdoor/,Ландшафтные светильники Outdoor купить в интернет-магазине...,yandex-api-Q000111.jsonl,live_yandex_organic
Q000111,подсветка дорожек,S7,commercial_research,Yaroslavl,desktop,2026-08-27T19:19:58+03:00,6,https://vapse.ru/catalog/ulichnoe-osveshchenie/led/,https://vapse.ru/catalog/ulichnoe-osveshchenie/led/,Уличное освещение светодиодное LED в интернет-магазине...,yandex-api-Q000111.jsonl,live_yandex_organic
Q000111,подсветка дорожек,S7,commercial_research,Yaroslavl,desktop,2026-08-27T19:19:58+03:00,7,https://stroyprosto.metallprofil.ru/articles/podsvetka-dorozhek-na-uchastke-kak-vybrat-i-ustanovit-svetilniki/,https://stroyprosto.metallprofil.ru/articles/podsvetka-dorozhek-na-uchastke-kak-vybrat-i-ustanovit-svetilniki/,"Подсветка дорожек 12В: безопаснее и дольше, чем 220В",yandex-api-Q000111.jsonl,live_yandex_organic
Q000111,подсветка дорожек,S7,commercial_research,Yaroslavl,desktop,2026-08-27T19:19:58+03:00,8,https://vapse.ru/product/landshaftnyy-svetilnik-outdoor-o437fl-01gf/,https://vapse.ru/product/landshaftnyy-svetilnik-outdoor-o437fl-01gf/,Ландшафтный светильник Outdoor O437FL-01GF,yandex-api-Q000111.jsonl,live_yandex_organic
Q000111,подсветка дорожек,S7,commercial_research,Yaroslavl,desktop,2026-08-27T19:19:58+03:00,9,https://lemanapro.ru/catalogue/ulichnoe-osveshchenie/dorozhek/,https://lemanapro.ru/catalogue/ulichnoe-osveshchenie/dorozhek/,Освещение дорожек  купить в Москве по низкой цене...,yandex-api-Q000111.jsonl,live_yandex_organic
Q000111,подсветка дорожек,S7,commercial_research,Yaroslavl,desktop,2026-08-27T19:19:58+03:00,10,https://ledpremium.ru/catalog/svetilniki_dlya_podsvetki_dorozhek/,https://ledpremium.ru/catalog/svetilniki_dlya_podsvetki_dorozhek/,Светильники для подсветки дорожек - купить...,yandex-api-Q000111.jsonl,live_yandex_organic
Q000112,подсветка участка,S7,commercial_research,Yaroslavl,desktop,2026-08-27T19:19:58+03:00,1,https://www.ozon.ru/category/landshaftnyy-svetilnik/,https://ozon.ru/category/landshaftnyy-svetilnik/,Ландшафтный светильник купить на OZON по низкой цене,yandex-api-Q000112.jsonl,live_yandex_organic
Q000112,подсветка участка,S7,commercial_research,Yaroslavl,desktop,2026-08-27T19:19:58+03:00,2,https://www.wildberries.ru/catalog/tags/sadovaja-podsvetka-na-solnecznoi-bataree,https://wildberries.ru/catalog/tags/sadovaja-podsvetka-na-solnecznoi-bataree/,Садовая подсветка на солнечной батарее - Купить в интернет...,yandex-api-Q000112.jsonl,live_yandex_organic
Q000112,подсветка участка,S7,commercial_research,Yaroslavl,desktop,2026-08-27T19:19:58+03:00,3,https://znaet.petrovich.ru/blagoustroystvo/landshaft/proektirovanie/instruktsiya/kak-sdelat-osveshchenie-na-uchastke/,https://znaet.petrovich.ru/blagoustroystvo/landshaft/proektirovanie/instruktsiya/kak-sdelat-osveshchenie-na-uchastke/,Как сделать освещение на участке: виды... - «Петрович.Знает»,yandex-api-Q000112.jsonl,live_yandex_organic
Q000112,подсветка участка,S7,commercial_research,Yaroslavl,desktop,2026-08-27T19:19:58+03:00,4,https://club.dns-shop.ru/blog/t-236-umnyie-datchiki/148383-kak-sdelat-osveschenie-na-uchastke-s-pomoschu-umnogo-doma/,https://club.dns-shop.ru/blog/t-236-umnyie-datchiki/148383-kak-sdelat-osveschenie-na-uchastke-s-pomoschu-umnogo-doma/,Как сделать освещение на участке с помощью умного дома,yandex-api-Q000112.jsonl,live_yandex_organic
Q000112,подсветка участка,S7,commercial_research,Yaroslavl,desktop,2026-08-27T19:19:58+03:00,5,https://club.dns-shop.ru/blog/t-230-projektoryi/98855-osveschenie-zagorodnogo-uchastka-delaem-pravilno/,https://club.dns-shop.ru/blog/t-230-projektoryi/98855-osveschenie-zagorodnogo-uchastka-delaem-pravilno/,Освещение загородного участка: делаем правильно | Прожекторы,yandex-api-Q000112.jsonl,live_yandex_organic
Q000112,подсветка участка,S7,commercial_research,Yaroslavl,desktop,2026-08-27T19:19:58+03:00,6,https://www.vseinstrumenti.ru/category/sadovo-parkovye-svetilniki-4475/,https://vseinstrumenti.ru/category/sadovo-parkovye-svetilniki-4475/,Уличные светильники садово-парковые купить по выгодным ценам...,yandex-api-Q000112.jsonl,live_yandex_organic
Q000112,подсветка участка,S7,commercial_research,Yaroslavl,desktop,2026-08-27T19:19:58+03:00,7,https://hoff.ru/blog/osveschenie-uchastka-idei-podsvetki-chastnogo-doma/,https://hoff.ru/blog/osveschenie-uchastka-idei-podsvetki-chastnogo-doma/,Освещение участка: виды уличных светильников и идеи... | Hoff,yandex-api-Q000112.jsonl,live_yandex_organic
Q000112,подсветка участка,S7,commercial_research,Yaroslavl,desktop,2026-08-27T19:19:58+03:00,8,https://www.vseinstrumenti.ru/publication/kak-gramotno-sdelat-landshaftnoe-osveschenie-uchastka-4852/,https://vseinstrumenti.ru/publication/kak-gramotno-sdelat-landshaftnoe-osveschenie-uchastka-4852/,Как грамотно сделать ландшафтное освещение участка...,yandex-api-Q000112.jsonl,live_yandex_organic
Q000112,подсветка участка,S7,commercial_research,Yaroslavl,desktop,2026-08-27T19:19:58+03:00,9,https://baucenter.ru/advices/5020042/,https://baucenter.ru/advices/5020042/,Как спланировать освещение на участке и всё учесть - читайте...,yandex-api-Q000112.jsonl,live_yandex_organic
Q000112,подсветка участка,S7,commercial_research,Yaroslavl,desktop,2026-08-27T19:19:58+03:00,10,https://basicdecor.ru/journal/post/ulichnoe-osveshchenie-uchastka-planirovka-i-montazh/,https://basicdecor.ru/journal/post/ulichnoe-osveshchenie-uchastka-planirovka-i-montazh/,Как сделать уличное освещение на участке... | Журнал BasicDecor,yandex-api-Q000112.jsonl,live_yandex_organic
Q000113,уличное освещение рыбинский район,S7,commercial_research,Yaroslavl,desktop,2026-08-27T19:19:58+03:00,1,https://vk.ru/wall-49985375_133055,https://vk.ru/wall-49985375_133055/,Рыбинцам на заметку: куда обращаться по поводу проблем...,yandex-api-Q000113.jsonl,live_yandex_organic
Q000113,уличное освещение рыбинский район,S7,commercial_research,Yaroslavl,desktop,2026-08-27T19:19:58+03:00,2,https://uslugi.yandex.ru/10839-rybinsk/category?text=%D0%BF%D1%80%D0%BE%D0%B5%D0%BA%D1%82%D0%B8%D1%80%D0%BE%D0%B2%D0%B0%D0%BD%D0%B8%D0%B5%20%D0%BD%D0%B0%D1%80%D1%83%D0%B6%D0%BD%D0%BE%D0%B3%D0%BE%20%D0%BE%D1%81%D0%B2%D0%B5%D1%89%D0%B5%D0%BD%D0%B8%D1%8F,https://uslugi.yandex.ru/10839-rybinsk/category/,Проектирование наружного освещения в Рыбинске: 71...,yandex-api-Q000113.jsonl,live_yandex_organic
Q000113,уличное освещение рыбинский район,S7,commercial_research,Yaroslavl,desktop,2026-08-27T19:19:58+03:00,3,https://www.avito.ru/rybinsk/predlozheniya_uslug/remont_i_otdelka/elektrika-ASgBAgICAkSYC8CfAcQVsPUB?q=%D1%83%D0%BB%D0%B8%D1%87%D0%BD%D0%BE%D0%B5+%D0%BE%D1%81%D0%B2%D0%B5%D1%89%D0%B5%D0%BD%D0%B8%D0%B5,https://avito.ru/rybinsk/predlozheniya_uslug/remont_i_otdelka/elektrika-ASgBAgICAkSYC8CfAcQVsPUB/,уличное освещение в Рыбинске - цены и отзывы | Услуги на Авито,yandex-api-Q000113.jsonl,live_yandex_organic
Q000113,уличное освещение рыбинский район,S7,commercial_research,Yaroslavl,desktop,2026-08-27T19:19:58+03:00,4,https://exp76.ru/services/ulichnoe-osveshhenie-uchastka/,https://exp76.ru/services/ulichnoe-osveshhenie-uchastka/,Уличное освещение участка в Рыбинске и Ярославской области,yandex-api-Q000113.jsonl,live_yandex_organic
Q000113,уличное освещение рыбинский район,S7,commercial_research,Yaroslavl,desktop,2026-08-27T19:19:58+03:00,5,https://www.admrmr.ru/storage/161%20%D0%9F%D1%80%D0%B0%D0%B2%D0%B8%D0%BB%D0%B0_%D0%B1%D0%BB%D0%B0%D0%B3%D0%BE%D1%83%D1%81%D1%82%D1%80%D0%BE%D0%B9%D1%81%D1%82%D0%B2%D0%B0_.pdf,https://admrmr.ru/storage/161%20%D0%9F%D1%80%D0%B0%D0%B2%D0%B8%D0%BB%D0%B0_%D0%B1%D0%BB%D0%B0%D0%B3%D0%BE%D1%83%D1%81%D1%82%D1%80%D0%BE%D0%B9%D1%81%D1%82%D0%B2%D0%B0_.pdf/,Проект вносит,yandex-api-Q000113.jsonl,live_yandex_organic
Q000113,уличное освещение рыбинский район,S7,commercial_research,Yaroslavl,desktop,2026-08-27T19:19:58+03:00,6,https://yarreg.ru/articles/kuda-obratitsya-s-zayavkoy-na-nerabotayushchiy-fonar/,https://yarreg.ru/articles/kuda-obratitsya-s-zayavkoy-na-nerabotayushchiy-fonar/,Куда обратиться с заявкой на неработающий фонарь?- Яррег...,yandex-api-Q000113.jsonl,live_yandex_organic
Q000113,уличное освещение рыбинский район,S7,commercial_research,Yaroslavl,desktop,2026-08-27T19:19:58+03:00,7,https://rweek.ru/2025/07/16/%D0%B2-%D0%BD%D0%B0%D1%81%D0%B5%D0%BB%D0%B5%D0%BD%D0%BD%D1%8B%D1%85-%D0%BF%D1%83%D0%BD%D0%BA%D1%82%D0%B0%D1%85-%D1%80%D1%8B%D0%B1%D0%B8%D0%BD%D1%81%D0%BA%D0%BE%D0%B3%D0%BE-%D1%80%D0%B0%D0%B9%D0%BE/,https://rweek.ru/2025/07/16/%D0%B2-%D0%BD%D0%B0%D1%81%D0%B5%D0%BB%D0%B5%D0%BD%D0%BD%D1%8B%D1%85-%D0%BF%D1%83%D0%BD%D0%BA%D1%82%D0%B0%D1%85-%D1%80%D1%8B%D0%B1%D0%B8%D0%BD%D1%81%D0%BA%D0%BE%D0%B3%D0%BE-%D1%80%D0%B0%D0%B9%D0%BE/,В населенных пунктах Рыбинского района установили...,yandex-api-Q000113.jsonl,live_yandex_organic
Q000113,уличное освещение рыбинский район,S7,commercial_research,Yaroslavl,desktop,2026-08-27T19:19:58+03:00,8,https://vk.ru/wall-125581235_1356,https://vk.ru/wall-125581235_1356/,Дорогие друзья и подписчики группы! Отвечаем на заданный вопрос.,yandex-api-Q000113.jsonl,live_yandex_organic
Q000113,уличное освещение рыбинский район,S7,commercial_research,Yaroslavl,desktop,2026-08-27T19:19:58+03:00,9,https://uslugi.yandex.ru/10839-rybinsk/category?text=%D1%80%D0%B5%D0%BC%D0%BE%D0%BD%D1%82%20%D1%83%D0%BB%D0%B8%D1%87%D0%BD%D0%BE%D0%B3%D0%BE%20%D0%BE%D1%81%D0%B2%D0%B5%D1%89%D0%B5%D0%BD%D0%B8%D1%8F,https://uslugi.yandex.ru/10839-rybinsk/category/,Ремонт уличного освещения в Рыбинске: 80 электромонтажников...,yandex-api-Q000113.jsonl,live_yandex_organic
Q000113,уличное освещение рыбинский район,S7,commercial_research,Yaroslavl,desktop,2026-08-27T19:19:58+03:00,10,https://vk.ru/wall-70020805_157715,https://vk.ru/wall-70020805_157715/,УЛИЦА БЕЗ ФОНАРЕЙ. На протяжении всей улицы нет ни одного...,yandex-api-Q000113.jsonl,live_yandex_organic
Q000114,уличное освещение частного дома рыбинск,S7,commercial_research,Yaroslavl,desktop,2026-08-27T19:19:58+03:00,1,https://www.ozon.ru/category/ulichnoe-osveshchenie-dlya-chastnogo-doma/,https://ozon.ru/category/ulichnoe-osveshchenie-dlya-chastnogo-doma/,Уличное освещение для частного дома купить на OZON по...,yandex-api-Q000114.jsonl,live_yandex_organic
Q000114,уличное освещение частного дома рыбинск,S7,commercial_research,Yaroslavl,desktop,2026-08-27T19:19:58+03:00,2,https://vapse.ru/catalog/ulichnoe-osveshchenie/,https://vapse.ru/catalog/ulichnoe-osveshchenie/,Уличное освещение для загородного и частного дома/дачи...,yandex-api-Q000114.jsonl,live_yandex_organic
Q000114,уличное освещение частного дома рыбинск,S7,commercial_research,Yaroslavl,desktop,2026-08-27T19:19:58+03:00,3,https://vapse.ru/catalog/ulichnoe-osveshchenie/?PAGEN_1=4,https://vapse.ru/catalog/ulichnoe-osveshchenie/,Уличное освещение для загородного и частного дома/дачи...,yandex-api-Q000114.jsonl,live_yandex_organic
Q000114,уличное освещение частного дома рыбинск,S7,commercial_research,Yaroslavl,desktop,2026-08-27T19:19:58+03:00,4,https://izion.pro/rybinsk/ulichnoe-osveshchenie,https://izion.pro/rybinsk/ulichnoe-osveshchenie/,Уличное освещение для загородных домов и дач в Рыбинске,yandex-api-Q000114.jsonl,live_yandex_organic
Q000114,уличное освещение частного дома рыбинск,S7,commercial_research,Yaroslavl,desktop,2026-08-27T19:19:58+03:00,5,https://www.vseinstrumenti.ru/category/ulichnoe-osveschenie-doma-189025/,https://vseinstrumenti.ru/category/ulichnoe-osveschenie-doma-189025/,Уличное освещение дома - купить по выгодной цене от 200 рублей.,yandex-api-Q000114.jsonl,live_yandex_organic
Q000114,уличное освещение частного дома рыбинск,S7,commercial_research,Yaroslavl,desktop,2026-08-27T19:19:58+03:00,6,https://rybinsk.toruda.ru/stroitelstvo/montazh-ulichnogo-osveshenija/,https://rybinsk.toruda.ru/stroitelstvo/montazh-ulichnogo-osveshenija/,Монтаж уличного (наружного) освещения в Рыбинске | Торуда,yandex-api-Q000114.jsonl,live_yandex_organic
Q000114,уличное освещение частного дома рыбинск,S7,commercial_research,Yaroslavl,desktop,2026-08-27T19:19:58+03:00,7,https://uslugi.yandex.ru/10839-rybinsk/category?text=%D0%BF%D1%80%D0%BE%D0%B5%D0%BA%D1%82%D0%B8%D1%80%D0%BE%D0%B2%D0%B0%D0%BD%D0%B8%D0%B5%20%D0%BD%D0%B0%D1%80%D1%83%D0%B6%D0%BD%D0%BE%D0%B3%D0%BE%20%D0%BE%D1%81%D0%B2%D0%B5%D1%89%D0%B5%D0%BD%D0%B8%D1%8F,https://uslugi.yandex.ru/10839-rybinsk/category/,Проектирование наружного освещения в Рыбинске: 71...,yandex-api-Q000114.jsonl,live_yandex_organic
Q000114,уличное освещение частного дома рыбинск,S7,commercial_research,Yaroslavl,desktop,2026-08-27T19:19:58+03:00,8,https://www.avito.ru/rybinsk/predlozheniya_uslug/remont_i_otdelka/elektrika-ASgBAgICAkSYC8CfAcQVsPUB?q=%D1%83%D0%BB%D0%B8%D1%87%D0%BD%D0%BE%D0%B5+%D0%BE%D1%81%D0%B2%D0%B5%D1%89%D0%B5%D0%BD%D0%B8%D0%B5,https://avito.ru/rybinsk/predlozheniya_uslug/remont_i_otdelka/elektrika-ASgBAgICAkSYC8CfAcQVsPUB/,уличное освещение в Рыбинске - цены и отзывы | Услуги на Авито,yandex-api-Q000114.jsonl,live_yandex_organic
Q000114,уличное освещение частного дома рыбинск,S7,commercial_research,Yaroslavl,desktop,2026-08-27T19:19:58+03:00,9,https://exp76.ru/services/ulichnoe-osveshhenie-uchastka/,https://exp76.ru/services/ulichnoe-osveshhenie-uchastka/,Уличное освещение участка в Рыбинске и Ярославской области,yandex-api-Q000114.jsonl,live_yandex_organic
Q000114,уличное освещение частного дома рыбинск,S7,commercial_research,Yaroslavl,desktop,2026-08-27T19:19:58+03:00,10,https://uslugi.yandex.ru/10839-rybinsk/landing/%D0%BC%D0%BE%D0%BD%D1%82%D0%B0%D0%B6%20%D1%84%D0%BE%D0%BD%D0%B0%D1%80%D0%B5%D0%B9%20%D1%83%D0%BB%D0%B8%D1%87%D0%BD%D0%BE%D0%B3%D0%BE%20%D0%BE%D1%81%D0%B2%D0%B5%D1%89%D0%B5%D0%BD%D0%B8%D1%8F,https://uslugi.yandex.ru/10839-rybinsk/landing/%D0%BC%D0%BE%D0%BD%D1%82%D0%B0%D0%B6%20%D1%84%D0%BE%D0%BD%D0%B0%D1%80%D0%B5%D0%B9%20%D1%83%D0%BB%D0%B8%D1%87%D0%BD%D0%BE%D0%B3%D0%BE%20%D0%BE%D1%81%D0%B2%D0%B5%D1%89%D0%B5%D0%BD%D0%B8%D1%8F/,Монтаж фонарей уличного освещения в Рыбинске: 107...,yandex-api-Q000114.jsonl,live_yandex_organic
Q000115,въезд на участок,S8,commercial_research,Yaroslavl,desktop,2026-08-27T19:19:58+03:00,1,https://www.avito.ru/yaroslavl/predlozheniya_uslug?q=%D0%92%D1%8A%D0%B5%D0%B7%D0%B4+%D0%B7%D0%B0%D0%B5%D0%B7%D0%B4+%D0%BD%D0%B0+%D1%83%D1%87%D0%B0%D1%81%D1%82%D0%BE%D0%BA+%D1%87%D0%B5%D1%80%D0%B5%D0%B7+%D0%BA%D0%B0%D0%BD%D0%B0%D0%B2%D1%83,https://avito.ru/yaroslavl/predlozheniya_uslug/,Въезд заезд на участок через канаву в Ярославле - цены и отзывы,yandex-api-Q000115.jsonl,live_yandex_organic
Q000115,въезд на участок,S8,commercial_research,Yaroslavl,desktop,2026-08-27T19:19:58+03:00,2,https://www.avito.ru/yaroslavskaya_oblast/predlozheniya_uslug/tag/zaezd-na-uchastok-cherez-kanavu,https://avito.ru/yaroslavskaya_oblast/predlozheniya_uslug/tag/zaezd-na-uchastok-cherez-kanavu/,заезд на участок через канаву в Ярославской области - цены...,yandex-api-Q000115.jsonl,live_yandex_organic
Q000115,въезд на участок,S8,commercial_research,Yaroslavl,desktop,2026-08-27T19:19:58+03:00,3,https://yaroslavl.blago-s.ru/catalog/zaezd-na-uchastok/,https://yaroslavl.blago-s.ru/catalog/zaezd-na-uchastok/,Заезд на участок в Ярославле — цена и работы под ключ,yandex-api-Q000115.jsonl,live_yandex_organic
Q000115,въезд на участок,S8,commercial_research,Yaroslavl,desktop,2026-08-27T19:19:58+03:00,4,https://znaet.petrovich.ru/blagoustroystvo/zabory-dorozhki/vezd-na-uchastok/instruktsiya/kak-sdelat-vezd-na-uchastok-cherez-drenazhnuyu-kanavu/,https://znaet.petrovich.ru/blagoustroystvo/zabory-dorozhki/vezd-na-uchastok/instruktsiya/kak-sdelat-vezd-na-uchastok-cherez-drenazhnuyu-kanavu/,Как сделать заезд для машины на даче: что... - «Петрович.Знает»,yandex-api-Q000115.jsonl,live_yandex_organic
Q000115,въезд на участок,S8,commercial_research,Yaroslavl,desktop,2026-08-27T19:19:58+03:00,5,https://yaroslavl.mzog.ru/ustrojstvo-zaezda-na-uchastok,https://yaroslavl.mzog.ru/ustrojstvo-zaezda-na-uchastok/,Устройство заезда на участок под ключ в Ярославле от 1258 руб....,yandex-api-Q000115.jsonl,live_yandex_organic
Q000115,въезд на участок,S8,commercial_research,Yaroslavl,desktop,2026-08-27T19:19:58+03:00,6,https://m-strana.ru/articles/organizatsiya-podezda-k-uchastku/,https://m-strana.ru/articles/organizatsiya-podezda-k-uchastku/,Правильная организация подъезда к участку – на что обратить...,yandex-api-Q000115.jsonl,live_yandex_organic
Q000115,въезд на участок,S8,commercial_research,Yaroslavl,desktop,2026-08-27T19:19:58+03:00,7,https://dzen.ru/a/Y5h77IS70AhUhPcn,https://dzen.ru/a/Y5h77IS70AhUhPcn/,Как сделать въезд на новый участок через дренажную... | Дзен,yandex-api-Q000115.jsonl,live_yandex_organic
Q000115,въезд на участок,S8,commercial_research,Yaroslavl,desktop,2026-08-27T19:19:58+03:00,8,https://dzen.ru/a/anWiQZ2LGkeNB1W6,https://dzen.ru/a/anWiQZ2LGkeNB1W6/,Какой заезд на участок лучше: 5 вариантов с плюсами... | Дзен,yandex-api-Q000115.jsonl,live_yandex_organic
Q000115,въезд на участок,S8,commercial_research,Yaroslavl,desktop,2026-08-27T19:19:58+03:00,9,https://yaroslavl.uchastok-zaezd.ru/,https://yaroslavl.uchastok-zaezd.ru/,ЗАЕЗД на УЧАСТОК в Ярославле через канаву: Въезд под ключ...,yandex-api-Q000115.jsonl,live_yandex_organic
Q000115,въезд на участок,S8,commercial_research,Yaroslavl,desktop,2026-08-27T19:19:58+03:00,10,https://www.forumhouse.ru/threads/113348/,https://forumhouse.ru/threads/113348/,Заезд на участок с применением пластиковых труб.,yandex-api-Q000115.jsonl,live_yandex_organic
Q000116,въезд на участок цена,S8,transactional,Yaroslavl,desktop,2026-08-27T19:19:58+03:00,1,https://www.avito.ru/yaroslavl/predlozheniya_uslug?q=%D0%B7%D0%B0%D0%B5%D0%B7%D0%B4+%D0%BD%D0%B0+%D1%83%D1%87%D0%B0%D1%81%D1%82%D0%BE%D0%BA,https://avito.ru/yaroslavl/predlozheniya_uslug/,заезд на участок в Ярославле - цены и отзывы | Услуги на Авито,yandex-api-Q000116.jsonl,live_yandex_organic
Q000116,въезд на участок цена,S8,transactional,Yaroslavl,desktop,2026-08-27T19:19:58+03:00,2,https://www.avito.ru/yaroslavl/predlozheniya_uslug?q=%D0%92%D1%8A%D0%B5%D0%B7%D0%B4+%D0%B7%D0%B0%D0%B5%D0%B7%D0%B4+%D0%BD%D0%B0+%D1%83%D1%87%D0%B0%D1%81%D1%82%D0%BE%D0%BA+%D1%87%D0%B5%D1%80%D0%B5%D0%B7+%D0%BA%D0%B0%D0%BD%D0%B0%D0%B2%D1%83,https://avito.ru/yaroslavl/predlozheniya_uslug/,Въезд заезд на участок через канаву в Ярославле - цены...,yandex-api-Q000116.jsonl,live_yandex_organic
Q000116,въезд на участок цена,S8,transactional,Yaroslavl,desktop,2026-08-27T19:19:58+03:00,3,https://www.avito.ru/yaroslavl/predlozheniya_uslug/stroitelstvo-ASgBAgICAUSYC6Cf8QI/tag/zaezd-na-uchastok-cherez-kanavu,https://avito.ru/yaroslavl/predlozheniya_uslug/stroitelstvo-ASgBAgICAUSYC6Cf8QI/tag/zaezd-na-uchastok-cherez-kanavu/,заезд на участок через канаву в Ярославле - цены и отзывы,yandex-api-Q000116.jsonl,live_yandex_organic
Q000116,въезд на участок цена,S8,transactional,Yaroslavl,desktop,2026-08-27T19:19:58+03:00,4,https://www.avito.ru/yaroslavskaya_oblast/predlozheniya_uslug?q=%D0%B2%D1%8A%D0%B5%D0%B7%D0%B4+%D0%BD%D0%B0+%D1%83%D1%87%D0%B0%D1%81%D1%82%D0%BE%D0%BA,https://avito.ru/yaroslavskaya_oblast/predlozheniya_uslug/,въезд на участок - Услуги и сервисы... | Услуги на Авито,yandex-api-Q000116.jsonl,live_yandex_organic
Q000116,въезд на участок цена,S8,transactional,Yaroslavl,desktop,2026-08-27T19:19:58+03:00,5,https://yaroslavl.mzog.ru/ustrojstvo-zaezda-na-uchastok,https://yaroslavl.mzog.ru/ustrojstvo-zaezda-na-uchastok/,Устройство заезда на участок под ключ в Ярославле от 1258 руб....,yandex-api-Q000116.jsonl,live_yandex_organic
Q000116,въезд на участок цена,S8,transactional,Yaroslavl,desktop,2026-08-27T19:19:58+03:00,6,https://yaroslavl.blago-s.ru/catalog/zaezd-na-uchastok/,https://yaroslavl.blago-s.ru/catalog/zaezd-na-uchastok/,Заезд на участок в Ярославле — цена и работы под ключ,yandex-api-Q000116.jsonl,live_yandex_organic
Q000116,въезд на участок цена,S8,transactional,Yaroslavl,desktop,2026-08-27T19:19:58+03:00,7,https://uslugi.yandex.ru/16-yaroslavl/category?text=%D0%A3%D1%81%D1%82%D1%80%D0%BE%D0%B9%D1%81%D1%82%D0%B2%D0%BE%20%D0%B7%D0%B0%D0%B5%D0%B7%D0%B4%D0%B0%20%D0%BD%D0%B0%20%D1%83%D1%87%D0%B0%D1%81%D1%82%D0%BE%D0%BA,https://uslugi.yandex.ru/16-yaroslavl/category/,Устройство заезда на участок в Ярославле: 112 исполнителей...,yandex-api-Q000116.jsonl,live_yandex_organic
Q000116,въезд на участок цена,S8,transactional,Yaroslavl,desktop,2026-08-27T19:19:58+03:00,8,https://uslugi.yandex.ru/16-yaroslavl/category?text=%D0%92%D1%8A%D0%B5%D0%B7%D0%B4+%D0%BD%D0%B0+%D1%83%D1%87%D0%B0%D1%81%D1%82%D0%BE%D0%BA+%D1%87%D0%B5%D1%80%D0%B5%D0%B7+%D0%BA%D0%B0%D0%BD%D0%B0%D0%B2%D1%83+%D1%86%D0%B5%D0%BD%D0%B0,https://uslugi.yandex.ru/16-yaroslavl/category/,Въезд на участок через канаву цена в Ярославле: 22...,yandex-api-Q000116.jsonl,live_yandex_organic
Q000116,въезд на участок цена,S8,transactional,Yaroslavl,desktop,2026-08-27T19:19:58+03:00,9,https://uslugi.yandex.ru/16-yaroslavl/category?text=%D0%97%D0%B0%D0%B5%D0%B7%D0%B4%20%D0%BD%D0%B0%20%D1%83%D1%87%D0%B0%D1%81%D1%82%D0%BE%D0%BA%20%D1%86%D0%B5%D0%BD%D0%B0,https://uslugi.yandex.ru/16-yaroslavl/category/,Заезд на участок цена в Ярославле: 36 мастеров земляных работ...,yandex-api-Q000116.jsonl,live_yandex_organic
Q000116,въезд на участок цена,S8,transactional,Yaroslavl,desktop,2026-08-27T19:19:58+03:00,10,https://uslugi.yandex.ru/16-yaroslavl/category?text=%D0%B2%D1%8A%D0%B5%D0%B7%D0%B4+%D0%BD%D0%B0+%D1%83%D1%87%D0%B0%D1%81%D1%82%D0%BE%D0%BA,https://uslugi.yandex.ru/16-yaroslavl/category/,Въезд на участок в Ярославле: 58 исполнителей с отзывами...,yandex-api-Q000116.jsonl,live_yandex_organic
Q000117,въезд через канаву,S8,commercial_research,Yaroslavl,desktop,2026-08-27T19:19:58+03:00,1,https://www.avito.ru/yaroslavl/predlozheniya_uslug/tag/zaezd-na-uchastok-cherez-kanavu,https://avito.ru/yaroslavl/predlozheniya_uslug/tag/zaezd-na-uchastok-cherez-kanavu/,заезд на участок через канаву в Ярославле - цены и отзывы,yandex-api-Q000117.jsonl,live_yandex_organic
Q000117,въезд через канаву,S8,commercial_research,Yaroslavl,desktop,2026-08-27T19:19:58+03:00,2,https://www.avito.ru/yaroslavl/predlozheniya_uslug?q=%D0%92%D1%8A%D0%B5%D0%B7%D0%B4+%D0%B7%D0%B0%D0%B5%D0%B7%D0%B4+%D0%BD%D0%B0+%D1%83%D1%87%D0%B0%D1%81%D1%82%D0%BE%D0%BA+%D1%87%D0%B5%D1%80%D0%B5%D0%B7+%D0%BA%D0%B0%D0%BD%D0%B0%D0%B2%D1%83,https://avito.ru/yaroslavl/predlozheniya_uslug/,Въезд заезд на участок через канаву в Ярославле - цены и отзывы,yandex-api-Q000117.jsonl,live_yandex_organic
Q000117,въезд через канаву,S8,commercial_research,Yaroslavl,desktop,2026-08-27T19:19:58+03:00,3,https://dzen.ru/a/Y5h77IS70AhUhPcn,https://dzen.ru/a/Y5h77IS70AhUhPcn/,Как сделать въезд на новый участок через дренажную канаву | Дзен,yandex-api-Q000117.jsonl,live_yandex_organic
Q000117,въезд через канаву,S8,commercial_research,Yaroslavl,desktop,2026-08-27T19:19:58+03:00,4,https://zemledelov.ru/articles/zaezd-na-uchastok-cherez-kanavu/,https://zemledelov.ru/articles/zaezd-na-uchastok-cherez-kanavu/,"Заезд на участок через канаву — технология, выбор трубы, цены...",yandex-api-Q000117.jsonl,live_yandex_organic
Q000117,въезд через канаву,S8,commercial_research,Yaroslavl,desktop,2026-08-27T19:19:58+03:00,5,https://landshaftniy-dizayn.ru/vse-stati/kak-sdelat-zaezd-cherez-kanavu-svoimi-rukami-v-2025/,https://landshaftniy-dizayn.ru/vse-stati/kak-sdelat-zaezd-cherez-kanavu-svoimi-rukami-v-2025/,Как сделать заезд через канаву своими руками в 2026,yandex-api-Q000117.jsonl,live_yandex_organic
Q000117,въезд через канаву,S8,commercial_research,Yaroslavl,desktop,2026-08-27T19:19:58+03:00,6,https://znaet.petrovich.ru/blagoustroystvo/zabory-dorozhki/vezd-na-uchastok/instruktsiya/kak-sdelat-vezd-na-uchastok-cherez-drenazhnuyu-kanavu/,https://znaet.petrovich.ru/blagoustroystvo/zabory-dorozhki/vezd-na-uchastok/instruktsiya/kak-sdelat-vezd-na-uchastok-cherez-drenazhnuyu-kanavu/,Как сделать заезд для машины на даче: что... - «Петрович.Знает»,yandex-api-Q000117.jsonl,live_yandex_organic
Q000117,въезд через канаву,S8,commercial_research,Yaroslavl,desktop,2026-08-27T19:19:58+03:00,7,https://zemledelov.ru/articles/kak-sdelat-zaezd-na-uchastok/,https://zemledelov.ru/articles/kak-sdelat-zaezd-na-uchastok/,Как сделать заезд на участок: правила и технология... - Земледелов,yandex-api-Q000117.jsonl,live_yandex_organic
Q000117,въезд через канаву,S8,commercial_research,Yaroslavl,desktop,2026-08-27T19:19:58+03:00,8,https://solfit.ru/pub/stati-i-obzory/proezd-na-uchastok-cherez-kanavu-kak-pravilno-ulozhit-trubu-i-sdelat-nadezhnuyu-nasyp.html,https://solfit.ru/pub/stati-i-obzory/proezd-na-uchastok-cherez-kanavu-kak-pravilno-ulozhit-trubu-i-sdelat-nadezhnuyu-nasyp.html/,Проезд на участок через канаву: как правильно уложить трубу...,yandex-api-Q000117.jsonl,live_yandex_organic
Q000117,въезд через канаву,S8,commercial_research,Yaroslavl,desktop,2026-08-27T19:19:58+03:00,9,https://vk.ru/wall-29538032_391833,https://vk.ru/wall-29538032_391833/,Фотоотчёт: как форумчанин сделал заезд на участок через...,yandex-api-Q000117.jsonl,live_yandex_organic
Q000117,въезд через канаву,S8,commercial_research,Yaroslavl,desktop,2026-08-27T19:19:58+03:00,10,https://zabortver.ru/spravochnik/kak-sdelat-vezd-na-uchastok-cherez-drenazhnuyu-kanavu,https://zabortver.ru/spravochnik/kak-sdelat-vezd-na-uchastok-cherez-drenazhnuyu-kanavu/,Как сделать въезд на участок через канаву — пошаговая...,yandex-api-Q000117.jsonl,live_yandex_organic
Q000118,въезд через канаву,S8,commercial_research,Yaroslavl,mobile,2026-08-27T19:19:58+03:00,1,https://m.avito.ru/yaroslavl/predlozheniya_uslug/tag/zaezd-na-uchastok-cherez-kanavu,https://m.avito.ru/yaroslavl/predlozheniya_uslug/tag/zaezd-na-uchastok-cherez-kanavu/,заезд на участок через канаву в Ярославле - цены и отзывы | Услуги на Авито,yandex-api-Q000118.jsonl,live_yandex_organic
Q000118,въезд через канаву,S8,commercial_research,Yaroslavl,mobile,2026-08-27T19:19:58+03:00,2,https://m.avito.ru/yaroslavl/predlozheniya_uslug?q=%D0%92%D1%8A%D0%B5%D0%B7%D0%B4+%D0%B7%D0%B0%D0%B5%D0%B7%D0%B4+%D0%BD%D0%B0+%D1%83%D1%87%D0%B0%D1%81%D1%82%D0%BE%D0%BA+%D1%87%D0%B5%D1%80%D0%B5%D0%B7+%D0%BA%D0%B0%D0%BD%D0%B0%D0%B2%D1%83,https://m.avito.ru/yaroslavl/predlozheniya_uslug/,Въезд заезд на участок через канаву в Ярославле - цены и отзывы,yandex-api-Q000118.jsonl,live_yandex_organic
Q000118,въезд через канаву,S8,commercial_research,Yaroslavl,mobile,2026-08-27T19:19:58+03:00,3,https://dzen.ru/a/Y5h77IS70AhUhPcn,https://dzen.ru/a/Y5h77IS70AhUhPcn/,Как сделать въезд на новый участок через дренажную канаву | Дзен,yandex-api-Q000118.jsonl,live_yandex_organic
Q000118,въезд через канаву,S8,commercial_research,Yaroslavl,mobile,2026-08-27T19:19:58+03:00,4,https://landshaftniy-dizayn.ru/vse-stati/kak-sdelat-zaezd-cherez-kanavu-svoimi-rukami-v-2025/,https://landshaftniy-dizayn.ru/vse-stati/kak-sdelat-zaezd-cherez-kanavu-svoimi-rukami-v-2025/,Как сделать заезд через канаву своими руками в 2026,yandex-api-Q000118.jsonl,live_yandex_organic
Q000118,въезд через канаву,S8,commercial_research,Yaroslavl,mobile,2026-08-27T19:19:58+03:00,5,https://znaet.petrovich.ru/blagoustroystvo/zabory-dorozhki/vezd-na-uchastok/instruktsiya/kak-sdelat-vezd-na-uchastok-cherez-drenazhnuyu-kanavu/,https://znaet.petrovich.ru/blagoustroystvo/zabory-dorozhki/vezd-na-uchastok/instruktsiya/kak-sdelat-vezd-na-uchastok-cherez-drenazhnuyu-kanavu/,Как сделать заезд для машины на даче: что... - «Петрович.Знает»,yandex-api-Q000118.jsonl,live_yandex_organic
Q000118,въезд через канаву,S8,commercial_research,Yaroslavl,mobile,2026-08-27T19:19:58+03:00,6,https://zemledelov.ru/articles/zaezd-na-uchastok-cherez-kanavu/,https://zemledelov.ru/articles/zaezd-na-uchastok-cherez-kanavu/,"Заезд на участок через канаву — технология, выбор трубы, цены 2026",yandex-api-Q000118.jsonl,live_yandex_organic
Q000118,въезд через канаву,S8,commercial_research,Yaroslavl,mobile,2026-08-27T19:19:58+03:00,7,https://solfit.ru/pub/stati-i-obzory/proezd-na-uchastok-cherez-kanavu-kak-pravilno-ulozhit-trubu-i-sdelat-nadezhnuyu-nasyp.html,https://solfit.ru/pub/stati-i-obzory/proezd-na-uchastok-cherez-kanavu-kak-pravilno-ulozhit-trubu-i-sdelat-nadezhnuyu-nasyp.html/,Проезд на участок через канаву: как правильно уложить трубу и сделать...,yandex-api-Q000118.jsonl,live_yandex_organic
Q000118,въезд через канаву,S8,commercial_research,Yaroslavl,mobile,2026-08-27T19:19:58+03:00,8,https://vk.ru/wall-29538032_391833,https://vk.ru/wall-29538032_391833/,Фотоотчёт: как форумчанин сделал заезд на участок через дренажную канаву...,yandex-api-Q000118.jsonl,live_yandex_organic
Q000118,въезд через канаву,S8,commercial_research,Yaroslavl,mobile,2026-08-27T19:19:58+03:00,9,https://zemledelov.ru/articles/kak-sdelat-zaezd-na-uchastok/,https://zemledelov.ru/articles/kak-sdelat-zaezd-na-uchastok/,Как сделать заезд на участок: правила и технология... - Земледелов,yandex-api-Q000118.jsonl,live_yandex_organic
Q000118,въезд через канаву,S8,commercial_research,Yaroslavl,mobile,2026-08-27T19:19:58+03:00,10,https://ecospan-geo.gexa.ru/blog/kak-obustroit-vezd-na-uchastok-cherez-trubu-v-drenazhnoj-kanave/,https://ecospan-geo.gexa.ru/blog/kak-obustroit-vezd-na-uchastok-cherez-trubu-v-drenazhnoj-kanave/,Обустройство въезда на участок через трубу - Экоспан Гео,yandex-api-Q000118.jsonl,live_yandex_organic
Q000119,въезд через канаву под ключ,S8,transactional,Yaroslavl,desktop,2026-08-27T19:19:58+03:00,1,https://www.avito.ru/yaroslavl/predlozheniya_uslug?q=%D0%92%D1%8A%D0%B5%D0%B7%D0%B4+%D0%B7%D0%B0%D0%B5%D0%B7%D0%B4+%D0%BD%D0%B0+%D1%83%D1%87%D0%B0%D1%81%D1%82%D0%BE%D0%BA+%D1%87%D0%B5%D1%80%D0%B5%D0%B7+%D0%BA%D0%B0%D0%BD%D0%B0%D0%B2%D1%83,https://avito.ru/yaroslavl/predlozheniya_uslug/,Въезд заезд на участок через канаву в Ярославле - цены и отзывы,yandex-api-Q000119.jsonl,live_yandex_organic
Q000119,въезд через канаву под ключ,S8,transactional,Yaroslavl,desktop,2026-08-27T19:19:58+03:00,2,https://yaroslavl.mzog.ru/ustrojstvo-zaezda-na-uchastok,https://yaroslavl.mzog.ru/ustrojstvo-zaezda-na-uchastok/,Устройство заезда на участок под ключ в Ярославле от 1258 руб....,yandex-api-Q000119.jsonl,live_yandex_organic
Q000119,въезд через канаву под ключ,S8,transactional,Yaroslavl,desktop,2026-08-27T19:19:58+03:00,3,https://uslugi.yandex.ru/16-yaroslavl/category?text=%D0%A1%D0%B4%D0%B5%D0%BB%D0%B0%D1%82%D1%8C%20%D0%B7%D0%B0%D0%B5%D0%B7%D0%B4%20%D1%87%D0%B5%D1%80%D0%B5%D0%B7%20%D0%BA%D0%B0%D0%BD%D0%B0%D0%B2%D1%83,https://uslugi.yandex.ru/16-yaroslavl/category/,Сделать заезд через канаву в Ярославле: 47 исполнителей...,yandex-api-Q000119.jsonl,live_yandex_organic
Q000119,въезд через канаву под ключ,S8,transactional,Yaroslavl,desktop,2026-08-27T19:19:58+03:00,4,https://yaroslavl.blago-s.ru/catalog/zaezd-na-uchastok/,https://yaroslavl.blago-s.ru/catalog/zaezd-na-uchastok/,Заезд на участок в Ярославле — цена и работы под ключ,yandex-api-Q000119.jsonl,live_yandex_organic
Q000119,въезд через канаву под ключ,S8,transactional,Yaroslavl,desktop,2026-08-27T19:19:58+03:00,5,https://yaroslavl.uchastok-zaezd.ru/,https://yaroslavl.uchastok-zaezd.ru/,ЗАЕЗД на УЧАСТОК в Ярославле через канаву: Въезд под ключ...,yandex-api-Q000119.jsonl,live_yandex_organic
Q000119,въезд через канаву под ключ,S8,transactional,Yaroslavl,desktop,2026-08-27T19:19:58+03:00,6,https://uslugi.yandex.ru/16-yaroslavl/category?text=%D0%92%D1%8A%D0%B5%D0%B7%D0%B4+%D0%BD%D0%B0+%D1%83%D1%87%D0%B0%D1%81%D1%82%D0%BE%D0%BA+%D1%87%D0%B5%D1%80%D0%B5%D0%B7+%D0%BA%D0%B0%D0%BD%D0%B0%D0%B2%D1%83+%D1%86%D0%B5%D0%BD%D0%B0,https://uslugi.yandex.ru/16-yaroslavl/category/,Въезд на участок через канаву цена в Ярославле: 22...,yandex-api-Q000119.jsonl,live_yandex_organic
Q000119,въезд через канаву под ключ,S8,transactional,Yaroslavl,desktop,2026-08-27T19:19:58+03:00,7,https://yaroslavl.wetzavet.ru/vyravnivanie-uchastka/zaezd-cherez-trubu/,https://yaroslavl.wetzavet.ru/vyravnivanie-uchastka/zaezd-cherez-trubu/,Заезд на участок через канаву с установкой трубы в Ярославле.,yandex-api-Q000119.jsonl,live_yandex_organic
Q000119,въезд через канаву под ключ,S8,transactional,Yaroslavl,desktop,2026-08-27T19:19:58+03:00,8,https://exp76.ru/services/vezd-zaezd-na-uchastok-cherez-kanavu-pod-kljuch/,https://exp76.ru/services/vezd-zaezd-na-uchastok-cherez-kanavu-pod-kljuch/,Въезд / заезд на участок через канаву под ключ,yandex-api-Q000119.jsonl,live_yandex_organic
Q000119,въезд через канаву под ключ,S8,transactional,Yaroslavl,desktop,2026-08-27T19:19:58+03:00,9,https://yaroslavl.mzog.ru/zaezd-na-uchastok,https://yaroslavl.mzog.ru/zaezd-na-uchastok/,"Заезд на участок Ярославль, цена от 51352 руб.",yandex-api-Q000119.jsonl,live_yandex_organic
Q000119,въезд через канаву под ключ,S8,transactional,Yaroslavl,desktop,2026-08-27T19:19:58+03:00,10,https://www.avito.ru/all/predlozheniya_uslug?q=%D1%83%D1%81%D1%82%D1%80%D0%BE%D0%B9%D1%81%D1%82%D0%B2%D0%BE+%D0%B2%D1%8A%D0%B5%D0%B7%D0%B4%D0%B0+%D0%B7%D0%B0%D0%B5%D0%B7%D0%B4%D0%B0+%D0%BD%D0%B0+%D1%83%D1%87%D0%B0%D1%81%D1%82%D0%BE%D0%BA,https://avito.ru/all/predlozheniya_uslug/,устройство въезда заезда на участок во всех регионах - цены...,yandex-api-Q000119.jsonl,live_yandex_organic
Q000120,въезд через канаву цена,S8,transactional,Yaroslavl,desktop,2026-08-27T19:19:58+03:00,1,https://www.avito.ru/yaroslavl/predlozheniya_uslug?q=%D0%92%D1%8A%D0%B5%D0%B7%D0%B4+%D0%B7%D0%B0%D0%B5%D0%B7%D0%B4+%D0%BD%D0%B0+%D1%83%D1%87%D0%B0%D1%81%D1%82%D0%BE%D0%BA+%D1%87%D0%B5%D1%80%D0%B5%D0%B7+%D0%BA%D0%B0%D0%BD%D0%B0%D0%B2%D1%83,https://avito.ru/yaroslavl/predlozheniya_uslug/,Въезд заезд на участок через канаву в Ярославле - цены...,yandex-api-Q000120.jsonl,live_yandex_organic
Q000120,въезд через канаву цена,S8,transactional,Yaroslavl,desktop,2026-08-27T19:19:58+03:00,2,https://www.avito.ru/yaroslavl/predlozheniya_uslug/stroitelstvo-ASgBAgICAUSYC6Cf8QI/tag/zaezd-na-uchastok-cherez-kanavu,https://avito.ru/yaroslavl/predlozheniya_uslug/stroitelstvo-ASgBAgICAUSYC6Cf8QI/tag/zaezd-na-uchastok-cherez-kanavu/,заезд на участок через канаву в Ярославле - цены и отзывы,yandex-api-Q000120.jsonl,live_yandex_organic
Q000120,въезд через канаву цена,S8,transactional,Yaroslavl,desktop,2026-08-27T19:19:58+03:00,3,https://www.avito.ru/yaroslavl/predlozheniya_uslug?q=%D0%B7%D0%B0%D0%B5%D0%B7%D0%B4+%D1%87%D0%B5%D1%80%D0%B5%D0%B7+%D0%BA%D0%B0%D0%BD%D0%B0%D0%B2%D1%83,https://avito.ru/yaroslavl/predlozheniya_uslug/,заезд через канаву в Ярославле - цены и отзывы | Услуги на Авито,yandex-api-Q000120.jsonl,live_yandex_organic
Q000120,въезд через канаву цена,S8,transactional,Yaroslavl,desktop,2026-08-27T19:19:58+03:00,4,https://uslugi.yandex.ru/16-yaroslavl/category?text=%D0%A1%D0%B4%D0%B5%D0%BB%D0%B0%D1%82%D1%8C+%D0%B7%D0%B0%D0%B5%D0%B7%D0%B4+%D1%87%D0%B5%D1%80%D0%B5%D0%B7+%D0%BA%D0%B0%D0%BD%D0%B0%D0%B2%D1%83,https://uslugi.yandex.ru/16-yaroslavl/category/,Сделать заезд через канаву в Ярославле: 43 исполнителя...,yandex-api-Q000120.jsonl,live_yandex_organic
Q000120,въезд через канаву цена,S8,transactional,Yaroslavl,desktop,2026-08-27T19:19:58+03:00,5,https://yaroslavl.uchastok-zaezd.ru/,https://yaroslavl.uchastok-zaezd.ru/,ЗАЕЗД на УЧАСТОК в Ярославле через канаву: Въезд под ключ...,yandex-api-Q000120.jsonl,live_yandex_organic
Q000120,въезд через канаву цена,S8,transactional,Yaroslavl,desktop,2026-08-27T19:19:58+03:00,6,https://yaroslavl.mzog.ru/ustrojstvo-zaezda-na-uchastok,https://yaroslavl.mzog.ru/ustrojstvo-zaezda-na-uchastok/,Устройство заезда на участок под ключ в Ярославле от 1258 руб....,yandex-api-Q000120.jsonl,live_yandex_organic
Q000120,въезд через канаву цена,S8,transactional,Yaroslavl,desktop,2026-08-27T19:19:58+03:00,7,https://uslugi.yandex.ru/16-yaroslavl/category?text=%D0%92%D1%8A%D0%B5%D0%B7%D0%B4+%D0%BD%D0%B0+%D1%83%D1%87%D0%B0%D1%81%D1%82%D0%BE%D0%BA+%D1%87%D0%B5%D1%80%D0%B5%D0%B7+%D0%BA%D0%B0%D0%BD%D0%B0%D0%B2%D1%83+%D1%86%D0%B5%D0%BD%D0%B0,https://uslugi.yandex.ru/16-yaroslavl/category/,Въезд на участок через канаву цена в Ярославле: 22...,yandex-api-Q000120.jsonl,live_yandex_organic
Q000120,въезд через канаву цена,S8,transactional,Yaroslavl,desktop,2026-08-27T19:19:58+03:00,8,https://yaroslavl.blago-s.ru/catalog/zaezd-na-uchastok/,https://yaroslavl.blago-s.ru/catalog/zaezd-na-uchastok/,Заезд на участок в Ярославле — цена и работы под ключ,yandex-api-Q000120.jsonl,live_yandex_organic
Q000120,въезд через канаву цена,S8,transactional,Yaroslavl,desktop,2026-08-27T19:19:58+03:00,9,https://www.avito.ru/all/predlozheniya_uslug?q=%D1%83%D1%81%D1%82%D1%80%D0%BE%D0%B9%D1%81%D1%82%D0%B2%D0%BE+%D0%B2%D1%8A%D0%B5%D0%B7%D0%B4%D0%B0+%D0%B7%D0%B0%D0%B5%D0%B7%D0%B4%D0%B0+%D0%BD%D0%B0+%D1%83%D1%87%D0%B0%D1%81%D1%82%D0%BE%D0%BA,https://avito.ru/all/predlozheniya_uslug/,устройство въезда заезда на участок во всех регионах - цены...,yandex-api-Q000120.jsonl,live_yandex_organic
Q000120,въезд через канаву цена,S8,transactional,Yaroslavl,desktop,2026-08-27T19:19:58+03:00,10,https://yaroslavl.wetzavet.ru/vyravnivanie-uchastka/zaezd-cherez-trubu/,https://yaroslavl.wetzavet.ru/vyravnivanie-uchastka/zaezd-cherez-trubu/,Заезд на участок через канаву с установкой трубы в Ярославле.,yandex-api-Q000120.jsonl,live_yandex_organic
Q000121,заезд на участок,S8,commercial_research,Yaroslavl,desktop,2026-08-27T19:19:58+03:00,1,https://www.avito.ru/yaroslavl/predlozheniya_uslug?q=%D0%B7%D0%B0%D0%B5%D0%B7%D0%B4+%D0%BD%D0%B0+%D1%83%D1%87%D0%B0%D1%81%D1%82%D0%BE%D0%BA,https://avito.ru/yaroslavl/predlozheniya_uslug/,заезд на участок в Ярославле - цены и отзывы | Услуги на Авито,yandex-api-Q000121.jsonl,live_yandex_organic
Q000121,заезд на участок,S8,commercial_research,Yaroslavl,desktop,2026-08-27T19:19:58+03:00,2,https://www.avito.ru/yaroslavl/predlozheniya_uslug?q=%D0%92%D1%8A%D0%B5%D0%B7%D0%B4+%D0%B7%D0%B0%D0%B5%D0%B7%D0%B4+%D0%BD%D0%B0+%D1%83%D1%87%D0%B0%D1%81%D1%82%D0%BE%D0%BA+%D1%87%D0%B5%D1%80%D0%B5%D0%B7+%D0%BA%D0%B0%D0%BD%D0%B0%D0%B2%D1%83,https://avito.ru/yaroslavl/predlozheniya_uslug/,Въезд заезд на участок через канаву в Ярославле - цены и отзывы,yandex-api-Q000121.jsonl,live_yandex_organic
Q000121,заезд на участок,S8,commercial_research,Yaroslavl,desktop,2026-08-27T19:19:58+03:00,3,https://zemledelov.ru/articles/kak-sdelat-zaezd-na-uchastok/,https://zemledelov.ru/articles/kak-sdelat-zaezd-na-uchastok/,Как сделать заезд на участок: правила и технология... - Земледелов,yandex-api-Q000121.jsonl,live_yandex_organic
Q000121,заезд на участок,S8,commercial_research,Yaroslavl,desktop,2026-08-27T19:19:58+03:00,4,https://yaroslavl.blago-s.ru/catalog/zaezd-na-uchastok/,https://yaroslavl.blago-s.ru/catalog/zaezd-na-uchastok/,Заезд на участок в Ярославле — цена и работы под ключ,yandex-api-Q000121.jsonl,live_yandex_organic
Q000121,заезд на участок,S8,commercial_research,Yaroslavl,desktop,2026-08-27T19:19:58+03:00,5,https://yaroslavl.mzog.ru/ustrojstvo-zaezda-na-uchastok,https://yaroslavl.mzog.ru/ustrojstvo-zaezda-na-uchastok/,Устройство заезда на участок под ключ в Ярославле от 1258 руб....,yandex-api-Q000121.jsonl,live_yandex_organic
Q000121,заезд на участок,S8,commercial_research,Yaroslavl,desktop,2026-08-27T19:19:58+03:00,6,https://yaroslavl.uchastok-zaezd.ru/,https://yaroslavl.uchastok-zaezd.ru/,ЗАЕЗД на УЧАСТОК в Ярославле через канаву: Въезд под ключ...,yandex-api-Q000121.jsonl,live_yandex_organic
Q000121,заезд на участок,S8,commercial_research,Yaroslavl,desktop,2026-08-27T19:19:58+03:00,7,https://domsvai.ru/articles/zaezd-na-uchastok-kak-sdelat/,https://domsvai.ru/articles/zaezd-na-uchastok-kak-sdelat/,"Заезд на участок: как сделать, схема въезда, план покрытия...",yandex-api-Q000121.jsonl,live_yandex_organic
Q000121,заезд на участок,S8,commercial_research,Yaroslavl,desktop,2026-08-27T19:19:58+03:00,8,https://znaet.petrovich.ru/blagoustroystvo/zabory-dorozhki/vezd-na-uchastok/instruktsiya/kak-sdelat-vezd-na-uchastok-cherez-drenazhnuyu-kanavu/,https://znaet.petrovich.ru/blagoustroystvo/zabory-dorozhki/vezd-na-uchastok/instruktsiya/kak-sdelat-vezd-na-uchastok-cherez-drenazhnuyu-kanavu/,Как сделать заезд для машины на даче: что... - «Петрович.Знает»,yandex-api-Q000121.jsonl,live_yandex_organic
Q000121,заезд на участок,S8,commercial_research,Yaroslavl,desktop,2026-08-27T19:19:58+03:00,9,https://sewera.ru/journal/pro-uchastok/kak-sdelat-zaezd-na-uchastok/,https://sewera.ru/journal/pro-uchastok/kak-sdelat-zaezd-na-uchastok/,Как правильно сделать заезд на участок | Как лучше обустроить...,yandex-api-Q000121.jsonl,live_yandex_organic
Q000121,заезд на участок,S8,commercial_research,Yaroslavl,desktop,2026-08-27T19:19:58+03:00,10,https://nasha-dachaa.ru/articles/kak-sdelat-zaezd-na-uchastok-pravila-tehnologiya/,https://nasha-dachaa.ru/articles/kak-sdelat-zaezd-na-uchastok-pravila-tehnologiya/,Как сделать заезд на участок: правила и технология устройства,yandex-api-Q000121.jsonl,live_yandex_organic
Q000122,заезд на участок под ключ,S8,transactional,Yaroslavl,desktop,2026-08-27T19:19:58+03:00,1,https://www.avito.ru/yaroslavl/predlozheniya_uslug?q=%D0%B7%D0%B0%D0%B5%D0%B7%D0%B4+%D0%BD%D0%B0+%D1%83%D1%87%D0%B0%D1%81%D1%82%D0%BE%D0%BA,https://avito.ru/yaroslavl/predlozheniya_uslug/,заезд на участок в Ярославле - цены и отзывы | Услуги на Авито,yandex-api-Q000122.jsonl,live_yandex_organic
Q000122,заезд на участок под ключ,S8,transactional,Yaroslavl,desktop,2026-08-27T19:19:58+03:00,2,https://rakurs-blagoustroistvo.ru/uslugi/zaezd-na-uchastok-v-yaroslavle/,https://rakurs-blagoustroistvo.ru/uslugi/zaezd-na-uchastok-v-yaroslavle/,Заезд на участок в Ярославле | ГК Ракурс,yandex-api-Q000122.jsonl,live_yandex_organic
Q000122,заезд на участок под ключ,S8,transactional,Yaroslavl,desktop,2026-08-27T19:19:58+03:00,3,https://www.avito.ru/yaroslavl/predlozheniya_uslug/sad_blagoustroystvo-ASgBAgICAUSYC8KfAQ?q=%D0%B2%D1%8A%D0%B5%D0%B7%D0%B4+%D0%BD%D0%B0+%D1%83%D1%87%D0%B0%D1%81%D1%82%D0%BE%D0%BA,https://avito.ru/yaroslavl/predlozheniya_uslug/sad_blagoustroystvo-ASgBAgICAUSYC8KfAQ/,въезд на участок в Ярославле - цены и отзывы | Услуги на Авито,yandex-api-Q000122.jsonl,live_yandex_organic
Q000122,заезд на участок под ключ,S8,transactional,Yaroslavl,desktop,2026-08-27T19:19:58+03:00,4,https://yaroslavl.blago-s.ru/catalog/zaezd-na-uchastok/,https://yaroslavl.blago-s.ru/catalog/zaezd-na-uchastok/,Заезд на участок в Ярославле — цена и работы под ключ,yandex-api-Q000122.jsonl,live_yandex_organic
Q000122,заезд на участок под ключ,S8,transactional,Yaroslavl,desktop,2026-08-27T19:19:58+03:00,5,https://yaroslavl.mzog.ru/ustrojstvo-zaezda-na-uchastok,https://yaroslavl.mzog.ru/ustrojstvo-zaezda-na-uchastok/,Устройство заезда на участок под ключ в Ярославле от 1258...,yandex-api-Q000122.jsonl,live_yandex_organic
Q000122,заезд на участок под ключ,S8,transactional,Yaroslavl,desktop,2026-08-27T19:19:58+03:00,6,https://yaroslavl.uchastok-zaezd.ru/,https://yaroslavl.uchastok-zaezd.ru/,ЗАЕЗД на УЧАСТОК в Ярославле через канаву: Въезд под ключ...,yandex-api-Q000122.jsonl,live_yandex_organic
Q000122,заезд на участок под ключ,S8,transactional,Yaroslavl,desktop,2026-08-27T19:19:58+03:00,7,https://yaroslavl.1gbi.ru/zaezd-na-uchastok,https://yaroslavl.1gbi.ru/zaezd-na-uchastok/,Заезд на участок под ключ в Ярославле цена от 2694 руб.,yandex-api-Q000122.jsonl,live_yandex_organic
Q000122,заезд на участок под ключ,S8,transactional,Yaroslavl,desktop,2026-08-27T19:19:58+03:00,8,https://uslugi.yandex.ru/16-yaroslavl/category?text=%D0%A3%D1%81%D1%82%D1%80%D0%BE%D0%B9%D1%81%D1%82%D0%B2%D0%BE%20%D0%B7%D0%B0%D0%B5%D0%B7%D0%B4%D0%B0%20%D0%BD%D0%B0%20%D1%83%D1%87%D0%B0%D1%81%D1%82%D0%BE%D0%BA,https://uslugi.yandex.ru/16-yaroslavl/category/,Устройство заезда на участок в Ярославле: 112 исполнителей...,yandex-api-Q000122.jsonl,live_yandex_organic
Q000122,заезд на участок под ключ,S8,transactional,Yaroslavl,desktop,2026-08-27T19:19:58+03:00,9,https://uslugi.yandex.ru/16-yaroslavl/category?text=---%D0%B7%D0%B0%D0%B5%D0%B7%D0%B4+%D0%BD%D0%B0+%D1%83%D1%87%D0%B0%D1%81%D1%82%D0%BE%D0%BA+%D1%87%D0%B5%D1%80%D0%B5%D0%B7+%D0%BA%D0%B0%D0%BD%D0%B0%D0%B2%D1%83+,https://uslugi.yandex.ru/16-yaroslavl/category/,Заезд на участок через канаву в Ярославле: 38 исполнителей...,yandex-api-Q000122.jsonl,live_yandex_organic
Q000122,заезд на участок под ключ,S8,transactional,Yaroslavl,desktop,2026-08-27T19:19:58+03:00,10,https://yaroslavl.mzog.ru/zaezd-na-uchastok,https://yaroslavl.mzog.ru/zaezd-na-uchastok/,"Заезд на участок Ярославль, цена от 51352 руб.",yandex-api-Q000122.jsonl,live_yandex_organic
Q000123,заезд на участок рыбинск авито предложения,S8,commercial_research,Yaroslavl,desktop,2026-08-27T19:19:58+03:00,1,https://www.avito.ru/rybinsk/predlozheniya_uslug?q=%D0%B7%D0%B0%D0%B5%D0%B7%D0%B4+%D0%BD%D0%B0+%D1%83%D1%87%D0%B0%D1%81%D1%82%D0%BE%D0%BA,https://avito.ru/rybinsk/predlozheniya_uslug/,заезд на участок в Рыбинске - цены и отзывы | Услуги на Авито,yandex-api-Q000123.jsonl,live_yandex_organic
Q000123,заезд на участок рыбинск авито предложения,S8,commercial_research,Yaroslavl,desktop,2026-08-27T19:19:58+03:00,2,https://www.avito.ru/rybinsk/predlozheniya_uslug/sad_blagoustroystvo/dorozhnoe_stroitelstvo/ustroistvo_zaezda_na_uchastok-ASgBAgICA0SYC8KfAdCuDva80AHQrw_Iu5gD,https://avito.ru/rybinsk/predlozheniya_uslug/sad_blagoustroystvo/dorozhnoe_stroitelstvo/ustroistvo_zaezda_na_uchastok-ASgBAgICA0SYC8KfAdCuDva80AHQrw_Iu5gD/,Устройство заезда на участок в Рыбинске | Дорожное...,yandex-api-Q000123.jsonl,live_yandex_organic
Q000123,заезд на участок рыбинск авито предложения,S8,commercial_research,Yaroslavl,desktop,2026-08-27T19:19:58+03:00,3,https://www.avito.ru/rybinsk/predlozheniya_uslug/zaezd_na_uchastok_3065398508,https://avito.ru/rybinsk/predlozheniya_uslug/zaezd_na_uchastok_3065398508/,Заезд на участок (3065398508) | Авито Услуги,yandex-api-Q000123.jsonl,live_yandex_organic
Q000123,заезд на участок рыбинск авито предложения,S8,commercial_research,Yaroslavl,desktop,2026-08-27T19:19:58+03:00,4,https://www.avito.ru/rybinsk/predlozheniya_uslug/zaezd_na_uchastok_pod_klyuch_7948893628,https://avito.ru/rybinsk/predlozheniya_uslug/zaezd_na_uchastok_pod_klyuch_7948893628/,Заезд на участок под ключ (7948893628) | Авито Услуги,yandex-api-Q000123.jsonl,live_yandex_organic
Q000123,заезд на участок рыбинск авито предложения,S8,commercial_research,Yaroslavl,desktop,2026-08-27T19:19:58+03:00,5,https://www.avito.ru/rybinsk/predlozheniya_uslug/tag/ukladka-bruschatki,https://avito.ru/rybinsk/predlozheniya_uslug/tag/ukladka-bruschatki/,укладка брусчатки в Рыбинске - цены и отзывы | Услуги на Авито,yandex-api-Q000123.jsonl,live_yandex_organic
Q000123,заезд на участок рыбинск авито предложения,S8,commercial_research,Yaroslavl,desktop,2026-08-27T19:19:58+03:00,6,https://www.avito.ru/rybinsk?q=%D0%BE%D1%82%D1%81%D1%8B%D0%BF%D0%BA%D0%B0+%D1%83%D1%87%D0%B0%D1%81%D1%82%D0%BA%D0%B0,https://avito.ru/rybinsk/,отсыпка участка - Авито | Объявления в Рыбинске... | Авито,yandex-api-Q000123.jsonl,live_yandex_organic
Q000123,заезд на участок рыбинск авито предложения,S8,commercial_research,Yaroslavl,desktop,2026-08-27T19:19:58+03:00,7,https://www.avito.ru/rybinsk/doma_dachi_kottedzhi,https://avito.ru/rybinsk/doma_dachi_kottedzhi/,"Дома, дачи, коттеджи  в Рыбинске: купить, продать или... | Авито",yandex-api-Q000123.jsonl,live_yandex_organic
Q000123,заезд на участок рыбинск авито предложения,S8,commercial_research,Yaroslavl,desktop,2026-08-27T19:19:58+03:00,8,https://www.avito.ru/rybinsk/predlozheniya_uslug/tag/asfaltirovanie,https://avito.ru/rybinsk/predlozheniya_uslug/tag/asfaltirovanie/,асфальтирование в Рыбинске - цены и отзывы | Услуги на Авито,yandex-api-Q000123.jsonl,live_yandex_organic
Q000123,заезд на участок рыбинск авито предложения,S8,commercial_research,Yaroslavl,desktop,2026-08-27T19:19:58+03:00,9,https://www.avito.ru/rybinsk/predlozheniya_uslug/sad_blagoustroystvo-ASgBAgICAUSYC8KfAQ?q=%D1%83%D0%BA%D0%BB%D0%B0%D0%B4%D0%BA%D0%B0+%D1%82%D1%80%D0%BE%D1%82%D1%83%D0%B0%D1%80%D0%BD%D0%BE%D0%B9+%D0%BF%D0%BB%D0%B8%D1%82%D0%BA%D0%B8,https://avito.ru/rybinsk/predlozheniya_uslug/sad_blagoustroystvo-ASgBAgICAUSYC8KfAQ/,укладка тротуарной плитки в Рыбинске - цены и отзывы,yandex-api-Q000123.jsonl,live_yandex_organic
Q000123,заезд на участок рыбинск авито предложения,S8,commercial_research,Yaroslavl,desktop,2026-08-27T19:19:58+03:00,10,https://www.avito.ru/rybinsk/predlozheniya_uslug?q=%D1%83%D0%BA%D0%BB%D0%B0%D0%B4%D0%BA%D0%B0+%D0%B0%D1%81%D1%84%D0%B0%D0%BB%D1%8C%D1%82%D0%B0,https://avito.ru/rybinsk/predlozheniya_uslug/,укладка асфальта в Рыбинске - цены и отзывы | Услуги на Авито,yandex-api-Q000123.jsonl,live_yandex_organic
Q000124,заезд на участок цена,S8,transactional,Yaroslavl,desktop,2026-08-27T19:19:58+03:00,1,https://www.avito.ru/yaroslavl/predlozheniya_uslug?q=%D0%92%D1%8A%D0%B5%D0%B7%D0%B4+%D0%B7%D0%B0%D0%B5%D0%B7%D0%B4+%D0%BD%D0%B0+%D1%83%D1%87%D0%B0%D1%81%D1%82%D0%BE%D0%BA+%D1%87%D0%B5%D1%80%D0%B5%D0%B7+%D0%BA%D0%B0%D0%BD%D0%B0%D0%B2%D1%83,https://avito.ru/yaroslavl/predlozheniya_uslug/,Въезд заезд на участок через канаву в Ярославле - цены...,yandex-api-Q000124.jsonl,live_yandex_organic
Q000124,заезд на участок цена,S8,transactional,Yaroslavl,desktop,2026-08-27T19:19:58+03:00,2,https://www.avito.ru/yaroslavl/predlozheniya_uslug/tag/zaezd-na-uchastok-cherez-kanavu,https://avito.ru/yaroslavl/predlozheniya_uslug/tag/zaezd-na-uchastok-cherez-kanavu/,заезд на участок через канаву в Ярославле - цены и отзывы,yandex-api-Q000124.jsonl,live_yandex_organic
Q000124,заезд на участок цена,S8,transactional,Yaroslavl,desktop,2026-08-27T19:19:58+03:00,3,https://www.avito.ru/yaroslavl?q=%D0%B2%D1%8A%D0%B5%D0%B7%D0%B4%D0%B0+%D0%B7%D0%B0%D0%B5%D0%B7%D0%B4+%D0%BD%D0%B0+%D1%83%D1%87%D0%B0%D1%81%D1%82%D0%BE%D0%BA,https://avito.ru/yaroslavl/,въезда заезд на участок - Авито | Объявления... | Авито,yandex-api-Q000124.jsonl,live_yandex_organic
Q000124,заезд на участок цена,S8,transactional,Yaroslavl,desktop,2026-08-27T19:19:58+03:00,4,https://yaroslavl.blago-s.ru/catalog/zaezd-na-uchastok/,https://yaroslavl.blago-s.ru/catalog/zaezd-na-uchastok/,Заезд на участок в Ярославле — цена и работы под ключ,yandex-api-Q000124.jsonl,live_yandex_organic
Q000124,заезд на участок цена,S8,transactional,Yaroslavl,desktop,2026-08-27T19:19:58+03:00,5,https://yaroslavl.uchastok-zaezd.ru/,https://yaroslavl.uchastok-zaezd.ru/,ЗАЕЗД на УЧАСТОК в Ярославле через канаву: Въезд под ключ...,yandex-api-Q000124.jsonl,live_yandex_organic
Q000124,заезд на участок цена,S8,transactional,Yaroslavl,desktop,2026-08-27T19:19:58+03:00,6,https://yaroslavl.mzog.ru/ustrojstvo-zaezda-na-uchastok,https://yaroslavl.mzog.ru/ustrojstvo-zaezda-na-uchastok/,Устройство заезда на участок под ключ в Ярославле от 1258 руб....,yandex-api-Q000124.jsonl,live_yandex_organic
Q000124,заезд на участок цена,S8,transactional,Yaroslavl,desktop,2026-08-27T19:19:58+03:00,7,https://uslugi.yandex.ru/16-yaroslavl/category?text=---%D0%B7%D0%B0%D0%B5%D0%B7%D0%B4+%D0%BD%D0%B0+%D1%83%D1%87%D0%B0%D1%81%D1%82%D0%BE%D0%BA+%D1%87%D0%B5%D1%80%D0%B5%D0%B7+%D0%BA%D0%B0%D0%BD%D0%B0%D0%B2%D1%83+,https://uslugi.yandex.ru/16-yaroslavl/category/,Заезд на участок через канаву в Ярославле: 38 исполнителей...,yandex-api-Q000124.jsonl,live_yandex_organic
Q000124,заезд на участок цена,S8,transactional,Yaroslavl,desktop,2026-08-27T19:19:58+03:00,8,https://yaroslavl.mzog.ru/zaezd-na-uchastok,https://yaroslavl.mzog.ru/zaezd-na-uchastok/,"Заезд на участок Ярославль, цена от 51352 руб.",yandex-api-Q000124.jsonl,live_yandex_organic
Q000124,заезд на участок цена,S8,transactional,Yaroslavl,desktop,2026-08-27T19:19:58+03:00,9,https://yaroslavl.1gbi.ru/zaezd-na-uchastok,https://yaroslavl.1gbi.ru/zaezd-na-uchastok/,Заезд на участок под ключ в Ярославле цена от 2694 руб.,yandex-api-Q000124.jsonl,live_yandex_organic
Q000124,заезд на участок цена,S8,transactional,Yaroslavl,desktop,2026-08-27T19:19:58+03:00,10,https://uslugi.yandex.ru/16-yaroslavl/category?text=%D0%A3%D1%81%D1%82%D1%80%D0%BE%D0%B9%D1%81%D1%82%D0%B2%D0%BE%20%D0%B7%D0%B0%D0%B5%D0%B7%D0%B4%D0%B0%20%D0%BD%D0%B0%20%D1%83%D1%87%D0%B0%D1%81%D1%82%D0%BE%D0%BA,https://uslugi.yandex.ru/16-yaroslavl/category/,Устройство заезда на участок в Ярославле: 112 исполнителей...,yandex-api-Q000124.jsonl,live_yandex_organic
Q000125,заезд на участок через канаву в тутаеве,S8,commercial_research,Yaroslavl,desktop,2026-08-27T19:19:58+03:00,1,https://www.avito.ru/tutaev/predlozheniya_uslug/sad_blagoustroystvo-ASgBAgICAUSYC8KfAQ?q=%D0%B7%D0%B0%D0%B5%D0%B7%D0%B4+%D0%BD%D0%B0+%D1%83%D1%87%D0%B0%D1%81%D1%82%D0%BE%D0%BA,https://avito.ru/tutaev/predlozheniya_uslug/sad_blagoustroystvo-ASgBAgICAUSYC8KfAQ/,заезд на участок в Тутаеве - цены и отзывы | Услуги на Авито,yandex-api-Q000125.jsonl,live_yandex_organic
Q000125,заезд на участок через канаву в тутаеве,S8,commercial_research,Yaroslavl,desktop,2026-08-27T19:19:58+03:00,2,https://tutaev.mzog.ru/ustrojstvo-zaezda-na-uchastok,https://tutaev.mzog.ru/ustrojstvo-zaezda-na-uchastok/,Устройство заезда на участок под ключ в Тутаеве от 1259 руб....,yandex-api-Q000125.jsonl,live_yandex_organic
Q000125,заезд на участок через канаву в тутаеве,S8,commercial_research,Yaroslavl,desktop,2026-08-27T19:19:58+03:00,3,https://www.avito.ru/yaroslavl/predlozheniya_uslug?q=%D0%92%D1%8A%D0%B5%D0%B7%D0%B4+%D0%B7%D0%B0%D0%B5%D0%B7%D0%B4+%D0%BD%D0%B0+%D1%83%D1%87%D0%B0%D1%81%D1%82%D0%BE%D0%BA+%D1%87%D0%B5%D1%80%D0%B5%D0%B7+%D0%BA%D0%B0%D0%BD%D0%B0%D0%B2%D1%83,https://avito.ru/yaroslavl/predlozheniya_uslug/,Въезд заезд на участок через канаву в Ярославле - цены...,yandex-api-Q000125.jsonl,live_yandex_organic
Q000125,заезд на участок через канаву в тутаеве,S8,commercial_research,Yaroslavl,desktop,2026-08-27T19:19:58+03:00,4,https://www.avito.ru/tutaev/predlozheniya_uslug/sad_blagoustroystvo/zemlyanye_raboty-ASgBAgICAkSYC8KfAdCuDvq80AE,https://avito.ru/tutaev/predlozheniya_uslug/sad_blagoustroystvo/zemlyanye_raboty-ASgBAgICAkSYC8KfAdCuDvq80AE/,"Вспашка, выравнивание земли в Тутаеве | Сад, благоустройство...",yandex-api-Q000125.jsonl,live_yandex_organic
Q000125,заезд на участок через канаву в тутаеве,S8,commercial_research,Yaroslavl,desktop,2026-08-27T19:19:58+03:00,5,https://tutaev.mzog.ru/zaezd-na-uchastok,https://tutaev.mzog.ru/zaezd-na-uchastok/,"Заезд на участок Тутаев, цена от 51401 руб.",yandex-api-Q000125.jsonl,live_yandex_organic
Q000125,заезд на участок через канаву в тутаеве,S8,commercial_research,Yaroslavl,desktop,2026-08-27T19:19:58+03:00,6,https://tutaev.wetzavet.ru/vyravnivanie-uchastka/zaezd-cherez-trubu/,https://tutaev.wetzavet.ru/vyravnivanie-uchastka/zaezd-cherez-trubu/,Заезд на участок через канаву с установкой трубы в Тутаеве.,yandex-api-Q000125.jsonl,live_yandex_organic
Q000125,заезд на участок через канаву в тутаеве,S8,commercial_research,Yaroslavl,desktop,2026-08-27T19:19:58+03:00,7,https://tutaev.stroymetproekt.ru/zaezd-na-uchastok,https://tutaev.stroymetproekt.ru/zaezd-na-uchastok/,Заезд на участок под ключ в Тутаеве от 15726 р. | Метпроект-Ттв,yandex-api-Q000125.jsonl,live_yandex_organic
Q000125,заезд на участок через канаву в тутаеве,S8,commercial_research,Yaroslavl,desktop,2026-08-27T19:19:58+03:00,8,https://tutaev.mzog.ru/ustrojstvo-vezda,https://tutaev.mzog.ru/ustrojstvo-vezda/,"Устройство въезда на участок Тутаев, цена от 51401 руб.",yandex-api-Q000125.jsonl,live_yandex_organic
Q000125,заезд на участок через канаву в тутаеве,S8,commercial_research,Yaroslavl,desktop,2026-08-27T19:19:58+03:00,9,https://www.avito.ru/yaroslavskaya_oblast/dlya_doma_i_dachi?q=%D1%82%D1%80%D1%83%D0%B1%D0%B0+%D0%B2+%D0%BA%D0%B0%D0%BD%D0%B0%D0%B2%D1%83,https://avito.ru/yaroslavskaya_oblast/dlya_doma_i_dachi/,труба в канаву - Купить товары для дома и дачи... | Авито,yandex-api-Q000125.jsonl,live_yandex_organic
Q000125,заезд на участок через канаву в тутаеве,S8,commercial_research,Yaroslavl,desktop,2026-08-27T19:19:58+03:00,10,https://uslugi.yandex.ru/16-yaroslavl/category?text=%D0%A1%D0%B4%D0%B5%D0%BB%D0%B0%D1%82%D1%8C+%D0%B7%D0%B0%D0%B5%D0%B7%D0%B4+%D1%87%D0%B5%D1%80%D0%B5%D0%B7+%D0%BA%D0%B0%D0%BD%D0%B0%D0%B2%D1%83,https://uslugi.yandex.ru/16-yaroslavl/category/,Сделать заезд через канаву в Ярославле: 43 исполнителя...,yandex-api-Q000125.jsonl,live_yandex_organic
Q000126,заезд на участок через канаву под ключ,S8,transactional,Yaroslavl,desktop,2026-08-27T19:19:58+03:00,1,https://www.avito.ru/yaroslavl/predlozheniya_uslug?q=%D0%92%D1%8A%D0%B5%D0%B7%D0%B4+%D0%B7%D0%B0%D0%B5%D0%B7%D0%B4+%D0%BD%D0%B0+%D1%83%D1%87%D0%B0%D1%81%D1%82%D0%BE%D0%BA+%D1%87%D0%B5%D1%80%D0%B5%D0%B7+%D0%BA%D0%B0%D0%BD%D0%B0%D0%B2%D1%83,https://avito.ru/yaroslavl/predlozheniya_uslug/,Въезд заезд на участок через канаву в Ярославле - цены и отзывы,yandex-api-Q000126.jsonl,live_yandex_organic
Q000126,заезд на участок через канаву под ключ,S8,transactional,Yaroslavl,desktop,2026-08-27T19:19:58+03:00,2,https://www.avito.ru/yaroslavl/predlozheniya_uslug/stroitelstvo-ASgBAgICAUSYC6Cf8QI/tag/zaezd-na-uchastok-cherez-kanavu,https://avito.ru/yaroslavl/predlozheniya_uslug/stroitelstvo-ASgBAgICAUSYC6Cf8QI/tag/zaezd-na-uchastok-cherez-kanavu/,заезд на участок через канаву в Ярославле - цены и отзывы,yandex-api-Q000126.jsonl,live_yandex_organic
Q000126,заезд на участок через канаву под ключ,S8,transactional,Yaroslavl,desktop,2026-08-27T19:19:58+03:00,3,https://www.avito.ru/yaroslavl/predlozheniya_uslug?q=%D0%B7%D0%B0%D0%B5%D0%B7%D0%B4+%D1%87%D0%B5%D1%80%D0%B5%D0%B7+%D0%BA%D0%B0%D0%BD%D0%B0%D0%B2%D1%83,https://avito.ru/yaroslavl/predlozheniya_uslug/,заезд через канаву в Ярославле - цены и отзывы | Услуги на Авито,yandex-api-Q000126.jsonl,live_yandex_organic
Q000126,заезд на участок через канаву под ключ,S8,transactional,Yaroslavl,desktop,2026-08-27T19:19:58+03:00,4,https://yaroslavl.mzog.ru/ustrojstvo-zaezda-na-uchastok,https://yaroslavl.mzog.ru/ustrojstvo-zaezda-na-uchastok/,Устройство заезда на участок под ключ в Ярославле от 1258 руб....,yandex-api-Q000126.jsonl,live_yandex_organic
Q000126,заезд на участок через канаву под ключ,S8,transactional,Yaroslavl,desktop,2026-08-27T19:19:58+03:00,5,https://uslugi.yandex.ru/16-yaroslavl/category?text=---%D0%B7%D0%B0%D0%B5%D0%B7%D0%B4+%D0%BD%D0%B0+%D1%83%D1%87%D0%B0%D1%81%D1%82%D0%BE%D0%BA+%D1%87%D0%B5%D1%80%D0%B5%D0%B7+%D0%BA%D0%B0%D0%BD%D0%B0%D0%B2%D1%83+,https://uslugi.yandex.ru/16-yaroslavl/category/,Заезд на участок через канаву в Ярославле: 38 исполнителей...,yandex-api-Q000126.jsonl,live_yandex_organic
Q000126,заезд на участок через канаву под ключ,S8,transactional,Yaroslavl,desktop,2026-08-27T19:19:58+03:00,6,https://yaroslavl.uchastok-zaezd.ru/,https://yaroslavl.uchastok-zaezd.ru/,ЗАЕЗД на УЧАСТОК в Ярославле через канаву: Въезд под ключ...,yandex-api-Q000126.jsonl,live_yandex_organic
Q000126,заезд на участок через канаву под ключ,S8,transactional,Yaroslavl,desktop,2026-08-27T19:19:58+03:00,7,https://yaroslavl.blago-s.ru/catalog/zaezd-na-uchastok/,https://yaroslavl.blago-s.ru/catalog/zaezd-na-uchastok/,Заезд на участок в Ярославле — цена и работы под ключ,yandex-api-Q000126.jsonl,live_yandex_organic
Q000126,заезд на участок через канаву под ключ,S8,transactional,Yaroslavl,desktop,2026-08-27T19:19:58+03:00,8,https://yaroslavl.wetzavet.ru/vyravnivanie-uchastka/zaezd-cherez-trubu/,https://yaroslavl.wetzavet.ru/vyravnivanie-uchastka/zaezd-cherez-trubu/,Заезд на участок через канаву с установкой трубы в Ярославле.,yandex-api-Q000126.jsonl,live_yandex_organic
Q000126,заезд на участок через канаву под ключ,S8,transactional,Yaroslavl,desktop,2026-08-27T19:19:58+03:00,9,https://yaroslavl.mzog.ru/zaezd-na-uchastok,https://yaroslavl.mzog.ru/zaezd-na-uchastok/,"Заезд на участок Ярославль, цена от 51352 руб.",yandex-api-Q000126.jsonl,live_yandex_organic
Q000126,заезд на участок через канаву под ключ,S8,transactional,Yaroslavl,desktop,2026-08-27T19:19:58+03:00,10,https://exp76.ru/services/vezd-zaezd-na-uchastok-cherez-kanavu-pod-kljuch/,https://exp76.ru/services/vezd-zaezd-na-uchastok-cherez-kanavu-pod-kljuch/,Въезд / заезд на участок через канаву под ключ,yandex-api-Q000126.jsonl,live_yandex_organic
Q000127,заезд на участок через канаву под ключ рыбинск,S8,transactional,Yaroslavl,desktop,2026-08-27T19:19:58+03:00,1,https://www.avito.ru/rybinsk/predlozheniya_uslug/sad_blagoustroystvo-ASgBAgICAUSYC8KfAQ?q=%D0%B7%D0%B0%D0%B5%D0%B7%D0%B4+%D1%87%D0%B5%D1%80%D0%B5%D0%B7+%D0%BA%D0%B0%D0%BD%D0%B0%D0%B2%D1%83,https://avito.ru/rybinsk/predlozheniya_uslug/sad_blagoustroystvo-ASgBAgICAUSYC8KfAQ/,заезд через канаву в Рыбинске - цены и отзывы | Услуги на Авито,yandex-api-Q000127.jsonl,live_yandex_organic
Q000127,заезд на участок через канаву под ключ рыбинск,S8,transactional,Yaroslavl,desktop,2026-08-27T19:19:58+03:00,2,https://rybinsk.uchastok-zaezd.ru/,https://rybinsk.uchastok-zaezd.ru/,ЗАЕЗД на УЧАСТОК в Рыбинске через канаву: Въезд под ключ...,yandex-api-Q000127.jsonl,live_yandex_organic
Q000127,заезд на участок через канаву под ключ рыбинск,S8,transactional,Yaroslavl,desktop,2026-08-27T19:19:58+03:00,3,https://rybinsk.mzog.ru/ustrojstvo-zaezda-na-uchastok,https://rybinsk.mzog.ru/ustrojstvo-zaezda-na-uchastok/,Устройство заезда на участок под ключ в Рыбинске от 1249 руб....,yandex-api-Q000127.jsonl,live_yandex_organic
Q000127,заезд на участок через канаву под ключ рыбинск,S8,transactional,Yaroslavl,desktop,2026-08-27T19:19:58+03:00,4,https://exp76.ru/services/vezd-zaezd-na-uchastok-cherez-kanavu-pod-kljuch/,https://exp76.ru/services/vezd-zaezd-na-uchastok-cherez-kanavu-pod-kljuch/,Въезд / заезд на участок через канаву под ключ,yandex-api-Q000127.jsonl,live_yandex_organic
Q000127,заезд на участок через канаву под ключ рыбинск,S8,transactional,Yaroslavl,desktop,2026-08-27T19:19:58+03:00,5,https://rybinsk.wetzavet.ru/vyravnivanie-uchastka/zaezd-cherez-trubu/,https://rybinsk.wetzavet.ru/vyravnivanie-uchastka/zaezd-cherez-trubu/,Заезд на участок через канаву с установкой трубы в Рыбинске.,yandex-api-Q000127.jsonl,live_yandex_organic
Q000127,заезд на участок через канаву под ключ рыбинск,S8,transactional,Yaroslavl,desktop,2026-08-27T19:19:58+03:00,6,https://uslugi.yandex.ru/10839-rybinsk/category?text=%D0%A1%D0%B4%D0%B5%D0%BB%D0%B0%D1%82%D1%8C+%D0%B7%D0%B0%D0%B5%D0%B7%D0%B4+%D1%87%D0%B5%D1%80%D0%B5%D0%B7+%D0%BA%D0%B0%D0%BD%D0%B0%D0%B2%D1%83,https://uslugi.yandex.ru/10839-rybinsk/category/,Сделать заезд через канаву в Рыбинске: 44 исполнителя...,yandex-api-Q000127.jsonl,live_yandex_organic
Q000127,заезд на участок через канаву под ключ рыбинск,S8,transactional,Yaroslavl,desktop,2026-08-27T19:19:58+03:00,7,https://rybinsk.blago-s.ru/catalog/zaezd-na-uchastok/,https://rybinsk.blago-s.ru/catalog/zaezd-na-uchastok/,Заезд на участок в Рыбинске — цена и работы под ключ,yandex-api-Q000127.jsonl,live_yandex_organic
Q000127,заезд на участок через канаву под ключ рыбинск,S8,transactional,Yaroslavl,desktop,2026-08-27T19:19:58+03:00,8,https://uslugi.yandex.ru/10839-rybinsk/category?text=%D1%81%D0%B4%D0%B5%D0%BB%D0%B0%D1%82%D1%8C%20%D0%B7%D0%B0%D0%B5%D0%B7%D0%B4%20%D0%BD%D0%B0%20%D1%83%D1%87%D0%B0%D1%81%D1%82%D0%BE%D0%BA%20%D1%87%D0%B5%D1%80%D0%B5%D0%B7%20%D0%BA%D0%B0%D0%BD%D0%B0%D0%B2%D1%83%20,https://uslugi.yandex.ru/10839-rybinsk/category/,Сделать заезд на участок через канаву в Рыбинске: 56...,yandex-api-Q000127.jsonl,live_yandex_organic
Q000127,заезд на участок через канаву под ключ рыбинск,S8,transactional,Yaroslavl,desktop,2026-08-27T19:19:58+03:00,9,https://www.avito.ru/rybinsk/predlozheniya_uslug/sad_blagoustroystvo-ASgBAgICAUSYC8KfAQ,https://avito.ru/rybinsk/predlozheniya_uslug/sad_blagoustroystvo-ASgBAgICAUSYC8KfAQ/,Уход за садом и озеленение в Рыбинске | Услуги на Авито,yandex-api-Q000127.jsonl,live_yandex_organic
Q000127,заезд на участок через канаву под ключ рыбинск,S8,transactional,Yaroslavl,desktop,2026-08-27T19:19:58+03:00,10,https://rybinsk.mzog.ru/zaezd-na-uchastok,https://rybinsk.mzog.ru/zaezd-na-uchastok/,"Заезд на участок Рыбинск, цена от 50995 руб.",yandex-api-Q000127.jsonl,live_yandex_organic
Q000128,заезд на участок через канаву под ключ тутаев,S8,transactional,Yaroslavl,desktop,2026-08-27T19:19:58+03:00,1,https://www.avito.ru/tutaev/predlozheniya_uslug/sad_blagoustroystvo-ASgBAgICAUSYC8KfAQ?q=%D0%B7%D0%B0%D0%B5%D0%B7%D0%B4+%D0%BD%D0%B0+%D1%83%D1%87%D0%B0%D1%81%D1%82%D0%BE%D0%BA,https://avito.ru/tutaev/predlozheniya_uslug/sad_blagoustroystvo-ASgBAgICAUSYC8KfAQ/,заезд на участок в Тутаеве - цены и отзывы | Услуги на Авито,yandex-api-Q000128.jsonl,live_yandex_organic
Q000128,заезд на участок через канаву под ключ тутаев,S8,transactional,Yaroslavl,desktop,2026-08-27T19:19:58+03:00,2,https://tutaev.mzog.ru/ustrojstvo-zaezda-na-uchastok,https://tutaev.mzog.ru/ustrojstvo-zaezda-na-uchastok/,Устройство заезда на участок под ключ в Тутаеве от 1259 руб....,yandex-api-Q000128.jsonl,live_yandex_organic
Q000128,заезд на участок через канаву под ключ тутаев,S8,transactional,Yaroslavl,desktop,2026-08-27T19:19:58+03:00,3,https://www.avito.ru/yaroslavl/predlozheniya_uslug?q=%D0%B7%D0%B0%D0%B5%D0%B7%D0%B4+%D1%87%D0%B5%D1%80%D0%B5%D0%B7+%D0%BA%D0%B0%D0%BD%D0%B0%D0%B2%D1%83,https://avito.ru/yaroslavl/predlozheniya_uslug/,заезд через канаву в Ярославле - цены и отзывы | Услуги на Авито,yandex-api-Q000128.jsonl,live_yandex_organic
Q000128,заезд на участок через канаву под ключ тутаев,S8,transactional,Yaroslavl,desktop,2026-08-27T19:19:58+03:00,4,https://tutaev.wetzavet.ru/vyravnivanie-uchastka/zaezd-cherez-trubu/,https://tutaev.wetzavet.ru/vyravnivanie-uchastka/zaezd-cherez-trubu/,Заезд на участок через канаву с установкой трубы в Тутаеве.,yandex-api-Q000128.jsonl,live_yandex_organic
Q000128,заезд на участок через канаву под ключ тутаев,S8,transactional,Yaroslavl,desktop,2026-08-27T19:19:58+03:00,5,https://tutaev.mzog.ru/zaezd-na-uchastok,https://tutaev.mzog.ru/zaezd-na-uchastok/,"Заезд на участок Тутаев, цена от 51401 руб.",yandex-api-Q000128.jsonl,live_yandex_organic
Q000128,заезд на участок через канаву под ключ тутаев,S8,transactional,Yaroslavl,desktop,2026-08-27T19:19:58+03:00,6,https://tutaev.mzog.ru/ustrojstvo-vezda,https://tutaev.mzog.ru/ustrojstvo-vezda/,"Устройство въезда на участок Тутаев, цена от 51401 руб.",yandex-api-Q000128.jsonl,live_yandex_organic
Q000128,заезд на участок через канаву под ключ тутаев,S8,transactional,Yaroslavl,desktop,2026-08-27T19:19:58+03:00,7,https://tutaev.stroymetproekt.ru/zaezd-na-uchastok,https://tutaev.stroymetproekt.ru/zaezd-na-uchastok/,Заезд на участок под ключ в Тутаеве от 15726 р. | Метпроект-Ттв,yandex-api-Q000128.jsonl,live_yandex_organic
Q000128,заезд на участок через канаву под ключ тутаев,S8,transactional,Yaroslavl,desktop,2026-08-27T19:19:58+03:00,8,https://uslugi.yandex.ru/16-yaroslavl/category?text=%D0%A1%D0%B4%D0%B5%D0%BB%D0%B0%D1%82%D1%8C+%D0%B7%D0%B0%D0%B5%D0%B7%D0%B4+%D1%87%D0%B5%D1%80%D0%B5%D0%B7+%D0%BA%D0%B0%D0%BD%D0%B0%D0%B2%D1%83,https://uslugi.yandex.ru/16-yaroslavl/category/,Сделать заезд через канаву в Ярославле: 43 исполнителя...,yandex-api-Q000128.jsonl,live_yandex_organic
Q000128,заезд на участок через канаву под ключ тутаев,S8,transactional,Yaroslavl,desktop,2026-08-27T19:19:58+03:00,9,https://exp76.ru/services/vezd-zaezd-na-uchastok-cherez-kanavu-pod-kljuch/,https://exp76.ru/services/vezd-zaezd-na-uchastok-cherez-kanavu-pod-kljuch/,Въезд / заезд на участок через канаву под ключ,yandex-api-Q000128.jsonl,live_yandex_organic
Q000128,заезд на участок через канаву под ключ тутаев,S8,transactional,Yaroslavl,desktop,2026-08-27T19:19:58+03:00,10,https://tutaev.1gbi.ru/zaezd-na-uchastok,https://tutaev.1gbi.ru/zaezd-na-uchastok/,Заезд на участок под ключ в Тутаеве цена от 2696 руб.,yandex-api-Q000128.jsonl,live_yandex_organic
Q000129,заезд на участок через канаву под ключ ярославль,S8,transactional,Yaroslavl,desktop,2026-08-27T19:19:58+03:00,1,https://www.avito.ru/yaroslavl/predlozheniya_uslug?q=%D0%92%D1%8A%D0%B5%D0%B7%D0%B4+%D0%B7%D0%B0%D0%B5%D0%B7%D0%B4+%D0%BD%D0%B0+%D1%83%D1%87%D0%B0%D1%81%D1%82%D0%BE%D0%BA+%D1%87%D0%B5%D1%80%D0%B5%D0%B7+%D0%BA%D0%B0%D0%BD%D0%B0%D0%B2%D1%83,https://avito.ru/yaroslavl/predlozheniya_uslug/,Въезд заезд на участок через канаву в Ярославле - цены...,yandex-api-Q000129.jsonl,live_yandex_organic
Q000129,заезд на участок через канаву под ключ ярославль,S8,transactional,Yaroslavl,desktop,2026-08-27T19:19:58+03:00,2,https://www.avito.ru/yaroslavl/predlozheniya_uslug?q=%D0%97%D0%B0%D0%B5%D0%B7%D0%B4+%D0%BD%D0%B0+%D1%83%D1%87%D0%B0%D1%81%D1%82%D0%BE%D0%BA+%D0%9F%D0%B0%D1%80%D0%BA%D0%BE%D0%B2%D0%BA%D0%B0+%D0%BF%D0%BE%D0%B4+%D0%BA%D0%BB%D1%8E%D1%87,https://avito.ru/yaroslavl/predlozheniya_uslug/,Заезд на участок Парковка под ключ в Ярославле - цены и отзывы,yandex-api-Q000129.jsonl,live_yandex_organic
Q000129,заезд на участок через канаву под ключ ярославль,S8,transactional,Yaroslavl,desktop,2026-08-27T19:19:58+03:00,3,https://yaroslavl.mzog.ru/ustrojstvo-zaezda-na-uchastok,https://yaroslavl.mzog.ru/ustrojstvo-zaezda-na-uchastok/,Устройство заезда на участок под ключ в Ярославле от 1258...,yandex-api-Q000129.jsonl,live_yandex_organic
Q000129,заезд на участок через канаву под ключ ярославль,S8,transactional,Yaroslavl,desktop,2026-08-27T19:19:58+03:00,4,https://yaroslavl.blago-s.ru/catalog/zaezd-na-uchastok/,https://yaroslavl.blago-s.ru/catalog/zaezd-na-uchastok/,Заезд на участок в Ярославле — цена и работы под ключ,yandex-api-Q000129.jsonl,live_yandex_organic
Q000129,заезд на участок через канаву под ключ ярославль,S8,transactional,Yaroslavl,desktop,2026-08-27T19:19:58+03:00,5,https://yaroslavl.uchastok-zaezd.ru/,https://yaroslavl.uchastok-zaezd.ru/,ЗАЕЗД на УЧАСТОК в Ярославле через канаву: Въезд под...,yandex-api-Q000129.jsonl,live_yandex_organic
Q000129,заезд на участок через канаву под ключ ярославль,S8,transactional,Yaroslavl,desktop,2026-08-27T19:19:58+03:00,6,https://yaroslavl.wetzavet.ru/vyravnivanie-uchastka/zaezd-cherez-trubu/,https://yaroslavl.wetzavet.ru/vyravnivanie-uchastka/zaezd-cherez-trubu/,Заезд на участок через канаву с установкой трубы в Ярославле.,yandex-api-Q000129.jsonl,live_yandex_organic
Q000129,заезд на участок через канаву под ключ ярославль,S8,transactional,Yaroslavl,desktop,2026-08-27T19:19:58+03:00,7,https://landshaftniy-dizayn.ru/region/yaroslavl/blagoustroystvo/zaezd-na-uchastok/,https://landshaftniy-dizayn.ru/region/yaroslavl/blagoustroystvo/zaezd-na-uchastok/,Заезд на участок под ключ в Ярославле — цена,yandex-api-Q000129.jsonl,live_yandex_organic
Q000129,заезд на участок через канаву под ключ ярославль,S8,transactional,Yaroslavl,desktop,2026-08-27T19:19:58+03:00,8,https://yaroslavl.mzog.ru/zaezd-na-uchastok,https://yaroslavl.mzog.ru/zaezd-na-uchastok/,"Заезд на участок Ярославль, цена от 51352 руб.",yandex-api-Q000129.jsonl,live_yandex_organic
Q000129,заезд на участок через канаву под ключ ярославль,S8,transactional,Yaroslavl,desktop,2026-08-27T19:19:58+03:00,9,https://uslugi.yandex.ru/16-yaroslavl/category?text=%D0%A1%D0%B4%D0%B5%D0%BB%D0%B0%D1%82%D1%8C%20%D0%B7%D0%B0%D0%B5%D0%B7%D0%B4%20%D1%87%D0%B5%D1%80%D0%B5%D0%B7%20%D0%BA%D0%B0%D0%BD%D0%B0%D0%B2%D1%83,https://uslugi.yandex.ru/16-yaroslavl/category/,Сделать заезд через канаву в Ярославле: 47 исполнителей...,yandex-api-Q000129.jsonl,live_yandex_organic
Q000129,заезд на участок через канаву под ключ ярославль,S8,transactional,Yaroslavl,desktop,2026-08-27T19:19:58+03:00,10,https://uslugi.yandex.ru/16-yaroslavl/category?text=---%D0%B7%D0%B0%D0%B5%D0%B7%D0%B4+%D0%BD%D0%B0+%D1%83%D1%87%D0%B0%D1%81%D1%82%D0%BE%D0%BA+%D1%87%D0%B5%D1%80%D0%B5%D0%B7+%D0%BA%D0%B0%D0%BD%D0%B0%D0%B2%D1%83+,https://uslugi.yandex.ru/16-yaroslavl/category/,Заезд на участок через канаву в Ярославле: 38 исполнителей...,yandex-api-Q000129.jsonl,live_yandex_organic
Q000130,заезд на участок через канаву тутаев,S8,commercial_research,Yaroslavl,desktop,2026-08-27T19:19:58+03:00,1,https://www.avito.ru/yaroslavskaya_oblast/predlozheniya_uslug/tag/zaezd-na-uchastok-cherez-kanavu,https://avito.ru/yaroslavskaya_oblast/predlozheniya_uslug/tag/zaezd-na-uchastok-cherez-kanavu/,заезд на участок через канаву в Ярославской области - цены...,yandex-api-Q000130.jsonl,live_yandex_organic
Q000130,заезд на участок через канаву тутаев,S8,commercial_research,Yaroslavl,desktop,2026-08-27T19:19:58+03:00,2,https://www.avito.ru/yaroslavl/predlozheniya_uslug?q=%D0%92%D1%8A%D0%B5%D0%B7%D0%B4+%D0%B7%D0%B0%D0%B5%D0%B7%D0%B4+%D0%BD%D0%B0+%D1%83%D1%87%D0%B0%D1%81%D1%82%D0%BE%D0%BA+%D1%87%D0%B5%D1%80%D0%B5%D0%B7+%D0%BA%D0%B0%D0%BD%D0%B0%D0%B2%D1%83,https://avito.ru/yaroslavl/predlozheniya_uslug/,Въезд заезд на участок через канаву в Ярославле - цены и отзывы,yandex-api-Q000130.jsonl,live_yandex_organic
Q000130,заезд на участок через канаву тутаев,S8,commercial_research,Yaroslavl,desktop,2026-08-27T19:19:58+03:00,3,https://tutaev.mzog.ru/ustrojstvo-zaezda-na-uchastok,https://tutaev.mzog.ru/ustrojstvo-zaezda-na-uchastok/,Устройство заезда на участок под ключ в Тутаеве от 1259 руб....,yandex-api-Q000130.jsonl,live_yandex_organic
Q000130,заезд на участок через канаву тутаев,S8,commercial_research,Yaroslavl,desktop,2026-08-27T19:19:58+03:00,4,https://www.avito.ru/tutaev/predlozheniya_uslug/sad_blagoustroystvo/zemlyanye_raboty-ASgBAgICAkSYC8KfAdCuDvq80AE,https://avito.ru/tutaev/predlozheniya_uslug/sad_blagoustroystvo/zemlyanye_raboty-ASgBAgICAkSYC8KfAdCuDvq80AE/,"Вспашка, выравнивание земли в Тутаеве | Сад, благоустройство...",yandex-api-Q000130.jsonl,live_yandex_organic
Q000130,заезд на участок через канаву тутаев,S8,commercial_research,Yaroslavl,desktop,2026-08-27T19:19:58+03:00,5,https://tutaev.mzog.ru/zaezd-na-uchastok,https://tutaev.mzog.ru/zaezd-na-uchastok/,"Заезд на участок Тутаев, цена от 51401 руб.",yandex-api-Q000130.jsonl,live_yandex_organic
Q000130,заезд на участок через канаву тутаев,S8,commercial_research,Yaroslavl,desktop,2026-08-27T19:19:58+03:00,6,https://tutaev.wetzavet.ru/vyravnivanie-uchastka/zaezd-cherez-trubu/,https://tutaev.wetzavet.ru/vyravnivanie-uchastka/zaezd-cherez-trubu/,Заезд на участок через канаву с установкой трубы в Тутаеве.,yandex-api-Q000130.jsonl,live_yandex_organic
Q000130,заезд на участок через канаву тутаев,S8,commercial_research,Yaroslavl,desktop,2026-08-27T19:19:58+03:00,7,https://tutaev.stroymetproekt.ru/zaezd-na-uchastok,https://tutaev.stroymetproekt.ru/zaezd-na-uchastok/,Заезд на участок под ключ в Тутаеве от 15726 р. | Метпроект-Ттв,yandex-api-Q000130.jsonl,live_yandex_organic
Q000130,заезд на участок через канаву тутаев,S8,commercial_research,Yaroslavl,desktop,2026-08-27T19:19:58+03:00,8,https://tutaev.mzog.ru/ustrojstvo-vezda,https://tutaev.mzog.ru/ustrojstvo-vezda/,"Устройство въезда на участок Тутаев, цена от 51401 руб.",yandex-api-Q000130.jsonl,live_yandex_organic
Q000130,заезд на участок через канаву тутаев,S8,commercial_research,Yaroslavl,desktop,2026-08-27T19:19:58+03:00,9,https://www.avito.ru/yaroslavskaya_oblast/dlya_doma_i_dachi?q=%D1%82%D1%80%D1%83%D0%B1%D0%B0+%D0%B2+%D0%BA%D0%B0%D0%BD%D0%B0%D0%B2%D1%83,https://avito.ru/yaroslavskaya_oblast/dlya_doma_i_dachi/,труба в канаву - Купить товары для дома и дачи... | Авито,yandex-api-Q000130.jsonl,live_yandex_organic
Q000130,заезд на участок через канаву тутаев,S8,commercial_research,Yaroslavl,desktop,2026-08-27T19:19:58+03:00,10,https://exp76.ru/services/vezd-zaezd-na-uchastok-cherez-kanavu-pod-kljuch/,https://exp76.ru/services/vezd-zaezd-na-uchastok-cherez-kanavu-pod-kljuch/,Въезд / заезд на участок через канаву под ключ,yandex-api-Q000130.jsonl,live_yandex_organic
Q000131,заезд на участок через канаву цена,S8,transactional,Yaroslavl,desktop,2026-08-27T19:19:58+03:00,1,https://www.avito.ru/yaroslavl/predlozheniya_uslug?q=%D0%92%D1%8A%D0%B5%D0%B7%D0%B4+%D0%B7%D0%B0%D0%B5%D0%B7%D0%B4+%D0%BD%D0%B0+%D1%83%D1%87%D0%B0%D1%81%D1%82%D0%BE%D0%BA+%D1%87%D0%B5%D1%80%D0%B5%D0%B7+%D0%BA%D0%B0%D0%BD%D0%B0%D0%B2%D1%83,https://avito.ru/yaroslavl/predlozheniya_uslug/,Въезд заезд на участок через канаву в Ярославле - цены...,yandex-api-Q000131.jsonl,live_yandex_organic
Q000131,заезд на участок через канаву цена,S8,transactional,Yaroslavl,desktop,2026-08-27T19:19:58+03:00,2,https://www.avito.ru/yaroslavl/predlozheniya_uslug/tag/zaezd-na-uchastok-cherez-kanavu,https://avito.ru/yaroslavl/predlozheniya_uslug/tag/zaezd-na-uchastok-cherez-kanavu/,заезд на участок через канаву в Ярославле - цены и отзывы,yandex-api-Q000131.jsonl,live_yandex_organic
Q000131,заезд на участок через канаву цена,S8,transactional,Yaroslavl,desktop,2026-08-27T19:19:58+03:00,3,https://uslugi.yandex.ru/16-yaroslavl/category?text=%D0%92%D1%8A%D0%B5%D0%B7%D0%B4+%D0%BD%D0%B0+%D1%83%D1%87%D0%B0%D1%81%D1%82%D0%BE%D0%BA+%D1%87%D0%B5%D1%80%D0%B5%D0%B7+%D0%BA%D0%B0%D0%BD%D0%B0%D0%B2%D1%83+%D1%86%D0%B5%D0%BD%D0%B0,https://uslugi.yandex.ru/16-yaroslavl/category/,Въезд на участок через канаву цена в Ярославле: 22...,yandex-api-Q000131.jsonl,live_yandex_organic
Q000131,заезд на участок через канаву цена,S8,transactional,Yaroslavl,desktop,2026-08-27T19:19:58+03:00,4,https://yaroslavl.mzog.ru/ustrojstvo-zaezda-na-uchastok,https://yaroslavl.mzog.ru/ustrojstvo-zaezda-na-uchastok/,Устройство заезда на участок под ключ в Ярославле от 1258 руб....,yandex-api-Q000131.jsonl,live_yandex_organic
Q000131,заезд на участок через канаву цена,S8,transactional,Yaroslavl,desktop,2026-08-27T19:19:58+03:00,5,https://yaroslavl.uchastok-zaezd.ru/,https://yaroslavl.uchastok-zaezd.ru/,ЗАЕЗД на УЧАСТОК в Ярославле через канаву: Въезд под ключ...,yandex-api-Q000131.jsonl,live_yandex_organic
Q000131,заезд на участок через канаву цена,S8,transactional,Yaroslavl,desktop,2026-08-27T19:19:58+03:00,6,https://yaroslavl.blago-s.ru/catalog/zaezd-na-uchastok/,https://yaroslavl.blago-s.ru/catalog/zaezd-na-uchastok/,Заезд на участок в Ярославле — цена и работы под ключ,yandex-api-Q000131.jsonl,live_yandex_organic
Q000131,заезд на участок через канаву цена,S8,transactional,Yaroslavl,desktop,2026-08-27T19:19:58+03:00,7,https://yaroslavl.wetzavet.ru/vyravnivanie-uchastka/zaezd-cherez-trubu/,https://yaroslavl.wetzavet.ru/vyravnivanie-uchastka/zaezd-cherez-trubu/,Заезд на участок через канаву с установкой трубы в Ярославле.,yandex-api-Q000131.jsonl,live_yandex_organic
Q000131,заезд на участок через канаву цена,S8,transactional,Yaroslavl,desktop,2026-08-27T19:19:58+03:00,8,https://yaroslavl.mzog.ru/zaezd-na-uchastok,https://yaroslavl.mzog.ru/zaezd-na-uchastok/,"Заезд на участок Ярославль, цена от 51352 руб.",yandex-api-Q000131.jsonl,live_yandex_organic
Q000131,заезд на участок через канаву цена,S8,transactional,Yaroslavl,desktop,2026-08-27T19:19:58+03:00,9,https://yaroslavl.1gbi.ru/zaezd-na-uchastok,https://yaroslavl.1gbi.ru/zaezd-na-uchastok/,Заезд на участок под ключ в Ярославле цена от 2694 руб.,yandex-api-Q000131.jsonl,live_yandex_organic
Q000131,заезд на участок через канаву цена,S8,transactional,Yaroslavl,desktop,2026-08-27T19:19:58+03:00,10,https://www.avito.ru/moskva?q=%D0%B7%D0%B0%D0%B5%D0%B7%D0%B4+%D0%BD%D0%B0+%D1%83%D1%87%D0%B0%D1%81%D1%82%D0%BE%D0%BA+%D1%87%D0%B5%D1%80%D0%B5%D0%B7+%D0%BA%D0%B0%D0%BD%D0%B0%D0%B2%D1%83+%D1%81+%D0%BF%D0%B0%D1%80%D0%BA%D0%BE%D0%B2%D0%BA%D0%BE%D0%B9,https://avito.ru/moskva/,заезд на участок через канаву с парковкой - Авито | Авито,yandex-api-Q000131.jsonl,live_yandex_organic
Q000132,заезд через канаву,S8,commercial_research,Yaroslavl,desktop,2026-08-27T19:19:58+03:00,1,https://www.avito.ru/yaroslavl/predlozheniya_uslug/tag/zaezd-na-uchastok-cherez-kanavu,https://avito.ru/yaroslavl/predlozheniya_uslug/tag/zaezd-na-uchastok-cherez-kanavu/,заезд на участок через канаву в Ярославле - цены и отзывы,yandex-api-Q000132.jsonl,live_yandex_organic
Q000132,заезд через канаву,S8,commercial_research,Yaroslavl,desktop,2026-08-27T19:19:58+03:00,2,https://www.avito.ru/yaroslavl/predlozheniya_uslug?q=%D0%92%D1%8A%D0%B5%D0%B7%D0%B4+%D0%B7%D0%B0%D0%B5%D0%B7%D0%B4+%D0%BD%D0%B0+%D1%83%D1%87%D0%B0%D1%81%D1%82%D0%BE%D0%BA+%D1%87%D0%B5%D1%80%D0%B5%D0%B7+%D0%BA%D0%B0%D0%BD%D0%B0%D0%B2%D1%83,https://avito.ru/yaroslavl/predlozheniya_uslug/,Въезд заезд на участок через канаву в Ярославле - цены и отзывы,yandex-api-Q000132.jsonl,live_yandex_organic
Q000132,заезд через канаву,S8,commercial_research,Yaroslavl,desktop,2026-08-27T19:19:58+03:00,3,https://zemledelov.ru/articles/zaezd-na-uchastok-cherez-kanavu/,https://zemledelov.ru/articles/zaezd-na-uchastok-cherez-kanavu/,"Заезд на участок через канаву — технология, выбор трубы, цены...",yandex-api-Q000132.jsonl,live_yandex_organic
Q000132,заезд через канаву,S8,commercial_research,Yaroslavl,desktop,2026-08-27T19:19:58+03:00,4,https://dzen.ru/a/Y5h77IS70AhUhPcn,https://dzen.ru/a/Y5h77IS70AhUhPcn/,Как сделать въезд на новый участок через дренажную канаву | Дзен,yandex-api-Q000132.jsonl,live_yandex_organic
Q000132,заезд через канаву,S8,commercial_research,Yaroslavl,desktop,2026-08-27T19:19:58+03:00,5,https://landshaftniy-dizayn.ru/vse-stati/kak-sdelat-zaezd-cherez-kanavu-svoimi-rukami-v-2025/,https://landshaftniy-dizayn.ru/vse-stati/kak-sdelat-zaezd-cherez-kanavu-svoimi-rukami-v-2025/,Как сделать заезд через канаву своими руками в 2026,yandex-api-Q000132.jsonl,live_yandex_organic
Q000132,заезд через канаву,S8,commercial_research,Yaroslavl,desktop,2026-08-27T19:19:58+03:00,6,https://znaet.petrovich.ru/blagoustroystvo/zabory-dorozhki/vezd-na-uchastok/instruktsiya/kak-sdelat-vezd-na-uchastok-cherez-drenazhnuyu-kanavu/,https://znaet.petrovich.ru/blagoustroystvo/zabory-dorozhki/vezd-na-uchastok/instruktsiya/kak-sdelat-vezd-na-uchastok-cherez-drenazhnuyu-kanavu/,Как сделать заезд для машины на даче: что... - «Петрович.Знает»,yandex-api-Q000132.jsonl,live_yandex_organic
Q000132,заезд через канаву,S8,commercial_research,Yaroslavl,desktop,2026-08-27T19:19:58+03:00,7,https://zemledelov.ru/articles/kak-sdelat-zaezd-na-uchastok/,https://zemledelov.ru/articles/kak-sdelat-zaezd-na-uchastok/,Как сделать заезд на участок: правила и технология... - Земледелов,yandex-api-Q000132.jsonl,live_yandex_organic
Q000132,заезд через канаву,S8,commercial_research,Yaroslavl,desktop,2026-08-27T19:19:58+03:00,8,https://solfit.ru/pub/stati-i-obzory/proezd-na-uchastok-cherez-kanavu-kak-pravilno-ulozhit-trubu-i-sdelat-nadezhnuyu-nasyp.html,https://solfit.ru/pub/stati-i-obzory/proezd-na-uchastok-cherez-kanavu-kak-pravilno-ulozhit-trubu-i-sdelat-nadezhnuyu-nasyp.html/,Проезд на участок через канаву: как правильно уложить трубу...,yandex-api-Q000132.jsonl,live_yandex_organic
Q000132,заезд через канаву,S8,commercial_research,Yaroslavl,desktop,2026-08-27T19:19:58+03:00,9,https://vk.ru/wall-29538032_391833,https://vk.ru/wall-29538032_391833/,Фотоотчёт: как форумчанин сделал заезд на участок через...,yandex-api-Q000132.jsonl,live_yandex_organic
Q000132,заезд через канаву,S8,commercial_research,Yaroslavl,desktop,2026-08-27T19:19:58+03:00,10,https://m-strana.ru/articles/vezd-na-uchastok-cherez-kanavu/,https://m-strana.ru/articles/vezd-na-uchastok-cherez-kanavu/,Въезд на участок через канаву – варианты решения проблемы,yandex-api-Q000132.jsonl,live_yandex_organic
Q000133,заезд через канаву на участок,S8,commercial_research,Yaroslavl,desktop,2026-08-27T19:19:58+03:00,1,https://www.avito.ru/yaroslavl/predlozheniya_uslug?q=%D0%92%D1%8A%D0%B5%D0%B7%D0%B4+%D0%B7%D0%B0%D0%B5%D0%B7%D0%B4+%D0%BD%D0%B0+%D1%83%D1%87%D0%B0%D1%81%D1%82%D0%BE%D0%BA+%D1%87%D0%B5%D1%80%D0%B5%D0%B7+%D0%BA%D0%B0%D0%BD%D0%B0%D0%B2%D1%83,https://avito.ru/yaroslavl/predlozheniya_uslug/,Въезд заезд на участок через канаву в Ярославле - цены и отзывы,yandex-api-Q000133.jsonl,live_yandex_organic
Q000133,заезд через канаву на участок,S8,commercial_research,Yaroslavl,desktop,2026-08-27T19:19:58+03:00,2,https://yaroslavl.uchastok-zaezd.ru/,https://yaroslavl.uchastok-zaezd.ru/,ЗАЕЗД на УЧАСТОК в Ярославле через канаву: Въезд под ключ...,yandex-api-Q000133.jsonl,live_yandex_organic
Q000133,заезд через канаву на участок,S8,commercial_research,Yaroslavl,desktop,2026-08-27T19:19:58+03:00,3,https://uslugi.yandex.ru/16-yaroslavl/category?text=---%D0%B7%D0%B0%D0%B5%D0%B7%D0%B4+%D0%BD%D0%B0+%D1%83%D1%87%D0%B0%D1%81%D1%82%D0%BE%D0%BA+%D1%87%D0%B5%D1%80%D0%B5%D0%B7+%D0%BA%D0%B0%D0%BD%D0%B0%D0%B2%D1%83+,https://uslugi.yandex.ru/16-yaroslavl/category/,Заезд на участок через канаву в Ярославле: 38 исполнителей...,yandex-api-Q000133.jsonl,live_yandex_organic
Q000133,заезд через канаву на участок,S8,commercial_research,Yaroslavl,desktop,2026-08-27T19:19:58+03:00,4,https://yaroslavl.mzog.ru/ustrojstvo-zaezda-na-uchastok,https://yaroslavl.mzog.ru/ustrojstvo-zaezda-na-uchastok/,Устройство заезда на участок под ключ в Ярославле от 1258 руб....,yandex-api-Q000133.jsonl,live_yandex_organic
Q000133,заезд через канаву на участок,S8,commercial_research,Yaroslavl,desktop,2026-08-27T19:19:58+03:00,5,https://dzen.ru/a/Y5h77IS70AhUhPcn,https://dzen.ru/a/Y5h77IS70AhUhPcn/,Как сделать въезд на новый участок через дренажную канаву,yandex-api-Q000133.jsonl,live_yandex_organic
Q000133,заезд через канаву на участок,S8,commercial_research,Yaroslavl,desktop,2026-08-27T19:19:58+03:00,6,https://landshaftniy-dizayn.ru/vse-stati/kak-sdelat-zaezd-cherez-kanavu-svoimi-rukami-v-2025/,https://landshaftniy-dizayn.ru/vse-stati/kak-sdelat-zaezd-cherez-kanavu-svoimi-rukami-v-2025/,Как сделать заезд через канаву своими руками в 2026,yandex-api-Q000133.jsonl,live_yandex_organic
Q000133,заезд через канаву на участок,S8,commercial_research,Yaroslavl,desktop,2026-08-27T19:19:58+03:00,7,https://zemledelov.ru/articles/zaezd-na-uchastok-cherez-kanavu/,https://zemledelov.ru/articles/zaezd-na-uchastok-cherez-kanavu/,"Заезд на участок через канаву — технология, выбор трубы, цены...",yandex-api-Q000133.jsonl,live_yandex_organic
Q000133,заезд через канаву на участок,S8,commercial_research,Yaroslavl,desktop,2026-08-27T19:19:58+03:00,8,https://znaet.petrovich.ru/blagoustroystvo/zabory-dorozhki/vezd-na-uchastok/instruktsiya/kak-sdelat-vezd-na-uchastok-cherez-drenazhnuyu-kanavu/,https://znaet.petrovich.ru/blagoustroystvo/zabory-dorozhki/vezd-na-uchastok/instruktsiya/kak-sdelat-vezd-na-uchastok-cherez-drenazhnuyu-kanavu/,Как сделать заезд для машины на даче: что... - «Петрович.Знает»,yandex-api-Q000133.jsonl,live_yandex_organic
Q000133,заезд через канаву на участок,S8,commercial_research,Yaroslavl,desktop,2026-08-27T19:19:58+03:00,9,https://zemledelov.ru/articles/kak-sdelat-zaezd-na-uchastok/,https://zemledelov.ru/articles/kak-sdelat-zaezd-na-uchastok/,Как сделать заезд на участок: правила и технология... - Земледелов,yandex-api-Q000133.jsonl,live_yandex_organic
Q000133,заезд через канаву на участок,S8,commercial_research,Yaroslavl,desktop,2026-08-27T19:19:58+03:00,10,https://xn---52-5cdo5a8awv.xn--p1ai/news/kak-sdelat-zaezd-na-uchastok/,https://xn---52-5cdo5a8awv.xn--p1ai/news/kak-sdelat-zaezd-na-uchastok/,Как сделать заезд на участок своими руками: пошаговая...,yandex-api-Q000133.jsonl,live_yandex_organic
Q000134,заезд через канаву тутаев,S8,commercial_research,Yaroslavl,desktop,2026-08-27T19:19:58+03:00,1,https://www.avito.ru/yaroslavskaya_oblast/predlozheniya_uslug/tag/zaezd-na-uchastok-cherez-kanavu,https://avito.ru/yaroslavskaya_oblast/predlozheniya_uslug/tag/zaezd-na-uchastok-cherez-kanavu/,заезд на участок через канаву в Ярославской области - цены...,yandex-api-Q000134.jsonl,live_yandex_organic
Q000134,заезд через канаву тутаев,S8,commercial_research,Yaroslavl,desktop,2026-08-27T19:19:58+03:00,2,https://tutaev.mzog.ru/ustrojstvo-zaezda-na-uchastok,https://tutaev.mzog.ru/ustrojstvo-zaezda-na-uchastok/,Устройство заезда на участок под ключ в Тутаеве от 1259 руб....,yandex-api-Q000134.jsonl,live_yandex_organic
Q000134,заезд через канаву тутаев,S8,commercial_research,Yaroslavl,desktop,2026-08-27T19:19:58+03:00,3,https://tutaev.wetzavet.ru/vyravnivanie-uchastka/zaezd-cherez-trubu/,https://tutaev.wetzavet.ru/vyravnivanie-uchastka/zaezd-cherez-trubu/,Заезд на участок через канаву с установкой трубы в Тутаеве.,yandex-api-Q000134.jsonl,live_yandex_organic
Q000134,заезд через канаву тутаев,S8,commercial_research,Yaroslavl,desktop,2026-08-27T19:19:58+03:00,4,https://exp76.ru/services/vezd-zaezd-na-uchastok-cherez-kanavu-pod-kljuch/,https://exp76.ru/services/vezd-zaezd-na-uchastok-cherez-kanavu-pod-kljuch/,Въезд / заезд на участок через канаву под ключ,yandex-api-Q000134.jsonl,live_yandex_organic
Q000134,заезд через канаву тутаев,S8,commercial_research,Yaroslavl,desktop,2026-08-27T19:19:58+03:00,5,https://www.avito.ru/tutaev/predlozheniya_uslug/sad_blagoustroystvo/zemlyanye_raboty-ASgBAgICAkSYC8KfAdCuDvq80AE,https://avito.ru/tutaev/predlozheniya_uslug/sad_blagoustroystvo/zemlyanye_raboty-ASgBAgICAkSYC8KfAdCuDvq80AE/,"Вспашка, выравнивание земли в Тутаеве | Сад, благоустройство...",yandex-api-Q000134.jsonl,live_yandex_organic
Q000134,заезд через канаву тутаев,S8,commercial_research,Yaroslavl,desktop,2026-08-27T19:19:58+03:00,6,https://www.avito.ru/yaroslavl/dlya_doma_i_dachi?q=%D1%82%D1%80%D1%83%D0%B1%D0%B0+%D0%B2+%D0%BA%D0%B0%D0%BD%D0%B0%D0%B2%D1%83+%D0%BD%D0%B0+%D0%B7%D0%B0%D0%B5%D0%B7%D0%B4,https://avito.ru/yaroslavl/dlya_doma_i_dachi/,труба в канаву на заезд - Купить товары для дома и дачи... | Авито,yandex-api-Q000134.jsonl,live_yandex_organic
Q000134,заезд через канаву тутаев,S8,commercial_research,Yaroslavl,desktop,2026-08-27T19:19:58+03:00,7,https://tutaev.stroymetproekt.ru/zaezd-na-uchastok,https://tutaev.stroymetproekt.ru/zaezd-na-uchastok/,Заезд на участок под ключ в Тутаеве от 15726 р. | Метпроект-Ттв,yandex-api-Q000134.jsonl,live_yandex_organic
Q000134,заезд через канаву тутаев,S8,commercial_research,Yaroslavl,desktop,2026-08-27T19:19:58+03:00,8,https://tutaev.mzog.ru/zaezd-na-uchastok,https://tutaev.mzog.ru/zaezd-na-uchastok/,"Заезд на участок Тутаев, цена от 51401 руб.",yandex-api-Q000134.jsonl,live_yandex_organic
Q000134,заезд через канаву тутаев,S8,commercial_research,Yaroslavl,desktop,2026-08-27T19:19:58+03:00,9,https://uslugi.yandex.ru/16-yaroslavl/category?text=%D0%A1%D0%B4%D0%B5%D0%BB%D0%B0%D1%82%D1%8C+%D0%B7%D0%B0%D0%B5%D0%B7%D0%B4+%D1%87%D0%B5%D1%80%D0%B5%D0%B7+%D0%BA%D0%B0%D0%BD%D0%B0%D0%B2%D1%83,https://uslugi.yandex.ru/16-yaroslavl/category/,Сделать заезд через канаву в Ярославле: 43 исполнителя...,yandex-api-Q000134.jsonl,live_yandex_organic
Q000134,заезд через канаву тутаев,S8,commercial_research,Yaroslavl,desktop,2026-08-27T19:19:58+03:00,10,https://www.avito.ru/tutaev/dlya_doma_i_dachi?q=%D1%82%D1%80%D1%83%D0%B1%D0%B0+%D0%B2+%D0%BA%D0%B0%D0%BD%D0%B0%D0%B2%D1%83,https://avito.ru/tutaev/dlya_doma_i_dachi/,труба в канаву - Купить товары для дома и дачи в Тутаеве | Авито,yandex-api-Q000134.jsonl,live_yandex_organic
Q000135,заказать въезд на участок,S8,transactional,Yaroslavl,desktop,2026-08-27T19:19:58+03:00,1,https://www.avito.ru/yaroslavl/predlozheniya_uslug?q=%D0%92%D1%8A%D0%B5%D0%B7%D0%B4+%D0%B7%D0%B0%D0%B5%D0%B7%D0%B4+%D0%BD%D0%B0+%D1%83%D1%87%D0%B0%D1%81%D1%82%D0%BE%D0%BA+%D1%87%D0%B5%D1%80%D0%B5%D0%B7+%D0%BA%D0%B0%D0%BD%D0%B0%D0%B2%D1%83,https://avito.ru/yaroslavl/predlozheniya_uslug/,Въезд заезд на участок через канаву в Ярославле - цены и отзывы,yandex-api-Q000135.jsonl,live_yandex_organic
Q000135,заказать въезд на участок,S8,transactional,Yaroslavl,desktop,2026-08-27T19:19:58+03:00,2,https://www.avito.ru/yaroslavskaya_oblast/predlozheniya_uslug/tag/zaezd-na-uchastok-cherez-kanavu,https://avito.ru/yaroslavskaya_oblast/predlozheniya_uslug/tag/zaezd-na-uchastok-cherez-kanavu/,заезд на участок через канаву в Ярославской области - цены...,yandex-api-Q000135.jsonl,live_yandex_organic
Q000135,заказать въезд на участок,S8,transactional,Yaroslavl,desktop,2026-08-27T19:19:58+03:00,3,https://www.avito.ru/yaroslavskaya_oblast/predlozheniya_uslug?q=%D0%B2%D1%8A%D0%B5%D0%B7%D0%B4+%D0%BD%D0%B0+%D1%83%D1%87%D0%B0%D1%81%D1%82%D0%BE%D0%BA,https://avito.ru/yaroslavskaya_oblast/predlozheniya_uslug/,въезд на участок - Услуги и сервисы... | Услуги на Авито,yandex-api-Q000135.jsonl,live_yandex_organic
Q000135,заказать въезд на участок,S8,transactional,Yaroslavl,desktop,2026-08-27T19:19:58+03:00,4,https://uslugi.yandex.ru/16-yaroslavl/category?text=%D0%A3%D1%81%D1%82%D1%80%D0%BE%D0%B9%D1%81%D1%82%D0%B2%D0%BE%20%D0%B7%D0%B0%D0%B5%D0%B7%D0%B4%D0%B0%20%D0%BD%D0%B0%20%D1%83%D1%87%D0%B0%D1%81%D1%82%D0%BE%D0%BA,https://uslugi.yandex.ru/16-yaroslavl/category/,Устройство заезда на участок в Ярославле: 112 исполнителей...,yandex-api-Q000135.jsonl,live_yandex_organic
Q000135,заказать въезд на участок,S8,transactional,Yaroslavl,desktop,2026-08-27T19:19:58+03:00,5,https://uslugi.yandex.ru/16-yaroslavl/category?text=%D0%92%D1%8A%D0%B5%D0%B7%D0%B4%20%D0%BD%D0%B0%20%D1%83%D1%87%D0%B0%D1%81%D1%82%D0%BE%D0%BA%20%D1%87%D0%B5%D1%80%D0%B5%D0%B7%20%D0%BA%D0%B0%D0%BD%D0%B0%D0%B2%D1%83%20%D1%86%D0%B5%D0%BD%D0%B0,https://uslugi.yandex.ru/16-yaroslavl/category/,Въезд на участок через канаву цена в Ярославле: 23...,yandex-api-Q000135.jsonl,live_yandex_organic
Q000135,заказать въезд на участок,S8,transactional,Yaroslavl,desktop,2026-08-27T19:19:58+03:00,6,https://uslugi.yandex.ru/16-yaroslavl/category?text=%D0%B2%D1%8A%D0%B5%D0%B7%D0%B4+%D0%BD%D0%B0+%D1%83%D1%87%D0%B0%D1%81%D1%82%D0%BE%D0%BA,https://uslugi.yandex.ru/16-yaroslavl/category/,Въезд на участок в Ярославле: 58 исполнителей с отзывами...,yandex-api-Q000135.jsonl,live_yandex_organic
Q000135,заказать въезд на участок,S8,transactional,Yaroslavl,desktop,2026-08-27T19:19:58+03:00,7,https://uslugi.yandex.ru/16-yaroslavl/category?text=%D0%A1%D0%B4%D0%B5%D0%BB%D0%B0%D1%82%D1%8C+%D0%B7%D0%B0%D0%B5%D0%B7%D0%B4+%D1%87%D0%B5%D1%80%D0%B5%D0%B7+%D0%BA%D0%B0%D0%BD%D0%B0%D0%B2%D1%83,https://uslugi.yandex.ru/16-yaroslavl/category/,Сделать заезд через канаву в Ярославле: 43 исполнителя...,yandex-api-Q000135.jsonl,live_yandex_organic
Q000135,заказать въезд на участок,S8,transactional,Yaroslavl,desktop,2026-08-27T19:19:58+03:00,8,https://yaroslavl.uchastok-zaezd.ru/,https://yaroslavl.uchastok-zaezd.ru/,ЗАЕЗД на УЧАСТОК в Ярославле через канаву: Въезд под ключ...,yandex-api-Q000135.jsonl,live_yandex_organic
Q000135,заказать въезд на участок,S8,transactional,Yaroslavl,desktop,2026-08-27T19:19:58+03:00,9,https://landshaftniy-dizayn.ru/region/yaroslavl/blagoustroystvo/zaezd-na-uchastok/,https://landshaftniy-dizayn.ru/region/yaroslavl/blagoustroystvo/zaezd-na-uchastok/,Заезд на участок под ключ в Ярославле — цена,yandex-api-Q000135.jsonl,live_yandex_organic
Q000135,заказать въезд на участок,S8,transactional,Yaroslavl,desktop,2026-08-27T19:19:58+03:00,10,https://yaroslavl.blago-s.ru/catalog/zaezd-na-uchastok/,https://yaroslavl.blago-s.ru/catalog/zaezd-na-uchastok/,Заезд на участок в Ярославле — цена и работы под ключ,yandex-api-Q000135.jsonl,live_yandex_organic
Q000136,купить обычный мостик через канаву в рыбинске,S8,product_only,Yaroslavl,desktop,2026-08-27T19:19:58+03:00,1,https://www.ozon.ru/category/mostik-sadovyy/,https://ozon.ru/category/mostik-sadovyy/,Мостик садовый купить на OZON по низкой цене,yandex-api-Q000136.jsonl,live_yandex_organic
Q000136,купить обычный мостик через канаву в рыбинске,S8,product_only,Yaroslavl,desktop,2026-08-27T19:19:58+03:00,2,https://www.avito.ru/all/dlya_doma_i_dachi?q=%D0%BC%D0%BE%D1%81%D1%82%D0%B8%D0%BA+%D1%87%D0%B5%D1%80%D0%B5%D0%B7+%D0%BA%D0%B0%D0%BD%D0%B0%D0%B2%D1%83,https://avito.ru/all/dlya_doma_i_dachi/,мостик через канаву - Купить товары для дома и дачи во... | Авито,yandex-api-Q000136.jsonl,live_yandex_organic
Q000136,купить обычный мостик через канаву в рыбинске,S8,product_only,Yaroslavl,desktop,2026-08-27T19:19:58+03:00,3,https://tepli4ki.ru/products/mostik-sadovyi,https://tepli4ki.ru/products/mostik-sadovyi/,"Мостик садовый ""Арочный"" Каркас",yandex-api-Q000136.jsonl,live_yandex_organic
Q000136,купить обычный мостик через канаву в рыбинске,S8,product_only,Yaroslavl,desktop,2026-08-27T19:19:58+03:00,4,https://www.avito.ru/rybinsk/dlya_doma_i_dachi?q=%D1%81%D0%B0%D0%B4%D0%BE%D0%B2%D1%8B%D0%B9+%D0%BC%D0%BE%D1%81%D1%82%D0%B8%D0%BA,https://avito.ru/rybinsk/dlya_doma_i_dachi/,садовый мостик - Купить товары для дома и дачи в Рыбинске,yandex-api-Q000136.jsonl,live_yandex_organic
Q000136,купить обычный мостик через канаву в рыбинске,S8,product_only,Yaroslavl,desktop,2026-08-27T19:19:58+03:00,5,https://www.avito.ru/yaroslavskaya_oblast/dlya_doma_i_dachi?q=%D0%A1%D0%B0%D0%B4%D0%BE%D0%B2%D1%8B%D0%B9+%D0%BC%D0%BE%D1%81%D1%82%D0%B8%D0%BA,https://avito.ru/yaroslavskaya_oblast/dlya_doma_i_dachi/,Садовый мостик - Купить товары для дома и дачи... | Авито,yandex-api-Q000136.jsonl,live_yandex_organic
Q000136,купить обычный мостик через канаву в рыбинске,S8,product_only,Yaroslavl,desktop,2026-08-27T19:19:58+03:00,6,https://dacha-kovka.ru/p/1285008458-mostik-cherez-kanavu-160h100-sm/,https://dacha-kovka.ru/p/1285008458-mostik-cherez-kanavu-160h100-sm/,Мостик через канаву (160х100) см,yandex-api-Q000136.jsonl,live_yandex_organic
Q000136,купить обычный мостик через канаву в рыбинске,S8,product_only,Yaroslavl,desktop,2026-08-27T19:19:58+03:00,7,https://www.avito.ru/yaroslavl/dlya_doma_i_dachi?q=%D0%BC%D0%BE%D1%81%D1%82%D0%B8%D0%BA+%D1%87%D0%B5%D1%80%D0%B5%D0%B7+%D0%BA%D0%B0%D0%BD%D0%B0%D0%B2%D1%83,https://avito.ru/yaroslavl/dlya_doma_i_dachi/,мостик через канаву - Купить товары для дома и дачи... | Авито,yandex-api-Q000136.jsonl,live_yandex_organic
Q000136,купить обычный мостик через канаву в рыбинске,S8,product_only,Yaroslavl,desktop,2026-08-27T19:19:58+03:00,8,https://dacha-kovka.ru/p/332548599-mostik-cherez-kanavu/,https://dacha-kovka.ru/p/332548599-mostik-cherez-kanavu/,Мостик на вход через канаву,yandex-api-Q000136.jsonl,live_yandex_organic
Q000136,купить обычный мостик через канаву в рыбинске,S8,product_only,Yaroslavl,desktop,2026-08-27T19:19:58+03:00,9,https://mostik.ru/mostik-dlya-dachi-cherez-kanavu-abrstrakt-m23.htm,https://mostik.ru/mostik-dlya-dachi-cherez-kanavu-abrstrakt-m23.htm/,Мостик для дачи через канаву Абрстракт купить по цене 65600 руб,yandex-api-Q000136.jsonl,live_yandex_organic
Q000136,купить обычный мостик через канаву в рыбинске,S8,product_only,Yaroslavl,desktop,2026-08-27T19:19:58+03:00,10,https://www.wildberries.ru/catalog/dom/dachniy-sezon/sadoviy-instrument/tags/mostik-czerez-kanavu,https://wildberries.ru/catalog/dom/dachniy-sezon/sadoviy-instrument/tags/mostik-czerez-kanavu/,Мостик через канаву - Купить в интернет магазине WildBerries.ru,yandex-api-Q000136.jsonl,live_yandex_organic
Q000137,найти плиту через канаву установить для проезда телег и велосипедов в рыбинске,S8,commercial_research,Yaroslavl,desktop,2026-08-27T19:19:58+03:00,1,https://www.avito.ru/rybinsk/predlozheniya_uslug?q=%D0%B7%D0%B0%D0%B5%D0%B7%D0%B4+%D1%87%D0%B5%D1%80%D0%B5%D0%B7+%D0%BA%D0%B0%D0%BD%D0%B0%D0%B2%D1%83,https://avito.ru/rybinsk/predlozheniya_uslug/,заезд через канаву в Рыбинске - цены и отзывы | Услуги на Авито,yandex-api-Q000137.jsonl,live_yandex_organic
Q000137,найти плиту через канаву установить для проезда телег и велосипедов в рыбинске,S8,commercial_research,Yaroslavl,desktop,2026-08-27T19:19:58+03:00,2,https://www.avito.ru/rybinsk/predlozheniya_uslug?q=%D0%B7%D0%B0%D0%B5%D0%B7%D0%B4+%D0%BD%D0%B0+%D1%83%D1%87%D0%B0%D1%81%D1%82%D0%BE%D0%BA,https://avito.ru/rybinsk/predlozheniya_uslug/,заезд на участок в Рыбинске - цены и отзывы | Услуги на Авито,yandex-api-Q000137.jsonl,live_yandex_organic
Q000137,найти плиту через канаву установить для проезда телег и велосипедов в рыбинске,S8,commercial_research,Yaroslavl,desktop,2026-08-27T19:19:58+03:00,3,https://rybinsk.uchastok-zaezd.ru/,https://rybinsk.uchastok-zaezd.ru/,ЗАЕЗД на УЧАСТОК в Рыбинске через канаву: Въезд под ключ...,yandex-api-Q000137.jsonl,live_yandex_organic
Q000137,найти плиту через канаву установить для проезда телег и велосипедов в рыбинске,S8,commercial_research,Yaroslavl,desktop,2026-08-27T19:19:58+03:00,4,https://www.avito.ru/rybinsk/predlozheniya_uslug?q=%D1%83%D0%BA%D0%BB%D0%B0%D0%B4%D0%BA%D0%B0%20%D1%82%D1%80%D0%BE%D1%82%D1%83%D0%B0%D1%80%D0%BD%D0%BE%D0%B9%20%D0%BF%D0%BB%D0%B8%D1%82%D0%BA%D0%B8,https://avito.ru/rybinsk/predlozheniya_uslug/,укладка тротуарной плитки в Рыбинске - цены и отзывы,yandex-api-Q000137.jsonl,live_yandex_organic
Q000137,найти плиту через канаву установить для проезда телег и велосипедов в рыбинске,S8,commercial_research,Yaroslavl,desktop,2026-08-27T19:19:58+03:00,5,https://www.avito.ru/yaroslavskaya_oblast/dlya_doma_i_dachi?q=%D1%82%D1%80%D1%83%D0%B1%D1%8B+%D0%B1%D0%B5%D1%82%D0%BE%D0%BD%D0%BD%D1%8B%D0%B5+%D0%B2+%D0%BA%D0%B0%D0%BD%D0%B0%D0%B2%D1%83,https://avito.ru/yaroslavskaya_oblast/dlya_doma_i_dachi/,трубы бетонные в канаву - Купить товары для дома и дачи... | Авито,yandex-api-Q000137.jsonl,live_yandex_organic
Q000137,найти плиту через канаву установить для проезда телег и велосипедов в рыбинске,S8,commercial_research,Yaroslavl,desktop,2026-08-27T19:19:58+03:00,6,https://exp76.ru/services/vezd-zaezd-na-uchastok-cherez-kanavu-pod-kljuch/,https://exp76.ru/services/vezd-zaezd-na-uchastok-cherez-kanavu-pod-kljuch/,Въезд / заезд на участок через канаву под ключ,yandex-api-Q000137.jsonl,live_yandex_organic
Q000137,найти плиту через канаву установить для проезда телег и велосипедов в рыбинске,S8,commercial_research,Yaroslavl,desktop,2026-08-27T19:19:58+03:00,7,https://www.avito.ru/velikiy_novgorod?q=%D0%BF%D0%BB%D0%B8%D1%82%D1%8B+%D0%B4%D0%BB%D1%8F+%D0%B7%D0%B0%D0%B5%D0%B7%D0%B4%D0%B0+%D1%87%D0%B5%D1%80%D0%B5%D0%B7+%D0%BA%D0%B0%D0%BD%D0%B0%D0%B2%D1%83,https://avito.ru/velikiy_novgorod/,плиты для заезда через канаву - Авито | Объявления... | Авито,yandex-api-Q000137.jsonl,live_yandex_organic
Q000137,найти плиту через канаву установить для проезда телег и велосипедов в рыбинске,S8,commercial_research,Yaroslavl,desktop,2026-08-27T19:19:58+03:00,8,https://www.avito.ru/rybinsk/remont_i_stroitelstvo/stroymaterialy/zhelezobetonnye_izdeliya/dorozhnye/dorozhnye_plity-ASgBAgICBERYoAKmvg3s7JkCuLQUtKWPA760FM6ljwM,https://avito.ru/rybinsk/remont_i_stroitelstvo/stroymaterialy/zhelezobetonnye_izdeliya/dorozhnye/dorozhnye_plity-ASgBAgICBERYoAKmvg3s7JkCuLQUtKWPA760FM6ljwM/,Дорожные плиты - купить в Рыбинске недорого на Авито,yandex-api-Q000137.jsonl,live_yandex_organic
Q000137,найти плиту через канаву установить для проезда телег и велосипедов в рыбинске,S8,commercial_research,Yaroslavl,desktop,2026-08-27T19:19:58+03:00,9,https://www.avito.ru/rybinsk/predlozheniya_uslug?q=%D0%B4%D1%80%D0%B5%D0%BD%D0%B0%D0%B6%D0%BD%D0%B0%D1%8F+%D0%BA%D0%B0%D0%BD%D0%B0%D0%B2%D0%B0,https://avito.ru/rybinsk/predlozheniya_uslug/,дренажная канава - Услуги и сервисы в Рыбинске | Услуги на Авито,yandex-api-Q000137.jsonl,live_yandex_organic
Q000137,найти плиту через канаву установить для проезда телег и велосипедов в рыбинске,S8,commercial_research,Yaroslavl,desktop,2026-08-27T19:19:58+03:00,10,https://rybinsk.wetzavet.ru/vyravnivanie-uchastka/zaezd-cherez-trubu/,https://rybinsk.wetzavet.ru/vyravnivanie-uchastka/zaezd-cherez-trubu/,Заезд на участок через канаву с установкой трубы в Рыбинске.,yandex-api-Q000137.jsonl,live_yandex_organic
Q000138,обустройство въезда на участок рыбинск,S8,commercial_research,Yaroslavl,desktop,2026-08-27T19:19:58+03:00,1,https://www.avito.ru/rybinsk/predlozheniya_uslug?q=%D0%B7%D0%B0%D0%B5%D0%B7%D0%B4+%D0%BD%D0%B0+%D1%83%D1%87%D0%B0%D1%81%D1%82%D0%BE%D0%BA,https://avito.ru/rybinsk/predlozheniya_uslug/,заезд на участок в Рыбинске - цены и отзывы | Услуги на Авито,yandex-api-Q000138.jsonl,live_yandex_organic
Q000138,обустройство въезда на участок рыбинск,S8,commercial_research,Yaroslavl,desktop,2026-08-27T19:19:58+03:00,2,https://rybinsk.uchastok-zaezd.ru/,https://rybinsk.uchastok-zaezd.ru/,ЗАЕЗД на УЧАСТОК в Рыбинске через канаву: Въезд под ключ...,yandex-api-Q000138.jsonl,live_yandex_organic
Q000138,обустройство въезда на участок рыбинск,S8,commercial_research,Yaroslavl,desktop,2026-08-27T19:19:58+03:00,3,https://rybinsk.mzog.ru/ustrojstvo-zaezda-na-uchastok,https://rybinsk.mzog.ru/ustrojstvo-zaezda-na-uchastok/,Устройство заезда на участок под ключ в Рыбинске от 1249 руб....,yandex-api-Q000138.jsonl,live_yandex_organic
Q000138,обустройство въезда на участок рыбинск,S8,commercial_research,Yaroslavl,desktop,2026-08-27T19:19:58+03:00,4,https://uslugi.yandex.ru/10839-rybinsk/category?text=%D0%9E%D0%B1%D1%83%D1%81%D1%82%D1%80%D0%BE%D0%B9%D1%81%D1%82%D0%B2%D0%BE%20%D0%B2%D1%8A%D0%B5%D0%B7%D0%B4%D0%B0%20%D0%BD%D0%B0%20%D1%83%D1%87%D0%B0%D1%81%D1%82%D0%BE%D0%BA,https://uslugi.yandex.ru/10839-rybinsk/category/,Обустройство въезда на участок в Рыбинске: 30 исполнителей...,yandex-api-Q000138.jsonl,live_yandex_organic
Q000138,обустройство въезда на участок рыбинск,S8,commercial_research,Yaroslavl,desktop,2026-08-27T19:19:58+03:00,5,https://exp76.ru/services/vezd-zaezd-na-uchastok-cherez-kanavu-pod-kljuch/,https://exp76.ru/services/vezd-zaezd-na-uchastok-cherez-kanavu-pod-kljuch/,Въезд / заезд на участок через канаву под ключ,yandex-api-Q000138.jsonl,live_yandex_organic
Q000138,обустройство въезда на участок рыбинск,S8,commercial_research,Yaroslavl,desktop,2026-08-27T19:19:58+03:00,6,https://uslugi.yandex.ru/10839-rybinsk/category?text=%D0%A3%D1%81%D1%82%D1%80%D0%BE%D0%B9%D1%81%D1%82%D0%B2%D0%BE%20%D0%B7%D0%B0%D0%B5%D0%B7%D0%B4%D0%B0%20%D0%BD%D0%B0%20%D1%83%D1%87%D0%B0%D1%81%D1%82%D0%BE%D0%BA,https://uslugi.yandex.ru/10839-rybinsk/category/,Устройство заезда на участок в Рыбинске: 104 исполнителя...,yandex-api-Q000138.jsonl,live_yandex_organic
Q000138,обустройство въезда на участок рыбинск,S8,commercial_research,Yaroslavl,desktop,2026-08-27T19:19:58+03:00,7,https://rybinsk.blago-s.ru/catalog/zaezd-na-uchastok/,https://rybinsk.blago-s.ru/catalog/zaezd-na-uchastok/,Заезд на участок в Рыбинске — цена и работы под ключ,yandex-api-Q000138.jsonl,live_yandex_organic
Q000138,обустройство въезда на участок рыбинск,S8,commercial_research,Yaroslavl,desktop,2026-08-27T19:19:58+03:00,8,https://rybinsk.1gbi.ru/zaezd-na-uchastok,https://rybinsk.1gbi.ru/zaezd-na-uchastok/,Заезд на участок под ключ в Рыбинске цена от 2675 руб.,yandex-api-Q000138.jsonl,live_yandex_organic
Q000138,обустройство въезда на участок рыбинск,S8,commercial_research,Yaroslavl,desktop,2026-08-27T19:19:58+03:00,9,https://rybinsk.mzog.ru/ustrojstvo-vezda,https://rybinsk.mzog.ru/ustrojstvo-vezda/,"Устройство въезда на участок Рыбинск, цена от 50995 руб.",yandex-api-Q000138.jsonl,live_yandex_organic
Q000138,обустройство въезда на участок рыбинск,S8,commercial_research,Yaroslavl,desktop,2026-08-27T19:19:58+03:00,10,https://uslugi.yandex.ru/10839-rybinsk/category?text=%D0%A1%D0%B4%D0%B5%D0%BB%D0%B0%D1%82%D1%8C+%D0%B7%D0%B0%D0%B5%D0%B7%D0%B4+%D1%87%D0%B5%D1%80%D0%B5%D0%B7+%D0%BA%D0%B0%D0%BD%D0%B0%D0%B2%D1%83,https://uslugi.yandex.ru/10839-rybinsk/category/,Сделать заезд через канаву в Рыбинске: 44 исполнителя...,yandex-api-Q000138.jsonl,live_yandex_organic
Q000139,труба в канаву для заезда,S8,commercial_research,Yaroslavl,desktop,2026-08-27T19:19:58+03:00,1,https://www.ozon.ru/category/truby-dlya-v-kanavu/,https://ozon.ru/category/truby-dlya-v-kanavu/,Трубы для в канаву купить на OZON по низкой цене,yandex-api-Q000139.jsonl,live_yandex_organic
Q000139,труба в канаву для заезда,S8,commercial_research,Yaroslavl,desktop,2026-08-27T19:19:58+03:00,2,https://www.ozon.ru/product/truba-sn8-400-343-v-kanavu-pod-zaezd-pod-dorogu-plastikovaya-dlina-6-metrov-dlya-proezda-629474848/,https://ozon.ru/product/truba-sn8-400-343-v-kanavu-pod-zaezd-pod-dorogu-plastikovaya-dlina-6-metrov-dlya-proezda-629474848/,Труба SN8 400/343 в канаву под заезд/под дорогу...,yandex-api-Q000139.jsonl,live_yandex_organic
Q000139,труба в канаву для заезда,S8,commercial_research,Yaroslavl,desktop,2026-08-27T19:19:58+03:00,3,https://www.avito.ru/yaroslavl/dlya_doma_i_dachi?q=%D1%82%D1%80%D1%83%D0%B1%D0%B0+%D0%B2+%D0%BA%D0%B0%D0%BD%D0%B0%D0%B2%D1%83+%D0%BD%D0%B0+%D0%B7%D0%B0%D0%B5%D0%B7%D0%B4,https://avito.ru/yaroslavl/dlya_doma_i_dachi/,труба в канаву на заезд - Купить товары для дома и дачи... | Авито,yandex-api-Q000139.jsonl,live_yandex_organic
Q000139,труба в канаву для заезда,S8,commercial_research,Yaroslavl,desktop,2026-08-27T19:19:58+03:00,4,https://yaroslavl.upokupka.ru/catalog/drenazh_vodootvod_kanalizatsiya/truby_v_kanavu/,https://yaroslavl.upokupka.ru/catalog/drenazh_vodootvod_kanalizatsiya/truby_v_kanavu/,"Трубы в канаву купить в Ярославле, каталог и цены...",yandex-api-Q000139.jsonl,live_yandex_organic
Q000139,труба в канаву для заезда,S8,commercial_research,Yaroslavl,desktop,2026-08-27T19:19:58+03:00,5,https://www.avito.ru/yaroslavl/dlya_doma_i_dachi?q=%D1%82%D1%80%D1%83%D0%B1%D0%B0+%D0%B2+%D0%BA%D0%B0%D0%BD%D0%B0%D0%B2%D1%83,https://avito.ru/yaroslavl/dlya_doma_i_dachi/,труба в канаву - Купить товары для дома и дачи... | Авито,yandex-api-Q000139.jsonl,live_yandex_organic
Q000139,труба в канаву для заезда,S8,commercial_research,Yaroslavl,desktop,2026-08-27T19:19:58+03:00,6,https://www.avito.ru/yaroslavl/remont_i_stroitelstvo/stroymaterialy-ASgBAgICAURYoAI?q=%D1%82%D1%80%D1%83%D0%B1%D0%B0+%D0%B2+%D0%BA%D0%B0%D0%BD%D0%B0%D0%B2%D1%83,https://avito.ru/yaroslavl/remont_i_stroitelstvo/stroymaterialy-ASgBAgICAURYoAI/,труба в канаву - Купить стройматериалы ‍ в Ярославле | Авито,yandex-api-Q000139.jsonl,live_yandex_organic
Q000139,труба в канаву для заезда,S8,commercial_research,Yaroslavl,desktop,2026-08-27T19:19:58+03:00,7,https://ost76.ru/catalog/trubi-pod-zaezd/,https://ost76.ru/catalog/trubi-pod-zaezd/,Трубы под заезд/Труба для заезда/Труба в канаву/Для участка,yandex-api-Q000139.jsonl,live_yandex_organic
Q000139,труба в канаву для заезда,S8,commercial_research,Yaroslavl,desktop,2026-08-27T19:19:58+03:00,8,https://upokupka.ru/articles/kak-vybrat-i-pravilno-ulozhit-trubu-v-kanavu-na-zaezd/,https://upokupka.ru/articles/kak-vybrat-i-pravilno-ulozhit-trubu-v-kanavu-na-zaezd/,"Труба в канаву на заезд, как выбрать и правильно уложить...",yandex-api-Q000139.jsonl,live_yandex_organic
Q000139,труба в канаву для заезда,S8,commercial_research,Yaroslavl,desktop,2026-08-27T19:19:58+03:00,9,https://yaroslavl.tdagro.ru/truby-i-fitingi/truby-dvuhsloynye-gofrirovannye-pnd/truba-dvuhsloynaya-gofrirovannaya-dorozhnaya/,https://yaroslavl.tdagro.ru/truby-i-fitingi/truby-dvuhsloynye-gofrirovannye-pnd/truba-dvuhsloynaya-gofrirovannaya-dorozhnaya/,Труба двухслойная гофрированная дорожная - купить...,yandex-api-Q000139.jsonl,live_yandex_organic
Q000139,труба в канаву для заезда,S8,commercial_research,Yaroslavl,desktop,2026-08-27T19:19:58+03:00,10,https://astrapipe.ru/catalog/truby_v_kanavu_na_zaezd_k_uchastku/,https://astrapipe.ru/catalog/truby_v_kanavu_na_zaezd_k_uchastku/,Купить трубу в канаву на заезд к участку Вы можете в нашем...,yandex-api-Q000139.jsonl,live_yandex_organic
Q000140,трубу в канаву уложить в рыбинске,S8,commercial_research,Yaroslavl,desktop,2026-08-27T19:19:58+03:00,1,https://www.avito.ru/rybinsk/predlozheniya_uslug?q=%D0%B4%D1%80%D0%B5%D0%BD%D0%B0%D0%B6%D0%BD%D0%B0%D1%8F+%D0%BA%D0%B0%D0%BD%D0%B0%D0%B2%D0%B0,https://avito.ru/rybinsk/predlozheniya_uslug/,дренажная канава - Услуги и сервисы в Рыбинске | Услуги на Авито,yandex-api-Q000140.jsonl,live_yandex_organic
Q000140,трубу в канаву уложить в рыбинске,S8,commercial_research,Yaroslavl,desktop,2026-08-27T19:19:58+03:00,2,https://www.avito.ru/yaroslavskaya_oblast/predlozheniya_uslug?q=%D1%82%D1%80%D1%83%D0%B1%D0%B0+%D0%B2+%D0%BA%D0%B0%D0%BD%D0%B0%D0%B2%D1%83,https://avito.ru/yaroslavskaya_oblast/predlozheniya_uslug/,труба в канаву в Ярославской области - цены и отзывы,yandex-api-Q000140.jsonl,live_yandex_organic
Q000140,трубу в канаву уложить в рыбинске,S8,commercial_research,Yaroslavl,desktop,2026-08-27T19:19:58+03:00,3,https://uslugi.yandex.ru/10839-rybinsk/category?text=%D0%94%D1%80%D0%B5%D0%BD%D0%B0%D0%B6+%D1%83%D1%87%D0%B0%D1%81%D1%82%D0%BA%D0%B0,https://uslugi.yandex.ru/10839-rybinsk/category/,Дренаж участка в Рыбинске: 97 инженеров по водоснабжению...,yandex-api-Q000140.jsonl,live_yandex_organic
Q000140,трубу в канаву уложить в рыбинске,S8,commercial_research,Yaroslavl,desktop,2026-08-27T19:19:58+03:00,4,https://www.avito.ru/rybinsk/predlozheniya_uslug?q=%D0%BA%D0%BE%D0%BF%D0%BA%D0%B0%20%D1%82%D1%80%D0%B0%D0%BD%D1%88%D0%B5%D0%B9,https://avito.ru/rybinsk/predlozheniya_uslug/,копка траншей в Рыбинске - цены и отзывы | Услуги на Авито,yandex-api-Q000140.jsonl,live_yandex_organic
Q000140,трубу в канаву уложить в рыбинске,S8,commercial_research,Yaroslavl,desktop,2026-08-27T19:19:58+03:00,5,https://www.avito.ru/rybinsk/predlozheniya_uslug?q=%D0%B7%D0%B0%D0%B5%D0%B7%D0%B4+%D1%87%D0%B5%D1%80%D0%B5%D0%B7+%D0%BA%D0%B0%D0%BD%D0%B0%D0%B2%D1%83,https://avito.ru/rybinsk/predlozheniya_uslug/,заезд через канаву в Рыбинске - цены и отзывы | Услуги на Авито,yandex-api-Q000140.jsonl,live_yandex_organic
Q000140,трубу в канаву уложить в рыбинске,S8,commercial_research,Yaroslavl,desktop,2026-08-27T19:19:58+03:00,6,https://www.avito.ru/rybinsk/predlozheniya_uslug/tag/prokol-pod-dorogoj,https://avito.ru/rybinsk/predlozheniya_uslug/tag/prokol-pod-dorogoj/,прокол под дорогой в Рыбинске - цены и отзывы | Услуги на Авито,yandex-api-Q000140.jsonl,live_yandex_organic
Q000140,трубу в канаву уложить в рыбинске,S8,commercial_research,Yaroslavl,desktop,2026-08-27T19:19:58+03:00,7,https://www.avito.ru/rybinsk/predlozheniya_uslug?q=%D0%B7%D0%B0%D0%B5%D0%B7%D0%B4+%D0%BD%D0%B0+%D1%83%D1%87%D0%B0%D1%81%D1%82%D0%BE%D0%BA,https://avito.ru/rybinsk/predlozheniya_uslug/,заезд на участок в Рыбинске - цены и отзывы | Услуги на Авито,yandex-api-Q000140.jsonl,live_yandex_organic
Q000140,трубу в канаву уложить в рыбинске,S8,commercial_research,Yaroslavl,desktop,2026-08-27T19:19:58+03:00,8,https://www.avito.ru/rybinsk?q=%D1%82%D1%80%D1%83%D0%B1%D0%B0+%D0%BA%D0%B0%D0%BD%D0%B0%D0%B2%D0%B0+%D0%B7%D0%B0%D0%B5%D0%B7%D0%B4,https://avito.ru/rybinsk/,труба канава заезд - Авито | Объявления в Рыбинске... | Авито,yandex-api-Q000140.jsonl,live_yandex_organic
Q000140,трубу в канаву уложить в рыбинске,S8,commercial_research,Yaroslavl,desktop,2026-08-27T19:19:58+03:00,9,https://www.avito.ru/yaroslavskaya_oblast/predlozheniya_uslug/tag/zaezd-na-uchastok-cherez-kanavu,https://avito.ru/yaroslavskaya_oblast/predlozheniya_uslug/tag/zaezd-na-uchastok-cherez-kanavu/,заезд на участок через канаву в Ярославской области - цены...,yandex-api-Q000140.jsonl,live_yandex_organic
Q000140,трубу в канаву уложить в рыбинске,S8,commercial_research,Yaroslavl,desktop,2026-08-27T19:19:58+03:00,10,https://www.avito.ru/rybinsk/remont_i_stroitelstvo/stroymaterialy-ASgBAgICAURYoAI?q=%D1%82%D1%80%D1%83%D0%B1%D0%B0+%D0%B2+%D0%BA%D0%B0%D0%BD%D0%B0%D0%B2%D1%83,https://avito.ru/rybinsk/remont_i_stroitelstvo/stroymaterialy-ASgBAgICAURYoAI/,труба в канаву - Купить стройматериалы ‍ в Рыбинске | Авито,yandex-api-Q000140.jsonl,live_yandex_organic
Q000141,ярославская область сделать въезд в канаву,S8,commercial_research,Yaroslavl,desktop,2026-08-27T19:19:58+03:00,1,https://www.avito.ru/yaroslavl/predlozheniya_uslug?q=%D0%92%D1%8A%D0%B5%D0%B7%D0%B4+%D0%B7%D0%B0%D0%B5%D0%B7%D0%B4+%D0%BD%D0%B0+%D1%83%D1%87%D0%B0%D1%81%D1%82%D0%BE%D0%BA+%D1%87%D0%B5%D1%80%D0%B5%D0%B7+%D0%BA%D0%B0%D0%BD%D0%B0%D0%B2%D1%83,https://avito.ru/yaroslavl/predlozheniya_uslug/,Въезд заезд на участок через канаву в Ярославле - цены и отзывы,yandex-api-Q000141.jsonl,live_yandex_organic
Q000141,ярославская область сделать въезд в канаву,S8,commercial_research,Yaroslavl,desktop,2026-08-27T19:19:58+03:00,2,https://www.avito.ru/yaroslavskaya_oblast/predlozheniya_uslug/tag/zaezd-na-uchastok-cherez-kanavu,https://avito.ru/yaroslavskaya_oblast/predlozheniya_uslug/tag/zaezd-na-uchastok-cherez-kanavu/,заезд на участок через канаву в Ярославской области - цены...,yandex-api-Q000141.jsonl,live_yandex_organic
Q000141,ярославская область сделать въезд в канаву,S8,commercial_research,Yaroslavl,desktop,2026-08-27T19:19:58+03:00,3,https://uslugi.yandex.ru/16-yaroslavl/category?text=%D0%A1%D0%B4%D0%B5%D0%BB%D0%B0%D1%82%D1%8C+%D0%B7%D0%B0%D0%B5%D0%B7%D0%B4+%D1%87%D0%B5%D1%80%D0%B5%D0%B7+%D0%BA%D0%B0%D0%BD%D0%B0%D0%B2%D1%83,https://uslugi.yandex.ru/16-yaroslavl/category/,Сделать заезд через канаву в Ярославле: 43 исполнителя...,yandex-api-Q000141.jsonl,live_yandex_organic
Q000141,ярославская область сделать въезд в канаву,S8,commercial_research,Yaroslavl,desktop,2026-08-27T19:19:58+03:00,4,https://exp76.ru/services/vezd-zaezd-na-uchastok-cherez-kanavu-pod-kljuch/,https://exp76.ru/services/vezd-zaezd-na-uchastok-cherez-kanavu-pod-kljuch/,Въезд / заезд на участок через канаву под ключ,yandex-api-Q000141.jsonl,live_yandex_organic
Q000141,ярославская область сделать въезд в канаву,S8,commercial_research,Yaroslavl,desktop,2026-08-27T19:19:58+03:00,5,https://www.avito.ru/yaroslavl/predlozheniya_uslug?q=%D0%B1%D0%BB%D0%B0%D0%B3%D0%BE%D1%83%D1%81%D1%82%D1%80%D0%BE%D0%B9%D1%81%D1%82%D0%B2%D0%BE+%D0%BA%D0%B0%D0%BD%D0%B0%D0%B2%D1%8B,https://avito.ru/yaroslavl/predlozheniya_uslug/,благоустройство канавы в Ярославле - цены и отзывы | Услуги на...,yandex-api-Q000141.jsonl,live_yandex_organic
Q000141,ярославская область сделать въезд в канаву,S8,commercial_research,Yaroslavl,desktop,2026-08-27T19:19:58+03:00,6,https://yaroslavl.mzog.ru/ustrojstvo-zaezda-na-uchastok,https://yaroslavl.mzog.ru/ustrojstvo-zaezda-na-uchastok/,Устройство заезда на участок под ключ в Ярославле от 1258 руб....,yandex-api-Q000141.jsonl,live_yandex_organic
Q000141,ярославская область сделать въезд в канаву,S8,commercial_research,Yaroslavl,desktop,2026-08-27T19:19:58+03:00,7,https://www.avito.ru/yaroslavl/dlya_doma_i_dachi?q=%D1%82%D1%80%D1%83%D0%B1%D0%B0+%D0%B2+%D0%BA%D0%B0%D0%BD%D0%B0%D0%B2%D1%83+%D0%BD%D0%B0+%D0%B7%D0%B0%D0%B5%D0%B7%D0%B4,https://avito.ru/yaroslavl/dlya_doma_i_dachi/,труба в канаву на заезд - Купить товары для дома и дачи... | Авито,yandex-api-Q000141.jsonl,live_yandex_organic
Q000141,ярославская область сделать въезд в канаву,S8,commercial_research,Yaroslavl,desktop,2026-08-27T19:19:58+03:00,8,https://www.avito.ru/yaroslavskaya_oblast/predlozheniya_uslug?q=%D1%82%D1%80%D1%83%D0%B1%D0%B0+%D0%B2+%D0%BA%D0%B0%D0%BD%D0%B0%D0%B2%D1%83,https://avito.ru/yaroslavskaya_oblast/predlozheniya_uslug/,труба в канаву в Ярославской области - цены и отзывы,yandex-api-Q000141.jsonl,live_yandex_organic
Q000141,ярославская область сделать въезд в канаву,S8,commercial_research,Yaroslavl,desktop,2026-08-27T19:19:58+03:00,9,https://uslugi.yandex.ru/16-yaroslavl/category?text=---%D0%B7%D0%B0%D0%B5%D0%B7%D0%B4+%D0%BD%D0%B0+%D1%83%D1%87%D0%B0%D1%81%D1%82%D0%BE%D0%BA+%D1%87%D0%B5%D1%80%D0%B5%D0%B7+%D0%BA%D0%B0%D0%BD%D0%B0%D0%B2%D1%83+,https://uslugi.yandex.ru/16-yaroslavl/category/,Заезд на участок через канаву в Ярославле: 38 исполнителей...,yandex-api-Q000141.jsonl,live_yandex_organic
Q000141,ярославская область сделать въезд в канаву,S8,commercial_research,Yaroslavl,desktop,2026-08-27T19:19:58+03:00,10,https://yaroslavl.uchastok-zaezd.ru/,https://yaroslavl.uchastok-zaezd.ru/,ЗАЕЗД на УЧАСТОК в Ярославле через канаву: Въезд под ключ...,yandex-api-Q000141.jsonl,live_yandex_organic
