"Query","Dates range","Impressions","Clicks","CTR %","Avg. position","Avg. click position","Impressions for 1st position","Clicks from pos. 1","CTR % for pos. 1","Impressions for pos. 2-3","Clicks from pos. 2-3","CTR % for pos. 2-3","Avg. impression position for pos. 2-3","Avg. click position from pos. 2-3","Impressions for pos. 4-10","Clicks from pos. 4-10","CTR % for pos. 4-10","Avg. impression position for pos. 4-10","Avg. click position from pos. 4-10","Impressions for pos. 11-50","Clicks from pos. 11-50","CTR % for pos. 11-50","Avg. impression position for pos. 11-50","Avg. click position from pos. 11-50"
"стоимость благоустройства территории за м2 калькулятор","2026-05-21 - 2026-08-18","116.00","0.00","0.00","8.25","","1.00","0.00","0.00","0.00","0.00","","","","90.00","0.00","0.00","7.49","","25.00","0.00","0.00","11.28",""
"калькулятор стоимости благоустройства участка","2026-05-21 - 2026-08-18","79.00","0.00","0.00","6.59","","1.00","0.00","0.00","14.00","0.00","0.00","2.21","","58.00","0.00","0.00","7.24","","6.00","0.00","0.00","11.50",""
"навес под машину в брейтово","2026-05-21 - 2026-08-18","62.00","0.00","0.00","8.92","","0.00","0.00","","1.00","0.00","0.00","3.00","","41.00","0.00","0.00","7.73","","20.00","0.00","0.00","11.65",""
"сколько стоит дренаж участка 10 соток","2026-05-21 - 2026-08-18","37.00","0.00","0.00","20.11","","0.00","0.00","","7.00","0.00","0.00","2.00","","1.00","0.00","0.00","4.00","","29.00","0.00","0.00","25.03",""
"укладка тротуарной плитки цена","2026-05-21 - 2026-08-18","27.00","0.00","0.00","10.41","","0.00","0.00","","0.00","0.00","","","","14.00","0.00","0.00","9.00","","13.00","0.00","0.00","11.92",""
"какая киянка нужна для укладки тротуарной плитки","2026-05-21 - 2026-08-18","22.00","0.00","0.00","8.09","","0.00","0.00","","1.00","0.00","0.00","3.00","","18.00","0.00","0.00","7.83","","3.00","0.00","0.00","11.33",""
"укладка тротуарной плитки ярославль цена за м2","2026-05-21 - 2026-08-18","19.00","2.00","10.53","9.68","9.50","0.00","0.00","","0.00","0.00","","","","10.00","1.00","10.00","7.50","8.00","9.00","1.00","11.11","12.11","11.00"
"дренаж участка 10 соток","2026-05-21 - 2026-08-18","19.00","0.00","0.00","14.11","","0.00","0.00","","1.00","0.00","0.00","3.00","","3.00","0.00","0.00","7.00","","15.00","0.00","0.00","16.27",""
"дренаж участка 6 соток","2026-05-21 - 2026-08-18","18.00","0.00","0.00","15.39","","0.00","0.00","","1.00","0.00","0.00","3.00","","5.00","0.00","0.00","7.80","","12.00","0.00","0.00","19.58",""
"выкорчевка деревьев на участке ярославль и область","2026-05-21 - 2026-08-18","17.00","0.00","0.00","12.71","","0.00","0.00","","0.00","0.00","","","","2.00","0.00","0.00","9.00","","15.00","0.00","0.00","13.20",""
"ландшафтный дизайн рыбинск","2026-05-21 - 2026-08-18","17.00","1.00","5.88","8.88","8.00","0.00","0.00","","0.00","0.00","","","","13.00","1.00","7.69","7.92","8.00","4.00","0.00","0.00","12.00",""
"дренаж ярославль","2026-05-21 - 2026-08-18","17.00","0.00","0.00","19.53","","0.00","0.00","","0.00","0.00","","","","0.00","0.00","","","","17.00","0.00","0.00","19.53",""
"схема дренажа на участке 10 соток","2026-05-21 - 2026-08-18","17.00","1.00","5.88","7.47","5.00","0.00","0.00","","0.00","0.00","","","","14.00","1.00","7.14","6.64","5.00","3.00","0.00","0.00","11.33",""
"благоустройство территории рыбинск","2026-05-21 - 2026-08-18","16.00","0.00","0.00","8.88","","0.00","0.00","","0.00","0.00","","","","12.00","0.00","0.00","7.83","","4.00","0.00","0.00","12.00",""
"стоимость дренажа участка 6 соток","2026-05-21 - 2026-08-18","12.00","0.00","0.00","24.25","","1.00","0.00","0.00","1.00","0.00","0.00","3.00","","0.00","0.00","","","","10.00","0.00","0.00","28.70",""
"дренаж участка 6 соток цена","2026-05-21 - 2026-08-18","11.00","0.00","0.00","27.91","","0.00","0.00","","0.00","0.00","","","","2.00","0.00","0.00","7.50","","9.00","0.00","0.00","32.44",""
"заезд на участок через канаву в ярославле","2026-05-21 - 2026-08-18","10.00","0.00","0.00","9.80","","0.00","0.00","","0.00","0.00","","","","8.00","0.00","0.00","9.38","","2.00","0.00","0.00","11.50",""
"планировка участка ярославль","2026-05-21 - 2026-08-18","10.00","1.00","10.00","14.50","12.00","0.00","0.00","","0.00","0.00","","","","1.00","0.00","0.00","10.00","","9.00","1.00","11.11","15.00","12.00"
"благоустройство участка","2026-05-21 - 2026-08-18","10.00","1.00","10.00","9.80","11.00","0.00","0.00","","0.00","0.00","","","","5.00","0.00","0.00","8.00","","5.00","1.00","20.00","11.60","11.00"
"дренаж участка ярославль","2026-05-21 - 2026-08-18","9.00","0.00","0.00","7.22","","0.00","0.00","","1.00","0.00","0.00","3.00","","8.00","0.00","0.00","7.75","","0.00","0.00","","",""
"заезд на участок через канаву в тутаеве","2026-05-21 - 2026-08-18","9.00","2.00","22.22","5.67","4.50","0.00","0.00","","0.00","0.00","","","","9.00","2.00","22.22","5.67","4.50","0.00","0.00","","",""
"эксперт рыбинск","2026-05-21 - 2026-08-18","9.00","0.00","0.00","6.56","","0.00","0.00","","1.00","0.00","0.00","3.00","","6.00","0.00","0.00","5.67","","2.00","0.00","0.00","11.00",""
"можно ли класть тротуарную плитку на старую плитку","2026-05-21 - 2026-08-18","8.00","2.00","25.00","2.38","1.50","1.00","1.00","100.00","7.00","1.00","14.29","2.57","2.00","0.00","0.00","","","","0.00","0.00","","",""
"укладка брусочек для во дворе дома сколько стоит квадрат метр переславль залесский","2026-05-21 - 2026-08-18","8.00","0.00","0.00","9.00","","0.00","0.00","","0.00","0.00","","","","7.00","0.00","0.00","8.71","","1.00","0.00","0.00","11.00",""
"благоустройство рыбинск","2026-05-21 - 2026-08-18","8.00","0.00","0.00","12.88","","0.00","0.00","","1.00","0.00","0.00","3.00","","2.00","0.00","0.00","6.00","","5.00","0.00","0.00","17.60",""
"сделать отмостку ярославль","2026-05-21 - 2026-08-18","7.00","1.00","14.29","5.00","5.00","0.00","0.00","","0.00","0.00","","","","7.00","1.00","14.29","5.00","5.00","0.00","0.00","","",""
"ярославская область сделать въезд в канаву","2026-05-21 - 2026-08-18","7.00","2.00","28.57","3.43","3.50","0.00","0.00","","4.00","1.00","25.00","3.00","3.00","3.00","1.00","33.33","4.00","4.00","0.00","0.00","","",""
"отмостка ярославль","2026-05-21 - 2026-08-18","6.00","1.00","16.67","5.50","3.00","0.00","0.00","","1.00","1.00","100.00","3.00","3.00","5.00","0.00","0.00","6.00","","0.00","0.00","","",""
"дренаж участка 6 соток под ключ","2026-05-21 - 2026-08-18","6.00","0.00","0.00","27.00","","0.00","0.00","","0.00","0.00","","","","0.00","0.00","","","","6.00","0.00","0.00","27.00",""
"корчевание деревьев ярославль","2026-05-21 - 2026-08-18","6.00","1.00","16.67","15.00","6.00","0.00","0.00","","0.00","0.00","","","","1.00","1.00","100.00","6.00","6.00","5.00","0.00","0.00","16.80",""
"правильно переложить старую тротуарную плитку","2026-05-21 - 2026-08-18","6.00","0.00","0.00","9.83","","0.00","0.00","","0.00","0.00","","","","5.00","0.00","0.00","9.40","","1.00","0.00","0.00","12.00",""
"дорожки 76","2026-05-21 - 2026-08-18","6.00","0.00","0.00","9.67","","0.00","0.00","","0.00","0.00","","","","3.00","0.00","0.00","7.67","","3.00","0.00","0.00","11.67",""
"ракурс дренаж ярославль","2026-05-21 - 2026-08-18","6.00","0.00","0.00","37.00","","0.00","0.00","","0.00","0.00","","","","0.00","0.00","","","","6.00","0.00","0.00","37.00",""
"навесы для автомобилей в рыбинске","2026-05-21 - 2026-08-18","5.00","0.00","0.00","12.20","","0.00","0.00","","0.00","0.00","","","","0.00","0.00","","","","5.00","0.00","0.00","12.20",""
"дренаж болотистого участка","2026-05-21 - 2026-08-18","5.00","0.00","0.00","25.00","","0.00","0.00","","0.00","0.00","","","","0.00","0.00","","","","5.00","0.00","0.00","25.00",""
"планировка участка рыбинск","2026-05-21 - 2026-08-18","5.00","1.00","20.00","3.80","4.00","0.00","0.00","","1.00","0.00","0.00","3.00","","4.00","1.00","25.00","4.00","4.00","0.00","0.00","","",""
"ярославль организации по ремонту отмостки","2026-05-21 - 2026-08-18","5.00","2.00","40.00","7.20","9.00","1.00","0.00","0.00","0.00","0.00","","","","4.00","2.00","50.00","8.75","9.00","0.00","0.00","","",""
"пушкино 39 рыбинск","2026-05-21 - 2026-08-18","5.00","0.00","0.00","9.00","","0.00","0.00","","0.00","0.00","","","","5.00","0.00","0.00","9.00","","0.00","0.00","","",""
"выравнивание участка авито рыбинск","2026-05-21 - 2026-08-18","5.00","0.00","0.00","6.00","","0.00","0.00","","0.00","0.00","","","","5.00","0.00","0.00","6.00","","0.00","0.00","","",""
"ливневые канализации ярославль","2026-05-21 - 2026-08-18","5.00","1.00","20.00","6.40","4.00","0.00","0.00","","0.00","0.00","","","","5.00","1.00","20.00","6.40","4.00","0.00","0.00","","",""
"проект обустройство парковой зоны каменники","2026-05-21 - 2026-08-18","5.00","0.00","0.00","9.60","","0.00","0.00","","0.00","0.00","","","","5.00","0.00","0.00","9.60","","0.00","0.00","","",""
"цена дренажа за метр работы","2026-05-21 - 2026-08-18","5.00","0.00","0.00","5.20","","0.00","0.00","","0.00","0.00","","","","5.00","0.00","0.00","5.20","","0.00","0.00","","",""
"рыбинск благоустройство","2026-05-21 - 2026-08-18","5.00","0.00","0.00","9.40","","0.00","0.00","","0.00","0.00","","","","3.00","0.00","0.00","8.00","","2.00","0.00","0.00","11.50",""
"переславль. садовые дорожки сделать","2026-05-21 - 2026-08-18","5.00","0.00","0.00","8.00","","0.00","0.00","","0.00","0.00","","","","5.00","0.00","0.00","8.00","","0.00","0.00","","",""
"отмостка вокруг дома цена под ключ в переславле залесском","2026-05-21 - 2026-08-18","5.00","0.00","0.00","3.80","","0.00","0.00","","1.00","0.00","0.00","3.00","","4.00","0.00","0.00","4.00","","0.00","0.00","","",""
"укладка дренажной трубы цена за работу","2026-05-21 - 2026-08-18","5.00","2.00","40.00","11.20","12.50","0.00","0.00","","1.00","0.00","0.00","3.00","","1.00","1.00","100.00","8.00","8.00","3.00","1.00","33.33","15.00","17.00"
"ярославль дренаж","2026-05-21 - 2026-08-18","5.00","0.00","0.00","33.80","","0.00","0.00","","0.00","0.00","","","","0.00","0.00","","","","5.00","0.00","0.00","33.80",""
"дренаж вокруг дома рыбинск","2026-05-21 - 2026-08-18","5.00","0.00","0.00","4.40","","0.00","0.00","","1.00","0.00","0.00","3.00","","4.00","0.00","0.00","4.75","","0.00","0.00","","",""
"благоустройство дачного участка под ключ","2026-05-21 - 2026-08-18","5.00","0.00","0.00","10.00","","0.00","0.00","","0.00","0.00","","","","3.00","0.00","0.00","8.67","","2.00","0.00","0.00","12.00",""
"как положить тротуарную плитку на старую плитку","2026-05-21 - 2026-08-18","5.00","1.00","20.00","3.60","9.00","1.00","0.00","0.00","2.00","0.00","0.00","2.00","","2.00","1.00","50.00","6.50","9.00","0.00","0.00","","",""
"www.exp76.ru","2026-05-21 - 2026-08-18","4.00","4.00","100.00","1.25","1.00","3.00","4.00","133.33","1.00","0.00","0.00","2.00","","0.00","0.00","","","","0.00","0.00","","",""
"сделать дренаж на болотистом участке","2026-05-21 - 2026-08-18","4.00","0.00","0.00","17.25","","0.00","0.00","","0.00","0.00","","","","0.00","0.00","","","","4.00","0.00","0.00","17.25",""
"какая нужна киянка для укладки тротуарной плитки","2026-05-21 - 2026-08-18","4.00","0.00","0.00","8.75","","0.00","0.00","","0.00","0.00","","","","4.00","0.00","0.00","8.75","","0.00","0.00","","",""
"рыбинск пушкина 39 фото","2026-05-21 - 2026-08-18","4.00","0.00","0.00","10.25","","0.00","0.00","","0.00","0.00","","","","1.00","0.00","0.00","8.00","","3.00","0.00","0.00","11.00",""
"почему стоит вода на участке после дождя","2026-05-21 - 2026-08-18","4.00","0.00","0.00","6.25","","0.00","0.00","","0.00","0.00","","","","4.00","0.00","0.00","6.25","","0.00","0.00","","",""
"какую киянку выбрать для укладки тротуарной плитки","2026-05-21 - 2026-08-18","4.00","1.00","25.00","14.25","20.00","0.00","0.00","","0.00","0.00","","","","1.00","0.00","0.00","10.00","","3.00","1.00","33.33","15.67","20.00"
"www.exp76","2026-05-21 - 2026-08-18","4.00","2.00","50.00","1.50","1.00","2.00","2.00","100.00","2.00","0.00","0.00","2.00","","0.00","0.00","","","","0.00","0.00","","",""
"сколько стоит выложить тротуарную плитку 1 кв метр","2026-05-21 - 2026-08-18","4.00","0.00","0.00","6.75","","0.00","0.00","","0.00","0.00","","","","4.00","0.00","0.00","6.75","","0.00","0.00","","",""
"заезд на участок через канаву под ключ","2026-05-21 - 2026-08-18","4.00","0.00","0.00","9.00","","0.00","0.00","","0.00","0.00","","","","3.00","0.00","0.00","8.33","","1.00","0.00","0.00","11.00",""
"газон рулонный натуральный купить в рыбинске","2026-05-21 - 2026-08-18","4.00","0.00","0.00","9.50","","0.00","0.00","","0.00","0.00","","","","3.00","0.00","0.00","8.67","","1.00","0.00","0.00","12.00",""
"можно ли класть тротуарную плитку на старую","2026-05-21 - 2026-08-18","4.00","0.00","0.00","2.75","","0.00","0.00","","3.00","0.00","0.00","2.33","","1.00","0.00","0.00","4.00","","0.00","0.00","","",""
"укладка плитки бордюрной в переславле","2026-05-21 - 2026-08-18","4.00","0.00","0.00","8.75","","0.00","0.00","","0.00","0.00","","","","3.00","0.00","0.00","8.00","","1.00","0.00","0.00","11.00",""
"калькулятор м2 за территории благоустройства стоимость","2026-05-21 - 2026-08-18","4.00","0.00","0.00","8.50","","0.00","0.00","","0.00","0.00","","","","4.00","0.00","0.00","8.50","","0.00","0.00","","",""
"дренажная схема участка 10 соток примерно","2026-05-21 - 2026-08-18","4.00","0.00","0.00","8.50","","0.00","0.00","","0.00","0.00","","","","4.00","0.00","0.00","8.50","","0.00","0.00","","",""
"сколько стоит м2 работ по укладке тротуарной плитки","2026-05-21 - 2026-08-18","4.00","0.00","0.00","7.50","","0.00","0.00","","0.00","0.00","","","","4.00","0.00","0.00","7.50","","0.00","0.00","","",""
"отмостка дома ярославль заволга","2026-05-21 - 2026-08-18","4.00","0.00","0.00","6.25","","0.00","0.00","","0.00","0.00","","","","4.00","0.00","0.00","6.25","","0.00","0.00","","",""
"консультация по ландшафтному дизайну в рыбинске","2026-05-21 - 2026-08-18","4.00","0.00","0.00","10.00","","0.00","0.00","","0.00","0.00","","","","4.00","0.00","0.00","10.00","","0.00","0.00","","",""
"отмостка благоустройство ярославль","2026-05-21 - 2026-08-18","4.00","0.00","0.00","9.00","","0.00","0.00","","0.00","0.00","","","","3.00","0.00","0.00","8.33","","1.00","0.00","0.00","11.00",""
"дренаж участка 6 соток под ключ цена","2026-05-21 - 2026-08-18","4.00","0.00","0.00","23.00","","0.00","0.00","","0.00","0.00","","","","0.00","0.00","","","","4.00","0.00","0.00","23.00",""
"цена укладки дренажа углич","2026-05-21 - 2026-08-18","4.00","1.00","25.00","5.50","5.00","0.00","0.00","","0.00","0.00","","","","4.00","1.00","25.00","5.50","5.00","0.00","0.00","","",""
"прайс на устройство дренажа","2026-05-21 - 2026-08-18","4.00","1.00","25.00","8.25","4.00","0.00","0.00","","0.00","0.00","","","","2.00","1.00","50.00","5.50","4.00","2.00","0.00","0.00","11.00",""
"сколько стоит дренаж участка 6 соток","2026-05-21 - 2026-08-18","4.00","0.00","0.00","29.00","","0.00","0.00","","0.00","0.00","","","","0.00","0.00","","","","4.00","0.00","0.00","29.00",""
"авито углич укладка брусчатки","2026-05-21 - 2026-08-18","4.00","1.00","25.00","5.75","7.00","0.00","0.00","","0.00","0.00","","","","4.00","1.00","25.00","5.75","7.00","0.00","0.00","","",""
"замена тротуарной плитки новую на старую видео","2026-05-21 - 2026-08-18","4.00","1.00","25.00","7.50","6.00","0.00","0.00","","0.00","0.00","","","","4.00","1.00","25.00","7.50","6.00","0.00","0.00","","",""
"почему после дождя стоит вода на дорожках","2026-05-21 - 2026-08-18","4.00","0.00","0.00","3.50","","0.00","0.00","","3.00","0.00","0.00","3.00","","1.00","0.00","0.00","5.00","","0.00","0.00","","",""
"устройство дренажа вокруг дома цена за работу","2026-05-21 - 2026-08-18","3.00","0.00","0.00","9.00","","0.00","0.00","","0.00","0.00","","","","2.00","0.00","0.00","8.00","","1.00","0.00","0.00","11.00",""
"канализация на полиграфской","2026-05-21 - 2026-08-18","3.00","0.00","0.00","9.33","","0.00","0.00","","0.00","0.00","","","","3.00","0.00","0.00","9.33","","0.00","0.00","","",""
"планировка участка в снт ярославль","2026-05-21 - 2026-08-18","3.00","0.00","0.00","23.67","","0.00","0.00","","0.00","0.00","","","","0.00","0.00","","","","3.00","0.00","0.00","23.67",""
"калькулятор стоимости благоустройства участка in garden","2026-05-21 - 2026-08-18","3.00","0.00","0.00","9.67","","0.00","0.00","","0.00","0.00","","","","2.00","0.00","0.00","9.00","","1.00","0.00","0.00","11.00",""
"ландшафтное проектирование калькулятор","2026-05-21 - 2026-08-18","3.00","0.00","0.00","12.00","","0.00","0.00","","0.00","0.00","","","","1.00","0.00","0.00","10.00","","2.00","0.00","0.00","13.00",""
"устройство гравийной дорожки цена","2026-05-21 - 2026-08-18","3.00","1.00","33.33","5.67","5.00","0.00","0.00","","1.00","0.00","0.00","3.00","","2.00","1.00","50.00","7.00","5.00","0.00","0.00","","",""
"уложить плитку на даче под ключ цена","2026-05-21 - 2026-08-18","3.00","0.00","0.00","11.67","","0.00","0.00","","0.00","0.00","","","","0.00","0.00","","","","3.00","0.00","0.00","11.67",""
"выровнять участок на даче ярославль","2026-05-21 - 2026-08-18","3.00","0.00","0.00","25.00","","0.00","0.00","","0.00","0.00","","","","0.00","0.00","","","","3.00","0.00","0.00","25.00",""
"пушкино 39","2026-05-21 - 2026-08-18","3.00","0.00","0.00","7.67","","0.00","0.00","","0.00","0.00","","","","3.00","0.00","0.00","7.67","","0.00","0.00","","",""
"укладка тротуарной плитки тутаев","2026-05-21 - 2026-08-18","3.00","0.00","0.00","9.67","","0.00","0.00","","0.00","0.00","","","","1.00","0.00","0.00","7.00","","2.00","0.00","0.00","11.00",""
"отмостку вокруг дома сколько стоит в ярославле сделать","2026-05-21 - 2026-08-18","3.00","1.00","33.33","7.67","6.00","0.00","0.00","","0.00","0.00","","","","3.00","1.00","33.33","7.67","6.00","0.00","0.00","","",""
"можно ли укладывать тротуарную плитку по верх старой","2026-05-21 - 2026-08-18","3.00","2.00","66.67","5.00","6.00","0.00","0.00","","2.00","1.00","50.00","3.00","3.00","1.00","1.00","100.00","9.00","9.00","0.00","0.00","","",""
"вопрос, если на старую, залитую раствором, дорожку положить новую брусчатку. что будет снею в дальнейшем","2026-05-21 - 2026-08-18","3.00","0.00","0.00","8.33","","0.00","0.00","","0.00","0.00","","","","3.00","0.00","0.00","8.33","","0.00","0.00","","",""
"пересадка деревьев в ярославской области","2026-05-21 - 2026-08-18","3.00","0.00","0.00","12.33","","0.00","0.00","","0.00","0.00","","","","0.00","0.00","","","","3.00","0.00","0.00","12.33",""
"сколько стоит уложить тротуарную плитку цена за м2","2026-05-21 - 2026-08-18","3.00","0.00","0.00","9.00","","0.00","0.00","","0.00","0.00","","","","2.00","0.00","0.00","8.00","","1.00","0.00","0.00","11.00",""
"подсветка деревьев рыбинск","2026-05-21 - 2026-08-18","3.00","0.00","0.00","4.67","","0.00","0.00","","0.00","0.00","","","","3.00","0.00","0.00","4.67","","0.00","0.00","","",""
"г рыбинск какие навесы под автомобиль кто строит","2026-05-21 - 2026-08-18","3.00","2.00","66.67","8.00","2.00","0.00","0.00","","1.00","2.00","200.00","2.00","2.00","1.00","0.00","0.00","10.00","","1.00","0.00","0.00","12.00",""
"расценки на отмостку вокруг дома из бетона цена за работу в ярославле","2026-05-21 - 2026-08-18","3.00","1.00","33.33","4.00","2.00","0.00","0.00","","1.00","1.00","100.00","2.00","2.00","2.00","0.00","0.00","5.00","","0.00","0.00","","",""
"стоимость устройства дренажа на участке за метр","2026-05-21 - 2026-08-18","3.00","0.00","0.00","8.67","","0.00","0.00","","0.00","0.00","","","","3.00","0.00","0.00","8.67","","0.00","0.00","","",""
"найти садовника на участок в рыбинске","2026-05-21 - 2026-08-18","3.00","2.00","66.67","6.33","6.00","0.00","0.00","","0.00","0.00","","","","3.00","2.00","66.67","6.33","6.00","0.00","0.00","","",""
"у кого в ярославле заказать отмостку","2026-05-21 - 2026-08-18","3.00","0.00","0.00","8.67","","0.00","0.00","","0.00","0.00","","","","3.00","0.00","0.00","8.67","","0.00","0.00","","",""
"key_phrase : благоустройство ярославской области","2026-05-21 - 2026-08-18","3.00","0.00","0.00","12.00","","0.00","0.00","","0.00","0.00","","","","2.00","0.00","0.00","9.00","","1.00","0.00","0.00","18.00",""
"ливневый дренаж gorodseptikov.ru","2026-05-21 - 2026-08-18","3.00","0.00","0.00","20.00","","0.00","0.00","","0.00","0.00","","","","0.00","0.00","","","","3.00","0.00","0.00","20.00",""
"сколько стоит сделать оголовки на заезд в ярославской области","2026-05-21 - 2026-08-18","3.00","0.00","0.00","7.33","","0.00","0.00","","0.00","0.00","","","","3.00","0.00","0.00","7.33","","0.00","0.00","","",""
"можно ли поверх старой плитки на улице положить лемезит","2026-05-21 - 2026-08-18","3.00","0.00","0.00","11.33","","0.00","0.00","","0.00","0.00","","","","1.00","0.00","0.00","10.00","","2.00","0.00","0.00","12.00",""
"компании по демонтажным работам","2026-05-21 - 2026-08-18","3.00","0.00","0.00","13.67","","0.00","0.00","","0.00","0.00","","","","0.00","0.00","","","","3.00","0.00","0.00","13.67",""
"благоустройство территорий рыбинск","2026-05-21 - 2026-08-18","3.00","0.00","0.00","8.33","","0.00","0.00","","0.00","0.00","","","","3.00","0.00","0.00","8.33","","0.00","0.00","","",""
"какие травы считаются водохлебами?","2026-05-21 - 2026-08-18","3.00","0.00","0.00","11.33","","0.00","0.00","","0.00","0.00","","","","1.00","0.00","0.00","6.00","","2.00","0.00","0.00","14.00",""
"можно ли класть тротуарную плитку на тротуарную плитку","2026-05-21 - 2026-08-18","3.00","1.00","33.33","2.67","2.00","0.00","0.00","","3.00","1.00","33.33","2.67","2.00","0.00","0.00","","","","0.00","0.00","","",""
"благоустройство в рыбинске","2026-05-21 - 2026-08-18","3.00","1.00","33.33","13.67","13.00","0.00","0.00","","0.00","0.00","","","","0.00","0.00","","","","3.00","1.00","33.33","13.67","13.00"
"рулонный газон купить в ярославле","2026-05-21 - 2026-08-18","3.00","0.00","0.00","41.00","","0.00","0.00","","0.00","0.00","","","","0.00","0.00","","","","3.00","0.00","0.00","41.00",""
"дренаж участка с высоким уровнем грунтовых вод тутаев","2026-05-21 - 2026-08-18","3.00","1.00","33.33","13.00","13.00","0.00","0.00","","0.00","0.00","","","","0.00","0.00","","","","3.00","1.00","33.33","13.00","13.00"
"трубу в канаву уложить в рыбинске","2026-05-21 - 2026-08-18","3.00","2.00","66.67","6.00","2.00","0.00","0.00","","1.00","2.00","200.00","2.00","2.00","1.00","0.00","0.00","5.00","","1.00","0.00","0.00","11.00",""
"навесы для авто в г.угличе ярославская обл","2026-05-21 - 2026-08-18","3.00","0.00","0.00","24.67","","0.00","0.00","","0.00","0.00","","","","0.00","0.00","","","","3.00","0.00","0.00","24.67",""
"отмостка вокруг дома в ярославле","2026-05-21 - 2026-08-18","3.00","1.00","33.33","7.33","5.00","0.00","0.00","","0.00","0.00","","","","3.00","1.00","33.33","7.33","5.00","0.00","0.00","","",""
"какой дренаж можно сделать на участке 10 соток","2026-05-21 - 2026-08-18","3.00","0.00","0.00","8.33","","0.00","0.00","","0.00","0.00","","","","2.00","0.00","0.00","7.00","","1.00","0.00","0.00","11.00",""
"демонтаж stroy-investmsk 76","2026-05-21 - 2026-08-18","3.00","0.00","0.00","9.33","","0.00","0.00","","0.00","0.00","","","","2.00","0.00","0.00","8.00","","1.00","0.00","0.00","12.00",""
"почему может быть плохое основание в тротуаре","2026-05-21 - 2026-08-18","3.00","0.00","0.00","4.00","","0.00","0.00","","0.00","0.00","","","","3.00","0.00","0.00","4.00","","0.00","0.00","","",""
"дренаж участка 10 соток цена","2026-05-21 - 2026-08-18","3.00","0.00","0.00","28.00","","0.00","0.00","","0.00","0.00","","","","0.00","0.00","","","","3.00","0.00","0.00","28.00",""
"дренаж укладка стоимость","2026-05-21 - 2026-08-18","3.00","0.00","0.00","11.00","","0.00","0.00","","0.00","0.00","","","","1.00","0.00","0.00","10.00","","2.00","0.00","0.00","11.50",""
"заезд на участок через канаву под ключ ярославль","2026-05-21 - 2026-08-18","3.00","1.00","33.33","7.67","8.00","0.00","0.00","","0.00","0.00","","","","3.00","1.00","33.33","7.67","8.00","0.00","0.00","","",""
"дренаж на участке под ключ тутаев","2026-05-21 - 2026-08-18","3.00","0.00","0.00","13.33","","0.00","0.00","","0.00","0.00","","","","0.00","0.00","","","","3.00","0.00","0.00","13.33",""
"служба ливневых стоков ярославль","2026-05-21 - 2026-08-18","3.00","0.00","0.00","3.00","","0.00","0.00","","2.00","0.00","0.00","2.00","","1.00","0.00","0.00","5.00","","0.00","0.00","","",""
"можно класть тротуарную плитку на плитку","2026-05-21 - 2026-08-18","3.00","0.00","0.00","5.00","","0.00","0.00","","0.00","0.00","","","","3.00","0.00","0.00","5.00","","0.00","0.00","","",""
"стоимость укладки тротуарной плитки за м2","2026-05-21 - 2026-08-18","3.00","0.00","0.00","6.00","","0.00","0.00","","0.00","0.00","","","","3.00","0.00","0.00","6.00","","0.00","0.00","","",""
"эксперты 76","2026-05-21 - 2026-08-18","3.00","1.00","33.33","1.00","1.00","3.00","1.00","33.33","0.00","0.00","","","","0.00","0.00","","","","0.00","0.00","","",""
"пушкина 39 рыбинск","2026-05-21 - 2026-08-18","3.00","0.00","0.00","12.67","","0.00","0.00","","0.00","0.00","","","","0.00","0.00","","","","3.00","0.00","0.00","12.67",""
"дренаж вокруг дома под ключ","2026-05-21 - 2026-08-18","3.00","0.00","0.00","7.67","","0.00","0.00","","0.00","0.00","","","","3.00","0.00","0.00","7.67","","0.00","0.00","","",""
"тех про центр рыбинск мариевка","2026-05-21 - 2026-08-18","3.00","0.00","0.00","8.67","","0.00","0.00","","0.00","0.00","","","","3.00","0.00","0.00","8.67","","0.00","0.00","","",""
"можно ди га плитку уличную сверху положить другую","2026-05-21 - 2026-08-18","3.00","0.00","0.00","7.00","","0.00","0.00","","0.00","0.00","","","","3.00","0.00","0.00","7.00","","0.00","0.00","","",""
"искусственный водопад ярославль","2026-05-21 - 2026-08-18","3.00","0.00","0.00","9.67","","0.00","0.00","","0.00","0.00","","","","2.00","0.00","0.00","9.00","","1.00","0.00","0.00","11.00",""
"сколько стоит дренажная система участка","2026-05-21 - 2026-08-18","3.00","0.00","0.00","8.00","","0.00","0.00","","0.00","0.00","","","","3.00","0.00","0.00","8.00","","0.00","0.00","","",""
"дренаж участка под ключ ярославль","2026-05-21 - 2026-08-18","3.00","0.00","0.00","11.00","","0.00","0.00","","0.00","0.00","","","","1.00","0.00","0.00","10.00","","2.00","0.00","0.00","11.50",""
"газон в рулонах купить натуральный рыбинск","2026-05-21 - 2026-08-18","3.00","0.00","0.00","9.67","","0.00","0.00","","0.00","0.00","","","","2.00","0.00","0.00","8.50","","1.00","0.00","0.00","12.00",""
"ярославская область сколько стоит сделать въездную дорогу на участке","2026-05-21 - 2026-08-18","3.00","0.00","0.00","9.00","","0.00","0.00","","0.00","0.00","","","","3.00","0.00","0.00","9.00","","0.00","0.00","","",""
"отмостка в переславле","2026-05-21 - 2026-08-18","3.00","0.00","0.00","3.00","","0.00","0.00","","3.00","0.00","0.00","3.00","","0.00","0.00","","","","0.00","0.00","","",""
"установка бордюров для тротуарной плитки цена за работу в ярославле","2026-05-21 - 2026-08-18","3.00","1.00","33.33","11.00","9.00","0.00","0.00","","0.00","0.00","","","","1.00","1.00","100.00","9.00","9.00","2.00","0.00","0.00","12.00",""
"ландшафтная компания эксперт","2026-05-21 - 2026-08-18","3.00","1.00","33.33","1.00","1.00","3.00","1.00","33.33","0.00","0.00","","","","0.00","0.00","","","","0.00","0.00","","",""
"кто делает планировку участка","2026-05-21 - 2026-08-18","3.00","0.00","0.00","6.00","","0.00","0.00","","0.00","0.00","","","","3.00","0.00","0.00","6.00","","0.00","0.00","","",""
"услуги по укладке плитки тротуарной в тутаеве","2026-05-21 - 2026-08-18","3.00","0.00","0.00","6.33","","0.00","0.00","","0.00","0.00","","","","3.00","0.00","0.00","6.33","","0.00","0.00","","",""
"можно ли положить тротуарную плитку поверх старой плитки","2026-05-21 - 2026-08-18","3.00","1.00","33.33","2.00","1.00","1.00","1.00","100.00","2.00","0.00","0.00","2.50","","0.00","0.00","","","","0.00","0.00","","",""
"спил деревьев мышкинский район ярославская область","2026-05-21 - 2026-08-18","3.00","0.00","0.00","8.00","","0.00","0.00","","0.00","0.00","","","","3.00","0.00","0.00","8.00","","0.00","0.00","","",""
"авито очистка участка рыбинск","2026-05-21 - 2026-08-18","3.00","0.00","0.00","8.00","","0.00","0.00","","0.00","0.00","","","","3.00","0.00","0.00","8.00","","0.00","0.00","","",""
"дренаж углич","2026-05-21 - 2026-08-18","3.00","0.00","0.00","4.67","","0.00","0.00","","0.00","0.00","","","","3.00","0.00","0.00","4.67","","0.00","0.00","","",""
"можно ли укладывать тротуарную плитку на старую плитку","2026-05-21 - 2026-08-18","3.00","0.00","0.00","3.00","","0.00","0.00","","2.00","0.00","0.00","2.50","","1.00","0.00","0.00","4.00","","0.00","0.00","","",""
"какой специалист сможет сказать где сделать дренаж на участке","2026-05-21 - 2026-08-18","3.00","1.00","33.33","6.33","6.00","0.00","0.00","","0.00","0.00","","","","3.00","1.00","33.33","6.33","6.00","0.00","0.00","","",""
"калькуляторы по благоустройству территоррии","2026-05-21 - 2026-08-18","3.00","0.00","0.00","5.33","","0.00","0.00","","0.00","0.00","","","","3.00","0.00","0.00","5.33","","0.00","0.00","","",""
"ярославль дренаж вокруг строения","2026-05-21 - 2026-08-18","3.00","0.00","0.00","23.00","","0.00","0.00","","0.00","0.00","","","","0.00","0.00","","","","3.00","0.00","0.00","23.00",""
"калькулятор благоустройства","2026-05-21 - 2026-08-18","3.00","0.00","0.00","6.33","","0.00","0.00","","1.00","0.00","0.00","2.00","","2.00","0.00","0.00","8.50","","0.00","0.00","","",""
"монтаж ливневой канализации в ярославле","2026-05-21 - 2026-08-18","3.00","1.00","33.33","5.33","2.00","0.00","0.00","","1.00","1.00","100.00","2.00","2.00","2.00","0.00","0.00","7.00","","0.00","0.00","","",""
"укладка тротуарной плитки в ярославле","2026-05-21 - 2026-08-18","3.00","0.00","0.00","8.67","","0.00","0.00","","0.00","0.00","","","","2.00","0.00","0.00","7.50","","1.00","0.00","0.00","11.00",""
"заезд через канаву на участок","2026-05-21 - 2026-08-18","2.00","1.00","50.00","13.00","12.00","0.00","0.00","","0.00","0.00","","","","0.00","0.00","","","","2.00","1.00","50.00","13.00","12.00"
"разработка проектов культуротехнических работ ярославская область","2026-05-21 - 2026-08-18","2.00","0.00","0.00","7.50","","0.00","0.00","","0.00","0.00","","","","2.00","0.00","0.00","7.50","","0.00","0.00","","",""
"дренаж участка цена за метр под ключ","2026-05-21 - 2026-08-18","2.00","0.00","0.00","5.50","","0.00","0.00","","0.00","0.00","","","","2.00","0.00","0.00","5.50","","0.00","0.00","","",""
"можно укладывать брусчатку на старую тротуарную плитку","2026-05-21 - 2026-08-18","2.00","1.00","50.00","2.00","2.00","0.00","0.00","","2.00","1.00","50.00","2.00","2.00","0.00","0.00","","","","0.00","0.00","","",""
"чистка ливневой канализации рыбинск","2026-05-21 - 2026-08-18","2.00","0.00","0.00","8.50","","0.00","0.00","","0.00","0.00","","","","2.00","0.00","0.00","8.50","","0.00","0.00","","",""
"отмостка заказать в переславле","2026-05-21 - 2026-08-18","2.00","0.00","0.00","5.00","","0.00","0.00","","0.00","0.00","","","","2.00","0.00","0.00","5.00","","0.00","0.00","","",""
"дренаж 76","2026-05-21 - 2026-08-18","2.00","1.00","50.00","13.00","14.00","0.00","0.00","","0.00","0.00","","","","0.00","0.00","","","","2.00","1.00","50.00","13.00","14.00"
"плиточник в угличе","2026-05-21 - 2026-08-18","2.00","0.00","0.00","10.50","","0.00","0.00","","0.00","0.00","","","","1.00","0.00","0.00","10.00","","1.00","0.00","0.00","11.00",""
"навес купить в рыбинске","2026-05-21 - 2026-08-18","2.00","0.00","0.00","19.50","","0.00","0.00","","0.00","0.00","","","","0.00","0.00","","","","2.00","0.00","0.00","19.50",""
"цена за метр раскатного газона","2026-05-21 - 2026-08-18","2.00","0.00","0.00","9.50","","0.00","0.00","","0.00","0.00","","","","2.00","0.00","0.00","9.50","","0.00","0.00","","",""
"отмостка в частном доме ярославль","2026-05-21 - 2026-08-18","2.00","0.00","0.00","4.50","","0.00","0.00","","0.00","0.00","","","","2.00","0.00","0.00","4.50","","0.00","0.00","","",""
"рулонный газон в ярославской области на авито","2026-05-21 - 2026-08-18","2.00","0.00","0.00","9.00","","0.00","0.00","","0.00","0.00","","","","2.00","0.00","0.00","9.00","","0.00","0.00","","",""
"планировка участка ярославль дисконт миниpogruzchiki-ru","2026-05-21 - 2026-08-18","2.00","0.00","0.00","10.50","","0.00","0.00","","0.00","0.00","","","","1.00","0.00","0.00","10.00","","1.00","0.00","0.00","11.00",""
"киянка для укладки брусчатки","2026-05-21 - 2026-08-18","2.00","0.00","0.00","8.00","","0.00","0.00","","0.00","0.00","","","","2.00","0.00","0.00","8.00","","0.00","0.00","","",""
"как рассчитать стоимость переделки клумбы онлайн","2026-05-21 - 2026-08-18","2.00","0.00","0.00","7.50","","0.00","0.00","","0.00","0.00","","","","2.00","0.00","0.00","7.50","","0.00","0.00","","",""
"сайты благоустройства участков","2026-05-21 - 2026-08-18","2.00","1.00","50.00","1.50","1.00","1.00","1.00","100.00","1.00","0.00","0.00","2.00","","0.00","0.00","","","","0.00","0.00","","",""
"онлайн калькулятор для расчета стоимости работ по благоустройству устройство закрытой дренажной системы 60 метров","2026-05-21 - 2026-08-18","2.00","0.00","0.00","5.50","","0.00","0.00","","0.00","0.00","","","","2.00","0.00","0.00","5.50","","0.00","0.00","","",""
"корчевание пней рыбинск","2026-05-21 - 2026-08-18","2.00","0.00","0.00","21.00","","0.00","0.00","","0.00","0.00","","","","0.00","0.00","","","","2.00","0.00","0.00","21.00",""
"выполнить отмостку город ярославль","2026-05-21 - 2026-08-18","2.00","0.00","0.00","5.50","","0.00","0.00","","0.00","0.00","","","","2.00","0.00","0.00","5.50","","0.00","0.00","","",""
"устройство ливневки и отмостки в ярославле","2026-05-21 - 2026-08-18","2.00","1.00","50.00","5.50","6.00","0.00","0.00","","0.00","0.00","","","","2.00","1.00","50.00","5.50","6.00","0.00","0.00","","",""
"можно переложить уже положенную тротуарную плитку","2026-05-21 - 2026-08-18","2.00","0.00","0.00","5.00","","0.00","0.00","","0.00","0.00","","","","2.00","0.00","0.00","5.00","","0.00","0.00","","",""
"рыбинск дренаж участка","2026-05-21 - 2026-08-18","2.00","1.00","50.00","8.50","8.00","0.00","0.00","","0.00","0.00","","","","2.00","1.00","50.00","8.50","8.00","0.00","0.00","","",""
"сколько стоит сделать дренаж вокруг дома","2026-05-21 - 2026-08-18","2.00","0.00","0.00","10.50","","0.00","0.00","","0.00","0.00","","","","1.00","0.00","0.00","9.00","","1.00","0.00","0.00","12.00",""
"отмостка вокруг дома рыбинск","2026-05-21 - 2026-08-18","2.00","1.00","50.00","5.50","4.00","0.00","0.00","","0.00","0.00","","","","2.00","1.00","50.00","5.50","4.00","0.00","0.00","","",""
"рыбинск как сделать заявку на спил деревьев в рыбинском районе поселение глебовское","2026-05-21 - 2026-08-18","2.00","0.00","0.00","7.50","","0.00","0.00","","0.00","0.00","","","","2.00","0.00","0.00","7.50","","0.00","0.00","","",""
"снос зданий и сооружений","2026-05-21 - 2026-08-18","2.00","0.00","0.00","16.00","","0.00","0.00","","0.00","0.00","","","","0.00","0.00","","","","2.00","0.00","0.00","16.00",""
"трава газонная в рулонах купить натуральная рыбинск","2026-05-21 - 2026-08-18","2.00","0.00","0.00","11.00","","0.00","0.00","","0.00","0.00","","","","0.00","0.00","","","","2.00","0.00","0.00","11.00",""
"дренаж рыбинск","2026-05-21 - 2026-08-18","2.00","0.00","0.00","2.00","","0.00","0.00","","2.00","0.00","0.00","2.00","","0.00","0.00","","","","0.00","0.00","","",""
"прейскурант цен на благоустройство придомовой территории в ярославской области","2026-05-21 - 2026-08-18","2.00","1.00","50.00","7.00","7.00","0.00","0.00","","0.00","0.00","","","","2.00","1.00","50.00","7.00","7.00","0.00","0.00","","",""
"зачем поднимать старую плитку и класть заново на асфальте","2026-05-21 - 2026-08-18","2.00","0.00","0.00","4.50","","0.00","0.00","","1.00","0.00","0.00","3.00","","1.00","0.00","0.00","6.00","","0.00","0.00","","",""
"строительство слипов углич","2026-05-21 - 2026-08-18","2.00","0.00","0.00","8.50","","0.00","0.00","","0.00","0.00","","","","2.00","0.00","0.00","8.50","","0.00","0.00","","",""
"примерная стоимость заезда на участок сделать где есть канава с ливневкой","2026-05-21 - 2026-08-18","2.00","0.00","0.00","11.50","","0.00","0.00","","0.00","0.00","","","","0.00","0.00","","","","2.00","0.00","0.00","11.50",""
"ливневая канализация и дренаж рыбинск","2026-05-21 - 2026-08-18","2.00","0.00","0.00","6.50","","0.00","0.00","","0.00","0.00","","","","2.00","0.00","0.00","6.50","","0.00","0.00","","",""
"расценки на укладку тротуарной плитки и бордюров в ярославле","2026-05-21 - 2026-08-18","2.00","0.00","0.00","10.00","","0.00","0.00","","0.00","0.00","","","","1.00","0.00","0.00","9.00","","1.00","0.00","0.00","11.00",""
"дренаж участка в ярославле","2026-05-21 - 2026-08-18","2.00","0.00","0.00","6.50","","0.00","0.00","","0.00","0.00","","","","2.00","0.00","0.00","6.50","","0.00","0.00","","",""
"можно ли поверх плиты положить тротуарную плитку","2026-05-21 - 2026-08-18","2.00","0.00","0.00","11.50","","0.00","0.00","","0.00","0.00","","","","1.00","0.00","0.00","10.00","","1.00","0.00","0.00","13.00",""
"ярославль купить гибкую отмостку цена адрес","2026-05-21 - 2026-08-18","2.00","0.00","0.00","10.00","","0.00","0.00","","0.00","0.00","","","","1.00","0.00","0.00","8.00","","1.00","0.00","0.00","12.00",""
"схема дренажа на участке 6 соток","2026-05-21 - 2026-08-18","2.00","0.00","0.00","6.00","","0.00","0.00","","0.00","0.00","","","","2.00","0.00","0.00","6.00","","0.00","0.00","","",""
"сколько стоит кладка брусчатка","2026-05-21 - 2026-08-18","2.00","0.00","0.00","10.00","","0.00","0.00","","0.00","0.00","","","","1.00","0.00","0.00","9.00","","1.00","0.00","0.00","11.00",""
"монтаж навеса для авто от производителя ярославль","2026-05-21 - 2026-08-18","2.00","0.00","0.00","23.50","","0.00","0.00","","0.00","0.00","","","","0.00","0.00","","","","2.00","0.00","0.00","23.50",""
"укладка тротуарной плитки рыбинск","2026-05-21 - 2026-08-18","2.00","0.00","0.00","9.50","","0.00","0.00","","0.00","0.00","","","","2.00","0.00","0.00","9.50","","0.00","0.00","","",""
"рыбинск дизайнеры зоны отдыха на даче искусственный водоем","2026-05-21 - 2026-08-18","2.00","0.00","0.00","5.50","","0.00","0.00","","0.00","0.00","","","","2.00","0.00","0.00","5.50","","0.00","0.00","","",""
"трубы при стоит при въезде в ярославль","2026-05-21 - 2026-08-18","2.00","0.00","0.00","6.00","","0.00","0.00","","0.00","0.00","","","","2.00","0.00","0.00","6.00","","0.00","0.00","","",""
"положить плитку на старую плитку на улице","2026-05-21 - 2026-08-18","2.00","0.00","0.00","5.50","","0.00","0.00","","0.00","0.00","","","","2.00","0.00","0.00","5.50","","0.00","0.00","","",""
"обслуживание систем полива в ярославле","2026-05-21 - 2026-08-18","2.00","0.00","0.00","7.00","","0.00","0.00","","0.00","0.00","","","","2.00","0.00","0.00","7.00","","0.00","0.00","","",""
"сабурова оля рыбинск деревья арефино","2026-05-21 - 2026-08-18","2.00","0.00","0.00","4.50","","0.00","0.00","","0.00","0.00","","","","2.00","0.00","0.00","4.50","","0.00","0.00","","",""
"сколько стоит м2 работ по укладке тротуарной плитки в ярославле","2026-05-21 - 2026-08-18","2.00","0.00","0.00","9.50","","0.00","0.00","","0.00","0.00","","","","2.00","0.00","0.00","9.50","","0.00","0.00","","",""
"план дренажа на 6 соток","2026-05-21 - 2026-08-18","2.00","0.00","0.00","7.00","","0.00","0.00","","0.00","0.00","","","","2.00","0.00","0.00","7.00","","0.00","0.00","","",""
"печник в рыбинске","2026-05-21 - 2026-08-18","2.00","0.00","0.00","11.00","","0.00","0.00","","0.00","0.00","","","","0.00","0.00","","","","2.00","0.00","0.00","11.00",""
"благоустройство территории перед участком","2026-05-21 - 2026-08-18","2.00","0.00","0.00","10.50","","0.00","0.00","","0.00","0.00","","","","1.00","0.00","0.00","10.00","","1.00","0.00","0.00","11.00",""
"считается ли переукладка старой брусчатки и поребриков капитальной стройкой","2026-05-21 - 2026-08-18","2.00","0.00","0.00","7.50","","0.00","0.00","","0.00","0.00","","","","2.00","0.00","0.00","7.50","","0.00","0.00","","",""
"корчевание деревьев ярославль экономично техно ники ru","2026-05-21 - 2026-08-18","2.00","0.00","0.00","9.50","","0.00","0.00","","0.00","0.00","","","","2.00","0.00","0.00","9.50","","0.00","0.00","","",""
"когда можно использовать тротуарную плитку если ее сделали недавно","2026-05-21 - 2026-08-18","2.00","0.00","0.00","8.00","","0.00","0.00","","0.00","0.00","","","","2.00","0.00","0.00","8.00","","0.00","0.00","","",""
"можно ли на плитку тротуарную положить сверху плитку из гранита","2026-05-21 - 2026-08-18","2.00","0.00","0.00","6.00","","0.00","0.00","","0.00","0.00","","","","2.00","0.00","0.00","6.00","","0.00","0.00","","",""
"положить тротуарную плитку поверх старой плитка","2026-05-21 - 2026-08-18","2.00","0.00","0.00","2.00","","0.00","0.00","","2.00","0.00","0.00","2.00","","0.00","0.00","","","","0.00","0.00","","",""
"сделать отмостку цена за квадратный метр","2026-05-21 - 2026-08-18","2.00","1.00","50.00","7.50","8.00","0.00","0.00","","0.00","0.00","","","","2.00","1.00","50.00","7.50","8.00","0.00","0.00","","",""
"калькулятор м2 за территории благоустройства стоимость 84953246060","2026-05-21 - 2026-08-18","2.00","0.00","0.00","8.00","","0.00","0.00","","0.00","0.00","","","","1.00","0.00","0.00","5.00","","1.00","0.00","0.00","11.00",""
"ярославская область вывешивание домов организации","2026-05-21 - 2026-08-18","2.00","0.00","0.00","10.00","","0.00","0.00","","0.00","0.00","","","","2.00","0.00","0.00","10.00","","0.00","0.00","","",""
"посевной газон рыбинск","2026-05-21 - 2026-08-18","2.00","0.00","0.00","9.50","","0.00","0.00","","0.00","0.00","","","","1.00","0.00","0.00","8.00","","1.00","0.00","0.00","11.00",""
"какие семена газона подходят для рыбинского района чтоб быстро прижились","2026-05-21 - 2026-08-18","2.00","0.00","0.00","10.50","","0.00","0.00","","0.00","0.00","","","","1.00","0.00","0.00","10.00","","1.00","0.00","0.00","11.00",""
"строительство подпорных стен в ярославле","2026-05-21 - 2026-08-18","2.00","0.00","0.00","10.50","","0.00","0.00","","0.00","0.00","","","","1.00","0.00","0.00","10.00","","1.00","0.00","0.00","11.00",""
"8 915 978-30-31","2026-05-21 - 2026-08-18","2.00","0.00","0.00","9.00","","0.00","0.00","","0.00","0.00","","","","2.00","0.00","0.00","9.00","","0.00","0.00","","",""
"организация, выполняющая установкой гравитационной подпорной стены ярославль","2026-05-21 - 2026-08-18","2.00","1.00","50.00","8.00","9.00","0.00","0.00","","0.00","0.00","","","","2.00","1.00","50.00","8.00","9.00","0.00","0.00","","",""
"проект укладки тротуарной плитки в ярославле кто делает","2026-05-21 - 2026-08-18","2.00","0.00","0.00","12.00","","0.00","0.00","","0.00","0.00","","","","0.00","0.00","","","","2.00","0.00","0.00","12.00",""
"гриль домик под ключ с мангалом в рыбинске","2026-05-21 - 2026-08-18","2.00","0.00","0.00","9.50","","0.00","0.00","","0.00","0.00","","","","1.00","0.00","0.00","7.00","","1.00","0.00","0.00","12.00",""
"навес в рыбинске на авито максим фото","2026-05-21 - 2026-08-18","2.00","0.00","0.00","21.00","","0.00","0.00","","0.00","0.00","","","","0.00","0.00","","","","2.00","0.00","0.00","21.00",""
"можно ли переложить старую плитку от дорожки на даче с поднятие уровня для новой дорожки","2026-05-21 - 2026-08-18","2.00","0.00","0.00","5.50","","0.00","0.00","","0.00","0.00","","","","2.00","0.00","0.00","5.50","","0.00","0.00","","",""
"стоимость реализации проекта обустройства частного участка в ярославской области компании","2026-05-21 - 2026-08-18","2.00","1.00","50.00","15.50","14.00","0.00","0.00","","0.00","0.00","","","","0.00","0.00","","","","2.00","1.00","50.00","15.50","14.00"
"застройщики благоустройства территорий в ярославле","2026-05-21 - 2026-08-18","2.00","0.00","0.00","11.50","","0.00","0.00","","0.00","0.00","","","","0.00","0.00","","","","2.00","0.00","0.00","11.50",""
"дренаж участка с высоким уровнем грунтовых вод","2026-05-21 - 2026-08-18","2.00","0.00","0.00","5.50","","0.00","0.00","","0.00","0.00","","","","2.00","0.00","0.00","5.50","","0.00","0.00","","",""
"8(915)978-11-06 утепление","2026-05-21 - 2026-08-18","2.00","0.00","0.00","10.50","","0.00","0.00","","0.00","0.00","","","","1.00","0.00","0.00","10.00","","1.00","0.00","0.00","11.00",""
"можно ли положить тротуарную плитку на старую плитку","2026-05-21 - 2026-08-18","2.00","1.00","50.00","2.50","3.00","0.00","0.00","","2.00","1.00","50.00","2.50","3.00","0.00","0.00","","","","0.00","0.00","","",""
"сколько стоит осушить участок 10 соток","2026-05-21 - 2026-08-18","2.00","0.00","0.00","3.50","","0.00","0.00","","1.00","0.00","0.00","3.00","","1.00","0.00","0.00","4.00","","0.00","0.00","","",""
"снос домов в рыбинске","2026-05-21 - 2026-08-18","2.00","0.00","0.00","11.50","","0.00","0.00","","0.00","0.00","","","","0.00","0.00","","","","2.00","0.00","0.00","11.50",""
"ярославль въездная группа частный дом канава","2026-05-21 - 2026-08-18","2.00","0.00","0.00","5.50","","0.00","0.00","","0.00","0.00","","","","2.00","0.00","0.00","5.50","","0.00","0.00","","",""
"кто занимается ремонтом ливневых трубы на многоквартирных домах в ярославле","2026-05-21 - 2026-08-18","2.00","0.00","0.00","11.00","","0.00","0.00","","0.00","0.00","","","","0.00","0.00","","","","2.00","0.00","0.00","11.00",""
"подъем участка ярославль","2026-05-21 - 2026-08-18","2.00","0.00","0.00","22.00","","0.00","0.00","","0.00","0.00","","","","0.00","0.00","","","","2.00","0.00","0.00","22.00",""
"сколько стоит укладка тротуарной плитки за квадратный метр под ключ","2026-05-21 - 2026-08-18","2.00","0.00","0.00","8.00","","0.00","0.00","","0.00","0.00","","","","2.00","0.00","0.00","8.00","","0.00","0.00","","",""
"благоустройство участка в рыбинске","2026-05-21 - 2026-08-18","2.00","0.00","0.00","3.00","","0.00","0.00","","2.00","0.00","0.00","3.00","","0.00","0.00","","","","0.00","0.00","","",""
"можно ли укладывать тротуарную плитку на старую тротуарную плитку","2026-05-21 - 2026-08-18","2.00","1.00","50.00","2.50","2.00","0.00","0.00","","2.00","1.00","50.00","2.50","2.00","0.00","0.00","","","","0.00","0.00","","",""
"авито рыбинск бетонные плиты через канаву","2026-05-21 - 2026-08-18","2.00","0.00","0.00","10.50","","0.00","0.00","","0.00","0.00","","","","1.00","0.00","0.00","10.00","","1.00","0.00","0.00","11.00",""
"можно ли положить плитку на старую брусчатку на террасе","2026-05-21 - 2026-08-18","2.00","1.00","50.00","3.50","2.00","0.00","0.00","","1.00","1.00","100.00","2.00","2.00","1.00","0.00","0.00","5.00","","0.00","0.00","","",""
"дренаж по проекту в переславле","2026-05-21 - 2026-08-18","2.00","0.00","0.00","8.00","","0.00","0.00","","0.00","0.00","","","","1.00","0.00","0.00","4.00","","1.00","0.00","0.00","12.00",""
"переславль укладка плитки тротуарной цена","2026-05-21 - 2026-08-18","2.00","0.00","0.00","5.00","","0.00","0.00","","0.00","0.00","","","","2.00","0.00","0.00","5.00","","0.00","0.00","","",""
"как положить новую плитку на старую на улице","2026-05-21 - 2026-08-18","2.00","0.00","0.00","7.00","","0.00","0.00","","0.00","0.00","","","","2.00","0.00","0.00","7.00","","0.00","0.00","","",""
"положить плитку на старую дорожку","2026-05-21 - 2026-08-18","2.00","0.00","0.00","3.00","","0.00","0.00","","2.00","0.00","0.00","3.00","","0.00","0.00","","","","0.00","0.00","","",""
"отмостка трещина треска","2026-05-21 - 2026-08-18","2.00","0.00","0.00","9.50","","0.00","0.00","","0.00","0.00","","","","1.00","0.00","0.00","8.00","","1.00","0.00","0.00","11.00",""
"калькулятор смета благоустройство","2026-05-21 - 2026-08-18","2.00","0.00","0.00","9.50","","0.00","0.00","","0.00","0.00","","","","1.00","0.00","0.00","8.00","","1.00","0.00","0.00","11.00",""
"дренаж заболоченного участка","2026-05-21 - 2026-08-18","2.00","0.00","0.00","34.00","","0.00","0.00","","0.00","0.00","","","","0.00","0.00","","","","2.00","0.00","0.00","34.00",""
"благоучтройство дачного участка в ярославской области","2026-05-21 - 2026-08-18","2.00","1.00","50.00","3.00","4.00","0.00","0.00","","1.00","0.00","0.00","2.00","","1.00","1.00","100.00","4.00","4.00","0.00","0.00","","",""
"комплексное благоустройство частных территорий","2026-05-21 - 2026-08-18","2.00","1.00","50.00","5.50","5.00","0.00","0.00","","0.00","0.00","","","","2.00","1.00","50.00","5.50","5.00","0.00","0.00","","",""
"укладка тротуарной плитки цена за каждый этап в ярославле","2026-05-21 - 2026-08-18","2.00","1.00","50.00","7.50","10.00","0.00","0.00","","0.00","0.00","","","","2.00","1.00","50.00","7.50","10.00","0.00","0.00","","",""
"дендролог в рыбинске","2026-05-21 - 2026-08-18","2.00","1.00","50.00","8.50","6.00","0.00","0.00","","0.00","0.00","","","","1.00","1.00","100.00","6.00","6.00","1.00","0.00","0.00","11.00",""
"специалист по дренажу участка в ярославле","2026-05-21 - 2026-08-18","2.00","1.00","50.00","6.50","7.00","0.00","0.00","","0.00","0.00","","","","2.00","1.00","50.00","6.50","7.00","0.00","0.00","","",""
"продам газон рулонный авито углич","2026-05-21 - 2026-08-18","2.00","0.00","0.00","6.50","","0.00","0.00","","0.00","0.00","","","","2.00","0.00","0.00","6.50","","0.00","0.00","","",""
"пшдъем участка ярославль","2026-05-21 - 2026-08-18","2.00","0.00","0.00","26.50","","0.00","0.00","","0.00","0.00","","","","0.00","0.00","","","","2.00","0.00","0.00","26.50",""
"как сделать отмостку с водоотведением","2026-05-21 - 2026-08-18","2.00","0.00","0.00","12.50","","0.00","0.00","","0.00","0.00","","","","0.00","0.00","","","","2.00","0.00","0.00","12.50",""
"укрепление склона на участке выполнить работы в рыбинске","2026-05-21 - 2026-08-18","2.00","0.00","0.00","9.50","","0.00","0.00","","0.00","0.00","","","","2.00","0.00","0.00","9.50","","0.00","0.00","","",""
"ландшафтно-строительная компания ""эксперты""","2026-05-21 - 2026-08-18","2.00","0.00","0.00","1.50","","1.00","0.00","0.00","1.00","0.00","0.00","2.00","","0.00","0.00","","","","0.00","0.00","","",""
"компании по ландшафтному дизайну рыбинск под ключ","2026-05-21 - 2026-08-18","2.00","1.00","50.00","4.50","5.00","0.00","0.00","","0.00","0.00","","","","2.00","1.00","50.00","4.50","5.00","0.00","0.00","","",""
"осушение участке в ярославской области","2026-05-21 - 2026-08-18","2.00","0.00","0.00","5.50","","0.00","0.00","","0.00","0.00","","","","2.00","0.00","0.00","5.50","","0.00","0.00","","",""
"рулонный газон рыбинск","2026-05-21 - 2026-08-18","2.00","0.00","0.00","11.50","","0.00","0.00","","0.00","0.00","","","","0.00","0.00","","","","2.00","0.00","0.00","11.50",""
"уличная плитка на даче кладут ли на старую плитку","2026-05-21 - 2026-08-18","2.00","0.00","0.00","3.00","","0.00","0.00","","1.00","0.00","0.00","2.00","","1.00","0.00","0.00","4.00","","0.00","0.00","","",""
"выравнивание участка ярославль купить tehno-ники ру","2026-05-21 - 2026-08-18","2.00","1.00","50.00","8.00","7.00","0.00","0.00","","0.00","0.00","","","","2.00","1.00","50.00","8.00","7.00","0.00","0.00","","",""
"укладка плитки тротуарной переславль","2026-05-21 - 2026-08-18","2.00","0.00","0.00","6.00","","0.00","0.00","","0.00","0.00","","","","2.00","0.00","0.00","6.00","","0.00","0.00","","",""
"стоимость благоустройства территории за м2 калькулятор гео услуги ру","2026-05-21 - 2026-08-18","2.00","0.00","0.00","10.00","","0.00","0.00","","0.00","0.00","","","","1.00","0.00","0.00","9.00","","1.00","0.00","0.00","11.00",""
"брусчатка в рыбинске уложена в стиле","2026-05-21 - 2026-08-18","2.00","0.00","0.00","11.50","","0.00","0.00","","0.00","0.00","","","","0.00","0.00","","","","2.00","0.00","0.00","11.50",""
"как от старой тротуарной плитки продолжить класть новую видео","2026-05-21 - 2026-08-18","2.00","0.00","0.00","9.00","","0.00","0.00","","0.00","0.00","","","","2.00","0.00","0.00","9.00","","0.00","0.00","","",""
"осушение участка с высоким уровнем грунтовых вод ярославская область","2026-05-21 - 2026-08-18","2.00","1.00","50.00","15.00","6.00","0.00","0.00","","0.00","0.00","","","","1.00","1.00","100.00","6.00","6.00","1.00","0.00","0.00","24.00",""
"обустройство въезда на участок ярославль","2026-05-21 - 2026-08-18","2.00","0.00","0.00","8.00","","0.00","0.00","","0.00","0.00","","","","2.00","0.00","0.00","8.00","","0.00","0.00","","",""
"автополив на участке под ключ","2026-05-21 - 2026-08-18","2.00","0.00","0.00","10.00","","0.00","0.00","","0.00","0.00","","","","1.00","0.00","0.00","9.00","","1.00","0.00","0.00","11.00",""
"нарезка дорожек и обшивка ярославль","2026-05-21 - 2026-08-18","2.00","0.00","0.00","9.00","","0.00","0.00","","0.00","0.00","","","","2.00","0.00","0.00","9.00","","0.00","0.00","","",""
"благоустройство участков ярославль","2026-05-21 - 2026-08-18","2.00","0.00","0.00","15.50","","0.00","0.00","","0.00","0.00","","","","1.00","0.00","0.00","10.00","","1.00","0.00","0.00","21.00",""
"газонная трава авито рыбинск","2026-05-21 - 2026-08-18","2.00","0.00","0.00","8.00","","0.00","0.00","","0.00","0.00","","","","2.00","0.00","0.00","8.00","","0.00","0.00","","",""
"проектирование систем автополива","2026-05-21 - 2026-08-18","2.00","0.00","0.00","46.00","","0.00","0.00","","0.00","0.00","","","","0.00","0.00","","","","2.00","0.00","0.00","46.00",""
"сшить навес на беседку в г.рыбинск","2026-05-21 - 2026-08-18","2.00","0.00","0.00","10.50","","0.00","0.00","","0.00","0.00","","","","1.00","0.00","0.00","10.00","","1.00","0.00","0.00","11.00",""
"варианты ремонта старой отмостки","2026-05-21 - 2026-08-18","2.00","0.00","0.00","6.00","","0.00","0.00","","0.00","0.00","","","","2.00","0.00","0.00","6.00","","0.00","0.00","","",""
"если оставить старую дворовую плитку и сверху засыпать землей можно на него положить новую","2026-05-21 - 2026-08-18","2.00","1.00","50.00","2.00","1.00","1.00","1.00","100.00","1.00","0.00","0.00","3.00","","0.00","0.00","","","","0.00","0.00","","",""
"заезд на участок ярославль авито","2026-05-21 - 2026-08-18","2.00","0.00","0.00","9.00","","0.00","0.00","","0.00","0.00","","","","2.00","0.00","0.00","9.00","","0.00","0.00","","",""
"сколько стоит черновой заезд через канаву в рыбинске","2026-05-21 - 2026-08-18","2.00","0.00","0.00","8.00","","0.00","0.00","","0.00","0.00","","","","2.00","0.00","0.00","8.00","","0.00","0.00","","",""
"что такое газон в ярославле","2026-05-21 - 2026-08-18","2.00","0.00","0.00","7.50","","0.00","0.00","","0.00","0.00","","","","2.00","0.00","0.00","7.50","","0.00","0.00","","",""
"печник в ярославской области брейтово","2026-05-21 - 2026-08-18","2.00","0.00","0.00","7.00","","0.00","0.00","","0.00","0.00","","","","2.00","0.00","0.00","7.00","","0.00","0.00","","",""
"выкорчевывание деревьев на участке цена","2026-05-21 - 2026-08-18","2.00","0.00","0.00","13.00","","0.00","0.00","","0.00","0.00","","","","0.00","0.00","","","","2.00","0.00","0.00","13.00",""
"заезд на участок через канаву в ярославской области","2026-05-21 - 2026-08-18","2.00","0.00","0.00","8.00","","0.00","0.00","","0.00","0.00","","","","2.00","0.00","0.00","8.00","","0.00","0.00","","",""
"облагородить дачный участок фирмы в рыбинске","2026-05-21 - 2026-08-18","2.00","0.00","0.00","7.50","","0.00","0.00","","0.00","0.00","","","","2.00","0.00","0.00","7.50","","0.00","0.00","","",""
"слякоть грязь после дождя и ямы как можно иешить проблему","2026-05-21 - 2026-08-18","2.00","0.00","0.00","3.00","","0.00","0.00","","2.00","0.00","0.00","3.00","","0.00","0.00","","","","0.00","0.00","","",""
"рассчитать смету облагораживания участка","2026-05-21 - 2026-08-18","2.00","0.00","0.00","12.50","","0.00","0.00","","0.00","0.00","","","","0.00","0.00","","","","2.00","0.00","0.00","12.50",""
"укладка брусчатки рыбинск","2026-05-21 - 2026-08-18","2.00","0.00","0.00","12.50","","0.00","0.00","","0.00","0.00","","","","0.00","0.00","","","","2.00","0.00","0.00","12.50",""
"цена отмостки под ключ рыбинск","2026-05-21 - 2026-08-18","2.00","0.00","0.00","4.50","","0.00","0.00","","0.00","0.00","","","","2.00","0.00","0.00","4.50","","0.00","0.00","","",""
"ливневки ярославль","2026-05-21 - 2026-08-18","2.00","0.00","0.00","3.00","","0.00","0.00","","2.00","0.00","0.00","3.00","","0.00","0.00","","","","0.00","0.00","","",""
"автополив ярославль","2026-05-21 - 2026-08-18","2.00","0.00","0.00","12.00","","0.00","0.00","","0.00","0.00","","","","0.00","0.00","","","","2.00","0.00","0.00","12.00",""
"убрать вода на участке вызвать гидроинженера ярославль","2026-05-21 - 2026-08-18","2.00","0.00","0.00","4.50","","0.00","0.00","","0.00","0.00","","","","2.00","0.00","0.00","4.50","","0.00","0.00","","",""
"вывоз упавших домов рыбинск","2026-05-21 - 2026-08-18","2.00","0.00","0.00","8.50","","0.00","0.00","","0.00","0.00","","","","2.00","0.00","0.00","8.50","","0.00","0.00","","",""
"ярославль сделать отмостку","2026-05-21 - 2026-08-18","2.00","0.00","0.00","5.00","","0.00","0.00","","0.00","0.00","","","","2.00","0.00","0.00","5.00","","0.00","0.00","","",""
"ирригация участка в ярославской","2026-05-21 - 2026-08-18","2.00","1.00","50.00","4.00","4.00","0.00","0.00","","0.00","0.00","","","","2.00","1.00","50.00","4.00","4.00","0.00","0.00","","",""
"выравнивание участка ярославль вызвать tehno-niki ру","2026-05-21 - 2026-08-18","2.00","0.00","0.00","13.00","","0.00","0.00","","0.00","0.00","","","","0.00","0.00","","","","2.00","0.00","0.00","13.00",""
"плитка тротуарная на плитку тротуарную можно ли класть","2026-05-21 - 2026-08-18","2.00","0.00","0.00","3.00","","0.00","0.00","","2.00","0.00","0.00","3.00","","0.00","0.00","","","","0.00","0.00","","",""
"дренаж участка цена ярославская область","2026-05-21 - 2026-08-18","2.00","0.00","0.00","3.00","","0.00","0.00","","2.00","0.00","0.00","3.00","","0.00","0.00","","","","0.00","0.00","","",""
"калькулятор смета по обустройству дренажа и ливневки на участке","2026-05-21 - 2026-08-18","2.00","0.00","0.00","3.50","","0.00","0.00","","1.00","0.00","0.00","3.00","","1.00","0.00","0.00","4.00","","0.00","0.00","","",""
"корчевание деревьев ярославль мо tehno niki-ru","2026-05-21 - 2026-08-18","2.00","0.00","0.00","10.00","","0.00","0.00","","0.00","0.00","","","","1.00","0.00","0.00","8.00","","1.00","0.00","0.00","12.00",""
"где в рыбинске можно найти независимого эксперта по ремонту отмостки дома в рыбинске","2026-05-21 - 2026-08-18","2.00","0.00","0.00","5.50","","0.00","0.00","","0.00","0.00","","","","2.00","0.00","0.00","5.50","","0.00","0.00","","",""
"работы по укладке пола из тротуарной плитки в гараже с гидроизоляцией ярославль","2026-05-21 - 2026-08-18","2.00","1.00","50.00","8.50","6.00","0.00","0.00","","0.00","0.00","","","","1.00","1.00","100.00","6.00","6.00","1.00","0.00","0.00","11.00",""
"планировка участка ярославль в областном центре миниpogruzchiki ру","2026-05-21 - 2026-08-18","2.00","0.00","0.00","8.50","","0.00","0.00","","0.00","0.00","","","","2.00","0.00","0.00","8.50","","0.00","0.00","","",""
"плитку нельзя потому что поводка старая","2026-05-21 - 2026-08-18","2.00","0.00","0.00","7.50","","0.00","0.00","","0.00","0.00","","","","2.00","0.00","0.00","7.50","","0.00","0.00","","",""
"монтаж дренажной трубы цена за работу за метр","2026-05-21 - 2026-08-18","2.00","0.00","0.00","8.50","","0.00","0.00","","0.00","0.00","","","","2.00","0.00","0.00","8.50","","0.00","0.00","","",""
"изготовление навесов рыбинск","2026-05-21 - 2026-08-18","2.00","0.00","0.00","12.00","","0.00","0.00","","0.00","0.00","","","","0.00","0.00","","","","2.00","0.00","0.00","12.00",""
"укладка тротуарной плитки расценки","2026-05-21 - 2026-08-18","2.00","0.00","0.00","7.50","","0.00","0.00","","0.00","0.00","","","","2.00","0.00","0.00","7.50","","0.00","0.00","","",""
"вырубка деревьев и корчевка пня рыбинск","2026-05-21 - 2026-08-18","2.00","1.00","50.00","7.50","7.00","0.00","0.00","","0.00","0.00","","","","2.00","1.00","50.00","7.50","7.00","0.00","0.00","","",""
"можно ли уложить тротуарную плитку поверх старой","2026-05-21 - 2026-08-18","2.00","0.00","0.00","2.00","","1.00","0.00","0.00","1.00","0.00","0.00","3.00","","0.00","0.00","","","","0.00","0.00","","",""
"калькулятор укладки тротуарной плитки ярославль","2026-05-21 - 2026-08-18","2.00","0.00","0.00","5.00","","0.00","0.00","","0.00","0.00","","","","2.00","0.00","0.00","5.00","","0.00","0.00","","",""
"профессиональное осушение территории рыбинск","2026-05-21 - 2026-08-18","2.00","0.00","0.00","7.50","","0.00","0.00","","0.00","0.00","","","","2.00","0.00","0.00","7.50","","0.00","0.00","","",""
"ярославль ремонт отмостки вокруг дома","2026-05-21 - 2026-08-18","2.00","0.00","0.00","4.00","","0.00","0.00","","1.00","0.00","0.00","3.00","","1.00","0.00","0.00","5.00","","0.00","0.00","","",""
"планировка участка тутаев","2026-05-21 - 2026-08-18","2.00","0.00","0.00","10.00","","0.00","0.00","","0.00","0.00","","","","1.00","0.00","0.00","8.00","","1.00","0.00","0.00","12.00",""
"благоустройство частной территории услуги","2026-05-21 - 2026-08-18","2.00","0.00","0.00","12.00","","0.00","0.00","","0.00","0.00","","","","0.00","0.00","","","","2.00","0.00","0.00","12.00",""
"можно ли заливать дорожку сверху старой плитки","2026-05-21 - 2026-08-18","2.00","0.00","0.00","4.50","","0.00","0.00","","0.00","0.00","","","","2.00","0.00","0.00","4.50","","0.00","0.00","","",""
"примерная схема дренажа на частном участке 10 соток","2026-05-21 - 2026-08-18","2.00","0.00","0.00","6.00","","0.00","0.00","","0.00","0.00","","","","2.00","0.00","0.00","6.00","","0.00","0.00","","",""
"после дождя остается много грязи?","2026-05-21 - 2026-08-18","2.00","0.00","0.00","10.50","","0.00","0.00","","0.00","0.00","","","","1.00","0.00","0.00","10.00","","1.00","0.00","0.00","11.00",""
"можно ли брусчатку класть на старую брусчатку","2026-05-21 - 2026-08-18","2.00","0.00","0.00","2.50","","0.00","0.00","","2.00","0.00","0.00","2.50","","0.00","0.00","","","","0.00","0.00","","",""
"отмостка вокруг дома ярославль","2026-05-21 - 2026-08-18","2.00","0.00","0.00","8.00","","0.00","0.00","","0.00","0.00","","","","2.00","0.00","0.00","8.00","","0.00","0.00","","",""
"сделать дренаж участка на глинистой почве","2026-05-21 - 2026-08-18","2.00","0.00","0.00","44.50","","0.00","0.00","","0.00","0.00","","","","0.00","0.00","","","","2.00","0.00","0.00","44.50",""
"можно ли на тротуарную плитку класть еще плитку","2026-05-21 - 2026-08-18","2.00","0.00","0.00","2.00","","0.00","0.00","","2.00","0.00","0.00","2.00","","0.00","0.00","","","","0.00","0.00","","",""
"монтаж ливневой канализации цена за метр","2026-05-21 - 2026-08-18","2.00","0.00","0.00","10.00","","0.00","0.00","","0.00","0.00","","","","1.00","0.00","0.00","7.00","","1.00","0.00","0.00","13.00",""
"навес для парковки для частного дома в мышкине","2026-05-21 - 2026-08-18","2.00","0.00","0.00","14.00","","0.00","0.00","","0.00","0.00","","","","0.00","0.00","","","","2.00","0.00","0.00","14.00",""
"парковка на участок под ключ ярославль\","2026-05-21 - 2026-08-18","2.00","0.00","0.00","12.00","","0.00","0.00","","0.00","0.00","","","","0.00","0.00","","","","2.00","0.00","0.00","12.00",""
"кто делает в ярославле проект дренажной системы на частном участке","2026-05-21 - 2026-08-18","2.00","0.00","0.00","5.50","","0.00","0.00","","0.00","0.00","","","","2.00","0.00","0.00","5.50","","0.00","0.00","","",""
"рыбинск газон в рулонах купить натуральный рыбинск","2026-05-21 - 2026-08-18","2.00","0.00","0.00","10.00","","0.00","0.00","","0.00","0.00","","","","1.00","0.00","0.00","9.00","","1.00","0.00","0.00","11.00",""
"ечи и камины рыбинск","2026-05-21 - 2026-08-18","2.00","0.00","0.00","14.00","","0.00","0.00","","0.00","0.00","","","","0.00","0.00","","","","2.00","0.00","0.00","14.00",""
"схема дренажа на 6 сотках","2026-05-21 - 2026-08-18","2.00","0.00","0.00","9.00","","0.00","0.00","","0.00","0.00","","","","2.00","0.00","0.00","9.00","","0.00","0.00","","",""
"как состыковать тротуарную новую плитку со старой","2026-05-21 - 2026-08-18","2.00","0.00","0.00","6.50","","0.00","0.00","","0.00","0.00","","","","2.00","0.00","0.00","6.50","","0.00","0.00","","",""
"отведение воды с участка г.ярославль","2026-05-21 - 2026-08-18","2.00","0.00","0.00","3.00","","0.00","0.00","","1.00","0.00","0.00","2.00","","1.00","0.00","0.00","4.00","","0.00","0.00","","",""
"благоустройство участка в ярославской области","2026-05-21 - 2026-08-18","2.00","0.00","0.00","9.50","","0.00","0.00","","0.00","0.00","","","","1.00","0.00","0.00","7.00","","1.00","0.00","0.00","12.00",""
"отвод дренажной воды от действующих градирен в систему канализации ярославль","2026-05-21 - 2026-08-18","2.00","2.00","100.00","5.50","2.00","0.00","0.00","","1.00","2.00","200.00","2.00","2.00","1.00","0.00","0.00","9.00","","0.00","0.00","","",""
"key_phrase : благоустройство дворов рыбинск","2026-05-21 - 2026-08-18","2.00","0.00","0.00","16.50","","0.00","0.00","","0.00","0.00","","","","0.00","0.00","","","","2.00","0.00","0.00","16.50",""
"можно ли на старую плитку положить новую на улице","2026-05-21 - 2026-08-18","2.00","1.00","50.00","3.50","2.00","0.00","0.00","","1.00","1.00","100.00","2.00","2.00","1.00","0.00","0.00","5.00","","0.00","0.00","","",""
"дренаж по городом рыбинск карта","2026-05-21 - 2026-08-18","2.00","0.00","0.00","4.00","","0.00","0.00","","0.00","0.00","","","","2.00","0.00","0.00","4.00","","0.00","0.00","","",""
"рыбинск подшивка дренажа","2026-05-21 - 2026-08-18","2.00","0.00","0.00","5.50","","0.00","0.00","","0.00","0.00","","","","2.00","0.00","0.00","5.50","","0.00","0.00","","",""
"ливневая канализация монтаж в ярославле","2026-05-21 - 2026-08-18","2.00","1.00","50.00","6.00","4.00","0.00","0.00","","0.00","0.00","","","","2.00","1.00","50.00","6.00","4.00","0.00","0.00","","",""
"метод укладки тротуарной плитки на старую плитку","2026-05-21 - 2026-08-18","2.00","1.00","50.00","2.00","2.00","0.00","0.00","","2.00","1.00","50.00","2.00","2.00","0.00","0.00","","","","0.00","0.00","","",""
"рыбинск. сколько стоит работа выложить тротуарную плитку","2026-05-21 - 2026-08-18","2.00","0.00","0.00","7.50","","0.00","0.00","","0.00","0.00","","","","2.00","0.00","0.00","7.50","","0.00","0.00","","",""
"дренажная система на участке цена копки за метр","2026-05-21 - 2026-08-18","2.00","0.00","0.00","5.00","","0.00","0.00","","0.00","0.00","","","","2.00","0.00","0.00","5.00","","0.00","0.00","","",""
"планировка участка ярославская область","2026-05-21 - 2026-08-18","2.00","0.00","0.00","8.50","","0.00","0.00","","0.00","0.00","","","","2.00","0.00","0.00","8.50","","0.00","0.00","","",""
"выровнять участок на даче ярославль ярославский (областной) мини-pogruzchiki-ру","2026-05-21 - 2026-08-18","2.00","0.00","0.00","9.00","","0.00","0.00","","0.00","0.00","","","","1.00","0.00","0.00","7.00","","1.00","0.00","0.00","11.00",""
"устройство отмостки в ярославле","2026-05-21 - 2026-08-18","2.00","0.00","0.00","6.00","","0.00","0.00","","0.00","0.00","","","","2.00","0.00","0.00","6.00","","0.00","0.00","","",""
"можно ли укладывать тротуарную плитку на старое покрытие","2026-05-21 - 2026-08-18","2.00","0.00","0.00","6.50","","0.00","0.00","","0.00","0.00","","","","2.00","0.00","0.00","6.50","","0.00","0.00","","",""
"составить план дорожек и въезда на участок заказать","2026-05-21 - 2026-08-18","2.00","0.00","0.00","8.00","","0.00","0.00","","0.00","0.00","","","","2.00","0.00","0.00","8.00","","0.00","0.00","","",""
"можно ли брусчатку класть на старые кирпичи","2026-05-21 - 2026-08-18","2.00","0.00","0.00","4.50","","0.00","0.00","","0.00","0.00","","","","2.00","0.00","0.00","4.50","","0.00","0.00","","",""
"обустройство водоотводной канавы и въезда на участок ярославль","2026-05-21 - 2026-08-18","2.00","0.00","0.00","8.00","","0.00","0.00","","0.00","0.00","","","","2.00","0.00","0.00","8.00","","0.00","0.00","","",""
"автополив в ярославле","2026-05-21 - 2026-08-18","2.00","0.00","0.00","6.50","","0.00","0.00","","0.00","0.00","","","","2.00","0.00","0.00","6.50","","0.00","0.00","","",""
"в рыбинске заказать навес для машины","2026-05-21 - 2026-08-18","2.00","0.00","0.00","20.50","","0.00","0.00","","0.00","0.00","","","","0.00","0.00","","","","2.00","0.00","0.00","20.50",""
"подпорная стенка пошехонье","2026-05-21 - 2026-08-18","2.00","0.00","0.00","2.00","","0.00","0.00","","2.00","0.00","0.00","2.00","","0.00","0.00","","","","0.00","0.00","","",""
"почему на земельном участке постоянно стоит вода на поверхности после дождей","2026-05-21 - 2026-08-18","2.00","0.00","0.00","6.50","","0.00","0.00","","0.00","0.00","","","","2.00","0.00","0.00","6.50","","0.00","0.00","","",""
"заезд через канаву тутаев","2026-05-21 - 2026-08-18","2.00","0.00","0.00","5.50","","0.00","0.00","","0.00","0.00","","","","2.00","0.00","0.00","5.50","","0.00","0.00","","",""
"укладка брусчатки цена рыбинск","2026-05-21 - 2026-08-18","2.00","2.00","100.00","6.00","4.00","0.00","0.00","","0.00","0.00","","","","2.00","2.00","100.00","6.00","4.00","0.00","0.00","","",""
"компания которая облагораживает центр в рыбинске","2026-05-21 - 2026-08-18","2.00","0.00","0.00","12.00","","0.00","0.00","","0.00","0.00","","","","0.00","0.00","","","","2.00","0.00","0.00","12.00",""
"комплексное благоустройство компании","2026-05-21 - 2026-08-18","2.00","0.00","0.00","7.00","","0.00","0.00","","0.00","0.00","","","","2.00","0.00","0.00","7.00","","0.00","0.00","","",""
"укладка тротуарной плитки пошехонье","2026-05-21 - 2026-08-18","2.00","1.00","50.00","4.50","4.00","0.00","0.00","","0.00","0.00","","","","2.00","1.00","50.00","4.50","4.00","0.00","0.00","","",""
"обустройство въезда на участок через канаву под ключ","2026-05-21 - 2026-08-18","2.00","0.00","0.00","5.50","","0.00","0.00","","0.00","0.00","","","","2.00","0.00","0.00","5.50","","0.00","0.00","","",""
"осушение участка рыбинск","2026-05-21 - 2026-08-18","2.00","0.00","0.00","5.50","","0.00","0.00","","0.00","0.00","","","","2.00","0.00","0.00","5.50","","0.00","0.00","","",""
"строительно-ландшафтная компания рыбинск","2026-05-21 - 2026-08-18","2.00","0.00","0.00","2.00","","0.00","0.00","","2.00","0.00","0.00","2.00","","0.00","0.00","","","","0.00","0.00","","",""
"укладка тротуарной плитки на старую брусчатку","2026-05-21 - 2026-08-18","2.00","0.00","0.00","3.00","","0.00","0.00","","2.00","0.00","0.00","3.00","","0.00","0.00","","","","0.00","0.00","","",""
"key_phrase : снос аварийных домов рыбинск","2026-05-21 - 2026-08-18","2.00","0.00","0.00","2.00","","1.00","0.00","0.00","1.00","0.00","0.00","3.00","","0.00","0.00","","","","0.00","0.00","","",""
"обустройство заезда на участок через канаву в тутаеве","2026-05-21 - 2026-08-18","2.00","0.00","0.00","11.00","","0.00","0.00","","0.00","0.00","","","","1.00","0.00","0.00","10.00","","1.00","0.00","0.00","12.00",""
"укладка тротуарной плитки ярославль","2026-05-21 - 2026-08-18","2.00","0.00","0.00","24.00","","0.00","0.00","","0.00","0.00","","","","0.00","0.00","","","","2.00","0.00","0.00","24.00",""
"можно ли старую плитку использовать как слой и сверху засыпать все щебнем","2026-05-21 - 2026-08-18","2.00","0.00","0.00","7.00","","0.00","0.00","","0.00","0.00","","","","2.00","0.00","0.00","7.00","","0.00","0.00","","",""
"планировка рощи рыбинск","2026-05-21 - 2026-08-18","2.00","0.00","0.00","10.00","","0.00","0.00","","0.00","0.00","","","","2.00","0.00","0.00","10.00","","0.00","0.00","","",""
"рассчитать стоимость выравнивания участка 5 соток","2026-05-21 - 2026-08-18","2.00","0.00","0.00","11.50","","0.00","0.00","","0.00","0.00","","","","0.00","0.00","","","","2.00","0.00","0.00","11.50",""
"сделать заезд на участок через канаву цена под ключ ярославль","2026-05-21 - 2026-08-18","2.00","0.00","0.00","6.00","","0.00","0.00","","0.00","0.00","","","","2.00","0.00","0.00","6.00","","0.00","0.00","","",""
"можно ли на уличную плитку уложить плитку","2026-05-21 - 2026-08-18","2.00","0.00","0.00","3.00","","0.00","0.00","","2.00","0.00","0.00","3.00","","0.00","0.00","","","","0.00","0.00","","",""
"+79159788809","2026-05-21 - 2026-08-18","2.00","2.00","100.00","2.00","2.00","0.00","0.00","","2.00","2.00","100.00","2.00","2.00","0.00","0.00","","","","0.00","0.00","","",""
"плиточник углич авито","2026-05-21 - 2026-08-18","2.00","0.00","0.00","5.00","","0.00","0.00","","0.00","0.00","","","","2.00","0.00","0.00","5.00","","0.00","0.00","","",""
"пересадка деревьев в ярославской области цена за куб","2026-05-21 - 2026-08-18","2.00","0.00","0.00","11.00","","0.00","0.00","","0.00","0.00","","","","1.00","0.00","0.00","10.00","","1.00","0.00","0.00","12.00",""
"ремонт, содержание сетей и колодцев ливневой канализации в ярославле","2026-05-21 - 2026-08-18","2.00","0.00","0.00","3.00","","0.00","0.00","","2.00","0.00","0.00","3.00","","0.00","0.00","","","","0.00","0.00","","",""
"грязь после дождя на земляных дорожка в производстве как с ней бороться","2026-05-21 - 2026-08-18","2.00","0.00","0.00","8.50","","0.00","0.00","","0.00","0.00","","","","2.00","0.00","0.00","8.50","","0.00","0.00","","",""
"рулонный газон рыбинск купить","2026-05-21 - 2026-08-18","2.00","0.00","0.00","12.00","","0.00","0.00","","0.00","0.00","","","","0.00","0.00","","","","2.00","0.00","0.00","12.00",""
"заезд на участок через канаву под ключ рыбинск","2026-05-21 - 2026-08-18","2.00","1.00","50.00","2.50","1.00","1.00","1.00","100.00","0.00","0.00","","","","1.00","0.00","0.00","4.00","","0.00","0.00","","",""
"дренирование участка ярославль","2026-05-21 - 2026-08-18","2.00","0.00","0.00","9.00","","0.00","0.00","","0.00","0.00","","","","2.00","0.00","0.00","9.00","","0.00","0.00","","",""
"рыбинск дворы колодцы","2026-05-21 - 2026-08-18","2.00","0.00","0.00","3.50","","0.00","0.00","","1.00","0.00","0.00","3.00","","1.00","0.00","0.00","4.00","","0.00","0.00","","",""
"yfdtc gjl vfibye d ,htqnjdj","2026-05-21 - 2026-08-18","2.00","0.00","0.00","8.00","","0.00","0.00","","0.00","0.00","","","","2.00","0.00","0.00","8.00","","0.00","0.00","","",""
"дренаж в рыбинске","2026-05-21 - 2026-08-18","2.00","0.00","0.00","2.00","","0.00","0.00","","2.00","0.00","0.00","2.00","","0.00","0.00","","","","0.00","0.00","","",""
"ярославль дренаж компания рента","2026-05-21 - 2026-08-18","2.00","0.00","0.00","12.50","","0.00","0.00","","0.00","0.00","","","","0.00","0.00","","","","2.00","0.00","0.00","12.50",""
"сколько по времени занимают работы по дренированию участка 6 соток","2026-05-21 - 2026-08-18","2.00","1.00","50.00","3.00","2.00","0.00","0.00","","1.00","1.00","100.00","2.00","2.00","1.00","0.00","0.00","4.00","","0.00","0.00","","",""
"уложить тротуарную плитку цена работы за квадратный","2026-05-21 - 2026-08-18","2.00","0.00","0.00","8.00","","0.00","0.00","","0.00","0.00","","","","2.00","0.00","0.00","8.00","","0.00","0.00","","",""
"ярославль отмостка к дому","2026-05-21 - 2026-08-18","2.00","0.00","0.00","5.50","","0.00","0.00","","0.00","0.00","","","","2.00","0.00","0.00","5.50","","0.00","0.00","","",""
"озеленение участка под ключ и благоустройство ярославль","2026-05-21 - 2026-08-18","2.00","0.00","0.00","11.00","","0.00","0.00","","0.00","0.00","","","","0.00","0.00","","","","2.00","0.00","0.00","11.00",""
"замиксовать старую тротуарную плитку с новой","2026-05-21 - 2026-08-18","2.00","0.00","0.00","3.50","","0.00","0.00","","1.00","0.00","0.00","3.00","","1.00","0.00","0.00","4.00","","0.00","0.00","","",""
"планировка участка ярославль арендовать миниpogruzchiki-ru","2026-05-21 - 2026-08-18","2.00","0.00","0.00","9.50","","0.00","0.00","","0.00","0.00","","","","2.00","0.00","0.00","9.50","","0.00","0.00","","",""
"отмостка брусчатка ярославль","2026-05-21 - 2026-08-18","2.00","0.00","0.00","11.00","","0.00","0.00","","0.00","0.00","","","","0.00","0.00","","","","2.00","0.00","0.00","11.00",""
"тутаев камин строительство телефон","2026-05-21 - 2026-08-18","2.00","0.00","0.00","11.00","","0.00","0.00","","0.00","0.00","","","","0.00","0.00","","","","2.00","0.00","0.00","11.00",""
"благоустройство участка ярославль ливневка","2026-05-21 - 2026-08-18","2.00","0.00","0.00","7.00","","0.00","0.00","","0.00","0.00","","","","2.00","0.00","0.00","7.00","","0.00","0.00","","",""
"въезд под машину в тутаеве","2026-05-21 - 2026-08-18","2.00","0.00","0.00","6.00","","0.00","0.00","","0.00","0.00","","","","2.00","0.00","0.00","6.00","","0.00","0.00","","",""
"работы по укладке тротуарной плитки с виратором ярославль","2026-05-21 - 2026-08-18","2.00","0.00","0.00","13.00","","0.00","0.00","","0.00","0.00","","","","0.00","0.00","","","","2.00","0.00","0.00","13.00",""
"услуги по благоустройства участка брейтово","2026-05-21 - 2026-08-18","2.00","1.00","50.00","8.50","9.00","0.00","0.00","","0.00","0.00","","","","2.00","1.00","50.00","8.50","9.00","0.00","0.00","","",""
"выровнять участок на даче ярославль оформление заказа ник техно ооо","2026-05-21 - 2026-08-18","2.00","0.00","0.00","5.00","","0.00","0.00","","0.00","0.00","","","","2.00","0.00","0.00","5.00","","0.00","0.00","","",""
"можно ди на старую уличную плитку ложить новую","2026-05-21 - 2026-08-18","2.00","1.00","50.00","4.00","4.00","0.00","0.00","","0.00","0.00","","","","2.00","1.00","50.00","4.00","4.00","0.00","0.00","","",""
"сделать отмостку вокруг дома из бетона цена в ярославской области ростовский район","2026-05-21 - 2026-08-18","2.00","0.00","0.00","5.00","","0.00","0.00","","0.00","0.00","","","","2.00","0.00","0.00","5.00","","0.00","0.00","","",""
"есть ливневая канализация в пошехонье","2026-05-21 - 2026-08-18","2.00","0.00","0.00","9.50","","0.00","0.00","","0.00","0.00","","","","2.00","0.00","0.00","9.50","","0.00","0.00","","",""
"щебень можно засыпать поверх старой плитки","2026-05-21 - 2026-08-18","2.00","0.00","0.00","6.00","","0.00","0.00","","0.00","0.00","","","","2.00","0.00","0.00","6.00","","0.00","0.00","","",""
"озеленение офиса рыбинск","2026-05-21 - 2026-08-18","2.00","0.00","0.00","11.00","","0.00","0.00","","0.00","0.00","","","","0.00","0.00","","","","2.00","0.00","0.00","11.00",""
"сделать дренаж ярославль","2026-05-21 - 2026-08-18","2.00","0.00","0.00","7.50","","0.00","0.00","","0.00","0.00","","","","2.00","0.00","0.00","7.50","","0.00","0.00","","",""
"схема ливневых колодцев ярославль","2026-05-21 - 2026-08-18","2.00","0.00","0.00","15.00","","0.00","0.00","","0.00","0.00","","","","0.00","0.00","","","","2.00","0.00","0.00","15.00",""
"онлайн калькулятор для расчета стоимости работ по благоустройству","2026-05-21 - 2026-08-18","2.00","1.00","50.00","2.00","2.00","0.00","0.00","","2.00","1.00","50.00","2.00","2.00","0.00","0.00","","","","0.00","0.00","","",""
"ливневка рыбинск","2026-05-21 - 2026-08-18","2.00","0.00","0.00","7.50","","0.00","0.00","","1.00","0.00","0.00","2.00","","0.00","0.00","","","","1.00","0.00","0.00","13.00",""
"схема организации дренажа на участке 6 соток","2026-05-21 - 2026-08-18","2.00","0.00","0.00","7.50","","0.00","0.00","","0.00","0.00","","","","2.00","0.00","0.00","7.50","","0.00","0.00","","",""
"ландшафтный эксперт центр тишина","2026-05-21 - 2026-08-18","2.00","0.00","0.00","3.50","","0.00","0.00","","1.00","0.00","0.00","3.00","","1.00","0.00","0.00","4.00","","0.00","0.00","","",""
"залить отмостку вокруг дома цена за работу","2026-05-21 - 2026-08-18","2.00","0.00","0.00","7.00","","0.00","0.00","","0.00","0.00","","","","2.00","0.00","0.00","7.00","","0.00","0.00","","",""
"стоимость благоустройства территории за м2 калькулятор эден крафт","2026-05-21 - 2026-08-18","2.00","0.00","0.00","10.50","","0.00","0.00","","0.00","0.00","","","","1.00","0.00","0.00","10.00","","1.00","0.00","0.00","11.00",""
"автополив он ярославль автосалон","2026-05-21 - 2026-08-18","2.00","0.00","0.00","9.00","","0.00","0.00","","0.00","0.00","","","","2.00","0.00","0.00","9.00","","0.00","0.00","","",""
"укладка тротуарной плитки углич","2026-05-21 - 2026-08-18","2.00","1.00","50.00","6.50","5.00","0.00","0.00","","0.00","0.00","","","","2.00","1.00","50.00","6.50","5.00","0.00","0.00","","",""
"ландшафт рыбинск","2026-05-21 - 2026-08-18","2.00","0.00","0.00","8.50","","0.00","0.00","","0.00","0.00","","","","2.00","0.00","0.00","8.50","","0.00","0.00","","",""
"дренаж участка в ярославле цена","2026-05-21 - 2026-08-18","2.00","0.00","0.00","10.50","","0.00","0.00","","0.00","0.00","","","","1.00","0.00","0.00","10.00","","1.00","0.00","0.00","11.00",""
"услуги по укладке тротуарной плитки цена в ярославле за квадратный метр","2026-05-21 - 2026-08-18","2.00","0.00","0.00","10.50","","0.00","0.00","","0.00","0.00","","","","1.00","0.00","0.00","10.00","","1.00","0.00","0.00","11.00",""
"отмостка утепленная вокруг дома в ярославле","2026-05-21 - 2026-08-18","2.00","0.00","0.00","6.00","","0.00","0.00","","0.00","0.00","","","","2.00","0.00","0.00","6.00","","0.00","0.00","","",""
"благоустройство земельного участка и территории по ярославской области","2026-05-21 - 2026-08-18","2.00","0.00","0.00","6.50","","0.00","0.00","","0.00","0.00","","","","2.00","0.00","0.00","6.50","","0.00","0.00","","",""
"свингино фото","2026-05-21 - 2026-08-18","2.00","0.00","0.00","16.00","","0.00","0.00","","0.00","0.00","","","","0.00","0.00","","","","2.00","0.00","0.00","16.00",""
"нужно ли ложить в новый дом старую тротуарную плитку","2026-05-21 - 2026-08-18","2.00","0.00","0.00","8.00","","0.00","0.00","","0.00","0.00","","","","2.00","0.00","0.00","8.00","","0.00","0.00","","",""
"благоустройство садовых участков рыбинск","2026-05-21 - 2026-08-18","2.00","0.00","0.00","3.50","","0.00","0.00","","1.00","0.00","0.00","3.00","","1.00","0.00","0.00","4.00","","0.00","0.00","","",""
"сколько стоит сделать заезд на участок","2026-05-21 - 2026-08-18","2.00","0.00","0.00","10.00","","0.00","0.00","","0.00","0.00","","","","2.00","0.00","0.00","10.00","","0.00","0.00","","",""
"корчевание деревьев ярославль запрос miniпогрузчики-ru","2026-05-21 - 2026-08-18","2.00","1.00","50.00","10.00","12.00","0.00","0.00","","0.00","0.00","","","","1.00","0.00","0.00","8.00","","1.00","1.00","100.00","12.00","12.00"
"сделать въездную группу рыбинск","2026-05-21 - 2026-08-18","2.00","0.00","0.00","10.50","","0.00","0.00","","0.00","0.00","","","","1.00","0.00","0.00","10.00","","1.00","0.00","0.00","11.00",""
"можно ли переложить старую уличную плитку","2026-05-21 - 2026-08-18","1.00","0.00","0.00","11.00","","0.00","0.00","","0.00","0.00","","","","0.00","0.00","","","","1.00","0.00","0.00","11.00",""
"кто в рыбинске занимается выращиванием яблонь","2026-05-21 - 2026-08-18","1.00","0.00","0.00","4.00","","0.00","0.00","","0.00","0.00","","","","1.00","0.00","0.00","4.00","","0.00","0.00","","",""
"рулон газонный купить в ярославле","2026-05-21 - 2026-08-18","1.00","0.00","0.00","42.00","","0.00","0.00","","0.00","0.00","","","","0.00","0.00","","","","1.00","0.00","0.00","42.00",""
"мягкая отмостка услуги в ярославле","2026-05-21 - 2026-08-18","1.00","1.00","100.00","8.00","8.00","0.00","0.00","","0.00","0.00","","","","1.00","1.00","100.00","8.00","8.00","0.00","0.00","","",""
"ландшафтный дизайн для дачи 76ру","2026-05-21 - 2026-08-18","1.00","0.00","0.00","13.00","","0.00","0.00","","0.00","0.00","","","","0.00","0.00","","","","1.00","0.00","0.00","13.00",""
"обустройство сточной канавы ярославль","2026-05-21 - 2026-08-18","1.00","0.00","0.00","11.00","","0.00","0.00","","0.00","0.00","","","","0.00","0.00","","","","1.00","0.00","0.00","11.00",""
"обустройство заезда на участок через канаву ярославль","2026-05-21 - 2026-08-18","1.00","0.00","0.00","11.00","","0.00","0.00","","0.00","0.00","","","","0.00","0.00","","","","1.00","0.00","0.00","11.00",""
"если старую тротуарную плитку не убирать а сверху положить новую","2026-05-21 - 2026-08-18","1.00","0.00","0.00","4.00","","0.00","0.00","","0.00","0.00","","","","1.00","0.00","0.00","4.00","","0.00","0.00","","",""
"как рассчитать стоимость работы на площадь участка","2026-05-21 - 2026-08-18","1.00","0.00","0.00","10.00","","0.00","0.00","","0.00","0.00","","","","1.00","0.00","0.00","10.00","","0.00","0.00","","",""
"можно ли забрать старую плитку с тротуара","2026-05-21 - 2026-08-18","1.00","0.00","0.00","10.00","","0.00","0.00","","0.00","0.00","","","","1.00","0.00","0.00","10.00","","0.00","0.00","","",""
"уличное освещение рыбинский район","2026-05-21 - 2026-08-18","1.00","0.00","0.00","8.00","","0.00","0.00","","0.00","0.00","","","","1.00","0.00","0.00","8.00","","0.00","0.00","","",""
"можно ли положить садовую дорожку из плитки поверх старой плитки","2026-05-21 - 2026-08-18","1.00","0.00","0.00","4.00","","0.00","0.00","","0.00","0.00","","","","1.00","0.00","0.00","4.00","","0.00","0.00","","",""
"спил пней ярославль","2026-05-21 - 2026-08-18","1.00","0.00","0.00","8.00","","0.00","0.00","","0.00","0.00","","","","1.00","0.00","0.00","8.00","","0.00","0.00","","",""
"купить обычный мостик через канаву в рыбинске","2026-05-21 - 2026-08-18","1.00","1.00","100.00","19.00","19.00","0.00","0.00","","0.00","0.00","","","","0.00","0.00","","","","1.00","1.00","100.00","19.00","19.00"
"грязь после дождя на участке как убрать","2026-05-21 - 2026-08-18","1.00","0.00","0.00","7.00","","0.00","0.00","","0.00","0.00","","","","1.00","0.00","0.00","7.00","","0.00","0.00","","",""
"установка автополива в ярославле","2026-05-21 - 2026-08-18","1.00","0.00","0.00","6.00","","0.00","0.00","","0.00","0.00","","","","1.00","0.00","0.00","6.00","","0.00","0.00","","",""
"стоимость работ по благоустройству территории ярославль","2026-05-21 - 2026-08-18","1.00","1.00","100.00","13.00","13.00","0.00","0.00","","0.00","0.00","","","","0.00","0.00","","","","1.00","1.00","100.00","13.00","13.00"
"дренажная канава в ярославле заросшая болотистая","2026-05-21 - 2026-08-18","1.00","0.00","0.00","5.00","","0.00","0.00","","0.00","0.00","","","","1.00","0.00","0.00","5.00","","0.00","0.00","","",""
"при ремонте тротуаров в свободном переворачивают старую плитку","2026-05-21 - 2026-08-18","1.00","0.00","0.00","9.00","","0.00","0.00","","0.00","0.00","","","","1.00","0.00","0.00","9.00","","0.00","0.00","","",""
"что положить на старую тротуарную плитку","2026-05-21 - 2026-08-18","1.00","0.00","0.00","5.00","","0.00","0.00","","0.00","0.00","","","","1.00","0.00","0.00","5.00","","0.00","0.00","","",""
"фото пруд мариевка","2026-05-21 - 2026-08-18","1.00","0.00","0.00","3.00","","0.00","0.00","","1.00","0.00","0.00","3.00","","0.00","0.00","","","","0.00","0.00","","",""
"онлайн калькулятор проекта благоустройства","2026-05-21 - 2026-08-18","1.00","0.00","0.00","10.00","","0.00","0.00","","0.00","0.00","","","","1.00","0.00","0.00","10.00","","0.00","0.00","","",""
"дачный участок под ключ","2026-05-21 - 2026-08-18","1.00","0.00","0.00","6.00","","0.00","0.00","","0.00","0.00","","","","1.00","0.00","0.00","6.00","","0.00","0.00","","",""
"укладка тротуарной плитки на готовое основание цена","2026-05-21 - 2026-08-18","1.00","0.00","0.00","9.00","","0.00","0.00","","0.00","0.00","","","","1.00","0.00","0.00","9.00","","0.00","0.00","","",""
"выровнять участок на даче ярославль подать заявку техно-ники ру","2026-05-21 - 2026-08-18","1.00","0.00","0.00","9.00","","0.00","0.00","","0.00","0.00","","","","1.00","0.00","0.00","9.00","","0.00","0.00","","",""
"укладка плитки для во дворе дома сколько стоит квадрат метр переславль залесский","2026-05-21 - 2026-08-18","1.00","0.00","0.00","4.00","","0.00","0.00","","0.00","0.00","","","","1.00","0.00","0.00","4.00","","0.00","0.00","","",""
"сколько стоит благоустройство ста квадратных метров в ярославле","2026-05-21 - 2026-08-18","1.00","0.00","0.00","9.00","","0.00","0.00","","0.00","0.00","","","","1.00","0.00","0.00","9.00","","0.00","0.00","","",""
"ремонт промышленной ливневой канализации ярославль","2026-05-21 - 2026-08-18","1.00","0.00","0.00","8.00","","0.00","0.00","","0.00","0.00","","","","1.00","0.00","0.00","8.00","","0.00","0.00","","",""
"планировка участка двухэтажного дома рыбинск","2026-05-21 - 2026-08-18","1.00","0.00","0.00","9.00","","0.00","0.00","","0.00","0.00","","","","1.00","0.00","0.00","9.00","","0.00","0.00","","",""
"вывести воду на участке рыбинск подключиться","2026-05-21 - 2026-08-18","1.00","0.00","0.00","13.00","","0.00","0.00","","0.00","0.00","","","","0.00","0.00","","","","1.00","0.00","0.00","13.00",""
"можно ли старую метлахскую плитку уложить на улице","2026-05-21 - 2026-08-18","1.00","0.00","0.00","6.00","","0.00","0.00","","0.00","0.00","","","","1.00","0.00","0.00","6.00","","0.00","0.00","","",""
"посадка кустов заказать","2026-05-21 - 2026-08-18","1.00","0.00","0.00","8.00","","0.00","0.00","","0.00","0.00","","","","1.00","0.00","0.00","8.00","","0.00","0.00","","",""
"тутаев яр. область протяженность системы ливневой канализации","2026-05-21 - 2026-08-18","1.00","0.00","0.00","8.00","","0.00","0.00","","0.00","0.00","","","","1.00","0.00","0.00","8.00","","0.00","0.00","","",""
"проектирование дренажа ярославль","2026-05-21 - 2026-08-18","1.00","0.00","0.00","6.00","","0.00","0.00","","0.00","0.00","","","","1.00","0.00","0.00","6.00","","0.00","0.00","","",""
"расчет стоимости уложить участок плиткой","2026-05-21 - 2026-08-18","1.00","1.00","100.00","2.00","2.00","0.00","0.00","","1.00","1.00","100.00","2.00","2.00","0.00","0.00","","","","0.00","0.00","","",""
"как рассчитать стоимость благоустройства са сотку","2026-05-21 - 2026-08-18","1.00","0.00","0.00","11.00","","0.00","0.00","","0.00","0.00","","","","0.00","0.00","","","","1.00","0.00","0.00","11.00",""
"можно ли выкладывать старую тротуарную плитку снова","2026-05-21 - 2026-08-18","1.00","0.00","0.00","7.00","","0.00","0.00","","0.00","0.00","","","","1.00","0.00","0.00","7.00","","0.00","0.00","","",""
"мягкая отмостка цена под ключ ярославль","2026-05-21 - 2026-08-18","1.00","0.00","0.00","6.00","","0.00","0.00","","0.00","0.00","","","","1.00","0.00","0.00","6.00","","0.00","0.00","","",""
"труба для канавы для въезда на участок цена в русском лесе ярославль","2026-05-21 - 2026-08-18","1.00","0.00","0.00","13.00","","0.00","0.00","","0.00","0.00","","","","0.00","0.00","","","","1.00","0.00","0.00","13.00",""
"обустройство двора в частном доме в рыбинске","2026-05-21 - 2026-08-18","1.00","0.00","0.00","5.00","","0.00","0.00","","0.00","0.00","","","","1.00","0.00","0.00","5.00","","0.00","0.00","","",""
"какая киянка нужна для тротуарной плитки","2026-05-21 - 2026-08-18","1.00","0.00","0.00","8.00","","0.00","0.00","","0.00","0.00","","","","1.00","0.00","0.00","8.00","","0.00","0.00","","",""
"выравнивание участка ярославль сниженные тарифы техно ники ru","2026-05-21 - 2026-08-18","1.00","0.00","0.00","9.00","","0.00","0.00","","0.00","0.00","","","","1.00","0.00","0.00","9.00","","0.00","0.00","","",""
"дренаж в ярославле","2026-05-21 - 2026-08-18","1.00","0.00","0.00","13.00","","0.00","0.00","","0.00","0.00","","","","0.00","0.00","","","","1.00","0.00","0.00","13.00",""
"стоимость укладки плитки тротуарной в рыбинске","2026-05-21 - 2026-08-18","1.00","0.00","0.00","7.00","","0.00","0.00","","0.00","0.00","","","","1.00","0.00","0.00","7.00","","0.00","0.00","","",""
"услуги гидротехника по отводу воды с дачного участка в ярославле","2026-05-21 - 2026-08-18","1.00","0.00","0.00","4.00","","0.00","0.00","","0.00","0.00","","","","1.00","0.00","0.00","4.00","","0.00","0.00","","",""
"конопатчики ярославская область","2026-05-21 - 2026-08-18","1.00","0.00","0.00","11.00","","0.00","0.00","","0.00","0.00","","","","0.00","0.00","","","","1.00","0.00","0.00","11.00",""
"можно ли произвести замену тротуарной плитки при выполнении текущего ремонта","2026-05-21 - 2026-08-18","1.00","0.00","0.00","12.00","","0.00","0.00","","0.00","0.00","","","","0.00","0.00","","","","1.00","0.00","0.00","12.00",""
"обустройство въезда на участок через канаву под ключ цена в ярославле","2026-05-21 - 2026-08-18","1.00","0.00","0.00","9.00","","0.00","0.00","","0.00","0.00","","","","1.00","0.00","0.00","9.00","","0.00","0.00","","",""
"выравнивания участка рыбинск","2026-05-21 - 2026-08-18","1.00","0.00","0.00","10.00","","0.00","0.00","","0.00","0.00","","","","1.00","0.00","0.00","10.00","","0.00","0.00","","",""
"монтаж и устройство лотков водоотведения от фундамента в ярославле","2026-05-21 - 2026-08-18","1.00","1.00","100.00","2.00","2.00","0.00","0.00","","1.00","1.00","100.00","2.00","2.00","0.00","0.00","","","","0.00","0.00","","",""
"выкорчевка деревьев на участке ярославль и область оформить ekskavatory arenda-ru","2026-05-21 - 2026-08-18","1.00","0.00","0.00","12.00","","0.00","0.00","","0.00","0.00","","","","0.00","0.00","","","","1.00","0.00","0.00","12.00",""
"ландшафтные работы благоустройство территории","2026-05-21 - 2026-08-18","1.00","0.00","0.00","4.00","","0.00","0.00","","0.00","0.00","","","","1.00","0.00","0.00","4.00","","0.00","0.00","","",""
"после дождя на участке все время лужа","2026-05-21 - 2026-08-18","1.00","0.00","0.00","10.00","","0.00","0.00","","0.00","0.00","","","","1.00","0.00","0.00","10.00","","0.00","0.00","","",""
"тротуар поверх старого","2026-05-21 - 2026-08-18","1.00","0.00","0.00","3.00","","0.00","0.00","","1.00","0.00","0.00","3.00","","0.00","0.00","","","","0.00","0.00","","",""
"как установить новую тротуарную плитку вместо старой","2026-05-21 - 2026-08-18","1.00","0.00","0.00","10.00","","0.00","0.00","","0.00","0.00","","","","1.00","0.00","0.00","10.00","","0.00","0.00","","",""
"отмостка из гравия ярославль","2026-05-21 - 2026-08-18","1.00","0.00","0.00","6.00","","0.00","0.00","","0.00","0.00","","","","1.00","0.00","0.00","6.00","","0.00","0.00","","",""
"оформление земли под ключ в брейтово ярославской области","2026-05-21 - 2026-08-18","1.00","0.00","0.00","12.00","","0.00","0.00","","0.00","0.00","","","","0.00","0.00","","","","1.00","0.00","0.00","12.00",""
"exp76","2026-05-21 - 2026-08-18","1.00","0.00","0.00","1.00","","1.00","0.00","0.00","0.00","0.00","","","","0.00","0.00","","","","0.00","0.00","","",""
"сделать въезд на участок через канаву в ярославле","2026-05-21 - 2026-08-18","1.00","0.00","0.00","8.00","","0.00","0.00","","0.00","0.00","","","","1.00","0.00","0.00","8.00","","0.00","0.00","","",""
"можно но ли класть плитку на улице на старую","2026-05-21 - 2026-08-18","1.00","1.00","100.00","4.00","4.00","0.00","0.00","","0.00","0.00","","","","1.00","1.00","100.00","4.00","4.00","0.00","0.00","","",""
"расценки на работы по благоустройству","2026-05-21 - 2026-08-18","1.00","0.00","0.00","10.00","","0.00","0.00","","0.00","0.00","","","","1.00","0.00","0.00","10.00","","0.00","0.00","","",""
"сделать участок огород в рыбинске городе","2026-05-21 - 2026-08-18","1.00","1.00","100.00","5.00","5.00","0.00","0.00","","0.00","0.00","","","","1.00","1.00","100.00","5.00","5.00","0.00","0.00","","",""
"ekotenko76@","2026-05-21 - 2026-08-18","1.00","0.00","0.00","11.00","","0.00","0.00","","0.00","0.00","","","","0.00","0.00","","","","1.00","0.00","0.00","11.00",""
"подготовка земли под газон услуги в ярославле","2026-05-21 - 2026-08-18","1.00","0.00","0.00","23.00","","0.00","0.00","","0.00","0.00","","","","0.00","0.00","","","","1.00","0.00","0.00","23.00",""
"какую купить киянку для укладки тротуарной плитки","2026-05-21 - 2026-08-18","1.00","0.00","0.00","13.00","","0.00","0.00","","0.00","0.00","","","","0.00","0.00","","","","1.00","0.00","0.00","13.00",""
"навес для автомобилей в рыбинске","2026-05-21 - 2026-08-18","1.00","0.00","0.00","12.00","","0.00","0.00","","0.00","0.00","","","","0.00","0.00","","","","1.00","0.00","0.00","12.00",""
"обслуживание систем полива в ярославской области","2026-05-21 - 2026-08-18","1.00","0.00","0.00","6.00","","0.00","0.00","","0.00","0.00","","","","1.00","0.00","0.00","6.00","","0.00","0.00","","",""
"dshfdybdfybt ptvtkmyjuj exfcnrf d zhjckfecrjqj,kfcnb","2026-05-21 - 2026-08-18","1.00","0.00","0.00","3.00","","0.00","0.00","","1.00","0.00","0.00","3.00","","0.00","0.00","","","","0.00","0.00","","",""
"сделать планировку земли частного дома рыбинск","2026-05-21 - 2026-08-18","1.00","0.00","0.00","8.00","","0.00","0.00","","0.00","0.00","","","","1.00","0.00","0.00","8.00","","0.00","0.00","","",""
"cnjbvjcnm hf,jn gj erkflrt gkbnrb d hs,bycrt","2026-05-21 - 2026-08-18","1.00","0.00","0.00","8.00","","0.00","0.00","","0.00","0.00","","","","1.00","0.00","0.00","8.00","","0.00","0.00","","",""
"промэксперт рыбинск","2026-05-21 - 2026-08-18","1.00","0.00","0.00","50.00","","0.00","0.00","","0.00","0.00","","","","0.00","0.00","","","","1.00","0.00","0.00","50.00",""
"стройэкспер 76","2026-05-21 - 2026-08-18","1.00","0.00","0.00","6.00","","0.00","0.00","","0.00","0.00","","","","1.00","0.00","0.00","6.00","","0.00","0.00","","",""
"укладка тротуарной плитки на старое покрытие","2026-05-21 - 2026-08-18","1.00","0.00","0.00","10.00","","0.00","0.00","","0.00","0.00","","","","1.00","0.00","0.00","10.00","","0.00","0.00","","",""
"канализация на участке рыбинск","2026-05-21 - 2026-08-18","1.00","0.00","0.00","5.00","","0.00","0.00","","0.00","0.00","","","","1.00","0.00","0.00","5.00","","0.00","0.00","","",""
"можно ли класть плитку на старую плитку тротуарную","2026-05-21 - 2026-08-18","1.00","0.00","0.00","2.00","","0.00","0.00","","1.00","0.00","0.00","2.00","","0.00","0.00","","","","0.00","0.00","","",""
"где в рыбинске можно заехать на машине на яму","2026-05-21 - 2026-08-18","1.00","0.00","0.00","10.00","","0.00","0.00","","0.00","0.00","","","","1.00","0.00","0.00","10.00","","0.00","0.00","","",""
"заезд через канаву из бетона","2026-05-21 - 2026-08-18","1.00","0.00","0.00","11.00","","0.00","0.00","","0.00","0.00","","","","0.00","0.00","","","","1.00","0.00","0.00","11.00",""
"укладка брусчатки в переславле залесском цена","2026-05-21 - 2026-08-18","1.00","0.00","0.00","10.00","","0.00","0.00","","0.00","0.00","","","","1.00","0.00","0.00","10.00","","0.00","0.00","","",""
"осушение участков ярославль","2026-05-21 - 2026-08-18","1.00","0.00","0.00","3.00","","0.00","0.00","","1.00","0.00","0.00","3.00","","0.00","0.00","","","","0.00","0.00","","",""
"компания эксперты рыбинск","2026-05-21 - 2026-08-18","1.00","0.00","0.00","1.00","","1.00","0.00","0.00","0.00","0.00","","","","0.00","0.00","","","","0.00","0.00","","",""
"полировка участков ландшафтный","2026-05-21 - 2026-08-18","1.00","0.00","0.00","5.00","","0.00","0.00","","0.00","0.00","","","","1.00","0.00","0.00","5.00","","0.00","0.00","","",""
"уложить тротуарную плитку цена работы за квадратный метр ярославль","2026-05-21 - 2026-08-18","1.00","0.00","0.00","11.00","","0.00","0.00","","0.00","0.00","","","","0.00","0.00","","","","1.00","0.00","0.00","11.00",""
"дренаж переславль залесский","2026-05-21 - 2026-08-18","1.00","0.00","0.00","7.00","","0.00","0.00","","0.00","0.00","","","","1.00","0.00","0.00","7.00","","0.00","0.00","","",""
"планировка участка ярославль калькулятор стоимости ekskavatory-arenda-he","2026-05-21 - 2026-08-18","1.00","0.00","0.00","13.00","","0.00","0.00","","0.00","0.00","","","","0.00","0.00","","","","1.00","0.00","0.00","13.00",""
"укладка трубы под заезд на участок под ключ","2026-05-21 - 2026-08-18","1.00","0.00","0.00","9.00","","0.00","0.00","","0.00","0.00","","","","1.00","0.00","0.00","9.00","","0.00","0.00","","",""
"фото пруд мариевка змиевка","2026-05-21 - 2026-08-18","1.00","0.00","0.00","9.00","","0.00","0.00","","0.00","0.00","","","","1.00","0.00","0.00","9.00","","0.00","0.00","","",""
"въезд на участок под ключ и дорога на участке ярославль","2026-05-21 - 2026-08-18","1.00","0.00","0.00","8.00","","0.00","0.00","","0.00","0.00","","","","1.00","0.00","0.00","8.00","","0.00","0.00","","",""
"рыбинск предприятия по ландшафтному дизайну","2026-05-21 - 2026-08-18","1.00","0.00","0.00","11.00","","0.00","0.00","","0.00","0.00","","","","0.00","0.00","","","","1.00","0.00","0.00","11.00",""
"планировка участка ярославль доступные цены миниpogruzchiki ру","2026-05-21 - 2026-08-18","1.00","0.00","0.00","9.00","","0.00","0.00","","0.00","0.00","","","","1.00","0.00","0.00","9.00","","0.00","0.00","","",""
"купить участок в коприно","2026-05-21 - 2026-08-18","1.00","0.00","0.00","38.00","","0.00","0.00","","0.00","0.00","","","","0.00","0.00","","","","1.00","0.00","0.00","38.00",""
"рыбинск стоимость полива огорода","2026-05-21 - 2026-08-18","1.00","0.00","0.00","6.00","","0.00","0.00","","0.00","0.00","","","","1.00","0.00","0.00","6.00","","0.00","0.00","","",""
"расчет стоимости обслуживания территории калькулятор онлайн","2026-05-21 - 2026-08-18","1.00","0.00","0.00","5.00","","0.00","0.00","","0.00","0.00","","","","1.00","0.00","0.00","5.00","","0.00","0.00","","",""
"укладка плитки на сложном рельефе","2026-05-21 - 2026-08-18","1.00","0.00","0.00","5.00","","0.00","0.00","","0.00","0.00","","","","1.00","0.00","0.00","5.00","","0.00","0.00","","",""
"положить плитку тротуарную цена в ярославле за","2026-05-21 - 2026-08-18","1.00","0.00","0.00","13.00","","0.00","0.00","","0.00","0.00","","","","0.00","0.00","","","","1.00","0.00","0.00","13.00",""
"газоны в рыбинске","2026-05-21 - 2026-08-18","1.00","0.00","0.00","11.00","","0.00","0.00","","0.00","0.00","","","","0.00","0.00","","","","1.00","0.00","0.00","11.00",""
"агенство по благоустройству тутаев","2026-05-21 - 2026-08-18","1.00","0.00","0.00","10.00","","0.00","0.00","","0.00","0.00","","","","1.00","0.00","0.00","10.00","","0.00","0.00","","",""
"ярославль благоустройство заброшенных территорий","2026-05-21 - 2026-08-18","1.00","0.00","0.00","32.00","","0.00","0.00","","0.00","0.00","","","","0.00","0.00","","","","1.00","0.00","0.00","32.00",""
"въезд в ярославль трубы","2026-05-21 - 2026-08-18","1.00","0.00","0.00","7.00","","0.00","0.00","","0.00","0.00","","","","1.00","0.00","0.00","7.00","","0.00","0.00","","",""
"можно ли тротуарную плитку класть на старую плитку","2026-05-21 - 2026-08-18","1.00","0.00","0.00","2.00","","0.00","0.00","","1.00","0.00","0.00","2.00","","0.00","0.00","","","","0.00","0.00","","",""
"расценка на дренажные работы","2026-05-21 - 2026-08-18","1.00","0.00","0.00","8.00","","0.00","0.00","","0.00","0.00","","","","1.00","0.00","0.00","8.00","","0.00","0.00","","",""
"расценки на дренажные работы без материалов","2026-05-21 - 2026-08-18","1.00","0.00","0.00","10.00","","0.00","0.00","","0.00","0.00","","","","1.00","0.00","0.00","10.00","","0.00","0.00","","",""
"как сделать въезд на участок рыбинск","2026-05-21 - 2026-08-18","1.00","0.00","0.00","6.00","","0.00","0.00","","0.00","0.00","","","","1.00","0.00","0.00","6.00","","0.00","0.00","","",""
"можно ли положить тротуарную на плитку на плитку","2026-05-21 - 2026-08-18","1.00","0.00","0.00","3.00","","0.00","0.00","","1.00","0.00","0.00","3.00","","0.00","0.00","","","","0.00","0.00","","",""
"какие деревья посадить на участке ярославль","2026-05-21 - 2026-08-18","1.00","0.00","0.00","12.00","","0.00","0.00","","0.00","0.00","","","","0.00","0.00","","","","1.00","0.00","0.00","12.00",""
"устройство дренажа на участке ярославская область цена","2026-05-21 - 2026-08-18","1.00","0.00","0.00","3.00","","0.00","0.00","","1.00","0.00","0.00","3.00","","0.00","0.00","","","","0.00","0.00","","",""
"благоустройство двора рыбинск ярославская область","2026-05-21 - 2026-08-18","1.00","0.00","0.00","7.00","","0.00","0.00","","0.00","0.00","","","","1.00","0.00","0.00","7.00","","0.00","0.00","","",""
"стоимость проект благоустройства расчет калькулятор","2026-05-21 - 2026-08-18","1.00","0.00","0.00","6.00","","0.00","0.00","","0.00","0.00","","","","1.00","0.00","0.00","6.00","","0.00","0.00","","",""
"цена газона рулонного рыбинск","2026-05-21 - 2026-08-18","1.00","0.00","0.00","9.00","","0.00","0.00","","0.00","0.00","","","","1.00","0.00","0.00","9.00","","0.00","0.00","","",""
"цена укладки за квадрат тротуарной плитки в ярославской области","2026-05-21 - 2026-08-18","1.00","1.00","100.00","10.00","10.00","0.00","0.00","","0.00","0.00","","","","1.00","1.00","100.00","10.00","10.00","0.00","0.00","","",""
"работы садовника рыбинск","2026-05-21 - 2026-08-18","1.00","0.00","0.00","5.00","","0.00","0.00","","0.00","0.00","","","","1.00","0.00","0.00","5.00","","0.00","0.00","","",""
"можно положить тротуарную плитку на кафельную","2026-05-21 - 2026-08-18","1.00","0.00","0.00","3.00","","0.00","0.00","","1.00","0.00","0.00","3.00","","0.00","0.00","","","","0.00","0.00","","",""
"подъезд к участку через канаву под ключ","2026-05-21 - 2026-08-18","1.00","0.00","0.00","8.00","","0.00","0.00","","0.00","0.00","","","","1.00","0.00","0.00","8.00","","0.00","0.00","","",""
"цена укладки тротуарной плитки за 1 м2 стоимость ярославль","2026-05-21 - 2026-08-18","1.00","0.00","0.00","5.00","","0.00","0.00","","0.00","0.00","","","","1.00","0.00","0.00","5.00","","0.00","0.00","","",""
"выровнять участок на даче ярославль ярославский minipogruzchiki-ру","2026-05-21 - 2026-08-18","1.00","0.00","0.00","11.00","","0.00","0.00","","0.00","0.00","","","","0.00","0.00","","","","1.00","0.00","0.00","11.00",""
"на грязь после дождя возле дома что сначала ложат чтобы убрать её","2026-05-21 - 2026-08-18","1.00","0.00","0.00","11.00","","0.00","0.00","","0.00","0.00","","","","0.00","0.00","","","","1.00","0.00","0.00","11.00",""
"благоустройство рыбинск сайт","2026-05-21 - 2026-08-18","1.00","0.00","0.00","3.00","","0.00","0.00","","1.00","0.00","0.00","3.00","","0.00","0.00","","","","0.00","0.00","","",""
"стоимость проектирования благоустройства участка онлайн калькулятор бесплатно","2026-05-21 - 2026-08-18","1.00","0.00","0.00","7.00","","0.00","0.00","","0.00","0.00","","","","1.00","0.00","0.00","7.00","","0.00","0.00","","",""
"спил дерева и выкорчевать в рыбинске","2026-05-21 - 2026-08-18","1.00","0.00","0.00","8.00","","0.00","0.00","","0.00","0.00","","","","1.00","0.00","0.00","8.00","","0.00","0.00","","",""
"расценки за дренаж поверхностный за погонный метр в ярославской области","2026-05-21 - 2026-08-18","1.00","0.00","0.00","7.00","","0.00","0.00","","0.00","0.00","","","","1.00","0.00","0.00","7.00","","0.00","0.00","","",""
"фирмы по благоустройству территории","2026-05-21 - 2026-08-18","1.00","0.00","0.00","11.00","","0.00","0.00","","0.00","0.00","","","","0.00","0.00","","","","1.00","0.00","0.00","11.00",""
"key_phrase : ремонт ливневой канализации ростов","2026-05-21 - 2026-08-18","1.00","0.00","0.00","41.00","","0.00","0.00","","0.00","0.00","","","","0.00","0.00","","","","1.00","0.00","0.00","41.00",""
"производитель рулонного газона в ярославской области","2026-05-21 - 2026-08-18","1.00","1.00","100.00","11.00","11.00","0.00","0.00","","0.00","0.00","","","","0.00","0.00","","","","1.00","1.00","100.00","11.00","11.00"
"купить газон рулонный натуральный в рыбинске","2026-05-21 - 2026-08-18","1.00","0.00","0.00","6.00","","0.00","0.00","","0.00","0.00","","","","1.00","0.00","0.00","6.00","","0.00","0.00","","",""
"оформить заездьна участок через канаву","2026-05-21 - 2026-08-18","1.00","0.00","0.00","10.00","","0.00","0.00","","0.00","0.00","","","","1.00","0.00","0.00","10.00","","0.00","0.00","","",""
"рыбинск услуги по благоустройству на даче","2026-05-21 - 2026-08-18","1.00","0.00","0.00","9.00","","0.00","0.00","","0.00","0.00","","","","1.00","0.00","0.00","9.00","","0.00","0.00","","",""
"укладка тротуарной плитки в рыбинске","2026-05-21 - 2026-08-18","1.00","0.00","0.00","5.00","","0.00","0.00","","0.00","0.00","","","","1.00","0.00","0.00","5.00","","0.00","0.00","","",""
"дорога на участке под ключ ярославль","2026-05-21 - 2026-08-18","1.00","0.00","0.00","12.00","","0.00","0.00","","0.00","0.00","","","","0.00","0.00","","","","1.00","0.00","0.00","12.00",""
"под навес машину в брейтово","2026-05-21 - 2026-08-18","1.00","1.00","100.00","4.00","4.00","0.00","0.00","","0.00","0.00","","","","1.00","1.00","100.00","4.00","4.00","0.00","0.00","","",""
"навес под машину в рыбинске","2026-05-21 - 2026-08-18","1.00","0.00","0.00","19.00","","0.00","0.00","","0.00","0.00","","","","0.00","0.00","","","","1.00","0.00","0.00","19.00",""
"спилить дерево в нагорье ярославской области","2026-05-21 - 2026-08-18","1.00","0.00","0.00","12.00","","0.00","0.00","","0.00","0.00","","","","0.00","0.00","","","","1.00","0.00","0.00","12.00",""
"прочистить дренажную канаву переславль","2026-05-21 - 2026-08-18","1.00","0.00","0.00","6.00","","0.00","0.00","","0.00","0.00","","","","1.00","0.00","0.00","6.00","","0.00","0.00","","",""
"рыбинск лечение деревьев","2026-05-21 - 2026-08-18","1.00","0.00","0.00","12.00","","0.00","0.00","","0.00","0.00","","","","0.00","0.00","","","","1.00","0.00","0.00","12.00",""
"навесы для автомобилей рыбинск","2026-05-21 - 2026-08-18","1.00","0.00","0.00","19.00","","0.00","0.00","","0.00","0.00","","","","0.00","0.00","","","","1.00","0.00","0.00","19.00",""
"газонная трава в монолит авито рыбинск","2026-05-21 - 2026-08-18","1.00","0.00","0.00","10.00","","0.00","0.00","","0.00","0.00","","","","1.00","0.00","0.00","10.00","","0.00","0.00","","",""
"эстакады для машины адреса в рыбинске","2026-05-21 - 2026-08-18","1.00","0.00","0.00","21.00","","0.00","0.00","","0.00","0.00","","","","0.00","0.00","","","","1.00","0.00","0.00","21.00",""
"какую киянку лучше использовать при укладке тротуарной плитки кратко и понятно","2026-05-21 - 2026-08-18","1.00","0.00","0.00","8.00","","0.00","0.00","","0.00","0.00","","","","1.00","0.00","0.00","8.00","","0.00","0.00","","",""
"проект заезда на участок в ярославле","2026-05-21 - 2026-08-18","1.00","0.00","0.00","9.00","","0.00","0.00","","0.00","0.00","","","","1.00","0.00","0.00","9.00","","0.00","0.00","","",""
"чистка пруда в снт . рыбинск","2026-05-21 - 2026-08-18","1.00","0.00","0.00","9.00","","0.00","0.00","","0.00","0.00","","","","1.00","0.00","0.00","9.00","","0.00","0.00","","",""
"можно ли на кладбище на старую тротуарную плитку положить новую","2026-05-21 - 2026-08-18","1.00","0.00","0.00","3.00","","0.00","0.00","","1.00","0.00","0.00","3.00","","0.00","0.00","","","","0.00","0.00","","",""
"положить тротуарную плитку на тротуарную плитку","2026-05-21 - 2026-08-18","1.00","0.00","0.00","1.00","","1.00","0.00","0.00","0.00","0.00","","","","0.00","0.00","","","","0.00","0.00","","",""
"в для автомобилей рыбинскt навесs","2026-05-21 - 2026-08-18","1.00","0.00","0.00","5.00","","0.00","0.00","","0.00","0.00","","","","1.00","0.00","0.00","5.00","","0.00","0.00","","",""
"снос","2026-05-21 - 2026-08-18","1.00","0.00","0.00","50.00","","0.00","0.00","","0.00","0.00","","","","0.00","0.00","","","","1.00","0.00","0.00","50.00",""
"искусственный водопад ярославль.","2026-05-21 - 2026-08-18","1.00","0.00","0.00","10.00","","0.00","0.00","","0.00","0.00","","","","1.00","0.00","0.00","10.00","","0.00","0.00","","",""
"система водоотведения дождевой воды ярославль под ключ","2026-05-21 - 2026-08-18","1.00","0.00","0.00","2.00","","0.00","0.00","","1.00","0.00","0.00","2.00","","0.00","0.00","","","","0.00","0.00","","",""
"благоустройство земельных участков ярославская область","2026-05-21 - 2026-08-18","1.00","0.00","0.00","5.00","","0.00","0.00","","0.00","0.00","","","","1.00","0.00","0.00","5.00","","0.00","0.00","","",""
"дягтерицы","2026-05-21 - 2026-08-18","1.00","0.00","0.00","4.00","","0.00","0.00","","0.00","0.00","","","","1.00","0.00","0.00","4.00","","0.00","0.00","","",""
"можно. тротуарную. плитку. делать. со старой","2026-05-21 - 2026-08-18","1.00","0.00","0.00","3.00","","0.00","0.00","","1.00","0.00","0.00","3.00","","0.00","0.00","","","","0.00","0.00","","",""
"можно ли класть новую плитку на старую на улице","2026-05-21 - 2026-08-18","1.00","0.00","0.00","5.00","","0.00","0.00","","0.00","0.00","","","","1.00","0.00","0.00","5.00","","0.00","0.00","","",""
"какую плитку положить поверх старой во дворе","2026-05-21 - 2026-08-18","1.00","0.00","0.00","9.00","","0.00","0.00","","0.00","0.00","","","","1.00","0.00","0.00","9.00","","0.00","0.00","","",""
"металлические трубы элеватор при въезде в рыбинск","2026-05-21 - 2026-08-18","1.00","0.00","0.00","5.00","","0.00","0.00","","0.00","0.00","","","","1.00","0.00","0.00","5.00","","0.00","0.00","","",""
"для дренажа 6 соток сколько нужно","2026-05-21 - 2026-08-18","1.00","0.00","0.00","12.00","","0.00","0.00","","0.00","0.00","","","","0.00","0.00","","","","1.00","0.00","0.00","12.00",""
"profproektu76","2026-05-21 - 2026-08-18","1.00","0.00","0.00","6.00","","0.00","0.00","","0.00","0.00","","","","1.00","0.00","0.00","6.00","","0.00","0.00","","",""
"почему стоит вода после дождя на декинге","2026-05-21 - 2026-08-18","1.00","0.00","0.00","11.00","","0.00","0.00","","0.00","0.00","","","","0.00","0.00","","","","1.00","0.00","0.00","11.00",""
"благоустройство участка ярославская область","2026-05-21 - 2026-08-18","1.00","1.00","100.00","5.00","5.00","0.00","0.00","","0.00","0.00","","","","1.00","1.00","100.00","5.00","5.00","0.00","0.00","","",""
"ландшафтное проектирование","2026-05-21 - 2026-08-18","1.00","0.00","0.00","8.00","","0.00","0.00","","0.00","0.00","","","","1.00","0.00","0.00","8.00","","0.00","0.00","","",""
"рыбинск дренажка","2026-05-21 - 2026-08-18","1.00","0.00","0.00","4.00","","0.00","0.00","","0.00","0.00","","","","1.00","0.00","0.00","4.00","","0.00","0.00","","",""
"организация въезда на участок через канаву под ключ","2026-05-21 - 2026-08-18","1.00","0.00","0.00","10.00","","0.00","0.00","","0.00","0.00","","","","1.00","0.00","0.00","10.00","","0.00","0.00","","",""
"эксперты рыбинск ландшафтный","2026-05-21 - 2026-08-18","1.00","2.00","200.00","1.00","1.00","1.00","2.00","200.00","0.00","0.00","","","","0.00","0.00","","","","0.00","0.00","","",""
"составить план дорожек и въезда на участок заказать в ярославле","2026-05-21 - 2026-08-18","1.00","0.00","0.00","13.00","","0.00","0.00","","0.00","0.00","","","","0.00","0.00","","","","1.00","0.00","0.00","13.00",""
"рыбинск газоны","2026-05-21 - 2026-08-18","1.00","0.00","0.00","11.00","","0.00","0.00","","0.00","0.00","","","","0.00","0.00","","","","1.00","0.00","0.00","11.00",""
"дренаж участка с высоким уровнем грунтовых вод цена за метр","2026-05-21 - 2026-08-18","1.00","0.00","0.00","6.00","","0.00","0.00","","0.00","0.00","","","","1.00","0.00","0.00","6.00","","0.00","0.00","","",""
"дренаж участка под ключ ярославль цена","2026-05-21 - 2026-08-18","1.00","0.00","0.00","8.00","","0.00","0.00","","0.00","0.00","","","","1.00","0.00","0.00","8.00","","0.00","0.00","","",""
"участок осенью после дождя одна грязь","2026-05-21 - 2026-08-18","1.00","0.00","0.00","5.00","","0.00","0.00","","0.00","0.00","","","","1.00","0.00","0.00","5.00","","0.00","0.00","","",""
"тутаев ливневая канализация","2026-05-21 - 2026-08-18","1.00","0.00","0.00","2.00","","0.00","0.00","","1.00","0.00","0.00","2.00","","0.00","0.00","","","","0.00","0.00","","",""
"труба на въезд в рыбинске на 400","2026-05-21 - 2026-08-18","1.00","0.00","0.00","12.00","","0.00","0.00","","0.00","0.00","","","","0.00","0.00","","","","1.00","0.00","0.00","12.00",""
"гу ландшафтного проектирования","2026-05-21 - 2026-08-18","1.00","0.00","0.00","1.00","","1.00","0.00","0.00","0.00","0.00","","","","0.00","0.00","","","","0.00","0.00","","",""
"выровнять участок на даче ярославль под ярославлем техноники ру","2026-05-21 - 2026-08-18","1.00","0.00","0.00","7.00","","0.00","0.00","","0.00","0.00","","","","1.00","0.00","0.00","7.00","","0.00","0.00","","",""
"услуги посадки кустов","2026-05-21 - 2026-08-18","1.00","0.00","0.00","7.00","","0.00","0.00","","0.00","0.00","","","","1.00","0.00","0.00","7.00","","0.00","0.00","","",""
"корчевание деревьев ярославль составление сметы миниpogruzchiki-ru","2026-05-21 - 2026-08-18","1.00","0.00","0.00","14.00","","0.00","0.00","","0.00","0.00","","","","0.00","0.00","","","","1.00","0.00","0.00","14.00",""
"выкорчевка деревьев на участке ярославль и область в областном центре ekskavatory-аренда-ru","2026-05-21 - 2026-08-18","1.00","0.00","0.00","13.00","","0.00","0.00","","0.00","0.00","","","","0.00","0.00","","","","1.00","0.00","0.00","13.00",""
"выравнивание участка ярославль оформление заказа техноники-ру","2026-05-21 - 2026-08-18","1.00","0.00","0.00","13.00","","0.00","0.00","","0.00","0.00","","","","0.00","0.00","","","","1.00","0.00","0.00","13.00",""
"когда появляется грязь и слякоть весной или осенью","2026-05-21 - 2026-08-18","1.00","0.00","0.00","6.00","","0.00","0.00","","0.00","0.00","","","","1.00","0.00","0.00","6.00","","0.00","0.00","","",""
"дренаж на участке 10 соток если уже стоит дом","2026-05-21 - 2026-08-18","1.00","0.00","0.00","12.00","","0.00","0.00","","0.00","0.00","","","","0.00","0.00","","","","1.00","0.00","0.00","12.00",""
"можно ли класть брусчатку на старую плитку на тонкий слой гарцовки и все","2026-05-21 - 2026-08-18","1.00","0.00","0.00","4.00","","0.00","0.00","","0.00","0.00","","","","1.00","0.00","0.00","4.00","","0.00","0.00","","",""
"уложить тротуарную плитку в переславле залесском","2026-05-21 - 2026-08-18","1.00","0.00","0.00","6.00","","0.00","0.00","","0.00","0.00","","","","1.00","0.00","0.00","6.00","","0.00","0.00","","",""
"рассчитать смету благоустройства онлайн","2026-05-21 - 2026-08-18","1.00","0.00","0.00","9.00","","0.00","0.00","","0.00","0.00","","","","1.00","0.00","0.00","9.00","","0.00","0.00","","",""
"поднятие участка ярославль","2026-05-21 - 2026-08-18","1.00","0.00","0.00","31.00","","0.00","0.00","","0.00","0.00","","","","0.00","0.00","","","","1.00","0.00","0.00","31.00",""
"посчитать цену тротуарной дорожки","2026-05-21 - 2026-08-18","1.00","0.00","0.00","11.00","","0.00","0.00","","0.00","0.00","","","","0.00","0.00","","","","1.00","0.00","0.00","11.00",""
"заезд на участок через канаву цена","2026-05-21 - 2026-08-18","1.00","0.00","0.00","8.00","","0.00","0.00","","0.00","0.00","","","","1.00","0.00","0.00","8.00","","0.00","0.00","","",""
"снос зданий","2026-05-21 - 2026-08-18","1.00","0.00","0.00","22.00","","0.00","0.00","","0.00","0.00","","","","0.00","0.00","","","","1.00","0.00","0.00","22.00",""
"рассчитать стоимость покрытия двора онлайн калькулятор","2026-05-21 - 2026-08-18","1.00","0.00","0.00","6.00","","0.00","0.00","","0.00","0.00","","","","1.00","0.00","0.00","6.00","","0.00","0.00","","",""
"положить брусчатку найти мастера в ярославле","2026-05-21 - 2026-08-18","1.00","0.00","0.00","10.00","","0.00","0.00","","0.00","0.00","","","","1.00","0.00","0.00","10.00","","0.00","0.00","","",""
"какую киянку использовать при укладке брусчатки","2026-05-21 - 2026-08-18","1.00","0.00","0.00","10.00","","0.00","0.00","","0.00","0.00","","","","1.00","0.00","0.00","10.00","","0.00","0.00","","",""
"рыбинск пушкина 39","2026-05-21 - 2026-08-18","1.00","0.00","0.00","14.00","","0.00","0.00","","0.00","0.00","","","","0.00","0.00","","","","1.00","0.00","0.00","14.00",""
"отмостка под ключ рыбинск","2026-05-21 - 2026-08-18","1.00","1.00","100.00","2.00","2.00","0.00","0.00","","1.00","1.00","100.00","2.00","2.00","0.00","0.00","","","","0.00","0.00","","",""
"какая отмостка подойдет для кирпичного дома в ярославле","2026-05-21 - 2026-08-18","1.00","0.00","0.00","4.00","","0.00","0.00","","0.00","0.00","","","","1.00","0.00","0.00","4.00","","0.00","0.00","","",""
"схема дренажа участка 10 соток с домом","2026-05-21 - 2026-08-18","1.00","0.00","0.00","10.00","","0.00","0.00","","0.00","0.00","","","","1.00","0.00","0.00","10.00","","0.00","0.00","","",""
"мягкая отмостка ярославль","2026-05-21 - 2026-08-18","1.00","0.00","0.00","9.00","","0.00","0.00","","0.00","0.00","","","","1.00","0.00","0.00","9.00","","0.00","0.00","","",""
"выровнять участок на даче ярославль тарифы техно niki","2026-05-21 - 2026-08-18","1.00","0.00","0.00","9.00","","0.00","0.00","","0.00","0.00","","","","1.00","0.00","0.00","9.00","","0.00","0.00","","",""
"можно ли старую напольную плитку положить на улице","2026-05-21 - 2026-08-18","1.00","0.00","0.00","6.00","","0.00","0.00","","0.00","0.00","","","","1.00","0.00","0.00","6.00","","0.00","0.00","","",""
"цены на заболоченный участок в ярославле","2026-05-21 - 2026-08-18","1.00","1.00","100.00","4.00","4.00","0.00","0.00","","0.00","0.00","","","","1.00","1.00","100.00","4.00","4.00","0.00","0.00","","",""
"плитка тротуарная укладка цена в ярославле","2026-05-21 - 2026-08-18","1.00","0.00","0.00","13.00","","0.00","0.00","","0.00","0.00","","","","0.00","0.00","","","","1.00","0.00","0.00","13.00",""
"мастер садоводства ярославской области","2026-05-21 - 2026-08-18","1.00","0.00","0.00","11.00","","0.00","0.00","","0.00","0.00","","","","0.00","0.00","","","","1.00","0.00","0.00","11.00",""
"сколько стоит сделать вокруг дома отвод воды","2026-05-21 - 2026-08-18","1.00","0.00","0.00","8.00","","0.00","0.00","","0.00","0.00","","","","1.00","0.00","0.00","8.00","","0.00","0.00","","",""
"дренаж в переславле","2026-05-21 - 2026-08-18","1.00","0.00","0.00","5.00","","0.00","0.00","","0.00","0.00","","","","1.00","0.00","0.00","5.00","","0.00","0.00","","",""
"можно ли тротуарную плитку класть на тротуарную плитку","2026-05-21 - 2026-08-18","1.00","1.00","100.00","3.00","3.00","0.00","0.00","","1.00","1.00","100.00","3.00","3.00","0.00","0.00","","","","0.00","0.00","","",""
"стоимость проектирования благоустройства участка онлайн","2026-05-21 - 2026-08-18","1.00","0.00","0.00","5.00","","0.00","0.00","","0.00","0.00","","","","1.00","0.00","0.00","5.00","","0.00","0.00","","",""
"укладка новой тротуарной плитки на старую можно, или лучше не надо?","2026-05-21 - 2026-08-18","1.00","0.00","0.00","2.00","","0.00","0.00","","1.00","0.00","0.00","2.00","","0.00","0.00","","","","0.00","0.00","","",""
"составить смету на благоустройство земельного участка онлайн","2026-05-21 - 2026-08-18","1.00","0.00","0.00","14.00","","0.00","0.00","","0.00","0.00","","","","0.00","0.00","","","","1.00","0.00","0.00","14.00",""
"вытащить трубу из канавы частный дом рыбинск","2026-05-21 - 2026-08-18","1.00","0.00","0.00","10.00","","0.00","0.00","","0.00","0.00","","","","1.00","0.00","0.00","10.00","","0.00","0.00","","",""
"сколько стоит сделать отмостку в ярославле","2026-05-21 - 2026-08-18","1.00","0.00","0.00","6.00","","0.00","0.00","","0.00","0.00","","","","1.00","0.00","0.00","6.00","","0.00","0.00","","",""
"укладка тротуарной плитки переславль залесский","2026-05-21 - 2026-08-18","1.00","1.00","100.00","6.00","6.00","0.00","0.00","","0.00","0.00","","","","1.00","1.00","100.00","6.00","6.00","0.00","0.00","","",""
"калькулятор дренажных работ и отмостки для частного дома иваново","2026-05-21 - 2026-08-18","1.00","1.00","100.00","11.00","11.00","0.00","0.00","","0.00","0.00","","","","0.00","0.00","","","","1.00","1.00","100.00","11.00","11.00"
"услуги посева газона рыбинск","2026-05-21 - 2026-08-18","1.00","0.00","0.00","6.00","","0.00","0.00","","0.00","0.00","","","","1.00","0.00","0.00","6.00","","0.00","0.00","","",""
"что положить на старую плитку в огороде","2026-05-21 - 2026-08-18","1.00","0.00","0.00","6.00","","0.00","0.00","","0.00","0.00","","","","1.00","0.00","0.00","6.00","","0.00","0.00","","",""
"корчевание пней ярославская обл","2026-05-21 - 2026-08-18","1.00","0.00","0.00","13.00","","0.00","0.00","","0.00","0.00","","","","0.00","0.00","","","","1.00","0.00","0.00","13.00",""
"найти плиту через канаву, установить,для проезда телег и велосипедов.в рыбинске.","2026-05-21 - 2026-08-18","1.00","1.00","100.00","2.00","2.00","0.00","0.00","","1.00","1.00","100.00","2.00","2.00","0.00","0.00","","","","0.00","0.00","","",""
"изготовление навесов для автомобилей авито тутаев","2026-05-21 - 2026-08-18","1.00","0.00","0.00","9.00","","0.00","0.00","","0.00","0.00","","","","1.00","0.00","0.00","9.00","","0.00","0.00","","",""
"уложить плитку с демонтажем старой на участке","2026-05-21 - 2026-08-18","1.00","0.00","0.00","10.00","","0.00","0.00","","0.00","0.00","","","","1.00","0.00","0.00","10.00","","0.00","0.00","","",""
"строительство и благоустройство земель рыбинск","2026-05-21 - 2026-08-18","1.00","0.00","0.00","4.00","","0.00","0.00","","0.00","0.00","","","","1.00","0.00","0.00","4.00","","0.00","0.00","","",""
"если не хватило тротуарной плитки как закончить с другой","2026-05-21 - 2026-08-18","1.00","0.00","0.00","6.00","","0.00","0.00","","0.00","0.00","","","","1.00","0.00","0.00","6.00","","0.00","0.00","","",""
"кустарниковые водохлебы","2026-05-21 - 2026-08-18","1.00","0.00","0.00","11.00","","0.00","0.00","","0.00","0.00","","","","0.00","0.00","","","","1.00","0.00","0.00","11.00",""
"заезд на участок через канаву под ключ тутаев","2026-05-21 - 2026-08-18","1.00","4.00","400.00","7.00","7.00","0.00","0.00","","0.00","0.00","","","","1.00","4.00","400.00","7.00","7.00","0.00","0.00","","",""
"смета на замену дренажных колодцев","2026-05-21 - 2026-08-18","1.00","0.00","0.00","13.00","","0.00","0.00","","0.00","0.00","","","","0.00","0.00","","","","1.00","0.00","0.00","13.00",""
"монтаж тротуарной плитки nova-st.ru","2026-05-21 - 2026-08-18","1.00","0.00","0.00","12.00","","0.00","0.00","","0.00","0.00","","","","0.00","0.00","","","","1.00","0.00","0.00","12.00",""
"как сделать заявку на спил деревьев в рыбинском районе поселение глебовское","2026-05-21 - 2026-08-18","1.00","0.00","0.00","9.00","","0.00","0.00","","0.00","0.00","","","","1.00","0.00","0.00","9.00","","0.00","0.00","","",""
"стрижка растений рыбинск","2026-05-21 - 2026-08-18","1.00","0.00","0.00","8.00","","0.00","0.00","","0.00","0.00","","","","1.00","0.00","0.00","8.00","","0.00","0.00","","",""
"укладка брусчатки в городе переславль","2026-05-21 - 2026-08-18","1.00","0.00","0.00","10.00","","0.00","0.00","","0.00","0.00","","","","1.00","0.00","0.00","10.00","","0.00","0.00","","",""
"системы автополива под ключ ярославль","2026-05-21 - 2026-08-18","1.00","0.00","0.00","6.00","","0.00","0.00","","0.00","0.00","","","","1.00","0.00","0.00","6.00","","0.00","0.00","","",""
"благоустройство ярославль на ыарстик76 ру","2026-05-21 - 2026-08-18","1.00","0.00","0.00","7.00","","0.00","0.00","","0.00","0.00","","","","1.00","0.00","0.00","7.00","","0.00","0.00","","",""
"эксперт песок карьерный рыбинск","2026-05-21 - 2026-08-18","1.00","0.00","0.00","2.00","","0.00","0.00","","1.00","0.00","0.00","2.00","","0.00","0.00","","","","0.00","0.00","","",""
"сделать отмостку в городе ярославль","2026-05-21 - 2026-08-18","1.00","0.00","0.00","21.00","","0.00","0.00","","0.00","0.00","","","","0.00","0.00","","","","1.00","0.00","0.00","21.00",""
"грузоперевозки капельный полив углич","2026-05-21 - 2026-08-18","1.00","2.00","200.00","4.00","4.00","0.00","0.00","","0.00","0.00","","","","1.00","2.00","200.00","4.00","4.00","0.00","0.00","","",""
"стоимость работы укладка тротуарной плитки сейчас на рынке","2026-05-21 - 2026-08-18","1.00","0.00","0.00","4.00","","0.00","0.00","","0.00","0.00","","","","1.00","0.00","0.00","4.00","","0.00","0.00","","",""
"рыбинск подготовить участок к сносу","2026-05-21 - 2026-08-18","1.00","0.00","0.00","11.00","","0.00","0.00","","0.00","0.00","","","","0.00","0.00","","","","1.00","0.00","0.00","11.00",""
"газон в рыбинске","2026-05-21 - 2026-08-18","1.00","0.00","0.00","7.00","","0.00","0.00","","0.00","0.00","","","","1.00","0.00","0.00","7.00","","0.00","0.00","","",""
"можно ли тротуарную плитку ложить на старую плитку","2026-05-21 - 2026-08-18","1.00","0.00","0.00","2.00","","0.00","0.00","","1.00","0.00","0.00","2.00","","0.00","0.00","","","","0.00","0.00","","",""
"заливка отмостки в ярославле","2026-05-21 - 2026-08-18","1.00","0.00","0.00","12.00","","0.00","0.00","","0.00","0.00","","","","0.00","0.00","","","","1.00","0.00","0.00","12.00",""
"печка под ключ","2026-05-21 - 2026-08-18","1.00","0.00","0.00","9.00","","0.00","0.00","","0.00","0.00","","","","1.00","0.00","0.00","9.00","","0.00","0.00","","",""
"рыбинск центр уложат плиткой","2026-05-21 - 2026-08-18","1.00","0.00","0.00","10.00","","0.00","0.00","","0.00","0.00","","","","1.00","0.00","0.00","10.00","","0.00","0.00","","",""
"выровнять участок на даче ярославль с промокодом tehno niki ру","2026-05-21 - 2026-08-18","1.00","0.00","0.00","5.00","","0.00","0.00","","0.00","0.00","","","","1.00","0.00","0.00","5.00","","0.00","0.00","","",""
"залитие бетона на старую тротуарную плитку","2026-05-21 - 2026-08-18","1.00","0.00","0.00","3.00","","0.00","0.00","","1.00","0.00","0.00","3.00","","0.00","0.00","","","","0.00","0.00","","",""
"смета на автополив","2026-05-21 - 2026-08-18","1.00","0.00","0.00","7.00","","0.00","0.00","","0.00","0.00","","","","1.00","0.00","0.00","7.00","","0.00","0.00","","",""
"ярославль тротуаргая плитка уложить","2026-05-21 - 2026-08-18","1.00","0.00","0.00","10.00","","0.00","0.00","","0.00","0.00","","","","1.00","0.00","0.00","10.00","","0.00","0.00","","",""
"садовники город рыбинск","2026-05-21 - 2026-08-18","1.00","0.00","0.00","8.00","","0.00","0.00","","0.00","0.00","","","","1.00","0.00","0.00","8.00","","0.00","0.00","","",""
"корчевание пней выравнивание участка заозерье ярославская область","2026-05-21 - 2026-08-18","1.00","0.00","0.00","10.00","","0.00","0.00","","0.00","0.00","","","","1.00","0.00","0.00","10.00","","0.00","0.00","","",""
"расчет стоимости содержания дворовой территории калькулятор онлайн","2026-05-21 - 2026-08-18","1.00","0.00","0.00","19.00","","0.00","0.00","","0.00","0.00","","","","0.00","0.00","","","","1.00","0.00","0.00","19.00",""
"навесы для машины из поликарбоната фото и цены в рыбинске","2026-05-21 - 2026-08-18","1.00","0.00","0.00","34.00","","0.00","0.00","","0.00","0.00","","","","0.00","0.00","","","","1.00","0.00","0.00","34.00",""
"укладка новой тротуарной плитки на старую","2026-05-21 - 2026-08-18","1.00","0.00","0.00","2.00","","0.00","0.00","","1.00","0.00","0.00","2.00","","0.00","0.00","","","","0.00","0.00","","",""
"не хватило плитки тротуарной добавить другую красиво","2026-05-21 - 2026-08-18","1.00","0.00","0.00","4.00","","0.00","0.00","","0.00","0.00","","","","1.00","0.00","0.00","4.00","","0.00","0.00","","",""
"выравнивание участка ярославль лояльная стоимость ник ооо техно","2026-05-21 - 2026-08-18","1.00","0.00","0.00","6.00","","0.00","0.00","","0.00","0.00","","","","1.00","0.00","0.00","6.00","","0.00","0.00","","",""
"ярославская область сделать въезд на участке сколько стоит","2026-05-21 - 2026-08-18","1.00","0.00","0.00","12.00","","0.00","0.00","","0.00","0.00","","","","0.00","0.00","","","","1.00","0.00","0.00","12.00",""
"дренаж на участке под ключ атлант","2026-05-21 - 2026-08-18","1.00","1.00","100.00","16.00","16.00","0.00","0.00","","0.00","0.00","","","","0.00","0.00","","","","1.00","1.00","100.00","16.00","16.00"
"когда лучше делать дренаж на участке ярославль","2026-05-21 - 2026-08-18","1.00","0.00","0.00","1.00","","1.00","0.00","0.00","0.00","0.00","","","","0.00","0.00","","","","0.00","0.00","","",""
"сделать съезд на участок ярославль","2026-05-21 - 2026-08-18","1.00","0.00","0.00","12.00","","0.00","0.00","","0.00","0.00","","","","0.00","0.00","","","","1.00","0.00","0.00","12.00",""
"центр благоустройства hs,bycr","2026-05-21 - 2026-08-18","1.00","0.00","0.00","11.00","","0.00","0.00","","0.00","0.00","","","","0.00","0.00","","","","1.00","0.00","0.00","11.00",""
"отмостка для дома в ярославле","2026-05-21 - 2026-08-18","1.00","0.00","0.00","3.00","","0.00","0.00","","1.00","0.00","0.00","3.00","","0.00","0.00","","","","0.00","0.00","","",""
"можно ли класть плитку тротуарную поверх плитки","2026-05-21 - 2026-08-18","1.00","0.00","0.00","3.00","","0.00","0.00","","1.00","0.00","0.00","3.00","","0.00","0.00","","","","0.00","0.00","","",""
"спил корчевание деревьев","2026-05-21 - 2026-08-18","1.00","0.00","0.00","10.00","","0.00","0.00","","0.00","0.00","","","","1.00","0.00","0.00","10.00","","0.00","0.00","","",""
"выложить плиткой на даче дорожку в рыбинске","2026-05-21 - 2026-08-18","1.00","0.00","0.00","9.00","","0.00","0.00","","0.00","0.00","","","","1.00","0.00","0.00","9.00","","0.00","0.00","","",""
"садовник рыбинск нанять","2026-05-21 - 2026-08-18","1.00","0.00","0.00","10.00","","0.00","0.00","","0.00","0.00","","","","1.00","0.00","0.00","10.00","","0.00","0.00","","",""
"территория для благоустройства рыбинск","2026-05-21 - 2026-08-18","1.00","0.00","0.00","17.00","","0.00","0.00","","0.00","0.00","","","","0.00","0.00","","","","1.00","0.00","0.00","17.00",""
"ярославская область полив растений","2026-05-21 - 2026-08-18","1.00","0.00","0.00","2.00","","0.00","0.00","","1.00","0.00","0.00","2.00","","0.00","0.00","","","","0.00","0.00","","",""
"парковка на участок под ключ ярославль","2026-05-21 - 2026-08-18","1.00","0.00","0.00","11.00","","0.00","0.00","","0.00","0.00","","","","0.00","0.00","","","","1.00","0.00","0.00","11.00",""
"цены на работу по благоустройству","2026-05-21 - 2026-08-18","1.00","1.00","100.00","5.00","5.00","0.00","0.00","","0.00","0.00","","","","1.00","1.00","100.00","5.00","5.00","0.00","0.00","","",""
"какая нужна киянка для плитки","2026-05-21 - 2026-08-18","1.00","0.00","0.00","12.00","","0.00","0.00","","0.00","0.00","","","","0.00","0.00","","","","1.00","0.00","0.00","12.00",""
"труба через канаву на въезд на участок в леруа мерлен в ярославле цена за метр","2026-05-21 - 2026-08-18","1.00","0.00","0.00","13.00","","0.00","0.00","","0.00","0.00","","","","0.00","0.00","","","","1.00","0.00","0.00","13.00",""
"корчевание деревьев ярославль расчет стоимости миниpogruzchiki ru","2026-05-21 - 2026-08-18","1.00","0.00","0.00","11.00","","0.00","0.00","","0.00","0.00","","","","0.00","0.00","","","","1.00","0.00","0.00","11.00",""
"ремонт ливневки ярославль","2026-05-21 - 2026-08-18","1.00","0.00","0.00","4.00","","0.00","0.00","","0.00","0.00","","","","1.00","0.00","0.00","4.00","","0.00","0.00","","",""
"какую киянку взять чтобы укладывать плитку","2026-05-21 - 2026-08-18","1.00","0.00","0.00","9.00","","0.00","0.00","","0.00","0.00","","","","1.00","0.00","0.00","9.00","","0.00","0.00","","",""
"углич обустройство газона","2026-05-21 - 2026-08-18","1.00","0.00","0.00","10.00","","0.00","0.00","","0.00","0.00","","","","1.00","0.00","0.00","10.00","","0.00","0.00","","",""
"можно.ли.на.улице.на.старую.плитку.положить.новую.","2026-05-21 - 2026-08-18","1.00","0.00","0.00","8.00","","0.00","0.00","","0.00","0.00","","","","1.00","0.00","0.00","8.00","","0.00","0.00","","",""
"стоимость укладки тротуарной плитки с разборкой и планировкой","2026-05-21 - 2026-08-18","1.00","0.00","0.00","10.00","","0.00","0.00","","0.00","0.00","","","","1.00","0.00","0.00","10.00","","0.00","0.00","","",""
"тротуарная плитка можно ли укладывать поверх старой","2026-05-21 - 2026-08-18","1.00","0.00","0.00","2.00","","0.00","0.00","","1.00","0.00","0.00","2.00","","0.00","0.00","","","","0.00","0.00","","",""
"сделать дренаж у дома в рыбинске","2026-05-21 - 2026-08-18","1.00","0.00","0.00","10.00","","0.00","0.00","","0.00","0.00","","","","1.00","0.00","0.00","10.00","","0.00","0.00","","",""
"смета на дренажные работы","2026-05-21 - 2026-08-18","1.00","0.00","0.00","10.00","","0.00","0.00","","0.00","0.00","","","","1.00","0.00","0.00","10.00","","0.00","0.00","","",""
"инженерные решения в частном доме рыбинск","2026-05-21 - 2026-08-18","1.00","1.00","100.00","22.00","22.00","0.00","0.00","","0.00","0.00","","","","0.00","0.00","","","","1.00","1.00","100.00","22.00","22.00"
"благоустройство озеленение","2026-05-21 - 2026-08-18","1.00","0.00","0.00","9.00","","0.00","0.00","","0.00","0.00","","","","1.00","0.00","0.00","9.00","","0.00","0.00","","",""
"можно ли класть тротуарную плитку на старую плитку или надо убирать старую плитку","2026-05-21 - 2026-08-18","1.00","0.00","0.00","2.00","","0.00","0.00","","1.00","0.00","0.00","2.00","","0.00","0.00","","","","0.00","0.00","","",""
"печи и камины рыбинск","2026-05-21 - 2026-08-18","1.00","0.00","0.00","36.00","","0.00","0.00","","0.00","0.00","","","","0.00","0.00","","","","1.00","0.00","0.00","36.00",""
"укладка тротуарной плитки в угличе ярославской области","2026-05-21 - 2026-08-18","1.00","0.00","0.00","9.00","","0.00","0.00","","0.00","0.00","","","","1.00","0.00","0.00","9.00","","0.00","0.00","","",""
"сколько стоит осушить участок","2026-05-21 - 2026-08-18","1.00","0.00","0.00","10.00","","0.00","0.00","","0.00","0.00","","","","1.00","0.00","0.00","10.00","","0.00","0.00","","",""
"переславль. дачные дорожки сделать","2026-05-21 - 2026-08-18","1.00","0.00","0.00","9.00","","0.00","0.00","","0.00","0.00","","","","1.00","0.00","0.00","9.00","","0.00","0.00","","",""
"изготовление террас из металла рыбинск","2026-05-21 - 2026-08-18","1.00","0.00","0.00","10.00","","0.00","0.00","","0.00","0.00","","","","1.00","0.00","0.00","10.00","","0.00","0.00","","",""
"можно ли класть плитку на старую пометку","2026-05-21 - 2026-08-18","1.00","0.00","0.00","4.00","","0.00","0.00","","0.00","0.00","","","","1.00","0.00","0.00","4.00","","0.00","0.00","","",""
"эксперты рыбинск","2026-05-21 - 2026-08-18","1.00","1.00","100.00","3.00","3.00","0.00","0.00","","1.00","1.00","100.00","3.00","3.00","0.00","0.00","","","","0.00","0.00","","",""
"сколько стоит дренаж участка 10 соток под ключ","2026-05-21 - 2026-08-18","1.00","0.00","0.00","5.00","","0.00","0.00","","0.00","0.00","","","","1.00","0.00","0.00","5.00","","0.00","0.00","","",""
"сколько стоит разобрать двор у деревенского дома рыбинский район","2026-05-21 - 2026-08-18","1.00","0.00","0.00","10.00","","0.00","0.00","","0.00","0.00","","","","1.00","0.00","0.00","10.00","","0.00","0.00","","",""
"можно ли старую тротуарную плитку использовать","2026-05-21 - 2026-08-18","1.00","0.00","0.00","5.00","","0.00","0.00","","0.00","0.00","","","","1.00","0.00","0.00","5.00","","0.00","0.00","","",""
"ландшафтно-строительная компания ""эксперты"" отзывы","2026-05-21 - 2026-08-18","1.00","0.00","0.00","3.00","","0.00","0.00","","1.00","0.00","0.00","3.00","","0.00","0.00","","","","0.00","0.00","","",""
"планировка участка рыбинск стоимость","2026-05-21 - 2026-08-18","1.00","0.00","0.00","7.00","","0.00","0.00","","0.00","0.00","","","","1.00","0.00","0.00","7.00","","0.00","0.00","","",""
"подсветка деревьев в мышкине","2026-05-21 - 2026-08-18","1.00","0.00","0.00","6.00","","0.00","0.00","","0.00","0.00","","","","1.00","0.00","0.00","6.00","","0.00","0.00","","",""
"ано благоустройство ярославль","2026-05-21 - 2026-08-18","1.00","0.00","0.00","8.00","","0.00","0.00","","0.00","0.00","","","","1.00","0.00","0.00","8.00","","0.00","0.00","","",""
"где у мышкины газоны","2026-05-21 - 2026-08-18","1.00","0.00","0.00","6.00","","0.00","0.00","","0.00","0.00","","","","1.00","0.00","0.00","6.00","","0.00","0.00","","",""
"брусчатка поверх плитки","2026-05-21 - 2026-08-18","1.00","0.00","0.00","3.00","","0.00","0.00","","1.00","0.00","0.00","3.00","","0.00","0.00","","","","0.00","0.00","","",""
"снимаем старую брусчатку, и ложим новую","2026-05-21 - 2026-08-18","1.00","0.00","0.00","11.00","","0.00","0.00","","0.00","0.00","","","","0.00","0.00","","","","1.00","0.00","0.00","11.00",""
"обустройство клумбы под ключ рыбинск","2026-05-21 - 2026-08-18","1.00","0.00","0.00","14.00","","0.00","0.00","","0.00","0.00","","","","0.00","0.00","","","","1.00","0.00","0.00","14.00",""
"обустройство участков в переславле","2026-05-21 - 2026-08-18","1.00","0.00","0.00","14.00","","0.00","0.00","","0.00","0.00","","","","0.00","0.00","","","","1.00","0.00","0.00","14.00",""
"спилить дерево на участке цена в ярославской области в нагорье","2026-05-21 - 2026-08-18","1.00","0.00","0.00","11.00","","0.00","0.00","","0.00","0.00","","","","0.00","0.00","","","","1.00","0.00","0.00","11.00",""
"какое покрытие положить поверх старой плитки на улице","2026-05-21 - 2026-08-18","1.00","0.00","0.00","4.00","","0.00","0.00","","0.00","0.00","","","","1.00","0.00","0.00","4.00","","0.00","0.00","","",""
"за кого вы дренаж для какой ярославль","2026-05-21 - 2026-08-18","1.00","0.00","0.00","6.00","","0.00","0.00","","0.00","0.00","","","","1.00","0.00","0.00","6.00","","0.00","0.00","","",""
"почему перекладывают старую плитку","2026-05-21 - 2026-08-18","1.00","0.00","0.00","10.00","","0.00","0.00","","0.00","0.00","","","","1.00","0.00","0.00","10.00","","0.00","0.00","","",""
"выкорчевывание вишни услуги в рыбинске","2026-05-21 - 2026-08-18","1.00","0.00","0.00","6.00","","0.00","0.00","","0.00","0.00","","","","1.00","0.00","0.00","6.00","","0.00","0.00","","",""
"выровнять участок на даве ярославль","2026-05-21 - 2026-08-18","1.00","0.00","0.00","7.00","","0.00","0.00","","0.00","0.00","","","","1.00","0.00","0.00","7.00","","0.00","0.00","","",""
"укладка плитки в переславле","2026-05-21 - 2026-08-18","1.00","0.00","0.00","13.00","","0.00","0.00","","0.00","0.00","","","","0.00","0.00","","","","1.00","0.00","0.00","13.00",""
"проект дренажной системы для участка 10 соток","2026-05-21 - 2026-08-18","1.00","0.00","0.00","7.00","","0.00","0.00","","0.00","0.00","","","","1.00","0.00","0.00","7.00","","0.00","0.00","","",""
"авангард рыбинск газон","2026-05-21 - 2026-08-18","1.00","0.00","0.00","9.00","","0.00","0.00","","0.00","0.00","","","","1.00","0.00","0.00","9.00","","0.00","0.00","","",""
"дорожки на участке под ключ калькулятор","2026-05-21 - 2026-08-18","1.00","0.00","0.00","13.00","","0.00","0.00","","0.00","0.00","","","","0.00","0.00","","","","1.00","0.00","0.00","13.00",""
"планировка территории рыбинск","2026-05-21 - 2026-08-18","1.00","0.00","0.00","4.00","","0.00","0.00","","0.00","0.00","","","","1.00","0.00","0.00","4.00","","0.00","0.00","","",""
"садово парковое строительство пошехонье","2026-05-21 - 2026-08-18","1.00","0.00","0.00","11.00","","0.00","0.00","","0.00","0.00","","","","0.00","0.00","","","","1.00","0.00","0.00","11.00",""
"калькулятор расчета проектных работ по благоустройству для заказчика","2026-05-21 - 2026-08-18","1.00","0.00","0.00","8.00","","0.00","0.00","","0.00","0.00","","","","1.00","0.00","0.00","8.00","","0.00","0.00","","",""
"как написать когда делаем переукладку старой плитки","2026-05-21 - 2026-08-18","1.00","0.00","0.00","10.00","","0.00","0.00","","0.00","0.00","","","","1.00","0.00","0.00","10.00","","0.00","0.00","","",""
"въезд на участок через канаву в ярославле","2026-05-21 - 2026-08-18","1.00","0.00","0.00","8.00","","0.00","0.00","","0.00","0.00","","","","1.00","0.00","0.00","8.00","","0.00","0.00","","",""
"ярославль благоустройство земельного участка","2026-05-21 - 2026-08-18","1.00","0.00","0.00","9.00","","0.00","0.00","","0.00","0.00","","","","1.00","0.00","0.00","9.00","","0.00","0.00","","",""
"корчеванbе пней цена","2026-05-21 - 2026-08-18","1.00","0.00","0.00","23.00","","0.00","0.00","","0.00","0.00","","","","0.00","0.00","","","","1.00","0.00","0.00","23.00",""
"укладка тротуарной плитки на пол цена за м2","2026-05-21 - 2026-08-18","1.00","0.00","0.00","8.00","","0.00","0.00","","0.00","0.00","","","","1.00","0.00","0.00","8.00","","0.00","0.00","","",""
"как сверху обновить тротуарную плитку","2026-05-21 - 2026-08-18","1.00","0.00","0.00","12.00","","0.00","0.00","","0.00","0.00","","","","0.00","0.00","","","","1.00","0.00","0.00","12.00",""
"укладка тротуарной плитки цена в ярославле","2026-05-21 - 2026-08-18","1.00","0.00","0.00","12.00","","0.00","0.00","","0.00","0.00","","","","0.00","0.00","","","","1.00","0.00","0.00","12.00",""
"услуги дренажа участка","2026-05-21 - 2026-08-18","1.00","0.00","0.00","7.00","","0.00","0.00","","0.00","0.00","","","","1.00","0.00","0.00","7.00","","0.00","0.00","","",""
"можно ли поверх тротуарной плитки уложить гранитную плитку чем нужно клеить и время высыхания","2026-05-21 - 2026-08-18","1.00","0.00","0.00","4.00","","0.00","0.00","","0.00","0.00","","","","1.00","0.00","0.00","4.00","","0.00","0.00","","",""
"выравнивание участка ярославль бронь tehno-niki-ru","2026-05-21 - 2026-08-18","1.00","0.00","0.00","13.00","","0.00","0.00","","0.00","0.00","","","","0.00","0.00","","","","1.00","0.00","0.00","13.00",""
"организации в ярославле по строительству ливневой канализации","2026-05-21 - 2026-08-18","1.00","0.00","0.00","1.00","","1.00","0.00","0.00","0.00","0.00","","","","0.00","0.00","","","","0.00","0.00","","",""
"торговые центры эксперт 76.ru","2026-05-21 - 2026-08-18","1.00","0.00","0.00","7.00","","0.00","0.00","","0.00","0.00","","","","1.00","0.00","0.00","7.00","","0.00","0.00","","",""
"фирмы занимающиеся подготовкой участка к строительству - выравнивание, ландшафтный дизайн, расчет уклонов и дренажа, укладка плитки","2026-05-21 - 2026-08-18","1.00","1.00","100.00","4.00","4.00","0.00","0.00","","0.00","0.00","","","","1.00","1.00","100.00","4.00","4.00","0.00","0.00","","",""
"дренажная система вокруг дома цена под ключ","2026-05-21 - 2026-08-18","1.00","0.00","0.00","19.00","","0.00","0.00","","0.00","0.00","","","","0.00","0.00","","","","1.00","0.00","0.00","19.00",""
"автополив на участке рыбинск","2026-05-21 - 2026-08-18","1.00","1.00","100.00","3.00","3.00","0.00","0.00","","1.00","1.00","100.00","3.00","3.00","0.00","0.00","","","","0.00","0.00","","",""
"бетонная отмостка цена под ключ ярославль","2026-05-21 - 2026-08-18","1.00","0.00","0.00","8.00","","0.00","0.00","","0.00","0.00","","","","1.00","0.00","0.00","8.00","","0.00","0.00","","",""
"благоустройство своего дома рыбинск","2026-05-21 - 2026-08-18","1.00","0.00","0.00","2.00","","0.00","0.00","","1.00","0.00","0.00","2.00","","0.00","0.00","","","","0.00","0.00","","",""
"рыбинск расценки на укладку тротуарной плитки","2026-05-21 - 2026-08-18","1.00","0.00","0.00","10.00","","0.00","0.00","","0.00","0.00","","","","1.00","0.00","0.00","10.00","","0.00","0.00","","",""
"кто нибудь клал брусчатку на старую","2026-05-21 - 2026-08-18","1.00","0.00","0.00","8.00","","0.00","0.00","","0.00","0.00","","","","1.00","0.00","0.00","8.00","","0.00","0.00","","",""
"забетонировать канаву в ярославле","2026-05-21 - 2026-08-18","1.00","0.00","0.00","7.00","","0.00","0.00","","0.00","0.00","","","","1.00","0.00","0.00","7.00","","0.00","0.00","","",""
"ены работы по благоус","2026-05-21 - 2026-08-18","1.00","0.00","0.00","11.00","","0.00","0.00","","0.00","0.00","","","","0.00","0.00","","","","1.00","0.00","0.00","11.00",""
"благоустройство услуги в черноземье","2026-05-21 - 2026-08-18","1.00","0.00","0.00","47.00","","0.00","0.00","","0.00","0.00","","","","0.00","0.00","","","","1.00","0.00","0.00","47.00",""
"коттеджный поселок коприно","2026-05-21 - 2026-08-18","1.00","0.00","0.00","33.00","","0.00","0.00","","0.00","0.00","","","","0.00","0.00","","","","1.00","0.00","0.00","33.00",""
"снял старую тротуарную плитку хочу уложить новую нужно ли демонтировать цсп","2026-05-21 - 2026-08-18","1.00","0.00","0.00","11.00","","0.00","0.00","","0.00","0.00","","","","0.00","0.00","","","","1.00","0.00","0.00","11.00",""
"облагораживание участка рыбинск цена","2026-05-21 - 2026-08-18","1.00","0.00","0.00","8.00","","0.00","0.00","","0.00","0.00","","","","1.00","0.00","0.00","8.00","","0.00","0.00","","",""
"ярославль монтаж отмостки цена за м2","2026-05-21 - 2026-08-18","1.00","0.00","0.00","8.00","","0.00","0.00","","0.00","0.00","","","","1.00","0.00","0.00","8.00","","0.00","0.00","","",""
"выравнивание участка ярославль покупка tehno-niki ru","2026-05-21 - 2026-08-18","1.00","0.00","0.00","5.00","","0.00","0.00","","0.00","0.00","","","","1.00","0.00","0.00","5.00","","0.00","0.00","","",""
"рассчитать стоимость дренажа","2026-05-21 - 2026-08-18","1.00","0.00","0.00","20.00","","0.00","0.00","","0.00","0.00","","","","0.00","0.00","","","","1.00","0.00","0.00","20.00",""
"выравнивание участка ярославль бюджетно техно niki-ру","2026-05-21 - 2026-08-18","1.00","0.00","0.00","14.00","","0.00","0.00","","0.00","0.00","","","","0.00","0.00","","","","1.00","0.00","0.00","14.00",""
"питомник газонов","2026-05-21 - 2026-08-18","1.00","0.00","0.00","4.00","","0.00","0.00","","0.00","0.00","","","","1.00","0.00","0.00","4.00","","0.00","0.00","","",""
"выровнять участок на даче ярославль акционный ник техно","2026-05-21 - 2026-08-18","1.00","0.00","0.00","8.00","","0.00","0.00","","0.00","0.00","","","","1.00","0.00","0.00","8.00","","0.00","0.00","","",""
"рассчитать стоимость проектных работ благоустройство онлайн калькулятор","2026-05-21 - 2026-08-18","1.00","0.00","0.00","11.00","","0.00","0.00","","0.00","0.00","","","","0.00","0.00","","","","1.00","0.00","0.00","11.00",""
"сколько будет стоить заезд на участок через канаву 70см и плюс оголовки в ярославской области","2026-05-21 - 2026-08-18","1.00","0.00","0.00","7.00","","0.00","0.00","","0.00","0.00","","","","1.00","0.00","0.00","7.00","","0.00","0.00","","",""
"въездная группа на участок цена под ключ в ярославле","2026-05-21 - 2026-08-18","1.00","0.00","0.00","8.00","","0.00","0.00","","0.00","0.00","","","","1.00","0.00","0.00","8.00","","0.00","0.00","","",""
"дренаж участка на 10 сотках схема","2026-05-21 - 2026-08-18","1.00","0.00","0.00","9.00","","0.00","0.00","","0.00","0.00","","","","1.00","0.00","0.00","9.00","","0.00","0.00","","",""
"высаживание саженцев в стекловату самсунг ярославль","2026-05-21 - 2026-08-18","1.00","0.00","0.00","10.00","","0.00","0.00","","0.00","0.00","","","","1.00","0.00","0.00","10.00","","0.00","0.00","","",""
"укладка плитки брусчатки ярославль никита","2026-05-21 - 2026-08-18","1.00","0.00","0.00","13.00","","0.00","0.00","","0.00","0.00","","","","0.00","0.00","","","","1.00","0.00","0.00","13.00",""
"калькулятор стоимости содержания парковой территории","2026-05-21 - 2026-08-18","1.00","0.00","0.00","11.00","","0.00","0.00","","0.00","0.00","","","","0.00","0.00","","","","1.00","0.00","0.00","11.00",""
"ландшафтные работы это рыбинск","2026-05-21 - 2026-08-18","1.00","1.00","100.00","7.00","7.00","0.00","0.00","","0.00","0.00","","","","1.00","1.00","100.00","7.00","7.00","0.00","0.00","","",""
"укладка тротуарной плитки цена работ с ндс","2026-05-21 - 2026-08-18","1.00","0.00","0.00","8.00","","0.00","0.00","","0.00","0.00","","","","1.00","0.00","0.00","8.00","","0.00","0.00","","",""
"можно. тротуарную. плитку. делать. со старого","2026-05-21 - 2026-08-18","1.00","0.00","0.00","4.00","","0.00","0.00","","0.00","0.00","","","","1.00","0.00","0.00","4.00","","0.00","0.00","","",""
"услуга рыбинский район","2026-05-21 - 2026-08-18","1.00","0.00","0.00","21.00","","0.00","0.00","","0.00","0.00","","","","0.00","0.00","","","","1.00","0.00","0.00","21.00",""
"погрб под ключ в ярославской области","2026-05-21 - 2026-08-18","1.00","0.00","0.00","34.00","","0.00","0.00","","0.00","0.00","","","","0.00","0.00","","","","1.00","0.00","0.00","34.00",""
"заявка на восстановление колодца ливневой канализации","2026-05-21 - 2026-08-18","1.00","0.00","0.00","4.00","","0.00","0.00","","0.00","0.00","","","","1.00","0.00","0.00","4.00","","0.00","0.00","","",""
"калькуляция стоимости работ по дренажным работам","2026-05-21 - 2026-08-18","1.00","1.00","100.00","1.00","1.00","1.00","1.00","100.00","0.00","0.00","","","","0.00","0.00","","","","0.00","0.00","","",""
"ландшафтные работы рыбинск","2026-05-21 - 2026-08-18","1.00","1.00","100.00","2.00","2.00","0.00","0.00","","1.00","1.00","100.00","2.00","2.00","0.00","0.00","","","","0.00","0.00","","",""
"дачные работы рыбинский район","2026-05-21 - 2026-08-18","1.00","0.00","0.00","5.00","","0.00","0.00","","0.00","0.00","","","","1.00","0.00","0.00","5.00","","0.00","0.00","","",""
"выровнять участок на даче ярославль за пределами города tehno ники","2026-05-21 - 2026-08-18","1.00","1.00","100.00","12.00","12.00","0.00","0.00","","0.00","0.00","","","","0.00","0.00","","","","1.00","1.00","100.00","12.00","12.00"
"планировка участка череповец","2026-05-21 - 2026-08-18","1.00","0.00","0.00","46.00","","0.00","0.00","","0.00","0.00","","","","0.00","0.00","","","","1.00","0.00","0.00","46.00",""
"можно ли укладывать новую плитку поверх старой для дорожек на участке","2026-05-21 - 2026-08-18","1.00","1.00","100.00","5.00","5.00","0.00","0.00","","0.00","0.00","","","","1.00","1.00","100.00","5.00","5.00","0.00","0.00","","",""
"мелиоративные работы на участке в ярославской области","2026-05-21 - 2026-08-18","1.00","0.00","0.00","7.00","","0.00","0.00","","0.00","0.00","","","","1.00","0.00","0.00","7.00","","0.00","0.00","","",""
"можно ли снять тротуарную плитку и сразу на ту плитку положить новую","2026-05-21 - 2026-08-18","1.00","0.00","0.00","10.00","","0.00","0.00","","0.00","0.00","","","","1.00","0.00","0.00","10.00","","0.00","0.00","","",""
"можно ли положить плитки облицовочные старые на дорогу на ямы","2026-05-21 - 2026-08-18","1.00","0.00","0.00","3.00","","0.00","0.00","","1.00","0.00","0.00","3.00","","0.00","0.00","","","","0.00","0.00","","",""
"услуги дендролога рыбинск","2026-05-21 - 2026-08-18","1.00","0.00","0.00","11.00","","0.00","0.00","","0.00","0.00","","","","0.00","0.00","","","","1.00","0.00","0.00","11.00",""
"д. волково вк","2026-05-21 - 2026-08-18","1.00","0.00","0.00","12.00","","0.00","0.00","","0.00","0.00","","","","0.00","0.00","","","","1.00","0.00","0.00","12.00",""
"планировка участка рыбинск часовни","2026-05-21 - 2026-08-18","1.00","0.00","0.00","4.00","","0.00","0.00","","0.00","0.00","","","","1.00","0.00","0.00","4.00","","0.00","0.00","","",""
"автонавес для автомобиля под ключ ярославль","2026-05-21 - 2026-08-18","1.00","0.00","0.00","42.00","","0.00","0.00","","0.00","0.00","","","","0.00","0.00","","","","1.00","0.00","0.00","42.00",""
"можно ли ложить новый слой тротуарной плитки на старый на клей","2026-05-21 - 2026-08-18","1.00","1.00","100.00","3.00","3.00","0.00","0.00","","1.00","1.00","100.00","3.00","3.00","0.00","0.00","","","","0.00","0.00","","",""
"ландшафтная компания эксперты рыбинск","2026-05-21 - 2026-08-18","1.00","1.00","100.00","1.00","1.00","1.00","1.00","100.00","0.00","0.00","","","","0.00","0.00","","","","0.00","0.00","","",""
"landscaping рыбинск","2026-05-21 - 2026-08-18","1.00","0.00","0.00","10.00","","0.00","0.00","","0.00","0.00","","","","1.00","0.00","0.00","10.00","","0.00","0.00","","",""
"ремонт ливневой канализации","2026-05-21 - 2026-08-18","1.00","0.00","0.00","7.00","","0.00","0.00","","0.00","0.00","","","","1.00","0.00","0.00","7.00","","0.00","0.00","","",""
"авиа укладка плитки тротуарной","2026-05-21 - 2026-08-18","1.00","0.00","0.00","12.00","","0.00","0.00","","0.00","0.00","","","","0.00","0.00","","","","1.00","0.00","0.00","12.00",""
"отмостка из бетона под ключ ярославль","2026-05-21 - 2026-08-18","1.00","0.00","0.00","5.00","","0.00","0.00","","0.00","0.00","","","","1.00","0.00","0.00","5.00","","0.00","0.00","","",""
"сделать заезд на участок через канаву в ярославле цена","2026-05-21 - 2026-08-18","1.00","0.00","0.00","12.00","","0.00","0.00","","0.00","0.00","","","","0.00","0.00","","","","1.00","0.00","0.00","12.00",""
"5. изготовление уличных козырьков и навесов","2026-05-21 - 2026-08-18","1.00","0.00","0.00","13.00","","0.00","0.00","","0.00","0.00","","","","0.00","0.00","","","","1.00","0.00","0.00","13.00",""
"летняя кухня под ключ рыбинск","2026-05-21 - 2026-08-18","1.00","0.00","0.00","11.00","","0.00","0.00","","0.00","0.00","","","","0.00","0.00","","","","1.00","0.00","0.00","11.00",""
"проект зон рыбинск","2026-05-21 - 2026-08-18","1.00","0.00","0.00","10.00","","0.00","0.00","","0.00","0.00","","","","1.00","0.00","0.00","10.00","","0.00","0.00","","",""
"мастер по тротуарной плитке переславль","2026-05-21 - 2026-08-18","1.00","0.00","0.00","5.00","","0.00","0.00","","0.00","0.00","","","","1.00","0.00","0.00","5.00","","0.00","0.00","","",""
"спил деревьев в деревне бектышево ярославской области","2026-05-21 - 2026-08-18","1.00","0.00","0.00","9.00","","0.00","0.00","","0.00","0.00","","","","1.00","0.00","0.00","9.00","","0.00","0.00","","",""
"заезд на участок под ключ","2026-05-21 - 2026-08-18","1.00","0.00","0.00","12.00","","0.00","0.00","","0.00","0.00","","","","0.00","0.00","","","","1.00","0.00","0.00","12.00",""
"кто демонтирует шатер в рыбинске","2026-05-21 - 2026-08-18","1.00","0.00","0.00","8.00","","0.00","0.00","","0.00","0.00","","","","1.00","0.00","0.00","8.00","","0.00","0.00","","",""
"навесы в ярославле цены с установкой под ключ","2026-05-21 - 2026-08-18","1.00","0.00","0.00","35.00","","0.00","0.00","","0.00","0.00","","","","0.00","0.00","","","","1.00","0.00","0.00","35.00",""
"сколько будет стоить дренаж участка 6 соток в ярославской области","2026-05-21 - 2026-08-18","1.00","0.00","0.00","3.00","","0.00","0.00","","1.00","0.00","0.00","3.00","","0.00","0.00","","","","0.00","0.00","","",""
"мульчирование и выравнивание участков город рыбинск","2026-05-21 - 2026-08-18","1.00","0.00","0.00","5.00","","0.00","0.00","","0.00","0.00","","","","1.00","0.00","0.00","5.00","","0.00","0.00","","",""
"земляные работы александр рыбинск","2026-05-21 - 2026-08-18","1.00","0.00","0.00","6.00","","0.00","0.00","","0.00","0.00","","","","1.00","0.00","0.00","6.00","","0.00","0.00","","",""
"как положить уличную плитку на старую","2026-05-21 - 2026-08-18","1.00","0.00","0.00","10.00","","0.00","0.00","","0.00","0.00","","","","1.00","0.00","0.00","10.00","","0.00","0.00","","",""
"планировка участка ярославль оформить mini pogruzchiki-ру","2026-05-21 - 2026-08-18","1.00","0.00","0.00","5.00","","0.00","0.00","","0.00","0.00","","","","1.00","0.00","0.00","5.00","","0.00","0.00","","",""
"что такое газон ярославль","2026-05-21 - 2026-08-18","1.00","0.00","0.00","11.00","","0.00","0.00","","0.00","0.00","","","","0.00","0.00","","","","1.00","0.00","0.00","11.00",""
"можно ли на плитку тротуарную положить сверху плитку другую","2026-05-21 - 2026-08-18","1.00","0.00","0.00","4.00","","0.00","0.00","","0.00","0.00","","","","1.00","0.00","0.00","4.00","","0.00","0.00","","",""
"рассчитать стоимость благоустройства","2026-05-21 - 2026-08-18","1.00","0.00","0.00","2.00","","0.00","0.00","","1.00","0.00","0.00","2.00","","0.00","0.00","","","","0.00","0.00","","",""
"заказать металлический мосток через канаву в рыбинске","2026-05-21 - 2026-08-18","1.00","0.00","0.00","12.00","","0.00","0.00","","0.00","0.00","","","","0.00","0.00","","","","1.00","0.00","0.00","12.00",""
"рассчитать стоимость проекта по благоустройству","2026-05-21 - 2026-08-18","1.00","0.00","0.00","11.00","","0.00","0.00","","0.00","0.00","","","","0.00","0.00","","","","1.00","0.00","0.00","11.00",""
"как правильно положить плитку на улице на старую плитку","2026-05-21 - 2026-08-18","1.00","0.00","0.00","3.00","","0.00","0.00","","1.00","0.00","0.00","3.00","","0.00","0.00","","","","0.00","0.00","","",""
"аккувещер милюшино","2026-05-21 - 2026-08-18","1.00","0.00","0.00","8.00","","0.00","0.00","","0.00","0.00","","","","1.00","0.00","0.00","8.00","","0.00","0.00","","",""
"ландшафтно строительная компани","2026-05-21 - 2026-08-18","1.00","0.00","0.00","3.00","","0.00","0.00","","1.00","0.00","0.00","3.00","","0.00","0.00","","","","0.00","0.00","","",""
"укладка брусчатки поверх старой плитки","2026-05-21 - 2026-08-18","1.00","0.00","0.00","5.00","","0.00","0.00","","0.00","0.00","","","","1.00","0.00","0.00","5.00","","0.00","0.00","","",""
"crjkmrj cnjbn dsgjkybnm 30 vtnhjd cfljdjq ljhj;rb d zhjckfdkt bp gkbnjr","2026-05-21 - 2026-08-18","1.00","0.00","0.00","13.00","","0.00","0.00","","0.00","0.00","","","","0.00","0.00","","","","1.00","0.00","0.00","13.00",""
"магазин ландшафтного дизайна рыбинск","2026-05-21 - 2026-08-18","1.00","0.00","0.00","12.00","","0.00","0.00","","0.00","0.00","","","","0.00","0.00","","","","1.00","0.00","0.00","12.00",""
"сколько стоит отмостка вокруг дома из бетона цена под ключ в ярославской области","2026-05-21 - 2026-08-18","1.00","0.00","0.00","7.00","","0.00","0.00","","0.00","0.00","","","","1.00","0.00","0.00","7.00","","0.00","0.00","","",""
"снести дом в рыбинске","2026-05-21 - 2026-08-18","1.00","0.00","0.00","12.00","","0.00","0.00","","0.00","0.00","","","","0.00","0.00","","","","1.00","0.00","0.00","12.00",""
"подъем участка ярославль уцененный техноniki ру","2026-05-21 - 2026-08-18","1.00","0.00","0.00","6.00","","0.00","0.00","","0.00","0.00","","","","1.00","0.00","0.00","6.00","","0.00","0.00","","",""
"цена осушки за болотистого участка в ярославле","2026-05-21 - 2026-08-18","1.00","0.00","0.00","3.00","","0.00","0.00","","1.00","0.00","0.00","3.00","","0.00","0.00","","","","0.00","0.00","","",""
"в ярославле есть организация занимающаяся дренажными работами","2026-05-21 - 2026-08-18","1.00","0.00","0.00","8.00","","0.00","0.00","","0.00","0.00","","","","1.00","0.00","0.00","8.00","","0.00","0.00","","",""
"кейспос","2026-05-21 - 2026-08-18","1.00","0.00","0.00","10.00","","0.00","0.00","","0.00","0.00","","","","1.00","0.00","0.00","10.00","","0.00","0.00","","",""
"в рыбинске устанавливают подсветку на деревьях","2026-05-21 - 2026-08-18","1.00","0.00","0.00","14.00","","0.00","0.00","","0.00","0.00","","","","0.00","0.00","","","","1.00","0.00","0.00","14.00",""
"искра октября поселок фото","2026-05-21 - 2026-08-18","1.00","0.00","0.00","11.00","","0.00","0.00","","0.00","0.00","","","","0.00","0.00","","","","1.00","0.00","0.00","11.00",""
"растения водохлебы для осушения участка","2026-05-21 - 2026-08-18","1.00","0.00","0.00","13.00","","0.00","0.00","","0.00","0.00","","","","0.00","0.00","","","","1.00","0.00","0.00","13.00",""
"рассчитать стоимость юньлгировагия двора","2026-05-21 - 2026-08-18","1.00","0.00","0.00","5.00","","0.00","0.00","","0.00","0.00","","","","1.00","0.00","0.00","5.00","","0.00","0.00","","",""
"керамогранит для двора частного дома можно ли ложить на старую брусчатку","2026-05-21 - 2026-08-18","1.00","0.00","0.00","6.00","","0.00","0.00","","0.00","0.00","","","","1.00","0.00","0.00","6.00","","0.00","0.00","","",""
"как избавиться от грязи на участке после дождя","2026-05-21 - 2026-08-18","1.00","0.00","0.00","8.00","","0.00","0.00","","0.00","0.00","","","","1.00","0.00","0.00","8.00","","0.00","0.00","","",""
"спил деревьев в некоузском районе ярославская область","2026-05-21 - 2026-08-18","1.00","0.00","0.00","11.00","","0.00","0.00","","0.00","0.00","","","","0.00","0.00","","","","1.00","0.00","0.00","11.00",""
"выравнивание участка под заказ tehno niki","2026-05-21 - 2026-08-18","1.00","0.00","0.00","7.00","","0.00","0.00","","0.00","0.00","","","","1.00","0.00","0.00","7.00","","0.00","0.00","","",""
"уложить тротуарную плитку цена работы за квадратный метр","2026-05-21 - 2026-08-18","1.00","0.00","0.00","10.00","","0.00","0.00","","0.00","0.00","","","","1.00","0.00","0.00","10.00","","0.00","0.00","","",""
"ремонт ливневой канализации в цеху ярославль","2026-05-21 - 2026-08-18","1.00","0.00","0.00","8.00","","0.00","0.00","","0.00","0.00","","","","1.00","0.00","0.00","8.00","","0.00","0.00","","",""
"выравнивание участка ярославль специальная цена техно-niki-ru","2026-05-21 - 2026-08-18","1.00","0.00","0.00","12.00","","0.00","0.00","","0.00","0.00","","","","0.00","0.00","","","","1.00","0.00","0.00","12.00",""
"можно ли уложить плитку на плитку тротуарную","2026-05-21 - 2026-08-18","1.00","0.00","0.00","6.00","","0.00","0.00","","0.00","0.00","","","","1.00","0.00","0.00","6.00","","0.00","0.00","","",""
"полив газона фирма ярославль","2026-05-21 - 2026-08-18","1.00","0.00","0.00","7.00","","0.00","0.00","","0.00","0.00","","","","1.00","0.00","0.00","7.00","","0.00","0.00","","",""
"выровнять участок на даче ярославль по промокоду техно-niki ru","2026-05-21 - 2026-08-18","1.00","0.00","0.00","4.00","","0.00","0.00","","0.00","0.00","","","","1.00","0.00","0.00","4.00","","0.00","0.00","","",""
"дорожки 76!!!","2026-05-21 - 2026-08-18","1.00","0.00","0.00","7.00","","0.00","0.00","","0.00","0.00","","","","1.00","0.00","0.00","7.00","","0.00","0.00","","",""
"благоустройство дачного участка в ярославле","2026-05-21 - 2026-08-18","1.00","0.00","0.00","10.00","","0.00","0.00","","0.00","0.00","","","","1.00","0.00","0.00","10.00","","0.00","0.00","","",""
"выкорчевывание пней ярославская обл","2026-05-21 - 2026-08-18","1.00","0.00","0.00","10.00","","0.00","0.00","","0.00","0.00","","","","1.00","0.00","0.00","10.00","","0.00","0.00","","",""
"выравнивание участка ярославль ярославский (областной) minipogruzchiki-ру","2026-05-21 - 2026-08-18","1.00","0.00","0.00","9.00","","0.00","0.00","","0.00","0.00","","","","1.00","0.00","0.00","9.00","","0.00","0.00","","",""
"можно ли по верх старой плитки класть новую","2026-05-21 - 2026-08-18","1.00","0.00","0.00","7.00","","0.00","0.00","","0.00","0.00","","","","1.00","0.00","0.00","7.00","","0.00","0.00","","",""
"газон рулонный в рыбинске","2026-05-21 - 2026-08-18","1.00","1.00","100.00","7.00","7.00","0.00","0.00","","0.00","0.00","","","","1.00","1.00","100.00","7.00","7.00","0.00","0.00","","",""
"сколько примерно стоит дренаж участка 10 соток и этапы работ","2026-05-21 - 2026-08-18","1.00","0.00","0.00","10.00","","0.00","0.00","","0.00","0.00","","","","1.00","0.00","0.00","10.00","","0.00","0.00","","",""
"дренаж участка с уклоном от 800 ₽  за пог.м дренаж на глинистом участке от 800 ₽  за пог.м прочистка дренажа от 800 ₽  за пог.м дренаж вокруг отмостки от 800 ₽  за пог.м дренаж фундаментов от 1000 ₽  за пог.м","2026-05-21 - 2026-08-18","1.00","0.00","0.00","6.00","","0.00","0.00","","0.00","0.00","","","","1.00","0.00","0.00","6.00","","0.00","0.00","","",""
"изготовление навесов в рыбинске","2026-05-21 - 2026-08-18","1.00","0.00","0.00","11.00","","0.00","0.00","","0.00","0.00","","","","0.00","0.00","","","","1.00","0.00","0.00","11.00",""
"бетонная отмостка под ключ цена ярославль","2026-05-21 - 2026-08-18","1.00","0.00","0.00","7.00","","0.00","0.00","","0.00","0.00","","","","1.00","0.00","0.00","7.00","","0.00","0.00","","",""
"сколько стоит уложить один квадратный метр тротуарной плитки, включая стоимость работы и стоимость всех материаллов","2026-05-21 - 2026-08-18","1.00","1.00","100.00","3.00","3.00","0.00","0.00","","1.00","1.00","100.00","3.00","3.00","0.00","0.00","","","","0.00","0.00","","",""
"укладка тротуарной плитки под ключ переславль-залесский","2026-05-21 - 2026-08-18","1.00","2.00","200.00","6.00","6.00","0.00","0.00","","0.00","0.00","","","","1.00","2.00","200.00","6.00","6.00","0.00","0.00","","",""
"выровнять участок на даче ярославль бюджет техно ники ru","2026-05-21 - 2026-08-18","1.00","0.00","0.00","13.00","","0.00","0.00","","0.00","0.00","","","","0.00","0.00","","","","1.00","0.00","0.00","13.00",""
"expert 76","2026-05-21 - 2026-08-18","1.00","0.00","0.00","4.00","","0.00","0.00","","0.00","0.00","","","","1.00","0.00","0.00","4.00","","0.00","0.00","","",""
"планировка участка ярославская область центральный рыбинск","2026-05-21 - 2026-08-18","1.00","0.00","0.00","2.00","","0.00","0.00","","1.00","0.00","0.00","2.00","","0.00","0.00","","","","0.00","0.00","","",""
"можно ли положить тротуарную плитку на старую мраморную плитку","2026-05-21 - 2026-08-18","1.00","0.00","0.00","3.00","","0.00","0.00","","1.00","0.00","0.00","3.00","","0.00","0.00","","","","0.00","0.00","","",""
"переславль укладка плитки","2026-05-21 - 2026-08-18","1.00","0.00","0.00","7.00","","0.00","0.00","","0.00","0.00","","","","1.00","0.00","0.00","7.00","","0.00","0.00","","",""
"брусчатки на старую брусчатку","2026-05-21 - 2026-08-18","1.00","0.00","0.00","2.00","","0.00","0.00","","1.00","0.00","0.00","2.00","","0.00","0.00","","","","0.00","0.00","","",""
"повторная укладка тротуарной плитки","2026-05-21 - 2026-08-18","1.00","0.00","0.00","7.00","","0.00","0.00","","0.00","0.00","","","","1.00","0.00","0.00","7.00","","0.00","0.00","","",""
"внутрицеховая ливнеприемник ярославль установка","2026-05-21 - 2026-08-18","1.00","1.00","100.00","3.00","3.00","0.00","0.00","","1.00","1.00","100.00","3.00","3.00","0.00","0.00","","","","0.00","0.00","","",""
"эстакады и ямы в рыбинске","2026-05-21 - 2026-08-18","1.00","0.00","0.00","7.00","","0.00","0.00","","0.00","0.00","","","","1.00","0.00","0.00","7.00","","0.00","0.00","","",""
"металлический каркас с козырьком для авто рыбинск","2026-05-21 - 2026-08-18","1.00","0.00","0.00","13.00","","0.00","0.00","","0.00","0.00","","","","0.00","0.00","","","","1.00","0.00","0.00","13.00",""
"цена укладки тротуарной плитки за 1 м2 стоимость","2026-05-21 - 2026-08-18","1.00","0.00","0.00","5.00","","0.00","0.00","","0.00","0.00","","","","1.00","0.00","0.00","5.00","","0.00","0.00","","",""
"услуги по укладке плитки в тутаеве","2026-05-21 - 2026-08-18","1.00","0.00","0.00","11.00","","0.00","0.00","","0.00","0.00","","","","0.00","0.00","","","","1.00","0.00","0.00","11.00",""
"корчевание деревьев ярославль в черте города мини погрузчики-ру","2026-05-21 - 2026-08-18","1.00","0.00","0.00","10.00","","0.00","0.00","","0.00","0.00","","","","1.00","0.00","0.00","10.00","","0.00","0.00","","",""
"покажи фотки свингино","2026-05-21 - 2026-08-18","1.00","0.00","0.00","11.00","","0.00","0.00","","0.00","0.00","","","","0.00","0.00","","","","1.00","0.00","0.00","11.00",""
"эксперт услуги","2026-05-21 - 2026-08-18","1.00","0.00","0.00","12.00","","0.00","0.00","","0.00","0.00","","","","0.00","0.00","","","","1.00","0.00","0.00","12.00",""
"сделать отмостку вокруг дома в ярославле","2026-05-21 - 2026-08-18","1.00","0.00","0.00","13.00","","0.00","0.00","","0.00","0.00","","","","0.00","0.00","","","","1.00","0.00","0.00","13.00",""
"можно ли класть керамогранит на старую брусчатку","2026-05-21 - 2026-08-18","1.00","1.00","100.00","3.00","3.00","0.00","0.00","","1.00","1.00","100.00","3.00","3.00","0.00","0.00","","","","0.00","0.00","","",""
"расценки на монтаж отмостки в ярославле","2026-05-21 - 2026-08-18","1.00","1.00","100.00","5.00","5.00","0.00","0.00","","0.00","0.00","","","","1.00","1.00","100.00","5.00","5.00","0.00","0.00","","",""
"территории для благоустройства в рыбинске","2026-05-21 - 2026-08-18","1.00","0.00","0.00","10.00","","0.00","0.00","","0.00","0.00","","","","1.00","0.00","0.00","10.00","","0.00","0.00","","",""
"благоустройство участка плиткой стоимость работа плюс материалы за квадратный метр","2026-05-21 - 2026-08-18","1.00","0.00","0.00","10.00","","0.00","0.00","","0.00","0.00","","","","1.00","0.00","0.00","10.00","","0.00","0.00","","",""
"сколько стоит выложить тротуарную плитку 1 кв метр ярославль","2026-05-21 - 2026-08-18","1.00","0.00","0.00","11.00","","0.00","0.00","","0.00","0.00","","","","0.00","0.00","","","","1.00","0.00","0.00","11.00",""
"можно ли укладывать тротуарную плитку на старую","2026-05-21 - 2026-08-18","1.00","0.00","0.00","9.00","","0.00","0.00","","0.00","0.00","","","","1.00","0.00","0.00","9.00","","0.00","0.00","","",""
"водоотводы ливневые вокруг дома в ярославле","2026-05-21 - 2026-08-18","1.00","0.00","0.00","3.00","","0.00","0.00","","1.00","0.00","0.00","3.00","","0.00","0.00","","","","0.00","0.00","","",""
"полив газонов ярославль","2026-05-21 - 2026-08-18","1.00","0.00","0.00","7.00","","0.00","0.00","","0.00","0.00","","","","1.00","0.00","0.00","7.00","","0.00","0.00","","",""
"сколько стоит положить метр тротуарной плитки квадратный на раствор","2026-05-21 - 2026-08-18","1.00","0.00","0.00","6.00","","0.00","0.00","","0.00","0.00","","","","1.00","0.00","0.00","6.00","","0.00","0.00","","",""
"корчевание деревьев ярославль тарифный план miniпогрузчики ру","2026-05-21 - 2026-08-18","1.00","0.00","0.00","10.00","","0.00","0.00","","0.00","0.00","","","","1.00","0.00","0.00","10.00","","0.00","0.00","","",""
"сабурова лида рыбинск деревья арефино","2026-05-21 - 2026-08-18","1.00","0.00","0.00","6.00","","0.00","0.00","","0.00","0.00","","","","1.00","0.00","0.00","6.00","","0.00","0.00","","",""
"заезд на участок оформить в ярославле","2026-05-21 - 2026-08-18","1.00","0.00","0.00","10.00","","0.00","0.00","","0.00","0.00","","","","1.00","0.00","0.00","10.00","","0.00","0.00","","",""
"сделать заезд для машина ярославль","2026-05-21 - 2026-08-18","1.00","0.00","0.00","14.00","","0.00","0.00","","0.00","0.00","","","","0.00","0.00","","","","1.00","0.00","0.00","14.00",""
"можно ли переложить плитку на старое место уличную","2026-05-21 - 2026-08-18","1.00","0.00","0.00","8.00","","0.00","0.00","","0.00","0.00","","","","1.00","0.00","0.00","8.00","","0.00","0.00","","",""
"рыбинск деревья арефино","2026-05-21 - 2026-08-18","1.00","0.00","0.00","5.00","","0.00","0.00","","0.00","0.00","","","","1.00","0.00","0.00","5.00","","0.00","0.00","","",""
"спилить дерево на участке приусадебного хозяйства в ярославской области","2026-05-21 - 2026-08-18","1.00","0.00","0.00","8.00","","0.00","0.00","","0.00","0.00","","","","1.00","0.00","0.00","8.00","","0.00","0.00","","",""
"посадка деревьев в ярославской области","2026-05-21 - 2026-08-18","1.00","0.00","0.00","7.00","","0.00","0.00","","0.00","0.00","","","","1.00","0.00","0.00","7.00","","0.00","0.00","","",""
"дренаж участка консультация в ярославской области","2026-05-21 - 2026-08-18","1.00","0.00","0.00","5.00","","0.00","0.00","","0.00","0.00","","","","1.00","0.00","0.00","5.00","","0.00","0.00","","",""
"стоимость установки 3 погонных метра тротуарной плитки","2026-05-21 - 2026-08-18","1.00","0.00","0.00","9.00","","0.00","0.00","","0.00","0.00","","","","1.00","0.00","0.00","9.00","","0.00","0.00","","",""
"заезды на участок, через канаву заказать","2026-05-21 - 2026-08-18","1.00","0.00","0.00","6.00","","0.00","0.00","","0.00","0.00","","","","1.00","0.00","0.00","6.00","","0.00","0.00","","",""
"что сделать, если во дворе частного дома грязь после дождя","2026-05-21 - 2026-08-18","1.00","0.00","0.00","7.00","","0.00","0.00","","0.00","0.00","","","","1.00","0.00","0.00","7.00","","0.00","0.00","","",""
"укладка плитки тротуарной ростов великий","2026-05-21 - 2026-08-18","1.00","0.00","0.00","13.00","","0.00","0.00","","0.00","0.00","","","","0.00","0.00","","","","1.00","0.00","0.00","13.00",""
"выровнять участок на даче ярославль минимальная цена tehno ники","2026-05-21 - 2026-08-18","1.00","0.00","0.00","11.00","","0.00","0.00","","0.00","0.00","","","","0.00","0.00","","","","1.00","0.00","0.00","11.00",""
"участок 6 соток дренажная система","2026-05-21 - 2026-08-18","1.00","0.00","0.00","9.00","","0.00","0.00","","0.00","0.00","","","","1.00","0.00","0.00","9.00","","0.00","0.00","","",""
"старший смены благоустройства коприно","2026-05-21 - 2026-08-18","1.00","0.00","0.00","12.00","","0.00","0.00","","0.00","0.00","","","","0.00","0.00","","","","1.00","0.00","0.00","12.00",""
"демонтаж аварийных зданий","2026-05-21 - 2026-08-18","1.00","0.00","0.00","10.00","","0.00","0.00","","0.00","0.00","","","","1.00","0.00","0.00","10.00","","0.00","0.00","","",""
"планировка участка ярославль в областном центре mini pogruzchiki ru","2026-05-21 - 2026-08-18","1.00","0.00","0.00","6.00","","0.00","0.00","","0.00","0.00","","","","1.00","0.00","0.00","6.00","","0.00","0.00","","",""
"что постелить во дворе частного дома на старую плитку","2026-05-21 - 2026-08-18","1.00","0.00","0.00","7.00","","0.00","0.00","","0.00","0.00","","","","1.00","0.00","0.00","7.00","","0.00","0.00","","",""
"подъеv участка ярославль","2026-05-21 - 2026-08-18","1.00","0.00","0.00","8.00","","0.00","0.00","","0.00","0.00","","","","1.00","0.00","0.00","8.00","","0.00","0.00","","",""
"ландшафтный проект","2026-05-21 - 2026-08-18","1.00","0.00","0.00","8.00","","0.00","0.00","","0.00","0.00","","","","1.00","0.00","0.00","8.00","","0.00","0.00","","",""
"спланировать участок для отмостки стоимость","2026-05-21 - 2026-08-18","1.00","0.00","0.00","7.00","","0.00","0.00","","0.00","0.00","","","","1.00","0.00","0.00","7.00","","0.00","0.00","","",""
"эксперсс76","2026-05-21 - 2026-08-18","1.00","0.00","0.00","1.00","","1.00","0.00","0.00","0.00","0.00","","","","0.00","0.00","","","","0.00","0.00","","",""
"4852593089","2026-05-21 - 2026-08-18","1.00","0.00","0.00","10.00","","0.00","0.00","","0.00","0.00","","","","1.00","0.00","0.00","10.00","","0.00","0.00","","",""
"что делать если на тропинке слякоть и сыро","2026-05-21 - 2026-08-18","1.00","0.00","0.00","9.00","","0.00","0.00","","0.00","0.00","","","","1.00","0.00","0.00","9.00","","0.00","0.00","","",""
"key_phrase : ярославль новогоднее освещение","2026-05-21 - 2026-08-18","1.00","0.00","0.00","25.00","","0.00","0.00","","0.00","0.00","","","","0.00","0.00","","","","1.00","0.00","0.00","25.00",""
"выровнять участок на даче ярославль минимальная цена техно ники","2026-05-21 - 2026-08-18","1.00","1.00","100.00","12.00","12.00","0.00","0.00","","0.00","0.00","","","","0.00","0.00","","","","1.00","1.00","100.00","12.00","12.00"
"ландшафтный дизайн рыбинск заказать","2026-05-21 - 2026-08-18","1.00","0.00","0.00","10.00","","0.00","0.00","","0.00","0.00","","","","1.00","0.00","0.00","10.00","","0.00","0.00","","",""
"укладка тротуарной плитки в ярославле цена за 1м2","2026-05-21 - 2026-08-18","1.00","0.00","0.00","10.00","","0.00","0.00","","0.00","0.00","","","","1.00","0.00","0.00","10.00","","0.00","0.00","","",""
"услуги въезд брейтово","2026-05-21 - 2026-08-18","1.00","0.00","0.00","3.00","","0.00","0.00","","1.00","0.00","0.00","3.00","","0.00","0.00","","","","0.00","0.00","","",""
"как взять заказ на обустройство территории","2026-05-21 - 2026-08-18","1.00","0.00","0.00","8.00","","0.00","0.00","","0.00","0.00","","","","1.00","0.00","0.00","8.00","","0.00","0.00","","",""
"укладка брусчатки стоимость работы","2026-05-21 - 2026-08-18","1.00","0.00","0.00","10.00","","0.00","0.00","","0.00","0.00","","","","1.00","0.00","0.00","10.00","","0.00","0.00","","",""
"навес для автомобиля в рыбинске","2026-05-21 - 2026-08-18","1.00","0.00","0.00","34.00","","0.00","0.00","","0.00","0.00","","","","0.00","0.00","","","","1.00","0.00","0.00","34.00",""
"калькулятор расчета благоустройства","2026-05-21 - 2026-08-18","1.00","0.00","0.00","8.00","","0.00","0.00","","0.00","0.00","","","","1.00","0.00","0.00","8.00","","0.00","0.00","","",""
"стоит ли класть дорожную плитку на старую","2026-05-21 - 2026-08-18","1.00","0.00","0.00","9.00","","0.00","0.00","","0.00","0.00","","","","1.00","0.00","0.00","9.00","","0.00","0.00","","",""
"рулонный газон цена за м2 живой под ключ","2026-05-21 - 2026-08-18","1.00","0.00","0.00","12.00","","0.00","0.00","","0.00","0.00","","","","0.00","0.00","","","","1.00","0.00","0.00","12.00",""
"кто в ярославле проект дренажных систем","2026-05-21 - 2026-08-18","1.00","0.00","0.00","10.00","","0.00","0.00","","0.00","0.00","","","","1.00","0.00","0.00","10.00","","0.00","0.00","","",""
"посадка газонной травы в рыбинске","2026-05-21 - 2026-08-18","1.00","0.00","0.00","4.00","","0.00","0.00","","0.00","0.00","","","","1.00","0.00","0.00","4.00","","0.00","0.00","","",""
"рыбинск революция, 2 газоны","2026-05-21 - 2026-08-18","1.00","0.00","0.00","9.00","","0.00","0.00","","0.00","0.00","","","","1.00","0.00","0.00","9.00","","0.00","0.00","","",""
"установка металлического камина в рыбинске","2026-05-21 - 2026-08-18","1.00","0.00","0.00","9.00","","0.00","0.00","","0.00","0.00","","","","1.00","0.00","0.00","9.00","","0.00","0.00","","",""
"при ремонте тротуаров когда должны убирать старую плитку","2026-05-21 - 2026-08-18","1.00","0.00","0.00","4.00","","0.00","0.00","","0.00","0.00","","","","1.00","0.00","0.00","4.00","","0.00","0.00","","",""
"установка бетонных свай рыбинск","2026-05-21 - 2026-08-18","1.00","0.00","0.00","13.00","","0.00","0.00","","0.00","0.00","","","","0.00","0.00","","","","1.00","0.00","0.00","13.00",""
"мы готовим основание","2026-05-21 - 2026-08-18","1.00","0.00","0.00","3.00","","0.00","0.00","","1.00","0.00","0.00","3.00","","0.00","0.00","","","","0.00","0.00","","",""
"калькулятор стоимости проектирования благоустройства территории","2026-05-21 - 2026-08-18","1.00","0.00","0.00","8.00","","0.00","0.00","","0.00","0.00","","","","1.00","0.00","0.00","8.00","","0.00","0.00","","",""
"навес для автомобилей в рыбинске доступ забор","2026-05-21 - 2026-08-18","1.00","0.00","0.00","11.00","","0.00","0.00","","0.00","0.00","","","","0.00","0.00","","","","1.00","0.00","0.00","11.00",""
"организации по сносу деревянного дома в рыбинске ярославской области адреса","2026-05-21 - 2026-08-18","1.00","0.00","0.00","7.00","","0.00","0.00","","0.00","0.00","","","","1.00","0.00","0.00","7.00","","0.00","0.00","","",""
"деньги за благоустройства участка ярославская область","2026-05-21 - 2026-08-18","1.00","0.00","0.00","8.00","","0.00","0.00","","0.00","0.00","","","","1.00","0.00","0.00","8.00","","0.00","0.00","","",""
"монтаж иов рыбинский район","2026-05-21 - 2026-08-18","1.00","0.00","0.00","8.00","","0.00","0.00","","0.00","0.00","","","","1.00","0.00","0.00","8.00","","0.00","0.00","","",""
"укладка тротуарной плитки стоимость ярославская область","2026-05-21 - 2026-08-18","1.00","1.00","100.00","11.00","11.00","0.00","0.00","","0.00","0.00","","","","0.00","0.00","","","","1.00","1.00","100.00","11.00","11.00"
"можно ли на старую дворовую плитку класть новую тротуарную плитку","2026-05-21 - 2026-08-18","1.00","0.00","0.00","3.00","","0.00","0.00","","1.00","0.00","0.00","3.00","","0.00","0.00","","","","0.00","0.00","","",""
"дренаж участка под ключ","2026-05-21 - 2026-08-18","1.00","0.00","0.00","12.00","","0.00","0.00","","0.00","0.00","","","","0.00","0.00","","","","1.00","0.00","0.00","12.00",""
"планировка участка рыбинск соток","2026-05-21 - 2026-08-18","1.00","0.00","0.00","4.00","","0.00","0.00","","0.00","0.00","","","","1.00","0.00","0.00","4.00","","0.00","0.00","","",""
"можно ли накладывать тротуарную плитку одну на другую","2026-05-21 - 2026-08-18","1.00","0.00","0.00","4.00","","0.00","0.00","","0.00","0.00","","","","1.00","0.00","0.00","4.00","","0.00","0.00","","",""
"углич вскопаю и посажу газон","2026-05-21 - 2026-08-18","1.00","0.00","0.00","9.00","","0.00","0.00","","0.00","0.00","","","","1.00","0.00","0.00","9.00","","0.00","0.00","","",""
"плитка ливневка для участка","2026-05-21 - 2026-08-18","1.00","0.00","0.00","12.00","","0.00","0.00","","0.00","0.00","","","","0.00","0.00","","","","1.00","0.00","0.00","12.00",""
"рыбинск дизайнеры зоны отдыха на даче искусственный водоем фото","2026-05-21 - 2026-08-18","1.00","1.00","100.00","7.00","7.00","0.00","0.00","","0.00","0.00","","","","1.00","1.00","100.00","7.00","7.00","0.00","0.00","","",""
"выровнять участок на даче ярославль дисконт-цена tehno niki-ру","2026-05-21 - 2026-08-18","1.00","0.00","0.00","11.00","","0.00","0.00","","0.00","0.00","","","","0.00","0.00","","","","1.00","0.00","0.00","11.00",""
"сколько стоит отмостка для загородного дома","2026-05-21 - 2026-08-18","1.00","0.00","0.00","13.00","","0.00","0.00","","0.00","0.00","","","","0.00","0.00","","","","1.00","0.00","0.00","13.00",""
"заезд на участок через канаву под ключ в тутаеве","2026-05-21 - 2026-08-18","1.00","0.00","0.00","5.00","","0.00","0.00","","0.00","0.00","","","","1.00","0.00","0.00","5.00","","0.00","0.00","","",""
"нанять человек для полива огорода рыбинск","2026-05-21 - 2026-08-18","1.00","0.00","0.00","9.00","","0.00","0.00","","0.00","0.00","","","","1.00","0.00","0.00","9.00","","0.00","0.00","","",""
"ливневка ярославль","2026-05-21 - 2026-08-18","1.00","0.00","0.00","10.00","","0.00","0.00","","0.00","0.00","","","","1.00","0.00","0.00","10.00","","0.00","0.00","","",""
"калькулятор расценок на работы по благоустройству территории","2026-05-21 - 2026-08-18","1.00","1.00","100.00","5.00","5.00","0.00","0.00","","0.00","0.00","","","","1.00","1.00","100.00","5.00","5.00","0.00","0.00","","",""
"дренаж участка с уклоном gorodseptikov.ru","2026-05-21 - 2026-08-18","1.00","0.00","0.00","27.00","","0.00","0.00","","0.00","0.00","","","","0.00","0.00","","","","1.00","0.00","0.00","27.00",""
"456 м2 очистка и выравнивание территории в ярославле цена","2026-05-21 - 2026-08-18","1.00","0.00","0.00","11.00","","0.00","0.00","","0.00","0.00","","","","0.00","0.00","","","","1.00","0.00","0.00","11.00",""
"рассчитать стоимость дренажа онлайн","2026-05-21 - 2026-08-18","1.00","0.00","0.00","14.00","","0.00","0.00","","0.00","0.00","","","","0.00","0.00","","","","1.00","0.00","0.00","14.00",""
"авито навес арочный рыбинск","2026-05-21 - 2026-08-18","1.00","1.00","100.00","19.00","19.00","0.00","0.00","","0.00","0.00","","","","0.00","0.00","","","","1.00","1.00","100.00","19.00","19.00"
"придомовые территории рыбинск","2026-05-21 - 2026-08-18","1.00","0.00","0.00","10.00","","0.00","0.00","","0.00","0.00","","","","1.00","0.00","0.00","10.00","","0.00","0.00","","",""
"как делают газон ярославль","2026-05-21 - 2026-08-18","1.00","0.00","0.00","25.00","","0.00","0.00","","0.00","0.00","","","","0.00","0.00","","","","1.00","0.00","0.00","25.00",""
"большое село изделия из металла","2026-05-21 - 2026-08-18","1.00","0.00","0.00","14.00","","0.00","0.00","","0.00","0.00","","","","0.00","0.00","","","","1.00","0.00","0.00","14.00",""
"сделать красивый участок в рыбинске","2026-05-21 - 2026-08-18","1.00","0.00","0.00","4.00","","0.00","0.00","","0.00","0.00","","","","1.00","0.00","0.00","4.00","","0.00","0.00","","",""
"выравнивание участка ярославль платеж tehnoniki-ру","2026-05-21 - 2026-08-18","1.00","0.00","0.00","5.00","","0.00","0.00","","0.00","0.00","","","","1.00","0.00","0.00","5.00","","0.00","0.00","","",""
"услуги по благоустройству участка брейтово","2026-05-21 - 2026-08-18","1.00","0.00","0.00","6.00","","0.00","0.00","","0.00","0.00","","","","1.00","0.00","0.00","6.00","","0.00","0.00","","",""
"дизайн дачного участка рыбинск ландшафтный центр монолит","2026-05-21 - 2026-08-18","1.00","0.00","0.00","7.00","","0.00","0.00","","0.00","0.00","","","","1.00","0.00","0.00","7.00","","0.00","0.00","","",""
"можно ли новую тротуарную плитку укладывать поверх старой","2026-05-21 - 2026-08-18","1.00","0.00","0.00","5.00","","0.00","0.00","","0.00","0.00","","","","1.00","0.00","0.00","5.00","","0.00","0.00","","",""
"можно ли на старую плитку положить новую в огороде","2026-05-21 - 2026-08-18","1.00","0.00","0.00","2.00","","0.00","0.00","","1.00","0.00","0.00","2.00","","0.00","0.00","","","","0.00","0.00","","",""
"отмостка из щебня вокруг дома под ключ ярославль","2026-05-21 - 2026-08-18","1.00","0.00","0.00","5.00","","0.00","0.00","","0.00","0.00","","","","1.00","0.00","0.00","5.00","","0.00","0.00","","",""
"ландшафтная компания эксперты","2026-05-21 - 2026-08-18","1.00","1.00","100.00","1.00","1.00","1.00","1.00","100.00","0.00","0.00","","","","0.00","0.00","","","","0.00","0.00","","",""
"услуги по можжевельникам рыбинск","2026-05-21 - 2026-08-18","1.00","0.00","0.00","5.00","","0.00","0.00","","0.00","0.00","","","","1.00","0.00","0.00","5.00","","0.00","0.00","","",""
"можно ли положить плитку на старую плитку во дворе","2026-05-21 - 2026-08-18","1.00","0.00","0.00","3.00","","0.00","0.00","","1.00","0.00","0.00","3.00","","0.00","0.00","","","","0.00","0.00","","",""
"расчет по благоустройста участка","2026-05-21 - 2026-08-18","1.00","0.00","0.00","11.00","","0.00","0.00","","0.00","0.00","","","","0.00","0.00","","","","1.00","0.00","0.00","11.00",""
"выравнивание участка ярославль по промокоду tehno-niki ру","2026-05-21 - 2026-08-18","1.00","0.00","0.00","5.00","","0.00","0.00","","0.00","0.00","","","","1.00","0.00","0.00","5.00","","0.00","0.00","","",""
"планировка участка в рыбинске","2026-05-21 - 2026-08-18","1.00","0.00","0.00","12.00","","0.00","0.00","","0.00","0.00","","","","0.00","0.00","","","","1.00","0.00","0.00","12.00",""
"газон рулонный изумрудный","2026-05-21 - 2026-08-18","1.00","0.00","0.00","11.00","","0.00","0.00","","0.00","0.00","","","","0.00","0.00","","","","1.00","0.00","0.00","11.00",""
"дренаж в угличе","2026-05-21 - 2026-08-18","1.00","0.00","0.00","8.00","","0.00","0.00","","0.00","0.00","","","","1.00","0.00","0.00","8.00","","0.00","0.00","","",""
"планировка участка под газон ярославль","2026-05-21 - 2026-08-18","1.00","0.00","0.00","25.00","","0.00","0.00","","0.00","0.00","","","","0.00","0.00","","","","1.00","0.00","0.00","25.00",""
"старое тротуарное покрытие демонтируют или снимают, как правильно сказать","2026-05-21 - 2026-08-18","1.00","0.00","0.00","8.00","","0.00","0.00","","0.00","0.00","","","","1.00","0.00","0.00","8.00","","0.00","0.00","","",""
"рыбинск работы по перекладке тротуарной плитки","2026-05-21 - 2026-08-18","1.00","0.00","0.00","12.00","","0.00","0.00","","0.00","0.00","","","","0.00","0.00","","","","1.00","0.00","0.00","12.00",""
"печь ярославль рыбинск","2026-05-21 - 2026-08-18","1.00","0.00","0.00","13.00","","0.00","0.00","","0.00","0.00","","","","0.00","0.00","","","","1.00","0.00","0.00","13.00",""
"выровнять участок на даче ярославль в пределах мкад tehno niki-ру","2026-05-21 - 2026-08-18","1.00","0.00","0.00","7.00","","0.00","0.00","","0.00","0.00","","","","1.00","0.00","0.00","7.00","","0.00","0.00","","",""
"дачный участок под ключи","2026-05-21 - 2026-08-18","1.00","0.00","0.00","5.00","","0.00","0.00","","0.00","0.00","","","","1.00","0.00","0.00","5.00","","0.00","0.00","","",""
"дренаж ярославль стоимость","2026-05-21 - 2026-08-18","1.00","0.00","0.00","8.00","","0.00","0.00","","0.00","0.00","","","","1.00","0.00","0.00","8.00","","0.00","0.00","","",""
"снять старую тротуарную плитку и положить новую","2026-05-21 - 2026-08-18","1.00","0.00","0.00","5.00","","0.00","0.00","","0.00","0.00","","","","1.00","0.00","0.00","5.00","","0.00","0.00","","",""
"заезд на участок купить","2026-05-21 - 2026-08-18","1.00","0.00","0.00","8.00","","0.00","0.00","","0.00","0.00","","","","1.00","0.00","0.00","8.00","","0.00","0.00","","",""
"ландшафтный дизайнер ярославль","2026-05-21 - 2026-08-18","1.00","0.00","0.00","47.00","","0.00","0.00","","0.00","0.00","","","","0.00","0.00","","","","1.00","0.00","0.00","47.00",""
"участок благоустройство","2026-05-21 - 2026-08-18","1.00","0.00","0.00","6.00","","0.00","0.00","","0.00","0.00","","","","1.00","0.00","0.00","6.00","","0.00","0.00","","",""
"стоимость укладки тротуарной плитки за м2 в ярославле","2026-05-21 - 2026-08-18","1.00","0.00","0.00","13.00","","0.00","0.00","","0.00","0.00","","","","0.00","0.00","","","","1.00","0.00","0.00","13.00",""
"укладка тротуарной плитки в переславле","2026-05-21 - 2026-08-18","1.00","0.00","0.00","5.00","","0.00","0.00","","0.00","0.00","","","","1.00","0.00","0.00","5.00","","0.00","0.00","","",""
"продажа и установка барбекю в рыбинске и рыбинском районе","2026-05-21 - 2026-08-18","1.00","1.00","100.00","4.00","4.00","0.00","0.00","","0.00","0.00","","","","1.00","1.00","100.00","4.00","4.00","0.00","0.00","","",""
"как рассчитать стоимость работ и материалов дренажа участка 10 соток","2026-05-21 - 2026-08-18","1.00","0.00","0.00","8.00","","0.00","0.00","","0.00","0.00","","","","1.00","0.00","0.00","8.00","","0.00","0.00","","",""
"благоустройство под ключ","2026-05-21 - 2026-08-18","1.00","0.00","0.00","7.00","","0.00","0.00","","0.00","0.00","","","","1.00","0.00","0.00","7.00","","0.00","0.00","","",""
"стоимость благоустройства территории за м2 калькулятор гео услуги","2026-05-21 - 2026-08-18","1.00","0.00","0.00","11.00","","0.00","0.00","","0.00","0.00","","","","0.00","0.00","","","","1.00","0.00","0.00","11.00",""
"можно ли поверх тротуарной плитки положить другую плитку?","2026-05-21 - 2026-08-18","1.00","0.00","0.00","4.00","","0.00","0.00","","0.00","0.00","","","","1.00","0.00","0.00","4.00","","0.00","0.00","","",""
"тротуарная плитка цена за работу","2026-05-21 - 2026-08-18","1.00","0.00","0.00","9.00","","0.00","0.00","","0.00","0.00","","","","1.00","0.00","0.00","9.00","","0.00","0.00","","",""
"выровнять участок на даче ярославль уцененный tehno-ники-ru","2026-05-21 - 2026-08-18","1.00","0.00","0.00","7.00","","0.00","0.00","","0.00","0.00","","","","1.00","0.00","0.00","7.00","","0.00","0.00","","",""
"тёплая отмостка вокруг дома ярославль","2026-05-21 - 2026-08-18","1.00","0.00","0.00","6.00","","0.00","0.00","","0.00","0.00","","","","1.00","0.00","0.00","6.00","","0.00","0.00","","",""
"ландшафт ярославль","2026-05-21 - 2026-08-18","1.00","0.00","0.00","38.00","","0.00","0.00","","0.00","0.00","","","","0.00","0.00","","","","1.00","0.00","0.00","38.00",""
"благоустройство участка ярославль","2026-05-21 - 2026-08-18","1.00","0.00","0.00","12.00","","0.00","0.00","","0.00","0.00","","","","0.00","0.00","","","","1.00","0.00","0.00","12.00",""
"укрепление участка из булыжников на даче ярославль","2026-05-21 - 2026-08-18","1.00","0.00","0.00","10.00","","0.00","0.00","","0.00","0.00","","","","1.00","0.00","0.00","10.00","","0.00","0.00","","",""
"расчет стоимости содержания парковой территории калькулятор онлайн","2026-05-21 - 2026-08-18","1.00","0.00","0.00","3.00","","0.00","0.00","","1.00","0.00","0.00","3.00","","0.00","0.00","","","","0.00","0.00","","",""
"вывешивание дома ярославская область","2026-05-21 - 2026-08-18","1.00","0.00","0.00","11.00","","0.00","0.00","","0.00","0.00","","","","0.00","0.00","","","","1.00","0.00","0.00","11.00",""
"как написать смету на укладку тротуарной плитки","2026-05-21 - 2026-08-18","1.00","0.00","0.00","12.00","","0.00","0.00","","0.00","0.00","","","","0.00","0.00","","","","1.00","0.00","0.00","12.00",""
"газон рулонный авито рыбинск","2026-05-21 - 2026-08-18","1.00","0.00","0.00","7.00","","0.00","0.00","","0.00","0.00","","","","1.00","0.00","0.00","7.00","","0.00","0.00","","",""
"услуга уход за дачным участком","2026-05-21 - 2026-08-18","1.00","0.00","0.00","4.00","","0.00","0.00","","0.00","0.00","","","","1.00","0.00","0.00","4.00","","0.00","0.00","","",""
"сколько стоит благоустройство","2026-05-21 - 2026-08-18","1.00","0.00","0.00","12.00","","0.00","0.00","","0.00","0.00","","","","0.00","0.00","","","","1.00","0.00","0.00","12.00",""
"сколько стоит сделать участок под ключ","2026-05-21 - 2026-08-18","1.00","0.00","0.00","9.00","","0.00","0.00","","0.00","0.00","","","","1.00","0.00","0.00","9.00","","0.00","0.00","","",""
"дренаж отвод воды сада в ярославле","2026-05-21 - 2026-08-18","1.00","0.00","0.00","7.00","","0.00","0.00","","0.00","0.00","","","","1.00","0.00","0.00","7.00","","0.00","0.00","","",""
"рулонный газон цена за м2 живой под ключ рыбинск","2026-05-21 - 2026-08-18","1.00","0.00","0.00","7.00","","0.00","0.00","","0.00","0.00","","","","1.00","0.00","0.00","7.00","","0.00","0.00","","",""
"рыбинск снос домов","2026-05-21 - 2026-08-18","1.00","0.00","0.00","18.00","","0.00","0.00","","0.00","0.00","","","","0.00","0.00","","","","1.00","0.00","0.00","18.00",""
"укладка плитки поверх старой плитки тротуарной","2026-05-21 - 2026-08-18","1.00","0.00","0.00","2.00","","0.00","0.00","","1.00","0.00","0.00","2.00","","0.00","0.00","","","","0.00","0.00","","",""
"рыбинск подать заявку на благоустройство двора","2026-05-21 - 2026-08-18","1.00","0.00","0.00","12.00","","0.00","0.00","","0.00","0.00","","","","0.00","0.00","","","","1.00","0.00","0.00","12.00",""
"планировка участка ярославль ярославский (областной) миниpogruzchiki-ру","2026-05-21 - 2026-08-18","1.00","0.00","0.00","6.00","","0.00","0.00","","0.00","0.00","","","","1.00","0.00","0.00","6.00","","0.00","0.00","","",""
"выровнять участок на даче ярославль доступная стоимость tehno-niki","2026-05-21 - 2026-08-18","1.00","0.00","0.00","10.00","","0.00","0.00","","0.00","0.00","","","","1.00","0.00","0.00","10.00","","0.00","0.00","","",""
"ливневки ярославль проет","2026-05-21 - 2026-08-18","1.00","0.00","0.00","5.00","","0.00","0.00","","0.00","0.00","","","","1.00","0.00","0.00","5.00","","0.00","0.00","","",""
"посев травы газонной услуга рыбинск","2026-05-21 - 2026-08-18","1.00","0.00","0.00","4.00","","0.00","0.00","","0.00","0.00","","","","1.00","0.00","0.00","4.00","","0.00","0.00","","",""
"навес для автомобиля из поликарбоната рыбинск","2026-05-21 - 2026-08-18","1.00","0.00","0.00","29.00","","0.00","0.00","","0.00","0.00","","","","0.00","0.00","","","","1.00","0.00","0.00","29.00",""
"выполним работы по благоустройству территории","2026-05-21 - 2026-08-18","1.00","0.00","0.00","5.00","","0.00","0.00","","0.00","0.00","","","","1.00","0.00","0.00","5.00","","0.00","0.00","","",""
"грязные участки","2026-05-21 - 2026-08-18","1.00","0.00","0.00","7.00","","0.00","0.00","","0.00","0.00","","","","1.00","0.00","0.00","7.00","","0.00","0.00","","",""
"рыбинск, услуги по благоустройству садовых участков","2026-05-21 - 2026-08-18","1.00","0.00","0.00","9.00","","0.00","0.00","","0.00","0.00","","","","1.00","0.00","0.00","9.00","","0.00","0.00","","",""
"выровнять участок на даче ярославль эконом tehnoniki-ру","2026-05-21 - 2026-08-18","1.00","0.00","0.00","7.00","","0.00","0.00","","0.00","0.00","","","","1.00","0.00","0.00","7.00","","0.00","0.00","","",""
"услуги по работам ав саду","2026-05-21 - 2026-08-18","1.00","0.00","0.00","10.00","","0.00","0.00","","0.00","0.00","","","","1.00","0.00","0.00","10.00","","0.00","0.00","","",""
"купить землю в ярославле под строительство дома калькулятор стоимости юкскаваторыаренда-ru","2026-05-21 - 2026-08-18","1.00","0.00","0.00","28.00","","0.00","0.00","","0.00","0.00","","","","0.00","0.00","","","","1.00","0.00","0.00","28.00",""
"key_phrase : посадка деревьев в ярославле","2026-05-21 - 2026-08-18","1.00","0.00","0.00","32.00","","0.00","0.00","","0.00","0.00","","","","0.00","0.00","","","","1.00","0.00","0.00","32.00",""
"дренирование почвы в ярославле","2026-05-21 - 2026-08-18","1.00","0.00","0.00","2.00","","0.00","0.00","","1.00","0.00","0.00","2.00","","0.00","0.00","","","","0.00","0.00","","",""
"форум петровское ярославская область благоустройство участков бригада форум","2026-05-21 - 2026-08-18","1.00","0.00","0.00","8.00","","0.00","0.00","","0.00","0.00","","","","1.00","0.00","0.00","8.00","","0.00","0.00","","",""
"газон в ярославской области","2026-05-21 - 2026-08-18","1.00","0.00","0.00","7.00","","0.00","0.00","","0.00","0.00","","","","1.00","0.00","0.00","7.00","","0.00","0.00","","",""
"деревья свингино","2026-05-21 - 2026-08-18","1.00","0.00","0.00","7.00","","0.00","0.00","","0.00","0.00","","","","1.00","0.00","0.00","7.00","","0.00","0.00","","",""
"выравнивание участка ярославль минимум tehno ники","2026-05-21 - 2026-08-18","1.00","0.00","0.00","10.00","","0.00","0.00","","0.00","0.00","","","","1.00","0.00","0.00","10.00","","0.00","0.00","","",""
"выполнить работу по оформлению склона участка в рыбинске","2026-05-21 - 2026-08-18","1.00","0.00","0.00","5.00","","0.00","0.00","","0.00","0.00","","","","1.00","0.00","0.00","5.00","","0.00","0.00","","",""
"u hs,bycr rfrbt yfdtcs gjl fdnjvj,bkm rnj cnhjbn","2026-05-21 - 2026-08-18","1.00","0.00","0.00","11.00","","0.00","0.00","","0.00","0.00","","","","0.00","0.00","","","","1.00","0.00","0.00","11.00",""
"благоустройство территории подрядчик","2026-05-21 - 2026-08-18","1.00","0.00","0.00","10.00","","0.00","0.00","","0.00","0.00","","","","1.00","0.00","0.00","10.00","","0.00","0.00","","",""
"выравнивание участка ярославль уцененный техноники ру","2026-05-21 - 2026-08-18","1.00","0.00","0.00","5.00","","0.00","0.00","","0.00","0.00","","","","1.00","0.00","0.00","5.00","","0.00","0.00","","",""
"автополив газонов ярославль","2026-05-21 - 2026-08-18","1.00","0.00","0.00","14.00","","0.00","0.00","","0.00","0.00","","","","0.00","0.00","","","","1.00","0.00","0.00","14.00",""
"расчет благоустройства онлайн","2026-05-21 - 2026-08-18","1.00","0.00","0.00","10.00","","0.00","0.00","","0.00","0.00","","","","1.00","0.00","0.00","10.00","","0.00","0.00","","",""
"дерн виды для ярославской области","2026-05-21 - 2026-08-18","1.00","0.00","0.00","4.00","","0.00","0.00","","0.00","0.00","","","","1.00","0.00","0.00","4.00","","0.00","0.00","","",""
"обустройство частного участка в ярославской области эконом класс это сколько в рублях","2026-05-21 - 2026-08-18","1.00","0.00","0.00","9.00","","0.00","0.00","","0.00","0.00","","","","1.00","0.00","0.00","9.00","","0.00","0.00","","",""
"армогрунтовые подпорные стены в ярославле","2026-05-21 - 2026-08-18","1.00","0.00","0.00","14.00","","0.00","0.00","","0.00","0.00","","","","0.00","0.00","","","","1.00","0.00","0.00","14.00",""
"какую иву выбрать для осушения участка","2026-05-21 - 2026-08-18","1.00","0.00","0.00","12.00","","0.00","0.00","","0.00","0.00","","","","0.00","0.00","","","","1.00","0.00","0.00","12.00",""
"планировка участка цена в рыбинске","2026-05-21 - 2026-08-18","1.00","0.00","0.00","8.00","","0.00","0.00","","0.00","0.00","","","","1.00","0.00","0.00","8.00","","0.00","0.00","","",""
"выровнять участок на даче ярославль ярославская область tehno-ники-ru","2026-05-21 - 2026-08-18","1.00","0.00","0.00","10.00","","0.00","0.00","","0.00","0.00","","","","1.00","0.00","0.00","10.00","","0.00","0.00","","",""
"яма для авто в рыбинске","2026-05-21 - 2026-08-18","1.00","0.00","0.00","9.00","","0.00","0.00","","0.00","0.00","","","","1.00","0.00","0.00","9.00","","0.00","0.00","","",""
"снос зданий и сооружений ярославская область","2026-05-21 - 2026-08-18","1.00","0.00","0.00","12.00","","0.00","0.00","","0.00","0.00","","","","0.00","0.00","","","","1.00","0.00","0.00","12.00",""
"авито благоустройство участка","2026-05-21 - 2026-08-18","1.00","0.00","0.00","2.00","","0.00","0.00","","1.00","0.00","0.00","2.00","","0.00","0.00","","","","0.00","0.00","","",""
"просела плитка в ограде что делать можно ли сверху уложить плитку","2026-05-21 - 2026-08-18","1.00","0.00","0.00","10.00","","0.00","0.00","","0.00","0.00","","","","1.00","0.00","0.00","10.00","","0.00","0.00","","",""
"благоустройство рыбинск ярославская область","2026-05-21 - 2026-08-18","1.00","0.00","0.00","10.00","","0.00","0.00","","0.00","0.00","","","","1.00","0.00","0.00","10.00","","0.00","0.00","","",""
"благоустройство записбо услуги","2026-05-21 - 2026-08-18","1.00","0.00","0.00","6.00","","0.00","0.00","","0.00","0.00","","","","1.00","0.00","0.00","6.00","","0.00","0.00","","",""
"рыбинск дизайнеры зоны отдыха на даче пруд","2026-05-21 - 2026-08-18","1.00","0.00","0.00","10.00","","0.00","0.00","","0.00","0.00","","","","1.00","0.00","0.00","10.00","","0.00","0.00","","",""
"дренажная система вокруг дома цена под ключ ярославль","2026-05-21 - 2026-08-18","1.00","0.00","0.00","6.00","","0.00","0.00","","0.00","0.00","","","","1.00","0.00","0.00","6.00","","0.00","0.00","","",""
"стоимость мелиорации участка","2026-05-21 - 2026-08-18","1.00","0.00","0.00","41.00","","0.00","0.00","","0.00","0.00","","","","0.00","0.00","","","","1.00","0.00","0.00","41.00",""
"проектные работы арефино","2026-05-21 - 2026-08-18","1.00","1.00","100.00","6.00","6.00","0.00","0.00","","0.00","0.00","","","","1.00","1.00","100.00","6.00","6.00","0.00","0.00","","",""
"key_phrase : благоустройство рыбинска","2026-05-21 - 2026-08-18","1.00","0.00","0.00","7.00","","0.00","0.00","","0.00","0.00","","","","1.00","0.00","0.00","7.00","","0.00","0.00","","",""
"как сделать корректировку дачного участка в рыбинске","2026-05-21 - 2026-08-18","1.00","0.00","0.00","11.00","","0.00","0.00","","0.00","0.00","","","","0.00","0.00","","","","1.00","0.00","0.00","11.00",""
"стоимость благоустройства территории частный двор 300м2 за м2 калькулятор","2026-05-21 - 2026-08-18","1.00","0.00","0.00","14.00","","0.00","0.00","","0.00","0.00","","","","0.00","0.00","","","","1.00","0.00","0.00","14.00",""
"стоимость благоустройства территории за м2 калькулятор онлайн","2026-05-21 - 2026-08-18","1.00","0.00","0.00","8.00","","0.00","0.00","","0.00","0.00","","","","1.00","0.00","0.00","8.00","","0.00","0.00","","",""
"как рассчитать инженерное благоустройство участка","2026-05-21 - 2026-08-18","1.00","0.00","0.00","13.00","","0.00","0.00","","0.00","0.00","","","","0.00","0.00","","","","1.00","0.00","0.00","13.00",""
"пьдъем участка ярославль","2026-05-21 - 2026-08-18","1.00","0.00","0.00","23.00","","0.00","0.00","","0.00","0.00","","","","0.00","0.00","","","","1.00","0.00","0.00","23.00",""
"надо ли менять основание тротуарной плитки при ее замене на новую плитку","2026-05-21 - 2026-08-18","1.00","0.00","0.00","3.00","","0.00","0.00","","1.00","0.00","0.00","3.00","","0.00","0.00","","","","0.00","0.00","","",""
"заявка на освещение улицы город рыбинск","2026-05-21 - 2026-08-18","1.00","0.00","0.00","8.00","","0.00","0.00","","0.00","0.00","","","","1.00","0.00","0.00","8.00","","0.00","0.00","","",""
"выравнивание участка ярославль тариф tehno-ники ru","2026-05-21 - 2026-08-18","1.00","0.00","0.00","6.00","","0.00","0.00","","0.00","0.00","","","","1.00","0.00","0.00","6.00","","0.00","0.00","","",""
"рыбинск ливнёвка","2026-05-21 - 2026-08-18","1.00","0.00","0.00","10.00","","0.00","0.00","","0.00","0.00","","","","1.00","0.00","0.00","10.00","","0.00","0.00","","",""
"зачем поднимать старую плитку и класть заново","2026-05-21 - 2026-08-18","1.00","0.00","0.00","9.00","","0.00","0.00","","0.00","0.00","","","","1.00","0.00","0.00","9.00","","0.00","0.00","","",""
"можно ли класть новую брусчатку на старую","2026-05-21 - 2026-08-18","1.00","0.00","0.00","4.00","","0.00","0.00","","0.00","0.00","","","","1.00","0.00","0.00","4.00","","0.00","0.00","","",""
"сколько стоит заложить плитку на участке 11 соток","2026-05-21 - 2026-08-18","1.00","0.00","0.00","3.00","","0.00","0.00","","1.00","0.00","0.00","3.00","","0.00","0.00","","","","0.00","0.00","","",""
"заезды под ключ ярославль","2026-05-21 - 2026-08-18","1.00","0.00","0.00","8.00","","0.00","0.00","","0.00","0.00","","","","1.00","0.00","0.00","8.00","","0.00","0.00","","",""
"рыбинск ландшафтный дизайн на труда","2026-05-21 - 2026-08-18","1.00","0.00","0.00","9.00","","0.00","0.00","","0.00","0.00","","","","1.00","0.00","0.00","9.00","","0.00","0.00","","",""
"укладка тротуарной плитки под ключ в переславле уена","2026-05-21 - 2026-08-18","1.00","0.00","0.00","6.00","","0.00","0.00","","0.00","0.00","","","","1.00","0.00","0.00","6.00","","0.00","0.00","","",""
"предприятия по благоустройству в ярославской области","2026-05-21 - 2026-08-18","1.00","0.00","0.00","6.00","","0.00","0.00","","0.00","0.00","","","","1.00","0.00","0.00","6.00","","0.00","0.00","","",""
"какие деревья можно посадить на участке в рыбинске","2026-05-21 - 2026-08-18","1.00","0.00","0.00","4.00","","0.00","0.00","","0.00","0.00","","","","1.00","0.00","0.00","4.00","","0.00","0.00","","",""
"монтаж плитняка на старую брусчатку","2026-05-21 - 2026-08-18","1.00","0.00","0.00","7.00","","0.00","0.00","","0.00","0.00","","","","1.00","0.00","0.00","7.00","","0.00","0.00","","",""
"благоустройство ландшафта рыбинск","2026-05-21 - 2026-08-18","1.00","0.00","0.00","1.00","","1.00","0.00","0.00","0.00","0.00","","","","0.00","0.00","","","","0.00","0.00","","",""
"садовник рыбинск тутаев","2026-05-21 - 2026-08-18","1.00","0.00","0.00","6.00","","0.00","0.00","","0.00","0.00","","","","1.00","0.00","0.00","6.00","","0.00","0.00","","",""
"спил дерева в тутаеве к кому обратиться","2026-05-21 - 2026-08-18","1.00","0.00","0.00","8.00","","0.00","0.00","","0.00","0.00","","","","1.00","0.00","0.00","8.00","","0.00","0.00","","",""
"сколько стоит отмостка под ключ ярославль","2026-05-21 - 2026-08-18","1.00","0.00","0.00","7.00","","0.00","0.00","","0.00","0.00","","","","1.00","0.00","0.00","7.00","","0.00","0.00","","",""
"услуги по обустройству дренажных систем в ярославле","2026-05-21 - 2026-08-18","1.00","0.00","0.00","13.00","","0.00","0.00","","0.00","0.00","","","","0.00","0.00","","","","1.00","0.00","0.00","13.00",""
"снести старый дом на дачном участке цена","2026-05-21 - 2026-08-18","1.00","0.00","0.00","16.00","","0.00","0.00","","0.00","0.00","","","","0.00","0.00","","","","1.00","0.00","0.00","16.00",""
"рулонный газон купить в угличе","2026-05-21 - 2026-08-18","1.00","1.00","100.00","11.00","11.00","0.00","0.00","","0.00","0.00","","","","0.00","0.00","","","","1.00","1.00","100.00","11.00","11.00"
"можно ли укладывать брусчатку на старую плитку","2026-05-21 - 2026-08-18","1.00","0.00","0.00","4.00","","0.00","0.00","","0.00","0.00","","","","1.00","0.00","0.00","4.00","","0.00","0.00","","",""
"почему одна плитка просела а другая","2026-05-21 - 2026-08-18","1.00","0.00","0.00","6.00","","0.00","0.00","","0.00","0.00","","","","1.00","0.00","0.00","6.00","","0.00","0.00","","",""
"углич кладка плитки уличная","2026-05-21 - 2026-08-18","1.00","0.00","0.00","5.00","","0.00","0.00","","0.00","0.00","","","","1.00","0.00","0.00","5.00","","0.00","0.00","","",""
"навесы из поликарбоната в рыбинске horoshie zabory","2026-05-21 - 2026-08-18","1.00","0.00","0.00","11.00","","0.00","0.00","","0.00","0.00","","","","0.00","0.00","","","","1.00","0.00","0.00","11.00",""
"каким образом работает для сосны рыбинск посадки","2026-05-21 - 2026-08-18","1.00","0.00","0.00","9.00","","0.00","0.00","","0.00","0.00","","","","1.00","0.00","0.00","9.00","","0.00","0.00","","",""
"выравнивание участка ярославль сделать заказ техно ники-ру","2026-05-21 - 2026-08-18","1.00","0.00","0.00","12.00","","0.00","0.00","","0.00","0.00","","","","0.00","0.00","","","","1.00","0.00","0.00","12.00",""
"навес для автомобиля из металлопрофиля купить в рыбинске","2026-05-21 - 2026-08-18","1.00","0.00","0.00","33.00","","0.00","0.00","","0.00","0.00","","","","0.00","0.00","","","","1.00","0.00","0.00","33.00",""
"снос дачи и вывоз её рыбинск","2026-05-21 - 2026-08-18","1.00","0.00","0.00","11.00","","0.00","0.00","","0.00","0.00","","","","0.00","0.00","","","","1.00","0.00","0.00","11.00",""
"грунтовых вод рыбинск","2026-05-21 - 2026-08-18","1.00","0.00","0.00","14.00","","0.00","0.00","","0.00","0.00","","","","0.00","0.00","","","","1.00","0.00","0.00","14.00",""
"устройство дренажа вокруг дома рыбинск","2026-05-21 - 2026-08-18","1.00","0.00","0.00","5.00","","0.00","0.00","","0.00","0.00","","","","1.00","0.00","0.00","5.00","","0.00","0.00","","",""
"рыбинск помощь на садовом участке","2026-05-21 - 2026-08-18","1.00","0.00","0.00","4.00","","0.00","0.00","","0.00","0.00","","","","1.00","0.00","0.00","4.00","","0.00","0.00","","",""
"старая плитктротуарная","2026-05-21 - 2026-08-18","1.00","0.00","0.00","7.00","","0.00","0.00","","0.00","0.00","","","","1.00","0.00","0.00","7.00","","0.00","0.00","","",""
"авито рыбинск помощь на участке","2026-05-21 - 2026-08-18","1.00","0.00","0.00","12.00","","0.00","0.00","","0.00","0.00","","","","0.00","0.00","","","","1.00","0.00","0.00","12.00",""
"мелиорация , дренаж участка в ярославской области","2026-05-21 - 2026-08-18","1.00","0.00","0.00","9.00","","0.00","0.00","","0.00","0.00","","","","1.00","0.00","0.00","9.00","","0.00","0.00","","",""
"монтаж системы капельного полива углич","2026-05-21 - 2026-08-18","1.00","0.00","0.00","12.00","","0.00","0.00","","0.00","0.00","","","","0.00","0.00","","","","1.00","0.00","0.00","12.00",""
"сделать автополив газона услуга ярославль","2026-05-21 - 2026-08-18","1.00","0.00","0.00","5.00","","0.00","0.00","","0.00","0.00","","","","1.00","0.00","0.00","5.00","","0.00","0.00","","",""
"можно на керамическую плитку ложить тротуарную плитку на улице видео","2026-05-21 - 2026-08-18","1.00","1.00","100.00","4.00","4.00","0.00","0.00","","0.00","0.00","","","","1.00","1.00","100.00","4.00","4.00","0.00","0.00","","",""
"ширина отмостки в ярославской области","2026-05-21 - 2026-08-18","1.00","0.00","0.00","2.00","","0.00","0.00","","1.00","0.00","0.00","2.00","","0.00","0.00","","","","0.00","0.00","","",""
"заезд под ключ на авито тутаев","2026-05-21 - 2026-08-18","1.00","0.00","0.00","4.00","","0.00","0.00","","0.00","0.00","","","","1.00","0.00","0.00","4.00","","0.00","0.00","","",""
"stroycalc расчет благоустройства участка","2026-05-21 - 2026-08-18","1.00","0.00","0.00","7.00","","0.00","0.00","","0.00","0.00","","","","1.00","0.00","0.00","7.00","","0.00","0.00","","",""
"грязь во дворе после дождя что делать","2026-05-21 - 2026-08-18","1.00","0.00","0.00","10.00","","0.00","0.00","","0.00","0.00","","","","1.00","0.00","0.00","10.00","","0.00","0.00","","",""
"рыбинск подсветка деревьев","2026-05-21 - 2026-08-18","1.00","0.00","0.00","12.00","","0.00","0.00","","0.00","0.00","","","","0.00","0.00","","","","1.00","0.00","0.00","12.00",""
"возможна ли укладка новой плитки по старой на участке","2026-05-21 - 2026-08-18","1.00","0.00","0.00","2.00","","0.00","0.00","","1.00","0.00","0.00","2.00","","0.00","0.00","","","","0.00","0.00","","",""
"лесопатолог рыбинск","2026-05-21 - 2026-08-18","1.00","0.00","0.00","5.00","","0.00","0.00","","0.00","0.00","","","","1.00","0.00","0.00","5.00","","0.00","0.00","","",""
"навесы в рыбинске для автомобилей","2026-05-21 - 2026-08-18","1.00","0.00","0.00","11.00","","0.00","0.00","","0.00","0.00","","","","0.00","0.00","","","","1.00","0.00","0.00","11.00",""
"дренаж на участке 6 соток","2026-05-21 - 2026-08-18","1.00","0.00","0.00","9.00","","0.00","0.00","","0.00","0.00","","","","1.00","0.00","0.00","9.00","","0.00","0.00","","",""
"благоустройство рыбинский район","2026-05-21 - 2026-08-18","1.00","0.00","0.00","11.00","","0.00","0.00","","0.00","0.00","","","","0.00","0.00","","","","1.00","0.00","0.00","11.00",""
"вывести воду на участке рыбинск","2026-05-21 - 2026-08-18","1.00","0.00","0.00","8.00","","0.00","0.00","","0.00","0.00","","","","1.00","0.00","0.00","8.00","","0.00","0.00","","",""
"подъес участка ярославль","2026-05-21 - 2026-08-18","1.00","0.00","0.00","8.00","","0.00","0.00","","0.00","0.00","","","","1.00","0.00","0.00","8.00","","0.00","0.00","","",""
"key_phrase : ремонт ливнёвок ростов","2026-05-21 - 2026-08-18","1.00","0.00","0.00","48.00","","0.00","0.00","","0.00","0.00","","","","0.00","0.00","","","","1.00","0.00","0.00","48.00",""
"купить навес автомобильный в рыбинске","2026-05-21 - 2026-08-18","1.00","0.00","0.00","12.00","","0.00","0.00","","0.00","0.00","","","","0.00","0.00","","","","1.00","0.00","0.00","12.00",""
"строительство слипов в угличском районе","2026-05-21 - 2026-08-18","1.00","1.00","100.00","5.00","5.00","0.00","0.00","","0.00","0.00","","","","1.00","1.00","100.00","5.00","5.00","0.00","0.00","","",""
"стоимость благоустройства территории за м2 в рыбинске","2026-05-21 - 2026-08-18","1.00","0.00","0.00","5.00","","0.00","0.00","","0.00","0.00","","","","1.00","0.00","0.00","5.00","","0.00","0.00","","",""
"в ярославской области что сажать деревья кусты","2026-05-21 - 2026-08-18","1.00","0.00","0.00","8.00","","0.00","0.00","","0.00","0.00","","","","1.00","0.00","0.00","8.00","","0.00","0.00","","",""
"ландшафтные работы в рыбинсе","2026-05-21 - 2026-08-18","1.00","0.00","0.00","10.00","","0.00","0.00","","0.00","0.00","","","","1.00","0.00","0.00","10.00","","0.00","0.00","","",""
"въездная зона ярославль","2026-05-21 - 2026-08-18","1.00","0.00","0.00","9.00","","0.00","0.00","","0.00","0.00","","","","1.00","0.00","0.00","9.00","","0.00","0.00","","",""
"подготовка план проект участка под строительство рыбинск","2026-05-21 - 2026-08-18","1.00","0.00","0.00","7.00","","0.00","0.00","","0.00","0.00","","","","1.00","0.00","0.00","7.00","","0.00","0.00","","",""
"стоимость благоустройства участка","2026-05-21 - 2026-08-18","1.00","0.00","0.00","12.00","","0.00","0.00","","0.00","0.00","","","","0.00","0.00","","","","1.00","0.00","0.00","12.00",""
"планирование участка ярославская область","2026-05-21 - 2026-08-18","1.00","0.00","0.00","6.00","","0.00","0.00","","0.00","0.00","","","","1.00","0.00","0.00","6.00","","0.00","0.00","","",""
"углич заказать сооружение подъезда к дому через большую канаву","2026-05-21 - 2026-08-18","1.00","0.00","0.00","5.00","","0.00","0.00","","0.00","0.00","","","","1.00","0.00","0.00","5.00","","0.00","0.00","","",""
"поставить колышки по краям участка рыбинск","2026-05-21 - 2026-08-18","1.00","0.00","0.00","5.00","","0.00","0.00","","0.00","0.00","","","","1.00","0.00","0.00","5.00","","0.00","0.00","","",""
"дренаж участка 6 соток схема","2026-05-21 - 2026-08-18","1.00","0.00","0.00","4.00","","0.00","0.00","","0.00","0.00","","","","1.00","0.00","0.00","4.00","","0.00","0.00","","",""
"озеленение рыбинск","2026-05-21 - 2026-08-18","1.00","0.00","0.00","9.00","","0.00","0.00","","0.00","0.00","","","","1.00","0.00","0.00","9.00","","0.00","0.00","","",""
"где в мышкине газоны","2026-05-21 - 2026-08-18","1.00","0.00","0.00","3.00","","0.00","0.00","","1.00","0.00","0.00","3.00","","0.00","0.00","","","","0.00","0.00","","",""
"газон под ключ полесье ярославль","2026-05-21 - 2026-08-18","1.00","0.00","0.00","12.00","","0.00","0.00","","0.00","0.00","","","","0.00","0.00","","","","1.00","0.00","0.00","12.00",""
"стоимость подготовки и заливки отмостки ярославская область","2026-05-21 - 2026-08-18","1.00","0.00","0.00","3.00","","0.00","0.00","","1.00","0.00","0.00","3.00","","0.00","0.00","","","","0.00","0.00","","",""
"жб труба в канаву в рыбинске","2026-05-21 - 2026-08-18","1.00","0.00","0.00","26.00","","0.00","0.00","","0.00","0.00","","","","0.00","0.00","","","","1.00","0.00","0.00","26.00",""
"переезд через канаву","2026-05-21 - 2026-08-18","1.00","0.00","0.00","11.00","","0.00","0.00","","0.00","0.00","","","","0.00","0.00","","","","1.00","0.00","0.00","11.00",""
"стройкальк расчет благоустройства участка","2026-05-21 - 2026-08-18","1.00","0.00","0.00","11.00","","0.00","0.00","","0.00","0.00","","","","0.00","0.00","","","","1.00","0.00","0.00","11.00",""
"цена устройства отмостки частного дома в ярославле","2026-05-21 - 2026-08-18","1.00","0.00","0.00","6.00","","0.00","0.00","","0.00","0.00","","","","1.00","0.00","0.00","6.00","","0.00","0.00","","",""
"прокладка дренажной трубы в геотекстиле и засыпка щебнем цена за метр погонный за работу по переславлю залесскому","2026-05-21 - 2026-08-18","1.00","2.00","200.00","4.00","4.00","0.00","0.00","","0.00","0.00","","","","1.00","2.00","200.00","4.00","4.00","0.00","0.00","","",""
"заказать благоустройство","2026-05-21 - 2026-08-18","1.00","0.00","0.00","4.00","","0.00","0.00","","0.00","0.00","","","","1.00","0.00","0.00","4.00","","0.00","0.00","","",""
"канавка ярославль","2026-05-21 - 2026-08-18","1.00","0.00","0.00","4.00","","0.00","0.00","","0.00","0.00","","","","1.00","0.00","0.00","4.00","","0.00","0.00","","",""
"рыбинск озеленение территории","2026-05-21 - 2026-08-18","1.00","0.00","0.00","6.00","","0.00","0.00","","0.00","0.00","","","","1.00","0.00","0.00","6.00","","0.00","0.00","","",""
"цена отмостки под ключ","2026-05-21 - 2026-08-18","1.00","0.00","0.00","5.00","","0.00","0.00","","0.00","0.00","","","","1.00","0.00","0.00","5.00","","0.00","0.00","","",""
"отмостка вокруг дома цена","2026-05-21 - 2026-08-18","1.00","0.00","0.00","10.00","","0.00","0.00","","0.00","0.00","","","","1.00","0.00","0.00","10.00","","0.00","0.00","","",""
"установка подсветки на деревья ярославская область","2026-05-21 - 2026-08-18","1.00","0.00","0.00","5.00","","0.00","0.00","","0.00","0.00","","","","1.00","0.00","0.00","5.00","","0.00","0.00","","",""
"можно ли на старую тротуарную плитку положить резиновую плитку","2026-05-21 - 2026-08-18","1.00","0.00","0.00","6.00","","0.00","0.00","","0.00","0.00","","","","1.00","0.00","0.00","6.00","","0.00","0.00","","",""
"прайс лист на укладку тротуарной плитки и бордюров","2026-05-21 - 2026-08-18","1.00","0.00","0.00","8.00","","0.00","0.00","","0.00","0.00","","","","1.00","0.00","0.00","8.00","","0.00","0.00","","",""
"заезд на участок рыбинск","2026-05-21 - 2026-08-18","1.00","0.00","0.00","4.00","","0.00","0.00","","0.00","0.00","","","","1.00","0.00","0.00","4.00","","0.00","0.00","","",""
"положить плитку на старую плитку на дорожку","2026-05-21 - 2026-08-18","1.00","1.00","100.00","1.00","1.00","1.00","1.00","100.00","0.00","0.00","","","","0.00","0.00","","","","0.00","0.00","","",""
"рыбинск мощение площади","2026-05-21 - 2026-08-18","1.00","0.00","0.00","10.00","","0.00","0.00","","0.00","0.00","","","","1.00","0.00","0.00","10.00","","0.00","0.00","","",""
"агроном в г рыбинск","2026-05-21 - 2026-08-18","1.00","0.00","0.00","9.00","","0.00","0.00","","0.00","0.00","","","","1.00","0.00","0.00","9.00","","0.00","0.00","","",""
"работы с растениями в рыбинске","2026-05-21 - 2026-08-18","1.00","0.00","0.00","6.00","","0.00","0.00","","0.00","0.00","","","","1.00","0.00","0.00","6.00","","0.00","0.00","","",""
"можно ли положить плитку на старую бетонную дорожку","2026-05-21 - 2026-08-18","1.00","0.00","0.00","36.00","","0.00","0.00","","0.00","0.00","","","","0.00","0.00","","","","1.00","0.00","0.00","36.00",""
"сколько стоит укладка тротуарной плитки","2026-05-21 - 2026-08-18","1.00","0.00","0.00","7.00","","0.00","0.00","","0.00","0.00","","","","1.00","0.00","0.00","7.00","","0.00","0.00","","",""
"корчевание деревьев ярославль минимальная цена ник ооо техно","2026-05-21 - 2026-08-18","1.00","0.00","0.00","14.00","","0.00","0.00","","0.00","0.00","","","","0.00","0.00","","","","1.00","0.00","0.00","14.00",""
"стоимость работ по дренажному полю","2026-05-21 - 2026-08-18","1.00","0.00","0.00","10.00","","0.00","0.00","","0.00","0.00","","","","1.00","0.00","0.00","10.00","","0.00","0.00","","",""
"рыбинск благоустройство дворов проектирование","2026-05-21 - 2026-08-18","1.00","0.00","0.00","6.00","","0.00","0.00","","0.00","0.00","","","","1.00","0.00","0.00","6.00","","0.00","0.00","","",""
"сколько стоит сделать отмостку вокруг дома цена за метр ярославская область","2026-05-21 - 2026-08-18","1.00","0.00","0.00","7.00","","0.00","0.00","","0.00","0.00","","","","1.00","0.00","0.00","7.00","","0.00","0.00","","",""
"монтаж ливневой канализации ярославль","2026-05-21 - 2026-08-18","1.00","0.00","0.00","2.00","","0.00","0.00","","1.00","0.00","0.00","2.00","","0.00","0.00","","","","0.00","0.00","","",""
"навес для райдера","2026-05-21 - 2026-08-18","1.00","0.00","0.00","11.00","","0.00","0.00","","0.00","0.00","","","","0.00","0.00","","","","1.00","0.00","0.00","11.00",""
"отмостка цена за работу в ярославле за метр","2026-05-21 - 2026-08-18","1.00","0.00","0.00","12.00","","0.00","0.00","","0.00","0.00","","","","0.00","0.00","","","","1.00","0.00","0.00","12.00",""
"сколько примерно стоит сделать в рыбинске отмостку вокруг дома в 4 подъезда","2026-05-21 - 2026-08-18","1.00","0.00","0.00","3.00","","0.00","0.00","","1.00","0.00","0.00","3.00","","0.00","0.00","","","","0.00","0.00","","",""
"укладка плитки цена за м2 в переславле-залесском","2026-05-21 - 2026-08-18","1.00","0.00","0.00","13.00","","0.00","0.00","","0.00","0.00","","","","0.00","0.00","","","","1.00","0.00","0.00","13.00",""
"рыбинск работа в огороде или саду","2026-05-21 - 2026-08-18","1.00","0.00","0.00","14.00","","0.00","0.00","","0.00","0.00","","","","0.00","0.00","","","","1.00","0.00","0.00","14.00",""
"кто технические условия на ливневую канализацию в тутаеве","2026-05-21 - 2026-08-18","1.00","0.00","0.00","3.00","","0.00","0.00","","1.00","0.00","0.00","3.00","","0.00","0.00","","","","0.00","0.00","","",""
"подготовка земельного участка рыбинск","2026-05-21 - 2026-08-18","1.00","0.00","0.00","5.00","","0.00","0.00","","0.00","0.00","","","","1.00","0.00","0.00","5.00","","0.00","0.00","","",""
"заказать укладку дорожек из плитки на даче в переславле залесском цена","2026-05-21 - 2026-08-18","1.00","0.00","0.00","4.00","","0.00","0.00","","0.00","0.00","","","","1.00","0.00","0.00","4.00","","0.00","0.00","","",""
"можно ли покласть новую тротуарную плитку на старую на крыльце","2026-05-21 - 2026-08-18","1.00","0.00","0.00","3.00","","0.00","0.00","","1.00","0.00","0.00","3.00","","0.00","0.00","","","","0.00","0.00","","",""
"строительство каминов в рыбинске","2026-05-21 - 2026-08-18","1.00","0.00","0.00","6.00","","0.00","0.00","","0.00","0.00","","","","1.00","0.00","0.00","6.00","","0.00","0.00","","",""
"отмостка рыбинск","2026-05-21 - 2026-08-18","1.00","0.00","0.00","6.00","","0.00","0.00","","0.00","0.00","","","","1.00","0.00","0.00","6.00","","0.00","0.00","","",""
"организации которые занимаются строительством и обустройством загородного участка в ярославле","2026-05-21 - 2026-08-18","1.00","0.00","0.00","7.00","","0.00","0.00","","0.00","0.00","","","","1.00","0.00","0.00","7.00","","0.00","0.00","","",""
"онлайн расчет стоимости дренажа участка","2026-05-21 - 2026-08-18","1.00","0.00","0.00","6.00","","0.00","0.00","","0.00","0.00","","","","1.00","0.00","0.00","6.00","","0.00","0.00","","",""
"дренаж участка в ярославской области","2026-05-21 - 2026-08-18","1.00","0.00","0.00","10.00","","0.00","0.00","","0.00","0.00","","","","1.00","0.00","0.00","10.00","","0.00","0.00","","",""
"можно ли укладывать новую плитку поверх старой для дорожек","2026-05-21 - 2026-08-18","1.00","0.00","0.00","4.00","","0.00","0.00","","0.00","0.00","","","","1.00","0.00","0.00","4.00","","0.00","0.00","","",""
"технология ярославль благоустройство территории","2026-05-21 - 2026-08-18","1.00","0.00","0.00","6.00","","0.00","0.00","","0.00","0.00","","","","1.00","0.00","0.00","6.00","","0.00","0.00","","",""
"сайт по благоустройству","2026-05-21 - 2026-08-18","1.00","0.00","0.00","1.00","","1.00","0.00","0.00","0.00","0.00","","","","0.00","0.00","","","","0.00","0.00","","",""
"какую киянку надо для плитки","2026-05-21 - 2026-08-18","1.00","0.00","0.00","9.00","","0.00","0.00","","0.00","0.00","","","","1.00","0.00","0.00","9.00","","0.00","0.00","","",""
"установка тротуарной плитки в переславле залесском","2026-05-21 - 2026-08-18","1.00","0.00","0.00","4.00","","0.00","0.00","","0.00","0.00","","","","1.00","0.00","0.00","4.00","","0.00","0.00","","",""
"стоимость проектных работ по дренажу калькулятор","2026-05-21 - 2026-08-18","1.00","0.00","0.00","10.00","","0.00","0.00","","0.00","0.00","","","","1.00","0.00","0.00","10.00","","0.00","0.00","","",""
"положить трубу в канаву и засыпатьпескомилигравием в угличском районе","2026-05-21 - 2026-08-18","1.00","0.00","0.00","8.00","","0.00","0.00","","0.00","0.00","","","","1.00","0.00","0.00","8.00","","0.00","0.00","","",""
"ремонт отмостки ярославль","2026-05-21 - 2026-08-18","1.00","0.00","0.00","10.00","","0.00","0.00","","0.00","0.00","","","","1.00","0.00","0.00","10.00","","0.00","0.00","","",""
"можно ли уложить тротуарную плитку на старую плитку","2026-05-21 - 2026-08-18","1.00","0.00","0.00","3.00","","0.00","0.00","","1.00","0.00","0.00","3.00","","0.00","0.00","","","","0.00","0.00","","",""
"лучшие ландшафтные дизайны участков в рыбинске","2026-05-21 - 2026-08-18","1.00","0.00","0.00","12.00","","0.00","0.00","","0.00","0.00","","","","0.00","0.00","","","","1.00","0.00","0.00","12.00",""
"выровнять участок на даче ярославль с уценкой техно-niki-ру","2026-05-21 - 2026-08-18","1.00","0.00","0.00","7.00","","0.00","0.00","","0.00","0.00","","","","1.00","0.00","0.00","7.00","","0.00","0.00","","",""
"на балтийской клалут старую иои новую плитку","2026-05-21 - 2026-08-18","1.00","0.00","0.00","8.00","","0.00","0.00","","0.00","0.00","","","","1.00","0.00","0.00","8.00","","0.00","0.00","","",""
"калькулятор себестоимость материалов и работ дренаж","2026-05-21 - 2026-08-18","1.00","0.00","0.00","10.00","","0.00","0.00","","0.00","0.00","","","","1.00","0.00","0.00","10.00","","0.00","0.00","","",""
"благоустройство за забором участка ярославская область","2026-05-21 - 2026-08-18","1.00","0.00","0.00","6.00","","0.00","0.00","","0.00","0.00","","","","1.00","0.00","0.00","6.00","","0.00","0.00","","",""
"можно ли на старую тротуарную плитку положить новую","2026-05-21 - 2026-08-18","1.00","1.00","100.00","3.00","3.00","0.00","0.00","","1.00","1.00","100.00","3.00","3.00","0.00","0.00","","","","0.00","0.00","","",""
"можно ли брусчатку ложить на старую","2026-05-21 - 2026-08-18","1.00","1.00","100.00","4.00","4.00","0.00","0.00","","0.00","0.00","","","","1.00","1.00","100.00","4.00","4.00","0.00","0.00","","",""
"тутаев укладка тротуарной плитки цена","2026-05-21 - 2026-08-18","1.00","0.00","0.00","8.00","","0.00","0.00","","0.00","0.00","","","","1.00","0.00","0.00","8.00","","0.00","0.00","","",""
"расчет стоимости обслуживания благоустроенной территории калькулятор онлайн","2026-05-21 - 2026-08-18","1.00","0.00","0.00","2.00","","0.00","0.00","","1.00","0.00","0.00","2.00","","0.00","0.00","","","","0.00","0.00","","",""
"укладка новой тротуарной плитки поверх старой","2026-05-21 - 2026-08-18","1.00","1.00","100.00","2.00","2.00","0.00","0.00","","1.00","1.00","100.00","2.00","2.00","0.00","0.00","","","","0.00","0.00","","",""
"изготовление въезда на участок рыбинский район","2026-05-21 - 2026-08-18","1.00","0.00","0.00","5.00","","0.00","0.00","","0.00","0.00","","","","1.00","0.00","0.00","5.00","","0.00","0.00","","",""
"ландшафтный дизайнер коприно","2026-05-21 - 2026-08-18","1.00","1.00","100.00","2.00","2.00","0.00","0.00","","1.00","1.00","100.00","2.00","2.00","0.00","0.00","","","","0.00","0.00","","",""
"металлическая конструкция при въезде в рыбинск","2026-05-21 - 2026-08-18","1.00","0.00","0.00","12.00","","0.00","0.00","","0.00","0.00","","","","0.00","0.00","","","","1.00","0.00","0.00","12.00",""
"мелиорация дренаж участка в тутаеве","2026-05-21 - 2026-08-18","1.00","0.00","0.00","14.00","","0.00","0.00","","0.00","0.00","","","","0.00","0.00","","","","1.00","0.00","0.00","14.00",""
"выровнять участок на даче ярославль оформить техно niki","2026-05-21 - 2026-08-18","1.00","0.00","0.00","10.00","","0.00","0.00","","0.00","0.00","","","","1.00","0.00","0.00","10.00","","0.00","0.00","","",""
"сколько примерно стоит сделать в рыбинске отмостку вокруг дома в 4 подъезда асфальтом","2026-05-21 - 2026-08-18","1.00","0.00","0.00","4.00","","0.00","0.00","","0.00","0.00","","","","1.00","0.00","0.00","4.00","","0.00","0.00","","",""
"можно ли на старую затяжку шахтную класть плитку во дворе","2026-05-21 - 2026-08-18","1.00","1.00","100.00","9.00","9.00","0.00","0.00","","0.00","0.00","","","","1.00","1.00","100.00","9.00","9.00","0.00","0.00","","",""
"сколько стоит квадратный метр положить тротуарную плитку под ключ в ярославле","2026-05-21 - 2026-08-18","1.00","0.00","0.00","9.00","","0.00","0.00","","0.00","0.00","","","","1.00","0.00","0.00","9.00","","0.00","0.00","","",""
"заказы на работу других участков расчеты стоимости","2026-05-21 - 2026-08-18","1.00","0.00","0.00","10.00","","0.00","0.00","","0.00","0.00","","","","1.00","0.00","0.00","10.00","","0.00","0.00","","",""
"можно положить кафель на тротуарную плитку","2026-05-21 - 2026-08-18","1.00","0.00","0.00","6.00","","0.00","0.00","","0.00","0.00","","","","1.00","0.00","0.00","6.00","","0.00","0.00","","",""
"ландшафтное проектирование и строительство","2026-05-21 - 2026-08-18","1.00","0.00","0.00","6.00","","0.00","0.00","","0.00","0.00","","","","1.00","0.00","0.00","6.00","","0.00","0.00","","",""
"купить мостик через канаву в рыбинске","2026-05-21 - 2026-08-18","1.00","0.00","0.00","29.00","","0.00","0.00","","0.00","0.00","","","","0.00","0.00","","","","1.00","0.00","0.00","29.00",""
"строительная фирма в мариевке рыбинск","2026-05-21 - 2026-08-18","1.00","0.00","0.00","10.00","","0.00","0.00","","0.00","0.00","","","","1.00","0.00","0.00","10.00","","0.00","0.00","","",""
"ярославль осушение участков","2026-05-21 - 2026-08-18","1.00","1.00","100.00","4.00","4.00","0.00","0.00","","0.00","0.00","","","","1.00","1.00","100.00","4.00","4.00","0.00","0.00","","",""
"как обновить старую тротуарную плитку с добавлением новой плитки","2026-05-21 - 2026-08-18","1.00","0.00","0.00","6.00","","0.00","0.00","","0.00","0.00","","","","1.00","0.00","0.00","6.00","","0.00","0.00","","",""
"можно ли клеить керамогранит на старую плитку тротуарную на улице","2026-05-21 - 2026-08-18","1.00","0.00","0.00","10.00","","0.00","0.00","","0.00","0.00","","","","1.00","0.00","0.00","10.00","","0.00","0.00","","",""
"погонный метр сколько стоит дренаж в городе ярославль","2026-05-21 - 2026-08-18","1.00","0.00","0.00","8.00","","0.00","0.00","","0.00","0.00","","","","1.00","0.00","0.00","8.00","","0.00","0.00","","",""
"навес под машину в ростове ярославском","2026-05-21 - 2026-08-18","1.00","0.00","0.00","29.00","","0.00","0.00","","0.00","0.00","","","","0.00","0.00","","","","1.00","0.00","0.00","29.00",""
"ярославль спил деревьев","2026-05-21 - 2026-08-18","1.00","0.00","0.00","47.00","","0.00","0.00","","0.00","0.00","","","","0.00","0.00","","","","1.00","0.00","0.00","47.00",""
"d брейтово под машину навес","2026-05-21 - 2026-08-18","1.00","0.00","0.00","3.00","","0.00","0.00","","1.00","0.00","0.00","3.00","","0.00","0.00","","","","0.00","0.00","","",""
"как на собственном участке переложить старую плитку на новую","2026-05-21 - 2026-08-18","1.00","1.00","100.00","3.00","3.00","0.00","0.00","","1.00","1.00","100.00","3.00","3.00","0.00","0.00","","","","0.00","0.00","","",""
"укладка плитки на даче под ключ","2026-05-21 - 2026-08-18","1.00","0.00","0.00","12.00","","0.00","0.00","","0.00","0.00","","","","0.00","0.00","","","","1.00","0.00","0.00","12.00",""
"установка тротуарная плитка к дому цена ярославль","2026-05-21 - 2026-08-18","1.00","0.00","0.00","11.00","","0.00","0.00","","0.00","0.00","","","","0.00","0.00","","","","1.00","0.00","0.00","11.00",""
"снос зданий и сооружениф","2026-05-21 - 2026-08-18","1.00","0.00","0.00","21.00","","0.00","0.00","","0.00","0.00","","","","0.00","0.00","","","","1.00","0.00","0.00","21.00",""
"рыбинск навесы для автомобиля","2026-05-21 - 2026-08-18","1.00","0.00","0.00","25.00","","0.00","0.00","","0.00","0.00","","","","0.00","0.00","","","","1.00","0.00","0.00","25.00",""
"ярославская область город рыбинск .заказать сделать отмостку дома","2026-05-21 - 2026-08-18","1.00","0.00","0.00","5.00","","0.00","0.00","","0.00","0.00","","","","1.00","0.00","0.00","5.00","","0.00","0.00","","",""
"d м‍аш͏ин⁠у н͏аве͏с бhе‍й‍т͏ово gjд","2026-05-21 - 2026-08-18","1.00","0.00","0.00","11.00","","0.00","0.00","","0.00","0.00","","","","0.00","0.00","","","","1.00","0.00","0.00","11.00",""
"благоустройство участков в частном доме в ярославле","2026-05-21 - 2026-08-18","1.00","0.00","0.00","12.00","","0.00","0.00","","0.00","0.00","","","","0.00","0.00","","","","1.00","0.00","0.00","12.00",""
"рыбинск подрядчики укладка тротуарной плитки на соборной площади","2026-05-21 - 2026-08-18","1.00","0.00","0.00","13.00","","0.00","0.00","","0.00","0.00","","","","0.00","0.00","","","","1.00","0.00","0.00","13.00",""
"спилить дерево в рыбинске и районе","2026-05-21 - 2026-08-18","1.00","0.00","0.00","13.00","","0.00","0.00","","0.00","0.00","","","","0.00","0.00","","","","1.00","0.00","0.00","13.00",""
"ярославль строительство патио","2026-05-21 - 2026-08-18","1.00","0.00","0.00","23.00","","0.00","0.00","","0.00","0.00","","","","0.00","0.00","","","","1.00","0.00","0.00","23.00",""
"специалист по дренажу участка","2026-05-21 - 2026-08-18","1.00","0.00","0.00","7.00","","0.00","0.00","","0.00","0.00","","","","1.00","0.00","0.00","7.00","","0.00","0.00","","",""
"расчистка площадки на гражданской в рыбинске","2026-05-21 - 2026-08-18","1.00","0.00","0.00","3.00","","0.00","0.00","","1.00","0.00","0.00","3.00","","0.00","0.00","","","","0.00","0.00","","",""
"на новой отмостке пошли микротрещины это страшно? ответ мастера","2026-05-21 - 2026-08-18","1.00","0.00","0.00","4.00","","0.00","0.00","","0.00","0.00","","","","1.00","0.00","0.00","4.00","","0.00","0.00","","",""
"создать клумбу рыбинск","2026-05-21 - 2026-08-18","1.00","0.00","0.00","11.00","","0.00","0.00","","0.00","0.00","","","","0.00","0.00","","","","1.00","0.00","0.00","11.00",""
"сделать въезд на участок через канаву в рыбинске","2026-05-21 - 2026-08-18","1.00","0.00","0.00","9.00","","0.00","0.00","","0.00","0.00","","","","1.00","0.00","0.00","9.00","","0.00","0.00","","",""
"вспольинское поле дренажные системы установка","2026-05-21 - 2026-08-18","1.00","0.00","0.00","19.00","","0.00","0.00","","0.00","0.00","","","","0.00","0.00","","","","1.00","0.00","0.00","19.00",""
"стоимость укладки 1 квадратного метра тротуарной плитки","2026-05-21 - 2026-08-18","1.00","0.00","0.00","11.00","","0.00","0.00","","0.00","0.00","","","","0.00","0.00","","","","1.00","0.00","0.00","11.00",""
"веретьевский рыбинск","2026-05-21 - 2026-08-18","1.00","0.00","0.00","10.00","","0.00","0.00","","0.00","0.00","","","","1.00","0.00","0.00","10.00","","0.00","0.00","","",""
"выполнить работы по сносу дома","2026-05-21 - 2026-08-18","1.00","0.00","0.00","8.00","","0.00","0.00","","0.00","0.00","","","","1.00","0.00","0.00","8.00","","0.00","0.00","","",""
"примерная цена за квадратный метр за укладку тротуарной плитки с материалом","2026-05-21 - 2026-08-18","1.00","1.00","100.00","5.00","5.00","0.00","0.00","","0.00","0.00","","","","1.00","1.00","100.00","5.00","5.00","0.00","0.00","","",""
"стоимость подготовки и заливки отмостки ярославская область прайс","2026-05-21 - 2026-08-18","1.00","0.00","0.00","5.00","","0.00","0.00","","0.00","0.00","","","","1.00","0.00","0.00","5.00","","0.00","0.00","","",""
"можно ли укладывать уличную плитку на старую","2026-05-21 - 2026-08-18","1.00","0.00","0.00","9.00","","0.00","0.00","","0.00","0.00","","","","1.00","0.00","0.00","9.00","","0.00","0.00","","",""
"дренажная система участка в ярославле под ключ","2026-05-21 - 2026-08-18","1.00","0.00","0.00","3.00","","0.00","0.00","","1.00","0.00","0.00","3.00","","0.00","0.00","","","","0.00","0.00","","",""
"калькулятор работ садовых","2026-05-21 - 2026-08-18","1.00","1.00","100.00","5.00","5.00","0.00","0.00","","0.00","0.00","","","","1.00","1.00","100.00","5.00","5.00","0.00","0.00","","",""
"что такое дренажная система на частном участке завражье рыбинск","2026-05-21 - 2026-08-18","1.00","0.00","0.00","8.00","","0.00","0.00","","0.00","0.00","","","","1.00","0.00","0.00","8.00","","0.00","0.00","","",""
"постоянно слякоть перед калиткой после дождя","2026-05-21 - 2026-08-18","1.00","0.00","0.00","8.00","","0.00","0.00","","0.00","0.00","","","","1.00","0.00","0.00","8.00","","0.00","0.00","","",""
"услуги работы по благоустройству территории в ярославле","2026-05-21 - 2026-08-18","1.00","0.00","0.00","18.00","","0.00","0.00","","0.00","0.00","","","","0.00","0.00","","","","1.00","0.00","0.00","18.00",""
"деревья подсветка рыбинск","2026-05-21 - 2026-08-18","1.00","0.00","0.00","11.00","","0.00","0.00","","0.00","0.00","","","","0.00","0.00","","","","1.00","0.00","0.00","11.00",""
"стоимость укладки брусчатки под ключ в переславле залесском цена за квадратный метр","2026-05-21 - 2026-08-18","1.00","0.00","0.00","5.00","","0.00","0.00","","0.00","0.00","","","","1.00","0.00","0.00","5.00","","0.00","0.00","","",""
"установить печь камин в рыбинске","2026-05-21 - 2026-08-18","1.00","0.00","0.00","12.00","","0.00","0.00","","0.00","0.00","","","","0.00","0.00","","","","1.00","0.00","0.00","12.00",""
"грязный участок","2026-05-21 - 2026-08-18","1.00","0.00","0.00","10.00","","0.00","0.00","","0.00","0.00","","","","1.00","0.00","0.00","10.00","","0.00","0.00","","",""
"рыбинск благоустройство территорий","2026-05-21 - 2026-08-18","1.00","0.00","0.00","8.00","","0.00","0.00","","0.00","0.00","","","","1.00","0.00","0.00","8.00","","0.00","0.00","","",""
"как повторить сложный рельеф перенести на плитку","2026-05-21 - 2026-08-18","1.00","0.00","0.00","11.00","","0.00","0.00","","0.00","0.00","","","","0.00","0.00","","","","1.00","0.00","0.00","11.00",""
"можно ли укладывать плитку на старую плитку на улице","2026-05-21 - 2026-08-18","1.00","0.00","0.00","9.00","","0.00","0.00","","0.00","0.00","","","","1.00","0.00","0.00","9.00","","0.00","0.00","","",""
"кладка уличной плитки переславль","2026-05-21 - 2026-08-18","1.00","1.00","100.00","5.00","5.00","0.00","0.00","","0.00","0.00","","","","1.00","1.00","100.00","5.00","5.00","0.00","0.00","","",""
"ремонт брусчатки переславль","2026-05-21 - 2026-08-18","1.00","0.00","0.00","4.00","","0.00","0.00","","0.00","0.00","","","","1.00","0.00","0.00","4.00","","0.00","0.00","","",""
"снос зданий и сооружений ярославль сниженная стоимость техно ники-ru","2026-05-21 - 2026-08-18","1.00","0.00","0.00","11.00","","0.00","0.00","","0.00","0.00","","","","0.00","0.00","","","","1.00","0.00","0.00","11.00",""
"как выглядит дренаж по огороду 10 соток","2026-05-21 - 2026-08-18","1.00","0.00","0.00","7.00","","0.00","0.00","","0.00","0.00","","","","1.00","0.00","0.00","7.00","","0.00","0.00","","",""
"стоимость укладки плитки за м2 с работой и материалом","2026-05-21 - 2026-08-18","1.00","0.00","0.00","13.00","","0.00","0.00","","0.00","0.00","","","","0.00","0.00","","","","1.00","0.00","0.00","13.00",""
"разборка домов в рыбинске","2026-05-21 - 2026-08-18","1.00","0.00","0.00","10.00","","0.00","0.00","","0.00","0.00","","","","1.00","0.00","0.00","10.00","","0.00","0.00","","",""
"бесплатно отдам трубу для канавы в ярославле бесплатно","2026-05-21 - 2026-08-18","1.00","0.00","0.00","12.00","","0.00","0.00","","0.00","0.00","","","","0.00","0.00","","","","1.00","0.00","0.00","12.00",""
"прайс лист на перекладку брусчатки","2026-05-21 - 2026-08-18","1.00","0.00","0.00","11.00","","0.00","0.00","","0.00","0.00","","","","0.00","0.00","","","","1.00","0.00","0.00","11.00",""
"на прессованной земле в одном месте остаётся вода после дождя что сделать","2026-05-21 - 2026-08-18","1.00","0.00","0.00","10.00","","0.00","0.00","","0.00","0.00","","","","1.00","0.00","0.00","10.00","","0.00","0.00","","",""
"выложить тротуарную плитку на даче цена работы","2026-05-21 - 2026-08-18","1.00","0.00","0.00","12.00","","0.00","0.00","","0.00","0.00","","","","0.00","0.00","","","","1.00","0.00","0.00","12.00",""
"ярославль грунтовые работы осушение участков","2026-05-21 - 2026-08-18","1.00","0.00","0.00","4.00","","0.00","0.00","","0.00","0.00","","","","1.00","0.00","0.00","4.00","","0.00","0.00","","",""
"расчистка земельного участка под строительство с уценкой технотылы","2026-05-21 - 2026-08-18","1.00","0.00","0.00","8.00","","0.00","0.00","","0.00","0.00","","","","1.00","0.00","0.00","8.00","","0.00","0.00","","",""
"дренаж участка | дренаж вокруг дома | ярославль","2026-05-21 - 2026-08-18","1.00","0.00","0.00","8.00","","0.00","0.00","","0.00","0.00","","","","1.00","0.00","0.00","8.00","","0.00","0.00","","",""
"проект благоустройства участка","2026-05-21 - 2026-08-18","1.00","0.00","0.00","5.00","","0.00","0.00","","0.00","0.00","","","","1.00","0.00","0.00","5.00","","0.00","0.00","","",""
"выровнять участок на даче ярославль яо миниpogruzchiki-ru","2026-05-21 - 2026-08-18","1.00","0.00","0.00","10.00","","0.00","0.00","","0.00","0.00","","","","1.00","0.00","0.00","10.00","","0.00","0.00","","",""
"брусчатка в рыбинске уложена","2026-05-21 - 2026-08-18","1.00","0.00","0.00","7.00","","0.00","0.00","","0.00","0.00","","","","1.00","0.00","0.00","7.00","","0.00","0.00","","",""
"проекты придомовых территорий рыбинск","2026-05-21 - 2026-08-18","1.00","1.00","100.00","4.00","4.00","0.00","0.00","","0.00","0.00","","","","1.00","1.00","100.00","4.00","4.00","0.00","0.00","","",""
"выложить плиткой дорожки на дачном участке цена","2026-05-21 - 2026-08-18","1.00","0.00","0.00","13.00","","0.00","0.00","","0.00","0.00","","","","0.00","0.00","","","","1.00","0.00","0.00","13.00",""
"выравнивание участка ярославль в рамках бюджета техно-ники-ру","2026-05-21 - 2026-08-18","1.00","0.00","0.00","13.00","","0.00","0.00","","0.00","0.00","","","","0.00","0.00","","","","1.00","0.00","0.00","13.00",""
"работы по благоустройству территории и строительные","2026-05-21 - 2026-08-18","1.00","0.00","0.00","4.00","","0.00","0.00","","0.00","0.00","","","","1.00","0.00","0.00","4.00","","0.00","0.00","","",""
"дренаж у дома сделать ярославль","2026-05-21 - 2026-08-18","1.00","0.00","0.00","13.00","","0.00","0.00","","0.00","0.00","","","","0.00","0.00","","","","1.00","0.00","0.00","13.00",""
"система водоотведения ярославль под ключ","2026-05-21 - 2026-08-18","1.00","0.00","0.00","10.00","","0.00","0.00","","0.00","0.00","","","","1.00","0.00","0.00","10.00","","0.00","0.00","","",""
"дерево обработка рыбинск","2026-05-21 - 2026-08-18","1.00","0.00","0.00","8.00","","0.00","0.00","","0.00","0.00","","","","1.00","0.00","0.00","8.00","","0.00","0.00","","",""
"ландшафтный калькулятор","2026-05-21 - 2026-08-18","1.00","0.00","0.00","10.00","","0.00","0.00","","0.00","0.00","","","","1.00","0.00","0.00","10.00","","0.00","0.00","","",""
"примеры подпорных стенок и садовых лестниц в ярославле","2026-05-21 - 2026-08-18","1.00","0.00","0.00","10.00","","0.00","0.00","","0.00","0.00","","","","1.00","0.00","0.00","10.00","","0.00","0.00","","",""
"рассчитать стоимость проектных работ по дренажу онлайн калькулятор","2026-05-21 - 2026-08-18","1.00","0.00","0.00","6.00","","0.00","0.00","","0.00","0.00","","","","1.00","0.00","0.00","6.00","","0.00","0.00","","",""
"можно ли на тротуарную старую плитку положить новую","2026-05-21 - 2026-08-18","1.00","0.00","0.00","2.00","","0.00","0.00","","1.00","0.00","0.00","2.00","","0.00","0.00","","","","0.00","0.00","","",""
"как переложить старую тротуарную плитку на новый","2026-05-21 - 2026-08-18","1.00","0.00","0.00","10.00","","0.00","0.00","","0.00","0.00","","","","1.00","0.00","0.00","10.00","","0.00","0.00","","",""
"какая должна быть киянка для тротуарной плитки","2026-05-21 - 2026-08-18","1.00","0.00","0.00","9.00","","0.00","0.00","","0.00","0.00","","","","1.00","0.00","0.00","9.00","","0.00","0.00","","",""
"благоустройство 76 ру","2026-05-21 - 2026-08-18","1.00","0.00","0.00","4.00","","0.00","0.00","","0.00","0.00","","","","1.00","0.00","0.00","4.00","","0.00","0.00","","",""
"стоимость метра отмостки вокруг дома в ярославской области","2026-05-21 - 2026-08-18","1.00","0.00","0.00","12.00","","0.00","0.00","","0.00","0.00","","","","0.00","0.00","","","","1.00","0.00","0.00","12.00",""
"как посчитать ландшафтные работы дорожки отмостки","2026-05-21 - 2026-08-18","1.00","0.00","0.00","3.00","","0.00","0.00","","1.00","0.00","0.00","3.00","","0.00","0.00","","","","0.00","0.00","","",""
"укладка тротуарной плитки стоимость","2026-05-21 - 2026-08-18","1.00","0.00","0.00","12.00","","0.00","0.00","","0.00","0.00","","","","0.00","0.00","","","","1.00","0.00","0.00","12.00",""
"сколько стоит сделать отмостку под залив бетона в ярославле","2026-05-21 - 2026-08-18","1.00","0.00","0.00","9.00","","0.00","0.00","","0.00","0.00","","","","1.00","0.00","0.00","9.00","","0.00","0.00","","",""
"выкорчёвка пней на участке в некоузском р-оне ярославской обл.","2026-05-21 - 2026-08-18","1.00","0.00","0.00","3.00","","0.00","0.00","","1.00","0.00","0.00","3.00","","0.00","0.00","","","","0.00","0.00","","",""
"услуга каменники","2026-05-21 - 2026-08-18","1.00","0.00","0.00","17.00","","0.00","0.00","","0.00","0.00","","","","0.00","0.00","","","","1.00","0.00","0.00","17.00",""
"можно ли старые снятые плитку положить в одно фундамента","2026-05-21 - 2026-08-18","1.00","0.00","0.00","8.00","","0.00","0.00","","0.00","0.00","","","","1.00","0.00","0.00","8.00","","0.00","0.00","","",""
"корчевание деревьев ярославль специальная цена миниpogruzchiki ру","2026-05-21 - 2026-08-18","1.00","1.00","100.00","13.00","13.00","0.00","0.00","","0.00","0.00","","","","0.00","0.00","","","","1.00","1.00","100.00","13.00","13.00"
"бугорок на слипе рыбинск","2026-05-21 - 2026-08-18","1.00","0.00","0.00","6.00","","0.00","0.00","","0.00","0.00","","","","1.00","0.00","0.00","6.00","","0.00","0.00","","",""
"мост через дренажную канаву цена рыбинск","2026-05-21 - 2026-08-18","1.00","0.00","0.00","2.00","","0.00","0.00","","1.00","0.00","0.00","2.00","","0.00","0.00","","","","0.00","0.00","","",""
"калькулятор дорожки вдоль забора","2026-05-21 - 2026-08-18","1.00","0.00","0.00","9.00","","0.00","0.00","","0.00","0.00","","","","1.00","0.00","0.00","9.00","","0.00","0.00","","",""
"перекопка и выравнивание участка рыбинск","2026-05-21 - 2026-08-18","1.00","0.00","0.00","12.00","","0.00","0.00","","0.00","0.00","","","","0.00","0.00","","","","1.00","0.00","0.00","12.00",""
"благоустройство ярославль","2026-05-21 - 2026-08-18","1.00","0.00","0.00","26.00","","0.00","0.00","","0.00","0.00","","","","0.00","0.00","","","","1.00","0.00","0.00","26.00",""
"прокладка дренажа вокруг дома стоимость работ ярославль","2026-05-21 - 2026-08-18","1.00","0.00","0.00","16.00","","0.00","0.00","","0.00","0.00","","","","0.00","0.00","","","","1.00","0.00","0.00","16.00",""
"газон 76","2026-05-21 - 2026-08-18","1.00","0.00","0.00","12.00","","0.00","0.00","","0.00","0.00","","","","0.00","0.00","","","","1.00","0.00","0.00","12.00",""
"обустройства участка ярославль","2026-05-21 - 2026-08-18","1.00","0.00","0.00","11.00","","0.00","0.00","","0.00","0.00","","","","0.00","0.00","","","","1.00","0.00","0.00","11.00",""
"смета рыбинск","2026-05-21 - 2026-08-18","1.00","0.00","0.00","11.00","","0.00","0.00","","0.00","0.00","","","","0.00","0.00","","","","1.00","0.00","0.00","11.00",""
"стоимость дренажа вокруг дома цена под ключ в ярославле","2026-05-21 - 2026-08-18","1.00","0.00","0.00","3.00","","0.00","0.00","","1.00","0.00","0.00","3.00","","0.00","0.00","","","","0.00","0.00","","",""
"установка стоков для воды с крыши переславль залесский","2026-05-21 - 2026-08-18","1.00","0.00","0.00","8.00","","0.00","0.00","","0.00","0.00","","","","1.00","0.00","0.00","8.00","","0.00","0.00","","",""
"укладка геотекстиля.цена в ярославле","2026-05-21 - 2026-08-18","1.00","0.00","0.00","5.00","","0.00","0.00","","0.00","0.00","","","","1.00","0.00","0.00","5.00","","0.00","0.00","","",""
"укладка камня на старую брусчатку фото","2026-05-21 - 2026-08-18","1.00","0.00","0.00","11.00","","0.00","0.00","","0.00","0.00","","","","0.00","0.00","","","","1.00","0.00","0.00","11.00",""
"можно ли садовую дорожку укладывать на старую плитку","2026-05-21 - 2026-08-18","1.00","0.00","0.00","2.00","","0.00","0.00","","1.00","0.00","0.00","2.00","","0.00","0.00","","","","0.00","0.00","","",""
"тротуарная плитка сверху старой","2026-05-21 - 2026-08-18","1.00","0.00","0.00","11.00","","0.00","0.00","","0.00","0.00","","","","0.00","0.00","","","","1.00","0.00","0.00","11.00",""
"площадка из щебня можно ли засыпать прямо поверх старой плитки","2026-05-21 - 2026-08-18","1.00","0.00","0.00","11.00","","0.00","0.00","","0.00","0.00","","","","0.00","0.00","","","","1.00","0.00","0.00","11.00",""
"выравнивание участка ярославль калькулятор стоимости мини погрузчики-ru","2026-05-21 - 2026-08-18","1.00","0.00","0.00","13.00","","0.00","0.00","","0.00","0.00","","","","0.00","0.00","","","","1.00","0.00","0.00","13.00",""
"установка дренажа на участке цена ярославль","2026-05-21 - 2026-08-18","1.00","0.00","0.00","11.00","","0.00","0.00","","0.00","0.00","","","","0.00","0.00","","","","1.00","0.00","0.00","11.00",""
"деревопатолог рыбинск","2026-05-21 - 2026-08-18","1.00","0.00","0.00","10.00","","0.00","0.00","","0.00","0.00","","","","1.00","0.00","0.00","10.00","","0.00","0.00","","",""
"ярославская область вывешивание дома","2026-05-21 - 2026-08-18","1.00","0.00","0.00","9.00","","0.00","0.00","","0.00","0.00","","","","1.00","0.00","0.00","9.00","","0.00","0.00","","",""
"почему тротуарная плитка пошла волнами","2026-05-21 - 2026-08-18","1.00","0.00","0.00","12.00","","0.00","0.00","","0.00","0.00","","","","0.00","0.00","","","","1.00","0.00","0.00","12.00",""
"выровнять участок на даче ярославль эконом-класс tehnoniki","2026-05-21 - 2026-08-18","1.00","0.00","0.00","11.00","","0.00","0.00","","0.00","0.00","","","","0.00","0.00","","","","1.00","0.00","0.00","11.00",""
"стоимость работы ярославской области по укладке дренажа","2026-05-21 - 2026-08-18","1.00","0.00","0.00","4.00","","0.00","0.00","","0.00","0.00","","","","1.00","0.00","0.00","4.00","","0.00","0.00","","",""
"благоустройство за забором ярославская область","2026-05-21 - 2026-08-18","1.00","0.00","0.00","2.00","","0.00","0.00","","1.00","0.00","0.00","2.00","","0.00","0.00","","","","0.00","0.00","","",""
"дренаж участка авито","2026-05-21 - 2026-08-18","1.00","0.00","0.00","12.00","","0.00","0.00","","0.00","0.00","","","","0.00","0.00","","","","1.00","0.00","0.00","12.00",""
"рыбинск подготовить въездную часть в частный дом","2026-05-21 - 2026-08-18","1.00","0.00","0.00","4.00","","0.00","0.00","","0.00","0.00","","","","1.00","0.00","0.00","4.00","","0.00","0.00","","",""
"замена тротуарной плитки на новую оставить старое основание","2026-05-21 - 2026-08-18","1.00","0.00","0.00","4.00","","0.00","0.00","","0.00","0.00","","","","1.00","0.00","0.00","4.00","","0.00","0.00","","",""
"укладка дренажной трубы цена в ярославле","2026-05-21 - 2026-08-18","1.00","0.00","0.00","12.00","","0.00","0.00","","0.00","0.00","","","","0.00","0.00","","","","1.00","0.00","0.00","12.00",""
"спил деревьев и выкорчевывание углич","2026-05-21 - 2026-08-18","1.00","0.00","0.00","13.00","","0.00","0.00","","0.00","0.00","","","","0.00","0.00","","","","1.00","0.00","0.00","13.00",""
"рыбинск, кто расчищает канавы?","2026-05-21 - 2026-08-18","1.00","0.00","0.00","8.00","","0.00","0.00","","0.00","0.00","","","","1.00","0.00","0.00","8.00","","0.00","0.00","","",""
"сайт по благоустройству дома","2026-05-21 - 2026-08-18","1.00","0.00","0.00","3.00","","0.00","0.00","","1.00","0.00","0.00","3.00","","0.00","0.00","","","","0.00","0.00","","",""
"сколько примерно стоит сделать в рыбинске отмостку вокруг дома в 4 подъезда асфальтом примерно назвать цену","2026-05-21 - 2026-08-18","1.00","0.00","0.00","3.00","","0.00","0.00","","1.00","0.00","0.00","3.00","","0.00","0.00","","","","0.00","0.00","","",""
"рыбинск монолит рулонный газон","2026-05-21 - 2026-08-18","1.00","0.00","0.00","8.00","","0.00","0.00","","0.00","0.00","","","","1.00","0.00","0.00","8.00","","0.00","0.00","","",""
"уход за газоном в неклиновском яр.обл.","2026-05-21 - 2026-08-18","1.00","0.00","0.00","9.00","","0.00","0.00","","0.00","0.00","","","","1.00","0.00","0.00","9.00","","0.00","0.00","","",""
"корчевание пней в ярославской области доступная стоимость ekskavatoryаренда-ру","2026-05-21 - 2026-08-18","1.00","0.00","0.00","14.00","","0.00","0.00","","0.00","0.00","","","","0.00","0.00","","","","1.00","0.00","0.00","14.00",""
"машина в канаве зимой рыбинск","2026-05-21 - 2026-08-18","1.00","0.00","0.00","10.00","","0.00","0.00","","0.00","0.00","","","","1.00","0.00","0.00","10.00","","0.00","0.00","","",""
"сколько стоит сделать дренаж на участке 10 соток в ярославле","2026-05-21 - 2026-08-18","1.00","0.00","0.00","6.00","","0.00","0.00","","0.00","0.00","","","","1.00","0.00","0.00","6.00","","0.00","0.00","","",""
"въездная группа на участок цена под ключ ярославль","2026-05-21 - 2026-08-18","1.00","0.00","0.00","11.00","","0.00","0.00","","0.00","0.00","","","","0.00","0.00","","","","1.00","0.00","0.00","11.00",""
"как постелить плитку тротуарную на старый залитый","2026-05-21 - 2026-08-18","1.00","0.00","0.00","10.00","","0.00","0.00","","0.00","0.00","","","","1.00","0.00","0.00","10.00","","0.00","0.00","","",""
"exp.76","2026-05-21 - 2026-08-18","1.00","0.00","0.00","1.00","","1.00","0.00","0.00","0.00","0.00","","","","0.00","0.00","","","","0.00","0.00","","",""
"куда девают старую плитку с тротуаров после укладки новой","2026-05-21 - 2026-08-18","1.00","0.00","0.00","6.00","","0.00","0.00","","0.00","0.00","","","","1.00","0.00","0.00","6.00","","0.00","0.00","","",""
"услуги по уходу за газоном рыбинск","2026-05-21 - 2026-08-18","1.00","0.00","0.00","10.00","","0.00","0.00","","0.00","0.00","","","","1.00","0.00","0.00","10.00","","0.00","0.00","","",""
"стоимость укладки тротуарной плитки за м2 с работой и материалом","2026-05-21 - 2026-08-18","1.00","0.00","0.00","3.00","","0.00","0.00","","1.00","0.00","0.00","3.00","","0.00","0.00","","","","0.00","0.00","","",""
"можно ли на старую тротуарную плитку положить новое покрытие","2026-05-21 - 2026-08-18","1.00","0.00","0.00","2.00","","0.00","0.00","","1.00","0.00","0.00","2.00","","0.00","0.00","","","","0.00","0.00","","",""
"стоимость погонного метра дренажа","2026-05-21 - 2026-08-18","1.00","0.00","0.00","9.00","","0.00","0.00","","0.00","0.00","","","","1.00","0.00","0.00","9.00","","0.00","0.00","","",""
"въезд на участок под ключ ярославль","2026-05-21 - 2026-08-18","1.00","0.00","0.00","9.00","","0.00","0.00","","0.00","0.00","","","","1.00","0.00","0.00","9.00","","0.00","0.00","","",""
"найти ландшафтного дизайнера в рыбинске","2026-05-21 - 2026-08-18","1.00","0.00","0.00","11.00","","0.00","0.00","","0.00","0.00","","","","0.00","0.00","","","","1.00","0.00","0.00","11.00",""
"кладка плитки углич","2026-05-21 - 2026-08-18","1.00","0.00","0.00","4.00","","0.00","0.00","","0.00","0.00","","","","1.00","0.00","0.00","4.00","","0.00","0.00","","",""
"проектирование системы полива череповец","2026-05-21 - 2026-08-18","1.00","0.00","0.00","12.00","","0.00","0.00","","0.00","0.00","","","","0.00","0.00","","","","1.00","0.00","0.00","12.00",""
"можно ли снять брусчатку и положить её снова","2026-05-21 - 2026-08-18","1.00","0.00","0.00","7.00","","0.00","0.00","","0.00","0.00","","","","1.00","0.00","0.00","7.00","","0.00","0.00","","",""
"дренажная система на участке 6 соток","2026-05-21 - 2026-08-18","1.00","0.00","0.00","3.00","","0.00","0.00","","1.00","0.00","0.00","3.00","","0.00","0.00","","","","0.00","0.00","","",""
"благоустройство дачного.участка под.ключ","2026-05-21 - 2026-08-18","1.00","0.00","0.00","11.00","","0.00","0.00","","0.00","0.00","","","","0.00","0.00","","","","1.00","0.00","0.00","11.00",""
"услуги посадки цветов на участке","2026-05-21 - 2026-08-18","1.00","0.00","0.00","8.00","","0.00","0.00","","0.00","0.00","","","","1.00","0.00","0.00","8.00","","0.00","0.00","","",""
"укладка плитки тротуарной какой вес киянки","2026-05-21 - 2026-08-18","1.00","0.00","0.00","14.00","","0.00","0.00","","0.00","0.00","","","","0.00","0.00","","","","1.00","0.00","0.00","14.00",""
"въездная группа на участок цена под ключ в ярославской области","2026-05-21 - 2026-08-18","1.00","0.00","0.00","8.00","","0.00","0.00","","0.00","0.00","","","","1.00","0.00","0.00","8.00","","0.00","0.00","","",""
"деревня зелехово пляж","2026-05-21 - 2026-08-18","1.00","0.00","0.00","11.00","","0.00","0.00","","0.00","0.00","","","","0.00","0.00","","","","1.00","0.00","0.00","11.00",""
"подготовка плана участка под строительство рыбинск","2026-05-21 - 2026-08-18","1.00","0.00","0.00","7.00","","0.00","0.00","","0.00","0.00","","","","1.00","0.00","0.00","7.00","","0.00","0.00","","",""
"демонтаж дома г рыбинск","2026-05-21 - 2026-08-18","1.00","0.00","0.00","11.00","","0.00","0.00","","0.00","0.00","","","","0.00","0.00","","","","1.00","0.00","0.00","11.00",""
"строительство дорожек из щебня цена за м кв переславль-залесский","2026-05-21 - 2026-08-18","1.00","0.00","0.00","9.00","","0.00","0.00","","0.00","0.00","","","","1.00","0.00","0.00","9.00","","0.00","0.00","","",""
"выровнять участок на даче ярославль калькулятор стоимости tehno ники-ru","2026-05-21 - 2026-08-18","1.00","0.00","0.00","8.00","","0.00","0.00","","0.00","0.00","","","","1.00","0.00","0.00","8.00","","0.00","0.00","","",""
"можно ли на старую плитку положить новую во дворе","2026-05-21 - 2026-08-18","1.00","0.00","0.00","3.00","","0.00","0.00","","1.00","0.00","0.00","3.00","","0.00","0.00","","","","0.00","0.00","","",""
"дренажные работы ярославль","2026-05-21 - 2026-08-18","1.00","0.00","0.00","13.00","","0.00","0.00","","0.00","0.00","","","","0.00","0.00","","","","1.00","0.00","0.00","13.00",""
"укладка тротуарной плитки в тутаеве","2026-05-21 - 2026-08-18","1.00","0.00","0.00","3.00","","0.00","0.00","","1.00","0.00","0.00","3.00","","0.00","0.00","","","","0.00","0.00","","",""
"планировка участка ярославль выгодно миниpogruzchiki-ru","2026-05-21 - 2026-08-18","1.00","0.00","0.00","14.00","","0.00","0.00","","0.00","0.00","","","","0.00","0.00","","","","1.00","0.00","0.00","14.00",""
"утепление отмостки. фундамента в ярославле","2026-05-21 - 2026-08-18","1.00","0.00","0.00","4.00","","0.00","0.00","","0.00","0.00","","","","1.00","0.00","0.00","4.00","","0.00","0.00","","",""
"корчевание и спил деревьев в рыбинске","2026-05-21 - 2026-08-18","1.00","0.00","0.00","12.00","","0.00","0.00","","0.00","0.00","","","","0.00","0.00","","","","1.00","0.00","0.00","12.00",""
"как укладывали плитку в рыбинске","2026-05-21 - 2026-08-18","1.00","0.00","0.00","13.00","","0.00","0.00","","0.00","0.00","","","","0.00","0.00","","","","1.00","0.00","0.00","13.00",""
"заезд на участок через канаву под ключ переславль залесский","2026-05-21 - 2026-08-18","1.00","0.00","0.00","12.00","","0.00","0.00","","0.00","0.00","","","","0.00","0.00","","","","1.00","0.00","0.00","12.00",""
"г. рыбинск помощь в разборе содержимого гаража","2026-05-21 - 2026-08-18","1.00","0.00","0.00","37.00","","0.00","0.00","","0.00","0.00","","","","0.00","0.00","","","","1.00","0.00","0.00","37.00",""
"компании по ландшафтному дизайну рыбинск","2026-05-21 - 2026-08-18","1.00","0.00","0.00","8.00","","0.00","0.00","","0.00","0.00","","","","1.00","0.00","0.00","8.00","","0.00","0.00","","",""
"какое покрытие можно уложить сверху старой плитки на садовых дорожках","2026-05-21 - 2026-08-18","1.00","0.00","0.00","8.00","","0.00","0.00","","0.00","0.00","","","","1.00","0.00","0.00","8.00","","0.00","0.00","","",""
"зелёный газон рулонный купить рыбинск","2026-05-21 - 2026-08-18","1.00","0.00","0.00","9.00","","0.00","0.00","","0.00","0.00","","","","1.00","0.00","0.00","9.00","","0.00","0.00","","",""
"ярославльнужен специалист грунтвые воды очень близко как их грамотно отвести телефон","2026-05-21 - 2026-08-18","1.00","0.00","0.00","13.00","","0.00","0.00","","0.00","0.00","","","","0.00","0.00","","","","1.00","0.00","0.00","13.00",""
"рыбинск ландшафтный дизайн","2026-05-21 - 2026-08-18","1.00","0.00","0.00","9.00","","0.00","0.00","","0.00","0.00","","","","1.00","0.00","0.00","9.00","","0.00","0.00","","",""
"как уложить тротуарную плитку сверху старой","2026-05-21 - 2026-08-18","1.00","1.00","100.00","3.00","3.00","0.00","0.00","","1.00","1.00","100.00","3.00","3.00","0.00","0.00","","","","0.00","0.00","","",""
"эколенд автополив ярославль","2026-05-21 - 2026-08-18","1.00","1.00","100.00","10.00","10.00","0.00","0.00","","0.00","0.00","","","","1.00","1.00","100.00","10.00","10.00","0.00","0.00","","",""
"монтаж ливневой канализации расценка","2026-05-21 - 2026-08-18","1.00","0.00","0.00","5.00","","0.00","0.00","","0.00","0.00","","","","1.00","0.00","0.00","5.00","","0.00","0.00","","",""
"двор под ключ","2026-05-21 - 2026-08-18","1.00","0.00","0.00","5.00","","0.00","0.00","","0.00","0.00","","","","1.00","0.00","0.00","5.00","","0.00","0.00","","",""
"проектирование придомовых территорий рыбинск","2026-05-21 - 2026-08-18","1.00","0.00","0.00","6.00","","0.00","0.00","","0.00","0.00","","","","1.00","0.00","0.00","6.00","","0.00","0.00","","",""
"фирмы занимающиеся изготовлением навесов из металлопрофиля в городе рыбинск ярославской области","2026-05-21 - 2026-08-18","1.00","0.00","0.00","11.00","","0.00","0.00","","0.00","0.00","","","","0.00","0.00","","","","1.00","0.00","0.00","11.00",""
"сколько стоит сделать ливневку вокруг дома","2026-05-21 - 2026-08-18","1.00","0.00","0.00","4.00","","0.00","0.00","","0.00","0.00","","","","1.00","0.00","0.00","4.00","","0.00","0.00","","",""
"ландшафтные организации в рыбинске","2026-05-21 - 2026-08-18","1.00","0.00","0.00","4.00","","0.00","0.00","","0.00","0.00","","","","1.00","0.00","0.00","4.00","","0.00","0.00","","",""
"расценки на обустройство прудов в ярославле","2026-05-21 - 2026-08-18","1.00","0.00","0.00","31.00","","0.00","0.00","","0.00","0.00","","","","0.00","0.00","","","","1.00","0.00","0.00","31.00",""
"калькулятор сметы на благоустройство участка","2026-05-21 - 2026-08-18","1.00","0.00","0.00","9.00","","0.00","0.00","","0.00","0.00","","","","1.00","0.00","0.00","9.00","","0.00","0.00","","",""
"оформление света на участке ярославль","2026-05-21 - 2026-08-18","1.00","0.00","0.00","11.00","","0.00","0.00","","0.00","0.00","","","","0.00","0.00","","","","1.00","0.00","0.00","11.00",""
"положить плитку на участке цена","2026-05-21 - 2026-08-18","1.00","0.00","0.00","10.00","","0.00","0.00","","0.00","0.00","","","","1.00","0.00","0.00","10.00","","0.00","0.00","","",""
"какие кустарники отводят воду","2026-05-21 - 2026-08-18","1.00","0.00","0.00","9.00","","0.00","0.00","","0.00","0.00","","","","1.00","0.00","0.00","9.00","","0.00","0.00","","",""
"установить печь рыбинск","2026-05-21 - 2026-08-18","1.00","0.00","0.00","9.00","","0.00","0.00","","0.00","0.00","","","","1.00","0.00","0.00","9.00","","0.00","0.00","","",""
"выравнивание участка ярославль вызвать tehno ники-ru","2026-05-21 - 2026-08-18","1.00","0.00","0.00","10.00","","0.00","0.00","","0.00","0.00","","","","1.00","0.00","0.00","10.00","","0.00","0.00","","",""
"рассчитать стоимость отмостки вокруг дома калькулятор земличист","2026-05-21 - 2026-08-18","1.00","0.00","0.00","7.00","","0.00","0.00","","0.00","0.00","","","","1.00","0.00","0.00","7.00","","0.00","0.00","","",""
"изготовление въезда на участок рыбинск цена","2026-05-21 - 2026-08-18","1.00","0.00","0.00","6.00","","0.00","0.00","","0.00","0.00","","","","1.00","0.00","0.00","6.00","","0.00","0.00","","",""
"какая киянка нужна для укладки плитки","2026-05-21 - 2026-08-18","1.00","0.00","0.00","10.00","","0.00","0.00","","0.00","0.00","","","","1.00","0.00","0.00","10.00","","0.00","0.00","","",""
"дренажные работы рыбинск","2026-05-21 - 2026-08-18","1.00","0.00","0.00","3.00","","0.00","0.00","","1.00","0.00","0.00","3.00","","0.00","0.00","","","","0.00","0.00","","",""
"выровнять участок на даче ярославль приобрести техно ник ооо","2026-05-21 - 2026-08-18","1.00","0.00","0.00","8.00","","0.00","0.00","","0.00","0.00","","","","1.00","0.00","0.00","8.00","","0.00","0.00","","",""
"углич. укладка плитки. частник","2026-05-21 - 2026-08-18","1.00","0.00","0.00","11.00","","0.00","0.00","","0.00","0.00","","","","0.00","0.00","","","","1.00","0.00","0.00","11.00",""
"можно ли на старую плитку тротуарную поверх ложить новую или старую нужно снимать","2026-05-21 - 2026-08-18","1.00","0.00","0.00","3.00","","0.00","0.00","","1.00","0.00","0.00","3.00","","0.00","0.00","","","","0.00","0.00","","",""
"стоимость укладки 1 квадратного метра тротуарной плитки в ярославле","2026-05-21 - 2026-08-18","1.00","0.00","0.00","13.00","","0.00","0.00","","0.00","0.00","","","","0.00","0.00","","","","1.00","0.00","0.00","13.00",""
"можно ли положить плитку на старую дорожку","2026-05-21 - 2026-08-18","1.00","0.00","0.00","11.00","","0.00","0.00","","0.00","0.00","","","","0.00","0.00","","","","1.00","0.00","0.00","11.00",""
"выровнять участок на даxе ярославль финансовые условия техно ник","2026-05-21 - 2026-08-18","1.00","0.00","0.00","12.00","","0.00","0.00","","0.00","0.00","","","","0.00","0.00","","","","1.00","0.00","0.00","12.00",""
"сколько выходит по цене сделать заезд на участок через канаву","2026-05-21 - 2026-08-18","1.00","0.00","0.00","6.00","","0.00","0.00","","0.00","0.00","","","","1.00","0.00","0.00","6.00","","0.00","0.00","","",""
"можно ли тротуарную плитку положить на старую около дома","2026-05-21 - 2026-08-18","1.00","0.00","0.00","11.00","","0.00","0.00","","0.00","0.00","","","","0.00","0.00","","","","1.00","0.00","0.00","11.00",""
"крпнилова юлия ландшафтный дизайнер рыбинск","2026-05-21 - 2026-08-18","1.00","0.00","0.00","7.00","","0.00","0.00","","0.00","0.00","","","","1.00","0.00","0.00","7.00","","0.00","0.00","","",""
"рулонный живой газон ярославль тентсиб vb8zyr","2026-05-21 - 2026-08-18","1.00","0.00","0.00","10.00","","0.00","0.00","","0.00","0.00","","","","1.00","0.00","0.00","10.00","","0.00","0.00","","",""
"труба в канаву на заезд к участку рыбинск","2026-05-21 - 2026-08-18","1.00","0.00","0.00","18.00","","0.00","0.00","","0.00","0.00","","","","0.00","0.00","","","","1.00","0.00","0.00","18.00",""
"время для посева газонной травы по регионам рядом со мной цена","2026-05-21 - 2026-08-18","1.00","0.00","0.00","6.00","","0.00","0.00","","0.00","0.00","","","","1.00","0.00","0.00","6.00","","0.00","0.00","","",""
"алла ивлева ландшафтный рыбинск","2026-05-21 - 2026-08-18","1.00","0.00","0.00","8.00","","0.00","0.00","","0.00","0.00","","","","1.00","0.00","0.00","8.00","","0.00","0.00","","",""
"планировка участка рыбинск область центральный микрорайон","2026-05-21 - 2026-08-18","1.00","0.00","0.00","11.00","","0.00","0.00","","0.00","0.00","","","","0.00","0.00","","","","1.00","0.00","0.00","11.00",""
"miroshnichenkoexpert76","2026-05-21 - 2026-08-18","1.00","0.00","0.00","10.00","","0.00","0.00","","0.00","0.00","","","","1.00","0.00","0.00","10.00","","0.00","0.00","","",""
"укладка плитки на дачном участке ярославль","2026-05-21 - 2026-08-18","1.00","0.00","0.00","12.00","","0.00","0.00","","0.00","0.00","","","","0.00","0.00","","","","1.00","0.00","0.00","12.00",""
"выравнивание участка ярославль подешевле техноniki ru","2026-05-21 - 2026-08-18","1.00","0.00","0.00","4.00","","0.00","0.00","","0.00","0.00","","","","1.00","0.00","0.00","4.00","","0.00","0.00","","",""
"сделать дорожки на участке ярославль","2026-05-21 - 2026-08-18","1.00","0.00","0.00","13.00","","0.00","0.00","","0.00","0.00","","","","0.00","0.00","","","","1.00","0.00","0.00","13.00",""
"отмостка под ключ цена за м2 ярославль","2026-05-21 - 2026-08-18","1.00","0.00","0.00","9.00","","0.00","0.00","","0.00","0.00","","","","1.00","0.00","0.00","9.00","","0.00","0.00","","",""
"планировка участка ярославль эконом-класс миниpogruzchiki ru","2026-05-21 - 2026-08-18","1.00","0.00","0.00","14.00","","0.00","0.00","","0.00","0.00","","","","0.00","0.00","","","","1.00","0.00","0.00","14.00",""
"стоимость отмостки вокруг дома цена ярославль за квадратный","2026-05-21 - 2026-08-18","1.00","0.00","0.00","5.00","","0.00","0.00","","0.00","0.00","","","","1.00","0.00","0.00","5.00","","0.00","0.00","","",""
"услуги засева газона","2026-05-21 - 2026-08-18","1.00","0.00","0.00","10.00","","0.00","0.00","","0.00","0.00","","","","1.00","0.00","0.00","10.00","","0.00","0.00","","",""
"укладка тротуарной плитки переславль залесский цена за квадратный","2026-05-21 - 2026-08-18","1.00","0.00","0.00","6.00","","0.00","0.00","","0.00","0.00","","","","1.00","0.00","0.00","6.00","","0.00","0.00","","",""
"снос зданий и сооружений ярославль оформление заказа техно ники-ru","2026-05-21 - 2026-08-18","1.00","0.00","0.00","13.00","","0.00","0.00","","0.00","0.00","","","","0.00","0.00","","","","1.00","0.00","0.00","13.00",""
"услуги ландшафтных работ рыбинск","2026-05-21 - 2026-08-18","1.00","0.00","0.00","5.00","","0.00","0.00","","0.00","0.00","","","","1.00","0.00","0.00","5.00","","0.00","0.00","","",""
"посадка деревьев в ярославской области по сертификату","2026-05-21 - 2026-08-18","1.00","0.00","0.00","14.00","","0.00","0.00","","0.00","0.00","","","","0.00","0.00","","","","1.00","0.00","0.00","14.00",""
"кто проектирует лосы в северном г.рыбинск","2026-05-21 - 2026-08-18","1.00","0.00","0.00","7.00","","0.00","0.00","","0.00","0.00","","","","1.00","0.00","0.00","7.00","","0.00","0.00","","",""
"въезд на участок через канаву ярославль","2026-05-21 - 2026-08-18","1.00","0.00","0.00","4.00","","0.00","0.00","","0.00","0.00","","","","1.00","0.00","0.00","4.00","","0.00","0.00","","",""
"эстакада рыбинск","2026-05-21 - 2026-08-18","1.00","0.00","0.00","10.00","","0.00","0.00","","0.00","0.00","","","","1.00","0.00","0.00","10.00","","0.00","0.00","","",""
"как переложить старую плитку на улице","2026-05-21 - 2026-08-18","1.00","0.00","0.00","11.00","","0.00","0.00","","0.00","0.00","","","","0.00","0.00","","","","1.00","0.00","0.00","11.00",""
"укладка тротуарной плитки рыбинск цена","2026-05-21 - 2026-08-18","1.00","0.00","0.00","7.00","","0.00","0.00","","0.00","0.00","","","","1.00","0.00","0.00","7.00","","0.00","0.00","","",""
"ландшафтный дизайн труда, 97","2026-05-21 - 2026-08-18","1.00","0.00","0.00","5.00","","0.00","0.00","","0.00","0.00","","","","1.00","0.00","0.00","5.00","","0.00","0.00","","",""
"мастер садоводства ярославская область","2026-05-21 - 2026-08-18","1.00","0.00","0.00","12.00","","0.00","0.00","","0.00","0.00","","","","0.00","0.00","","","","1.00","0.00","0.00","12.00",""
"выравнивание участка ярославль эконом-класс tehno-niki ру","2026-05-21 - 2026-08-18","1.00","0.00","0.00","8.00","","0.00","0.00","","0.00","0.00","","","","1.00","0.00","0.00","8.00","","0.00","0.00","","",""
"рулонный живой газон рыбинск купить","2026-05-21 - 2026-08-18","1.00","0.00","0.00","10.00","","0.00","0.00","","0.00","0.00","","","","1.00","0.00","0.00","10.00","","0.00","0.00","","",""
"дренаж шести соток схема","2026-05-21 - 2026-08-18","1.00","1.00","100.00","4.00","4.00","0.00","0.00","","0.00","0.00","","","","1.00","1.00","100.00","4.00","4.00","0.00","0.00","","",""
"рыбинск услуги благоустройство","2026-05-21 - 2026-08-18","1.00","0.00","0.00","8.00","","0.00","0.00","","0.00","0.00","","","","1.00","0.00","0.00","8.00","","0.00","0.00","","",""
"выполним работы по благоустройству территории в ярославле","2026-05-21 - 2026-08-18","1.00","0.00","0.00","11.00","","0.00","0.00","","0.00","0.00","","","","0.00","0.00","","","","1.00","0.00","0.00","11.00",""
"планировка участка ярославль по распродаже minipogruzchiki-ру","2026-05-21 - 2026-08-18","1.00","0.00","0.00","12.00","","0.00","0.00","","0.00","0.00","","","","0.00","0.00","","","","1.00","0.00","0.00","12.00",""
"рулонный газон в ярославле","2026-05-21 - 2026-08-18","1.00","0.00","0.00","40.00","","0.00","0.00","","0.00","0.00","","","","0.00","0.00","","","","1.00","0.00","0.00","40.00",""
"дизайнер приусадебном участке город любим ярославская область","2026-05-21 - 2026-08-18","1.00","0.00","0.00","7.00","","0.00","0.00","","0.00","0.00","","","","1.00","0.00","0.00","7.00","","0.00","0.00","","",""
"от нехватки чего лопается отмостка залитая только","2026-05-21 - 2026-08-18","1.00","0.00","0.00","12.00","","0.00","0.00","","0.00","0.00","","","","0.00","0.00","","","","1.00","0.00","0.00","12.00",""
"селехово","2026-05-21 - 2026-08-18","1.00","0.00","0.00","37.00","","0.00","0.00","","0.00","0.00","","","","0.00","0.00","","","","1.00","0.00","0.00","37.00",""
"эстакада каменюки рыбинск","2026-05-21 - 2026-08-18","1.00","0.00","0.00","11.00","","0.00","0.00","","0.00","0.00","","","","0.00","0.00","","","","1.00","0.00","0.00","11.00",""
"уборка территорий под ярославлем tehno-ники-ru","2026-05-21 - 2026-08-18","1.00","0.00","0.00","10.00","","0.00","0.00","","0.00","0.00","","","","1.00","0.00","0.00","10.00","","0.00","0.00","","",""
"расчет стоимости содержания благоустроенной территории калькулятор онлайн","2026-05-21 - 2026-08-18","1.00","0.00","0.00","3.00","","0.00","0.00","","1.00","0.00","0.00","3.00","","0.00","0.00","","","","0.00","0.00","","",""
"сколько стоит работа по монтажу дренажной и ливневой системы","2026-05-21 - 2026-08-18","1.00","0.00","0.00","12.00","","0.00","0.00","","0.00","0.00","","","","0.00","0.00","","","","1.00","0.00","0.00","12.00",""
"укладка плитки в переславле залесском","2026-05-21 - 2026-08-18","1.00","0.00","0.00","10.00","","0.00","0.00","","0.00","0.00","","","","1.00","0.00","0.00","10.00","","0.00","0.00","","",""
"ливневая канализация методом прокола ярославль","2026-05-21 - 2026-08-18","1.00","0.00","0.00","5.00","","0.00","0.00","","0.00","0.00","","","","1.00","0.00","0.00","5.00","","0.00","0.00","","",""
"услуги ландшафта рыбинск","2026-05-21 - 2026-08-18","1.00","0.00","0.00","6.00","","0.00","0.00","","0.00","0.00","","","","1.00","0.00","0.00","6.00","","0.00","0.00","","",""
"благоустройство территории ярославль","2026-05-21 - 2026-08-18","1.00","0.00","0.00","26.00","","0.00","0.00","","0.00","0.00","","","","0.00","0.00","","","","1.00","0.00","0.00","26.00",""
"отремонтировать просадку брусчатки","2026-05-21 - 2026-08-18","1.00","0.00","0.00","25.00","","0.00","0.00","","0.00","0.00","","","","0.00","0.00","","","","1.00","0.00","0.00","25.00",""
"выкорчевка кустов и деревьев рыбинск","2026-05-21 - 2026-08-18","1.00","0.00","0.00","12.00","","0.00","0.00","","0.00","0.00","","","","0.00","0.00","","","","1.00","0.00","0.00","12.00",""
"можно старую плитку заново ложить на улице","2026-05-21 - 2026-08-18","1.00","0.00","0.00","3.00","","0.00","0.00","","1.00","0.00","0.00","3.00","","0.00","0.00","","","","0.00","0.00","","",""
"калькулятор покрытий на участке","2026-05-21 - 2026-08-18","1.00","0.00","0.00","11.00","","0.00","0.00","","0.00","0.00","","","","0.00","0.00","","","","1.00","0.00","0.00","11.00",""
"сколько стоит дренаж в городе ярославль за погонный метр","2026-05-21 - 2026-08-18","1.00","0.00","0.00","9.00","","0.00","0.00","","0.00","0.00","","","","1.00","0.00","0.00","9.00","","0.00","0.00","","",""
"выровнять участок на даче ярославль калькулятор стоимости tehnoники ру","2026-05-21 - 2026-08-18","1.00","0.00","0.00","13.00","","0.00","0.00","","0.00","0.00","","","","0.00","0.00","","","","1.00","0.00","0.00","13.00",""
"какая киянка должна быть для укладки тротуарной плитки","2026-05-21 - 2026-08-18","1.00","1.00","100.00","5.00","5.00","0.00","0.00","","0.00","0.00","","","","1.00","1.00","100.00","5.00","5.00","0.00","0.00","","",""
"ландшафтные решения слипы","2026-05-21 - 2026-08-18","1.00","0.00","0.00","10.00","","0.00","0.00","","0.00","0.00","","","","1.00","0.00","0.00","10.00","","0.00","0.00","","",""
"укладываем плитку на террасу на старую плитку","2026-05-21 - 2026-08-18","1.00","0.00","0.00","3.00","","0.00","0.00","","1.00","0.00","0.00","3.00","","0.00","0.00","","","","0.00","0.00","","",""
"заезд на участок через канаву тутаев","2026-05-21 - 2026-08-18","1.00","1.00","100.00","8.00","8.00","0.00","0.00","","0.00","0.00","","","","1.00","1.00","100.00","8.00","8.00","0.00","0.00","","",""
"key_phrase : посадка деревьев в ярославской области","2026-05-21 - 2026-08-18","1.00","0.00","0.00","8.00","","0.00","0.00","","0.00","0.00","","","","1.00","0.00","0.00","8.00","","0.00","0.00","","",""
"расчистка участка купанское ярославская область","2026-05-21 - 2026-08-18","1.00","0.00","0.00","11.00","","0.00","0.00","","0.00","0.00","","","","0.00","0.00","","","","1.00","0.00","0.00","11.00",""
"рассчитать стоимость работ по укладке тротуарной плитки онлайн","2026-05-21 - 2026-08-18","1.00","0.00","0.00","10.00","","0.00","0.00","","0.00","0.00","","","","1.00","0.00","0.00","10.00","","0.00","0.00","","",""
"подсветка деревьев в рыбинске","2026-05-21 - 2026-08-18","1.00","0.00","0.00","10.00","","0.00","0.00","","0.00","0.00","","","","1.00","0.00","0.00","10.00","","0.00","0.00","","",""
"стройдвор ярославль устройство заезда на участок","2026-05-21 - 2026-08-18","1.00","0.00","0.00","9.00","","0.00","0.00","","0.00","0.00","","","","1.00","0.00","0.00","9.00","","0.00","0.00","","",""
"разбор домов и вывоз","2026-05-21 - 2026-08-18","1.00","0.00","0.00","14.00","","0.00","0.00","","0.00","0.00","","","","0.00","0.00","","","","1.00","0.00","0.00","14.00",""
"дробление пней в рыбинске услуги","2026-05-21 - 2026-08-18","1.00","0.00","0.00","11.00","","0.00","0.00","","0.00","0.00","","","","0.00","0.00","","","","1.00","0.00","0.00","11.00",""
"стоимость дренажа в ярославской области","2026-05-21 - 2026-08-18","1.00","0.00","0.00","12.00","","0.00","0.00","","0.00","0.00","","","","0.00","0.00","","","","1.00","0.00","0.00","12.00",""
"где в тутаеве можно купить рулоном газон","2026-05-21 - 2026-08-18","1.00","0.00","0.00","13.00","","0.00","0.00","","0.00","0.00","","","","0.00","0.00","","","","1.00","0.00","0.00","13.00",""
"сметный калькулятор онлайн благоустройство территории","2026-05-21 - 2026-08-18","1.00","0.00","0.00","7.00","","0.00","0.00","","0.00","0.00","","","","1.00","0.00","0.00","7.00","","0.00","0.00","","",""
"услуги дизайнера участка","2026-05-21 - 2026-08-18","1.00","0.00","0.00","9.00","","0.00","0.00","","0.00","0.00","","","","1.00","0.00","0.00","9.00","","0.00","0.00","","",""
"ливневая канализация в ярославле","2026-05-21 - 2026-08-18","1.00","0.00","0.00","1.00","","1.00","0.00","0.00","0.00","0.00","","","","0.00","0.00","","","","0.00","0.00","","",""
"сколько стоит выровнять землю на участке калькулятор стоимости экскаваторы arenda ru","2026-05-21 - 2026-08-18","1.00","0.00","0.00","27.00","","0.00","0.00","","0.00","0.00","","","","0.00","0.00","","","","1.00","0.00","0.00","27.00",""
"ярославль стоимость отмостки вокруг дома","2026-05-21 - 2026-08-18","1.00","0.00","0.00","5.00","","0.00","0.00","","0.00","0.00","","","","1.00","0.00","0.00","5.00","","0.00","0.00","","",""
"подрядчик дренировать участок","2026-05-21 - 2026-08-18","1.00","0.00","0.00","12.00","","0.00","0.00","","0.00","0.00","","","","0.00","0.00","","","","1.00","0.00","0.00","12.00",""
"специализированная организация по ремонту, содержанию сетей и колодцев ливневой канализации","2026-05-21 - 2026-08-18","1.00","0.00","0.00","5.00","","0.00","0.00","","0.00","0.00","","","","1.00","0.00","0.00","5.00","","0.00","0.00","","",""
"аренда печей для готовки рыбинск","2026-05-21 - 2026-08-18","1.00","0.00","0.00","8.00","","0.00","0.00","","0.00","0.00","","","","1.00","0.00","0.00","8.00","","0.00","0.00","","",""
"дренаж участка по цене","2026-05-21 - 2026-08-18","1.00","0.00","0.00","4.00","","0.00","0.00","","0.00","0.00","","","","1.00","0.00","0.00","4.00","","0.00","0.00","","",""
"как уложить тротуарную плитку на старую тротуарную плитку","2026-05-21 - 2026-08-18","1.00","0.00","0.00","3.00","","0.00","0.00","","1.00","0.00","0.00","3.00","","0.00","0.00","","","","0.00","0.00","","",""
"калькулятор дренажа участка онлайн","2026-05-21 - 2026-08-18","1.00","0.00","0.00","15.00","","0.00","0.00","","0.00","0.00","","","","0.00","0.00","","","","1.00","0.00","0.00","15.00",""
"укладка плитки тротуарной углич","2026-05-21 - 2026-08-18","1.00","0.00","0.00","7.00","","0.00","0.00","","0.00","0.00","","","","1.00","0.00","0.00","7.00","","0.00","0.00","","",""
"рыбинск рулонный газон","2026-05-21 - 2026-08-18","1.00","0.00","0.00","12.00","","0.00","0.00","","0.00","0.00","","","","0.00","0.00","","","","1.00","0.00","0.00","12.00",""
"старой дорожке на даче уже более 15 лет, она просела и стала не очень красивой. можно ли поверх выложить плиткой новую, чтоб бвло выше ровнее и красивее?","2026-05-21 - 2026-08-18","1.00","0.00","0.00","7.00","","0.00","0.00","","0.00","0.00","","","","1.00","0.00","0.00","7.00","","0.00","0.00","","",""
"благоустройство посчитать ?","2026-05-21 - 2026-08-18","1.00","0.00","0.00","6.00","","0.00","0.00","","0.00","0.00","","","","1.00","0.00","0.00","6.00","","0.00","0.00","","",""
"сколько стоит сделать газон на дачном участке переславль-залесский","2026-05-21 - 2026-08-18","1.00","0.00","0.00","18.00","","0.00","0.00","","0.00","0.00","","","","0.00","0.00","","","","1.00","0.00","0.00","18.00",""
"мелиорация участка ярославль","2026-05-21 - 2026-08-18","1.00","0.00","0.00","9.00","","0.00","0.00","","0.00","0.00","","","","1.00","0.00","0.00","9.00","","0.00","0.00","","",""
"спиарея","2026-05-21 - 2026-08-18","1.00","0.00","0.00","4.00","","0.00","0.00","","0.00","0.00","","","","1.00","0.00","0.00","4.00","","0.00","0.00","","",""
"можно ли уложить брусчатку на старую крепкую плитку во дворе дома","2026-05-21 - 2026-08-18","1.00","0.00","0.00","5.00","","0.00","0.00","","0.00","0.00","","","","1.00","0.00","0.00","5.00","","0.00","0.00","","",""
"заезд на участок рыбинск авито предложения","2026-05-21 - 2026-08-18","1.00","1.00","100.00","4.00","4.00","0.00","0.00","","0.00","0.00","","","","1.00","1.00","100.00","4.00","4.00","0.00","0.00","","",""
"продажа и установка барбекю в рыбинске","2026-05-21 - 2026-08-18","1.00","0.00","0.00","10.00","","0.00","0.00","","0.00","0.00","","","","1.00","0.00","0.00","10.00","","0.00","0.00","","",""
"авито рыбинск ярославская обл оформить съезд с дороги на участок","2026-05-21 - 2026-08-18","1.00","0.00","0.00","8.00","","0.00","0.00","","0.00","0.00","","","","1.00","0.00","0.00","8.00","","0.00","0.00","","",""
"корчевание деревьев zрославль","2026-05-21 - 2026-08-18","1.00","0.00","0.00","32.00","","0.00","0.00","","0.00","0.00","","","","0.00","0.00","","","","1.00","0.00","0.00","32.00",""
"найти специалиста для консультации по затоплению дачного участка ярославль","2026-05-21 - 2026-08-18","1.00","0.00","0.00","6.00","","0.00","0.00","","0.00","0.00","","","","1.00","0.00","0.00","6.00","","0.00","0.00","","",""
"ремонт  автополива в ярославле","2026-05-21 - 2026-08-18","1.00","1.00","100.00","5.00","5.00","0.00","0.00","","0.00","0.00","","","","1.00","1.00","100.00","5.00","5.00","0.00","0.00","","",""
"благоустройство калькулятор","2026-05-21 - 2026-08-18","1.00","0.00","0.00","8.00","","0.00","0.00","","0.00","0.00","","","","1.00","0.00","0.00","8.00","","0.00","0.00","","",""
"выставить точки на участке рыбинск организации","2026-05-21 - 2026-08-18","1.00","0.00","0.00","10.00","","0.00","0.00","","0.00","0.00","","","","1.00","0.00","0.00","10.00","","0.00","0.00","","",""
"глубокий дренаж участка ярославль","2026-05-21 - 2026-08-18","1.00","1.00","100.00","6.00","6.00","0.00","0.00","","0.00","0.00","","","","1.00","1.00","100.00","6.00","6.00","0.00","0.00","","",""
"что лучше переложить плитку на участке или положить новую","2026-05-21 - 2026-08-18","1.00","0.00","0.00","5.00","","0.00","0.00","","0.00","0.00","","","","1.00","0.00","0.00","5.00","","0.00","0.00","","",""
"организация в ярославле занимающаяся ливневкой","2026-05-21 - 2026-08-18","1.00","0.00","0.00","4.00","","0.00","0.00","","0.00","0.00","","","","1.00","0.00","0.00","4.00","","0.00","0.00","","",""
"стоимость благоустройства территории за м2 калькулятор новолесной переулок, д. 5","2026-05-21 - 2026-08-18","1.00","0.00","0.00","10.00","","0.00","0.00","","0.00","0.00","","","","1.00","0.00","0.00","10.00","","0.00","0.00","","",""
"снять старую и уложить новую плитку во дворе","2026-05-21 - 2026-08-18","1.00","0.00","0.00","10.00","","0.00","0.00","","0.00","0.00","","","","1.00","0.00","0.00","10.00","","0.00","0.00","","",""
"маргарита калинина ландшафт рыбинск","2026-05-21 - 2026-08-18","1.00","0.00","0.00","7.00","","0.00","0.00","","0.00","0.00","","","","1.00","0.00","0.00","7.00","","0.00","0.00","","",""
"специалист по прививке деревьев город рыбинск","2026-05-21 - 2026-08-18","1.00","0.00","0.00","6.00","","0.00","0.00","","0.00","0.00","","","","1.00","0.00","0.00","6.00","","0.00","0.00","","",""
"расчистить участок в переславле","2026-05-21 - 2026-08-18","1.00","0.00","0.00","10.00","","0.00","0.00","","0.00","0.00","","","","1.00","0.00","0.00","10.00","","0.00","0.00","","",""
"георгиевский павел рафаилович рыбинск мариевка","2026-05-21 - 2026-08-18","1.00","0.00","0.00","44.00","","0.00","0.00","","0.00","0.00","","","","0.00","0.00","","","","1.00","0.00","0.00","44.00",""
"какой песок используют для укладки тротуарной плитки","2026-05-21 - 2026-08-18","1.00","0.00","0.00","9.00","","0.00","0.00","","0.00","0.00","","","","1.00","0.00","0.00","9.00","","0.00","0.00","","",""
"цена укладки брусчатки за квадратный метр","2026-05-21 - 2026-08-18","1.00","0.00","0.00","10.00","","0.00","0.00","","0.00","0.00","","","","1.00","0.00","0.00","10.00","","0.00","0.00","","",""
"ландшафтный центр рыбинск","2026-05-21 - 2026-08-18","1.00","0.00","0.00","11.00","","0.00","0.00","","0.00","0.00","","","","0.00","0.00","","","","1.00","0.00","0.00","11.00",""
"агентство благоустройство рыбинск","2026-05-21 - 2026-08-18","1.00","0.00","0.00","5.00","","0.00","0.00","","0.00","0.00","","","","1.00","0.00","0.00","5.00","","0.00","0.00","","",""
"алиса напиши типовой проект отмостки для кирпичного дома 100м2 и нахождением в г ярославль","2026-05-21 - 2026-08-18","1.00","0.00","0.00","6.00","","0.00","0.00","","0.00","0.00","","","","1.00","0.00","0.00","6.00","","0.00","0.00","","",""
"компания exp76 отзывы","2026-05-21 - 2026-08-18","1.00","1.00","100.00","2.00","2.00","0.00","0.00","","1.00","1.00","100.00","2.00","2.00","0.00","0.00","","","","0.00","0.00","","",""
"благоустройство участка участка ярославль","2026-05-21 - 2026-08-18","1.00","1.00","100.00","5.00","5.00","0.00","0.00","","0.00","0.00","","","","1.00","1.00","100.00","5.00","5.00","0.00","0.00","","",""
"стоимость работ за отмостку с метра","2026-05-21 - 2026-08-18","1.00","0.00","0.00","9.00","","0.00","0.00","","0.00","0.00","","","","1.00","0.00","0.00","9.00","","0.00","0.00","","",""
"ливневый дренаж gorodseptikov","2026-05-21 - 2026-08-18","1.00","0.00","0.00","29.00","","0.00","0.00","","0.00","0.00","","","","0.00","0.00","","","","1.00","0.00","0.00","29.00",""
"нужен ли дренаж на участке 6 соток","2026-05-21 - 2026-08-18","1.00","0.00","0.00","8.00","","0.00","0.00","","0.00","0.00","","","","1.00","0.00","0.00","8.00","","0.00","0.00","","",""
"можно ли уложить брусчатку на старую плитку во дворе","2026-05-21 - 2026-08-18","1.00","1.00","100.00","3.00","3.00","0.00","0.00","","1.00","1.00","100.00","3.00","3.00","0.00","0.00","","","","0.00","0.00","","",""
"как выкорчевать деревья в рыбинске","2026-05-21 - 2026-08-18","1.00","0.00","0.00","12.00","","0.00","0.00","","0.00","0.00","","","","0.00","0.00","","","","1.00","0.00","0.00","12.00",""
"снос зданий и сооружений россия ярославская область","2026-05-21 - 2026-08-18","1.00","1.00","100.00","11.00","11.00","0.00","0.00","","0.00","0.00","","","","0.00","0.00","","","","1.00","1.00","100.00","11.00","11.00"
"сколько стоит сделать один метр тротуарной плитки","2026-05-21 - 2026-08-18","1.00","0.00","0.00","5.00","","0.00","0.00","","0.00","0.00","","","","1.00","0.00","0.00","5.00","","0.00","0.00","","",""
