"Query","Dates range","Impressions","Clicks","CTR %","Avg. position","Avg. click position","Impressions for 1st position","Clicks from pos. 1","CTR % for pos. 1","Impressions for pos. 2-3","Clicks from pos. 2-3","CTR % for pos. 2-3","Avg. impression position for pos. 2-3","Avg. click position from pos. 2-3","Impressions for pos. 4-10","Clicks from pos. 4-10","CTR % for pos. 4-10","Avg. impression position for pos. 4-10","Avg. click position from pos. 4-10","Impressions for pos. 11-50","Clicks from pos. 11-50","CTR % for pos. 11-50","Avg. impression position for pos. 11-50","Avg. click position from pos. 11-50"
"калькулятор стоимости благоустройства участка","2026-07-20 - 2026-08-18","61.00","0.00","0.00","6.26","","1.00","0.00","0.00","14.00","0.00","0.00","2.21","","42.00","0.00","0.00","7.24","","4.00","0.00","0.00","11.50",""
"стоимость благоустройства территории за м2 калькулятор","2026-07-20 - 2026-08-18","38.00","0.00","0.00","8.26","","0.00","0.00","","0.00","0.00","","","","26.00","0.00","0.00","6.92","","12.00","0.00","0.00","11.17",""
"укладка тротуарной плитки цена","2026-07-20 - 2026-08-18","27.00","0.00","0.00","10.41","","0.00","0.00","","0.00","0.00","","","","14.00","0.00","0.00","9.00","","13.00","0.00","0.00","11.92",""
"сколько стоит дренаж участка 10 соток","2026-07-20 - 2026-08-18","22.00","0.00","0.00","19.68","","0.00","0.00","","4.00","0.00","0.00","2.00","","1.00","0.00","0.00","4.00","","17.00","0.00","0.00","24.76",""
"какая киянка нужна для укладки тротуарной плитки","2026-07-20 - 2026-08-18","17.00","0.00","0.00","8.06","","0.00","0.00","","1.00","0.00","0.00","3.00","","13.00","0.00","0.00","7.69","","3.00","0.00","0.00","11.33",""
"дренаж участка 6 соток","2026-07-20 - 2026-08-18","16.00","0.00","0.00","15.63","","0.00","0.00","","1.00","0.00","0.00","3.00","","4.00","0.00","0.00","8.50","","11.00","0.00","0.00","19.36",""
"укладка тротуарной плитки ярославль цена за м2","2026-07-20 - 2026-08-18","15.00","1.00","6.67","9.53","8.00","0.00","0.00","","0.00","0.00","","","","9.00","1.00","11.11","7.56","8.00","6.00","0.00","0.00","12.50",""
"навес под машину в брейтово","2026-07-20 - 2026-08-18","14.00","0.00","0.00","9.50","","0.00","0.00","","0.00","0.00","","","","9.00","0.00","0.00","8.22","","5.00","0.00","0.00","11.80",""
"дренаж участка 6 соток цена","2026-07-20 - 2026-08-18","11.00","0.00","0.00","27.91","","0.00","0.00","","0.00","0.00","","","","2.00","0.00","0.00","7.50","","9.00","0.00","0.00","32.44",""
"дренаж участка 10 соток","2026-07-20 - 2026-08-18","11.00","0.00","0.00","16.36","","0.00","0.00","","0.00","0.00","","","","2.00","0.00","0.00","5.50","","9.00","0.00","0.00","18.78",""
"стоимость дренажа участка 6 соток","2026-07-20 - 2026-08-18","10.00","0.00","0.00","21.70","","1.00","0.00","0.00","1.00","0.00","0.00","3.00","","0.00","0.00","","","","8.00","0.00","0.00","26.63",""
"укладка брусочек для во дворе дома сколько стоит квадрат метр переславль залесский","2026-07-20 - 2026-08-18","8.00","0.00","0.00","9.00","","0.00","0.00","","0.00","0.00","","","","7.00","0.00","0.00","8.71","","1.00","0.00","0.00","11.00",""
"дренаж участка ярославль","2026-07-20 - 2026-08-18","8.00","0.00","0.00","7.25","","0.00","0.00","","1.00","0.00","0.00","3.00","","7.00","0.00","0.00","7.86","","0.00","0.00","","",""
"сделать отмостку ярославль","2026-07-20 - 2026-08-18","7.00","1.00","14.29","5.00","5.00","0.00","0.00","","0.00","0.00","","","","7.00","1.00","14.29","5.00","5.00","0.00","0.00","","",""
"ландшафтный дизайн рыбинск","2026-07-20 - 2026-08-18","7.00","1.00","14.29","9.29","8.00","0.00","0.00","","0.00","0.00","","","","5.00","1.00","20.00","8.20","8.00","2.00","0.00","0.00","12.00",""
"благоустройство участка","2026-07-20 - 2026-08-18","7.00","1.00","14.29","9.71","11.00","0.00","0.00","","0.00","0.00","","","","4.00","0.00","0.00","8.00","","3.00","1.00","33.33","12.00","11.00"
"дренаж ярославль","2026-07-20 - 2026-08-18","7.00","0.00","0.00","13.86","","0.00","0.00","","0.00","0.00","","","","0.00","0.00","","","","7.00","0.00","0.00","13.86",""
"схема дренажа на участке 10 соток","2026-07-20 - 2026-08-18","7.00","0.00","0.00","8.86","","0.00","0.00","","0.00","0.00","","","","5.00","0.00","0.00","7.80","","2.00","0.00","0.00","11.50",""
"можно ли класть тротуарную плитку на старую плитку","2026-07-20 - 2026-08-18","6.00","2.00","33.33","2.33","1.50","1.00","1.00","100.00","5.00","1.00","20.00","2.60","2.00","0.00","0.00","","","","0.00","0.00","","",""
"отмостка ярославль","2026-07-20 - 2026-08-18","6.00","1.00","16.67","5.50","3.00","0.00","0.00","","1.00","1.00","100.00","3.00","3.00","5.00","0.00","0.00","6.00","","0.00","0.00","","",""
"правильно переложить старую тротуарную плитку","2026-07-20 - 2026-08-18","6.00","0.00","0.00","9.83","","0.00","0.00","","0.00","0.00","","","","5.00","0.00","0.00","9.40","","1.00","0.00","0.00","12.00",""
"ярославль организации по ремонту отмостки","2026-07-20 - 2026-08-18","5.00","2.00","40.00","7.20","9.00","1.00","0.00","0.00","0.00","0.00","","","","4.00","2.00","50.00","8.75","9.00","0.00","0.00","","",""
"пушкино 39 рыбинск","2026-07-20 - 2026-08-18","5.00","0.00","0.00","9.00","","0.00","0.00","","0.00","0.00","","","","5.00","0.00","0.00","9.00","","0.00","0.00","","",""
"выравнивание участка авито рыбинск","2026-07-20 - 2026-08-18","5.00","0.00","0.00","6.00","","0.00","0.00","","0.00","0.00","","","","5.00","0.00","0.00","6.00","","0.00","0.00","","",""
"дренаж участка 6 соток под ключ","2026-07-20 - 2026-08-18","5.00","0.00","0.00","29.20","","0.00","0.00","","0.00","0.00","","","","0.00","0.00","","","","5.00","0.00","0.00","29.20",""
"выкорчевка деревьев на участке ярославль и область","2026-07-20 - 2026-08-18","5.00","0.00","0.00","11.80","","0.00","0.00","","0.00","0.00","","","","1.00","0.00","0.00","8.00","","4.00","0.00","0.00","12.75",""
"ливневые канализации ярославль","2026-07-20 - 2026-08-18","5.00","1.00","20.00","6.40","4.00","0.00","0.00","","0.00","0.00","","","","5.00","1.00","20.00","6.40","4.00","0.00","0.00","","",""
"цена дренажа за метр работы","2026-07-20 - 2026-08-18","5.00","0.00","0.00","5.20","","0.00","0.00","","0.00","0.00","","","","5.00","0.00","0.00","5.20","","0.00","0.00","","",""
"переславль. садовые дорожки сделать","2026-07-20 - 2026-08-18","5.00","0.00","0.00","8.00","","0.00","0.00","","0.00","0.00","","","","5.00","0.00","0.00","8.00","","0.00","0.00","","",""
"отмостка вокруг дома цена под ключ в переславле залесском","2026-07-20 - 2026-08-18","5.00","0.00","0.00","3.80","","0.00","0.00","","1.00","0.00","0.00","3.00","","4.00","0.00","0.00","4.00","","0.00","0.00","","",""
"дренаж вокруг дома рыбинск","2026-07-20 - 2026-08-18","5.00","0.00","0.00","4.40","","0.00","0.00","","1.00","0.00","0.00","3.00","","4.00","0.00","0.00","4.75","","0.00","0.00","","",""
"как положить тротуарную плитку на старую плитку","2026-07-20 - 2026-08-18","5.00","1.00","20.00","3.60","9.00","1.00","0.00","0.00","2.00","0.00","0.00","2.00","","2.00","1.00","50.00","6.50","9.00","0.00","0.00","","",""
"заезд на участок через канаву в тутаеве","2026-07-20 - 2026-08-18","5.00","2.00","40.00","5.60","4.50","0.00","0.00","","0.00","0.00","","","","5.00","2.00","40.00","5.60","4.50","0.00","0.00","","",""
"ракурс дренаж ярославль","2026-07-20 - 2026-08-18","5.00","0.00","0.00","38.60","","0.00","0.00","","0.00","0.00","","","","0.00","0.00","","","","5.00","0.00","0.00","38.60",""
"планировка участка ярославль","2026-07-20 - 2026-08-18","4.00","1.00","25.00","11.75","12.00","0.00","0.00","","0.00","0.00","","","","1.00","0.00","0.00","10.00","","3.00","1.00","33.33","12.33","12.00"
"какая нужна киянка для укладки тротуарной плитки","2026-07-20 - 2026-08-18","4.00","0.00","0.00","8.75","","0.00","0.00","","0.00","0.00","","","","4.00","0.00","0.00","8.75","","0.00","0.00","","",""
"планировка участка рыбинск","2026-07-20 - 2026-08-18","4.00","0.00","0.00","3.75","","0.00","0.00","","1.00","0.00","0.00","3.00","","3.00","0.00","0.00","4.00","","0.00","0.00","","",""
"почему стоит вода на участке после дождя","2026-07-20 - 2026-08-18","4.00","0.00","0.00","6.25","","0.00","0.00","","0.00","0.00","","","","4.00","0.00","0.00","6.25","","0.00","0.00","","",""
"какую киянку выбрать для укладки тротуарной плитки","2026-07-20 - 2026-08-18","4.00","1.00","25.00","14.25","20.00","0.00","0.00","","0.00","0.00","","","","1.00","0.00","0.00","10.00","","3.00","1.00","33.33","15.67","20.00"
"сколько стоит выложить тротуарную плитку 1 кв метр","2026-07-20 - 2026-08-18","4.00","0.00","0.00","6.75","","0.00","0.00","","0.00","0.00","","","","4.00","0.00","0.00","6.75","","0.00","0.00","","",""
"можно ли класть тротуарную плитку на старую","2026-07-20 - 2026-08-18","4.00","0.00","0.00","2.75","","0.00","0.00","","3.00","0.00","0.00","2.33","","1.00","0.00","0.00","4.00","","0.00","0.00","","",""
"укладка плитки бордюрной в переславле","2026-07-20 - 2026-08-18","4.00","0.00","0.00","8.75","","0.00","0.00","","0.00","0.00","","","","3.00","0.00","0.00","8.00","","1.00","0.00","0.00","11.00",""
"дренажная схема участка 10 соток примерно","2026-07-20 - 2026-08-18","4.00","0.00","0.00","8.50","","0.00","0.00","","0.00","0.00","","","","4.00","0.00","0.00","8.50","","0.00","0.00","","",""
"сколько стоит м2 работ по укладке тротуарной плитки","2026-07-20 - 2026-08-18","4.00","0.00","0.00","7.50","","0.00","0.00","","0.00","0.00","","","","4.00","0.00","0.00","7.50","","0.00","0.00","","",""
"отмостка дома ярославль заволга","2026-07-20 - 2026-08-18","4.00","0.00","0.00","6.25","","0.00","0.00","","0.00","0.00","","","","4.00","0.00","0.00","6.25","","0.00","0.00","","",""
"дренаж участка 6 соток под ключ цена","2026-07-20 - 2026-08-18","4.00","0.00","0.00","23.00","","0.00","0.00","","0.00","0.00","","","","0.00","0.00","","","","4.00","0.00","0.00","23.00",""
"цена укладки дренажа углич","2026-07-20 - 2026-08-18","4.00","1.00","25.00","5.50","5.00","0.00","0.00","","0.00","0.00","","","","4.00","1.00","25.00","5.50","5.00","0.00","0.00","","",""
"прайс на устройство дренажа","2026-07-20 - 2026-08-18","4.00","1.00","25.00","8.25","4.00","0.00","0.00","","0.00","0.00","","","","2.00","1.00","50.00","5.50","4.00","2.00","0.00","0.00","11.00",""
"сколько стоит дренаж участка 6 соток","2026-07-20 - 2026-08-18","4.00","0.00","0.00","29.00","","0.00","0.00","","0.00","0.00","","","","0.00","0.00","","","","4.00","0.00","0.00","29.00",""
"авито углич укладка брусчатки","2026-07-20 - 2026-08-18","4.00","1.00","25.00","5.75","7.00","0.00","0.00","","0.00","0.00","","","","4.00","1.00","25.00","5.75","7.00","0.00","0.00","","",""
"эксперт рыбинск","2026-07-20 - 2026-08-18","4.00","0.00","0.00","8.00","","0.00","0.00","","0.00","0.00","","","","2.00","0.00","0.00","5.00","","2.00","0.00","0.00","11.00",""
"замена тротуарной плитки новую на старую видео","2026-07-20 - 2026-08-18","4.00","1.00","25.00","7.50","6.00","0.00","0.00","","0.00","0.00","","","","4.00","1.00","25.00","7.50","6.00","0.00","0.00","","",""
"устройство дренажа вокруг дома цена за работу","2026-07-20 - 2026-08-18","3.00","0.00","0.00","9.00","","0.00","0.00","","0.00","0.00","","","","2.00","0.00","0.00","8.00","","1.00","0.00","0.00","11.00",""
"ландшафтное проектирование калькулятор","2026-07-20 - 2026-08-18","3.00","0.00","0.00","12.00","","0.00","0.00","","0.00","0.00","","","","1.00","0.00","0.00","10.00","","2.00","0.00","0.00","13.00",""
"уложить плитку на даче под ключ цена","2026-07-20 - 2026-08-18","3.00","0.00","0.00","11.67","","0.00","0.00","","0.00","0.00","","","","0.00","0.00","","","","3.00","0.00","0.00","11.67",""
"выровнять участок на даче ярославль","2026-07-20 - 2026-08-18","3.00","0.00","0.00","25.00","","0.00","0.00","","0.00","0.00","","","","0.00","0.00","","","","3.00","0.00","0.00","25.00",""
"отмостку вокруг дома сколько стоит в ярославле сделать","2026-07-20 - 2026-08-18","3.00","1.00","33.33","7.67","6.00","0.00","0.00","","0.00","0.00","","","","3.00","1.00","33.33","7.67","6.00","0.00","0.00","","",""
"можно ли укладывать тротуарную плитку по верх старой","2026-07-20 - 2026-08-18","3.00","2.00","66.67","5.00","6.00","0.00","0.00","","2.00","1.00","50.00","3.00","3.00","1.00","1.00","100.00","9.00","9.00","0.00","0.00","","",""
"вопрос, если на старую, залитую раствором, дорожку положить новую брусчатку. что будет снею в дальнейшем","2026-07-20 - 2026-08-18","3.00","0.00","0.00","8.33","","0.00","0.00","","0.00","0.00","","","","3.00","0.00","0.00","8.33","","0.00","0.00","","",""
"сколько стоит уложить тротуарную плитку цена за м2","2026-07-20 - 2026-08-18","3.00","0.00","0.00","9.00","","0.00","0.00","","0.00","0.00","","","","2.00","0.00","0.00","8.00","","1.00","0.00","0.00","11.00",""
"расценки на отмостку вокруг дома из бетона цена за работу в ярославле","2026-07-20 - 2026-08-18","3.00","1.00","33.33","4.00","2.00","0.00","0.00","","1.00","1.00","100.00","2.00","2.00","2.00","0.00","0.00","5.00","","0.00","0.00","","",""
"стоимость устройства дренажа на участке за метр","2026-07-20 - 2026-08-18","3.00","0.00","0.00","8.67","","0.00","0.00","","0.00","0.00","","","","3.00","0.00","0.00","8.67","","0.00","0.00","","",""
"найти садовника на участок в рыбинске","2026-07-20 - 2026-08-18","3.00","2.00","66.67","6.33","6.00","0.00","0.00","","0.00","0.00","","","","3.00","2.00","66.67","6.33","6.00","0.00","0.00","","",""
"у кого в ярославле заказать отмостку","2026-07-20 - 2026-08-18","3.00","0.00","0.00","8.67","","0.00","0.00","","0.00","0.00","","","","3.00","0.00","0.00","8.67","","0.00","0.00","","",""
"key_phrase : благоустройство ярославской области","2026-07-20 - 2026-08-18","3.00","0.00","0.00","12.00","","0.00","0.00","","0.00","0.00","","","","2.00","0.00","0.00","9.00","","1.00","0.00","0.00","18.00",""
"можно ли поверх старой плитки на улице положить лемезит","2026-07-20 - 2026-08-18","3.00","0.00","0.00","11.33","","0.00","0.00","","0.00","0.00","","","","1.00","0.00","0.00","10.00","","2.00","0.00","0.00","12.00",""
"можно ли класть тротуарную плитку на тротуарную плитку","2026-07-20 - 2026-08-18","3.00","1.00","33.33","2.67","2.00","0.00","0.00","","3.00","1.00","33.33","2.67","2.00","0.00","0.00","","","","0.00","0.00","","",""
"навесы для авто в г.угличе ярославская обл","2026-07-20 - 2026-08-18","3.00","0.00","0.00","24.67","","0.00","0.00","","0.00","0.00","","","","0.00","0.00","","","","3.00","0.00","0.00","24.67",""
"отмостка вокруг дома в ярославле","2026-07-20 - 2026-08-18","3.00","1.00","33.33","7.33","5.00","0.00","0.00","","0.00","0.00","","","","3.00","1.00","33.33","7.33","5.00","0.00","0.00","","",""
"демонтаж stroy-investmsk 76","2026-07-20 - 2026-08-18","3.00","0.00","0.00","9.33","","0.00","0.00","","0.00","0.00","","","","2.00","0.00","0.00","8.00","","1.00","0.00","0.00","12.00",""
"почему может быть плохое основание в тротуаре","2026-07-20 - 2026-08-18","3.00","0.00","0.00","4.00","","0.00","0.00","","0.00","0.00","","","","3.00","0.00","0.00","4.00","","0.00","0.00","","",""
"служба ливневых стоков ярославль","2026-07-20 - 2026-08-18","3.00","0.00","0.00","3.00","","0.00","0.00","","2.00","0.00","0.00","2.00","","1.00","0.00","0.00","5.00","","0.00","0.00","","",""
"можно класть тротуарную плитку на плитку","2026-07-20 - 2026-08-18","3.00","0.00","0.00","5.00","","0.00","0.00","","0.00","0.00","","","","3.00","0.00","0.00","5.00","","0.00","0.00","","",""
"стоимость укладки тротуарной плитки за м2","2026-07-20 - 2026-08-18","3.00","0.00","0.00","6.00","","0.00","0.00","","0.00","0.00","","","","3.00","0.00","0.00","6.00","","0.00","0.00","","",""
"дренаж вокруг дома под ключ","2026-07-20 - 2026-08-18","3.00","0.00","0.00","7.67","","0.00","0.00","","0.00","0.00","","","","3.00","0.00","0.00","7.67","","0.00","0.00","","",""
"можно ди га плитку уличную сверху положить другую","2026-07-20 - 2026-08-18","3.00","0.00","0.00","7.00","","0.00","0.00","","0.00","0.00","","","","3.00","0.00","0.00","7.00","","0.00","0.00","","",""
"сколько стоит дренажная система участка","2026-07-20 - 2026-08-18","3.00","0.00","0.00","8.00","","0.00","0.00","","0.00","0.00","","","","3.00","0.00","0.00","8.00","","0.00","0.00","","",""
"благоустройство рыбинск","2026-07-20 - 2026-08-18","3.00","0.00","0.00","13.33","","0.00","0.00","","0.00","0.00","","","","1.00","0.00","0.00","4.00","","2.00","0.00","0.00","18.00",""
"ярославская область сколько стоит сделать въездную дорогу на участке","2026-07-20 - 2026-08-18","3.00","0.00","0.00","9.00","","0.00","0.00","","0.00","0.00","","","","3.00","0.00","0.00","9.00","","0.00","0.00","","",""
"отмостка в переславле","2026-07-20 - 2026-08-18","3.00","0.00","0.00","3.00","","0.00","0.00","","3.00","0.00","0.00","3.00","","0.00","0.00","","","","0.00","0.00","","",""
"установка бордюров для тротуарной плитки цена за работу в ярославле","2026-07-20 - 2026-08-18","3.00","1.00","33.33","11.00","9.00","0.00","0.00","","0.00","0.00","","","","1.00","1.00","100.00","9.00","9.00","2.00","0.00","0.00","12.00",""
"услуги по укладке плитки тротуарной в тутаеве","2026-07-20 - 2026-08-18","3.00","0.00","0.00","6.33","","0.00","0.00","","0.00","0.00","","","","3.00","0.00","0.00","6.33","","0.00","0.00","","",""
"можно ли положить тротуарную плитку поверх старой плитки","2026-07-20 - 2026-08-18","3.00","1.00","33.33","2.00","1.00","1.00","1.00","100.00","2.00","0.00","0.00","2.50","","0.00","0.00","","","","0.00","0.00","","",""
"авито очистка участка рыбинск","2026-07-20 - 2026-08-18","3.00","0.00","0.00","8.00","","0.00","0.00","","0.00","0.00","","","","3.00","0.00","0.00","8.00","","0.00","0.00","","",""
"дренаж углич","2026-07-20 - 2026-08-18","3.00","0.00","0.00","4.67","","0.00","0.00","","0.00","0.00","","","","3.00","0.00","0.00","4.67","","0.00","0.00","","",""
"можно ли укладывать тротуарную плитку на старую плитку","2026-07-20 - 2026-08-18","3.00","0.00","0.00","3.00","","0.00","0.00","","2.00","0.00","0.00","2.50","","1.00","0.00","0.00","4.00","","0.00","0.00","","",""
"ярославль дренаж вокруг строения","2026-07-20 - 2026-08-18","3.00","0.00","0.00","23.00","","0.00","0.00","","0.00","0.00","","","","0.00","0.00","","","","3.00","0.00","0.00","23.00",""
"монтаж ливневой канализации в ярославле","2026-07-20 - 2026-08-18","3.00","1.00","33.33","5.33","2.00","0.00","0.00","","1.00","1.00","100.00","2.00","2.00","2.00","0.00","0.00","7.00","","0.00","0.00","","",""
"заезд через канаву на участок","2026-07-20 - 2026-08-18","2.00","1.00","50.00","13.00","12.00","0.00","0.00","","0.00","0.00","","","","0.00","0.00","","","","2.00","1.00","50.00","13.00","12.00"
"отмостка заказать в переславле","2026-07-20 - 2026-08-18","2.00","0.00","0.00","5.00","","0.00","0.00","","0.00","0.00","","","","2.00","0.00","0.00","5.00","","0.00","0.00","","",""
"плиточник в угличе","2026-07-20 - 2026-08-18","2.00","0.00","0.00","10.50","","0.00","0.00","","0.00","0.00","","","","1.00","0.00","0.00","10.00","","1.00","0.00","0.00","11.00",""
"навес купить в рыбинске","2026-07-20 - 2026-08-18","2.00","0.00","0.00","19.50","","0.00","0.00","","0.00","0.00","","","","0.00","0.00","","","","2.00","0.00","0.00","19.50",""
"сделать дренаж на болотистом участке","2026-07-20 - 2026-08-18","2.00","0.00","0.00","18.00","","0.00","0.00","","0.00","0.00","","","","0.00","0.00","","","","2.00","0.00","0.00","18.00",""
"отмостка в частном доме ярославль","2026-07-20 - 2026-08-18","2.00","0.00","0.00","4.50","","0.00","0.00","","0.00","0.00","","","","2.00","0.00","0.00","4.50","","0.00","0.00","","",""
"рулонный газон в ярославской области на авито","2026-07-20 - 2026-08-18","2.00","0.00","0.00","9.00","","0.00","0.00","","0.00","0.00","","","","2.00","0.00","0.00","9.00","","0.00","0.00","","",""
"планировка участка ярославль дисконт миниpogruzchiki-ru","2026-07-20 - 2026-08-18","2.00","0.00","0.00","10.50","","0.00","0.00","","0.00","0.00","","","","1.00","0.00","0.00","10.00","","1.00","0.00","0.00","11.00",""
"как рассчитать стоимость переделки клумбы онлайн","2026-07-20 - 2026-08-18","2.00","0.00","0.00","7.50","","0.00","0.00","","0.00","0.00","","","","2.00","0.00","0.00","7.50","","0.00","0.00","","",""
"сайты благоустройства участков","2026-07-20 - 2026-08-18","2.00","1.00","50.00","1.50","1.00","1.00","1.00","100.00","1.00","0.00","0.00","2.00","","0.00","0.00","","","","0.00","0.00","","",""
"выполнить отмостку город ярославль","2026-07-20 - 2026-08-18","2.00","0.00","0.00","5.50","","0.00","0.00","","0.00","0.00","","","","2.00","0.00","0.00","5.50","","0.00","0.00","","",""
"устройство ливневки и отмостки в ярославле","2026-07-20 - 2026-08-18","2.00","1.00","50.00","5.50","6.00","0.00","0.00","","0.00","0.00","","","","2.00","1.00","50.00","5.50","6.00","0.00","0.00","","",""
"можно переложить уже положенную тротуарную плитку","2026-07-20 - 2026-08-18","2.00","0.00","0.00","5.00","","0.00","0.00","","0.00","0.00","","","","2.00","0.00","0.00","5.00","","0.00","0.00","","",""
"сколько стоит сделать дренаж вокруг дома","2026-07-20 - 2026-08-18","2.00","0.00","0.00","10.50","","0.00","0.00","","0.00","0.00","","","","1.00","0.00","0.00","9.00","","1.00","0.00","0.00","12.00",""
"отмостка вокруг дома рыбинск","2026-07-20 - 2026-08-18","2.00","1.00","50.00","5.50","4.00","0.00","0.00","","0.00","0.00","","","","2.00","1.00","50.00","5.50","4.00","0.00","0.00","","",""
"рыбинск как сделать заявку на спил деревьев в рыбинском районе поселение глебовское","2026-07-20 - 2026-08-18","2.00","0.00","0.00","7.50","","0.00","0.00","","0.00","0.00","","","","2.00","0.00","0.00","7.50","","0.00","0.00","","",""
"снос зданий и сооружений","2026-07-20 - 2026-08-18","2.00","0.00","0.00","16.00","","0.00","0.00","","0.00","0.00","","","","0.00","0.00","","","","2.00","0.00","0.00","16.00",""
"дренаж рыбинск","2026-07-20 - 2026-08-18","2.00","0.00","0.00","2.00","","0.00","0.00","","2.00","0.00","0.00","2.00","","0.00","0.00","","","","0.00","0.00","","",""
"прейскурант цен на благоустройство придомовой территории в ярославской области","2026-07-20 - 2026-08-18","2.00","1.00","50.00","7.00","7.00","0.00","0.00","","0.00","0.00","","","","2.00","1.00","50.00","7.00","7.00","0.00","0.00","","",""
"зачем поднимать старую плитку и класть заново на асфальте","2026-07-20 - 2026-08-18","2.00","0.00","0.00","4.50","","0.00","0.00","","1.00","0.00","0.00","3.00","","1.00","0.00","0.00","6.00","","0.00","0.00","","",""
"строительство слипов углич","2026-07-20 - 2026-08-18","2.00","0.00","0.00","8.50","","0.00","0.00","","0.00","0.00","","","","2.00","0.00","0.00","8.50","","0.00","0.00","","",""
"расценки на укладку тротуарной плитки и бордюров в ярославле","2026-07-20 - 2026-08-18","2.00","0.00","0.00","10.00","","0.00","0.00","","0.00","0.00","","","","1.00","0.00","0.00","9.00","","1.00","0.00","0.00","11.00",""
"дренаж участка в ярославле","2026-07-20 - 2026-08-18","2.00","0.00","0.00","6.50","","0.00","0.00","","0.00","0.00","","","","2.00","0.00","0.00","6.50","","0.00","0.00","","",""
"можно ли поверх плиты положить тротуарную плитку","2026-07-20 - 2026-08-18","2.00","0.00","0.00","11.50","","0.00","0.00","","0.00","0.00","","","","1.00","0.00","0.00","10.00","","1.00","0.00","0.00","13.00",""
"ярославль купить гибкую отмостку цена адрес","2026-07-20 - 2026-08-18","2.00","0.00","0.00","10.00","","0.00","0.00","","0.00","0.00","","","","1.00","0.00","0.00","8.00","","1.00","0.00","0.00","12.00",""
"сколько стоит кладка брусчатка","2026-07-20 - 2026-08-18","2.00","0.00","0.00","10.00","","0.00","0.00","","0.00","0.00","","","","1.00","0.00","0.00","9.00","","1.00","0.00","0.00","11.00",""
"монтаж навеса для авто от производителя ярославль","2026-07-20 - 2026-08-18","2.00","0.00","0.00","23.50","","0.00","0.00","","0.00","0.00","","","","0.00","0.00","","","","2.00","0.00","0.00","23.50",""
"укладка тротуарной плитки рыбинск","2026-07-20 - 2026-08-18","2.00","0.00","0.00","9.50","","0.00","0.00","","0.00","0.00","","","","2.00","0.00","0.00","9.50","","0.00","0.00","","",""
"положить плитку на старую плитку на улице","2026-07-20 - 2026-08-18","2.00","0.00","0.00","5.50","","0.00","0.00","","0.00","0.00","","","","2.00","0.00","0.00","5.50","","0.00","0.00","","",""
"обслуживание систем полива в ярославле","2026-07-20 - 2026-08-18","2.00","0.00","0.00","7.00","","0.00","0.00","","0.00","0.00","","","","2.00","0.00","0.00","7.00","","0.00","0.00","","",""
"сколько стоит м2 работ по укладке тротуарной плитки в ярославле","2026-07-20 - 2026-08-18","2.00","0.00","0.00","9.50","","0.00","0.00","","0.00","0.00","","","","2.00","0.00","0.00","9.50","","0.00","0.00","","",""
"план дренажа на 6 соток","2026-07-20 - 2026-08-18","2.00","0.00","0.00","7.00","","0.00","0.00","","0.00","0.00","","","","2.00","0.00","0.00","7.00","","0.00","0.00","","",""
"благоустройство территории перед участком","2026-07-20 - 2026-08-18","2.00","0.00","0.00","10.50","","0.00","0.00","","0.00","0.00","","","","1.00","0.00","0.00","10.00","","1.00","0.00","0.00","11.00",""
"корчевание деревьев ярославль экономично техно ники ru","2026-07-20 - 2026-08-18","2.00","0.00","0.00","9.50","","0.00","0.00","","0.00","0.00","","","","2.00","0.00","0.00","9.50","","0.00","0.00","","",""
"можно ли на плитку тротуарную положить сверху плитку из гранита","2026-07-20 - 2026-08-18","2.00","0.00","0.00","6.00","","0.00","0.00","","0.00","0.00","","","","2.00","0.00","0.00","6.00","","0.00","0.00","","",""
"положить тротуарную плитку поверх старой плитка","2026-07-20 - 2026-08-18","2.00","0.00","0.00","2.00","","0.00","0.00","","2.00","0.00","0.00","2.00","","0.00","0.00","","","","0.00","0.00","","",""
"сделать отмостку цена за квадратный метр","2026-07-20 - 2026-08-18","2.00","1.00","50.00","7.50","8.00","0.00","0.00","","0.00","0.00","","","","2.00","1.00","50.00","7.50","8.00","0.00","0.00","","",""
"ярославская область вывешивание домов организации","2026-07-20 - 2026-08-18","2.00","0.00","0.00","10.00","","0.00","0.00","","0.00","0.00","","","","2.00","0.00","0.00","10.00","","0.00","0.00","","",""
"строительство подпорных стен в ярославле","2026-07-20 - 2026-08-18","2.00","0.00","0.00","10.50","","0.00","0.00","","0.00","0.00","","","","1.00","0.00","0.00","10.00","","1.00","0.00","0.00","11.00",""
"8 915 978-30-31","2026-07-20 - 2026-08-18","2.00","0.00","0.00","9.00","","0.00","0.00","","0.00","0.00","","","","2.00","0.00","0.00","9.00","","0.00","0.00","","",""
"организация, выполняющая установкой гравитационной подпорной стены ярославль","2026-07-20 - 2026-08-18","2.00","1.00","50.00","8.00","9.00","0.00","0.00","","0.00","0.00","","","","2.00","1.00","50.00","8.00","9.00","0.00","0.00","","",""
"гриль домик под ключ с мангалом в рыбинске","2026-07-20 - 2026-08-18","2.00","0.00","0.00","9.50","","0.00","0.00","","0.00","0.00","","","","1.00","0.00","0.00","7.00","","1.00","0.00","0.00","12.00",""
"навес в рыбинске на авито максим фото","2026-07-20 - 2026-08-18","2.00","0.00","0.00","21.00","","0.00","0.00","","0.00","0.00","","","","0.00","0.00","","","","2.00","0.00","0.00","21.00",""
"можно ли переложить старую плитку от дорожки на даче с поднятие уровня для новой дорожки","2026-07-20 - 2026-08-18","2.00","0.00","0.00","5.50","","0.00","0.00","","0.00","0.00","","","","2.00","0.00","0.00","5.50","","0.00","0.00","","",""
"дренаж участка с высоким уровнем грунтовых вод","2026-07-20 - 2026-08-18","2.00","0.00","0.00","5.50","","0.00","0.00","","0.00","0.00","","","","2.00","0.00","0.00","5.50","","0.00","0.00","","",""
"сколько стоит осушить участок 10 соток","2026-07-20 - 2026-08-18","2.00","0.00","0.00","3.50","","0.00","0.00","","1.00","0.00","0.00","3.00","","1.00","0.00","0.00","4.00","","0.00","0.00","","",""
"кто занимается ремонтом ливневых трубы на многоквартирных домах в ярославле","2026-07-20 - 2026-08-18","2.00","0.00","0.00","11.00","","0.00","0.00","","0.00","0.00","","","","0.00","0.00","","","","2.00","0.00","0.00","11.00",""
"подъем участка ярославль","2026-07-20 - 2026-08-18","2.00","0.00","0.00","22.00","","0.00","0.00","","0.00","0.00","","","","0.00","0.00","","","","2.00","0.00","0.00","22.00",""
"сколько стоит укладка тротуарной плитки за квадратный метр под ключ","2026-07-20 - 2026-08-18","2.00","0.00","0.00","8.00","","0.00","0.00","","0.00","0.00","","","","2.00","0.00","0.00","8.00","","0.00","0.00","","",""
"можно ли укладывать тротуарную плитку на старую тротуарную плитку","2026-07-20 - 2026-08-18","2.00","1.00","50.00","2.50","2.00","0.00","0.00","","2.00","1.00","50.00","2.50","2.00","0.00","0.00","","","","0.00","0.00","","",""
"можно ли положить плитку на старую брусчатку на террасе","2026-07-20 - 2026-08-18","2.00","1.00","50.00","3.50","2.00","0.00","0.00","","1.00","1.00","100.00","2.00","2.00","1.00","0.00","0.00","5.00","","0.00","0.00","","",""
"дренаж по проекту в переславле","2026-07-20 - 2026-08-18","2.00","0.00","0.00","8.00","","0.00","0.00","","0.00","0.00","","","","1.00","0.00","0.00","4.00","","1.00","0.00","0.00","12.00",""
"переславль укладка плитки тротуарной цена","2026-07-20 - 2026-08-18","2.00","0.00","0.00","5.00","","0.00","0.00","","0.00","0.00","","","","2.00","0.00","0.00","5.00","","0.00","0.00","","",""
"www.exp76","2026-07-20 - 2026-08-18","2.00","1.00","50.00","1.50","1.00","1.00","1.00","100.00","1.00","0.00","0.00","2.00","","0.00","0.00","","","","0.00","0.00","","",""
"как положить новую плитку на старую на улице","2026-07-20 - 2026-08-18","2.00","0.00","0.00","7.00","","0.00","0.00","","0.00","0.00","","","","2.00","0.00","0.00","7.00","","0.00","0.00","","",""
"положить плитку на старую дорожку","2026-07-20 - 2026-08-18","2.00","0.00","0.00","3.00","","0.00","0.00","","2.00","0.00","0.00","3.00","","0.00","0.00","","","","0.00","0.00","","",""
"отмостка трещина треска","2026-07-20 - 2026-08-18","2.00","0.00","0.00","9.50","","0.00","0.00","","0.00","0.00","","","","1.00","0.00","0.00","8.00","","1.00","0.00","0.00","11.00",""
"дренаж заболоченного участка","2026-07-20 - 2026-08-18","2.00","0.00","0.00","34.00","","0.00","0.00","","0.00","0.00","","","","0.00","0.00","","","","2.00","0.00","0.00","34.00",""
"благоустройство территории рыбинск","2026-07-20 - 2026-08-18","2.00","0.00","0.00","9.00","","0.00","0.00","","0.00","0.00","","","","2.00","0.00","0.00","9.00","","0.00","0.00","","",""
"укладка тротуарной плитки цена за каждый этап в ярославле","2026-07-20 - 2026-08-18","2.00","1.00","50.00","7.50","10.00","0.00","0.00","","0.00","0.00","","","","2.00","1.00","50.00","7.50","10.00","0.00","0.00","","",""
"дендролог в рыбинске","2026-07-20 - 2026-08-18","2.00","1.00","50.00","8.50","6.00","0.00","0.00","","0.00","0.00","","","","1.00","1.00","100.00","6.00","6.00","1.00","0.00","0.00","11.00",""
"специалист по дренажу участка в ярославле","2026-07-20 - 2026-08-18","2.00","1.00","50.00","6.50","7.00","0.00","0.00","","0.00","0.00","","","","2.00","1.00","50.00","6.50","7.00","0.00","0.00","","",""
"продам газон рулонный авито углич","2026-07-20 - 2026-08-18","2.00","0.00","0.00","6.50","","0.00","0.00","","0.00","0.00","","","","2.00","0.00","0.00","6.50","","0.00","0.00","","",""
"укрепление склона на участке выполнить работы в рыбинске","2026-07-20 - 2026-08-18","2.00","0.00","0.00","9.50","","0.00","0.00","","0.00","0.00","","","","2.00","0.00","0.00","9.50","","0.00","0.00","","",""
"уличная плитка на даче кладут ли на старую плитку","2026-07-20 - 2026-08-18","2.00","0.00","0.00","3.00","","0.00","0.00","","1.00","0.00","0.00","2.00","","1.00","0.00","0.00","4.00","","0.00","0.00","","",""
"укладка плитки тротуарной переславль","2026-07-20 - 2026-08-18","2.00","0.00","0.00","6.00","","0.00","0.00","","0.00","0.00","","","","2.00","0.00","0.00","6.00","","0.00","0.00","","",""
"брусчатка в рыбинске уложена в стиле","2026-07-20 - 2026-08-18","2.00","0.00","0.00","11.50","","0.00","0.00","","0.00","0.00","","","","0.00","0.00","","","","2.00","0.00","0.00","11.50",""
"как от старой тротуарной плитки продолжить класть новую видео","2026-07-20 - 2026-08-18","2.00","0.00","0.00","9.00","","0.00","0.00","","0.00","0.00","","","","2.00","0.00","0.00","9.00","","0.00","0.00","","",""
"проектирование систем автополива","2026-07-20 - 2026-08-18","2.00","0.00","0.00","46.00","","0.00","0.00","","0.00","0.00","","","","0.00","0.00","","","","2.00","0.00","0.00","46.00",""
"сшить навес на беседку в г.рыбинск","2026-07-20 - 2026-08-18","2.00","0.00","0.00","10.50","","0.00","0.00","","0.00","0.00","","","","1.00","0.00","0.00","10.00","","1.00","0.00","0.00","11.00",""
"если оставить старую дворовую плитку и сверху засыпать землей можно на него положить новую","2026-07-20 - 2026-08-18","2.00","1.00","50.00","2.00","1.00","1.00","1.00","100.00","1.00","0.00","0.00","3.00","","0.00","0.00","","","","0.00","0.00","","",""
"сколько стоит черновой заезд через канаву в рыбинске","2026-07-20 - 2026-08-18","2.00","0.00","0.00","8.00","","0.00","0.00","","0.00","0.00","","","","2.00","0.00","0.00","8.00","","0.00","0.00","","",""
"печник в ярославской области брейтово","2026-07-20 - 2026-08-18","2.00","0.00","0.00","7.00","","0.00","0.00","","0.00","0.00","","","","2.00","0.00","0.00","7.00","","0.00","0.00","","",""
"заезд на участок через канаву в ярославской области","2026-07-20 - 2026-08-18","2.00","0.00","0.00","8.00","","0.00","0.00","","0.00","0.00","","","","2.00","0.00","0.00","8.00","","0.00","0.00","","",""
"облагородить дачный участок фирмы в рыбинске","2026-07-20 - 2026-08-18","2.00","0.00","0.00","7.50","","0.00","0.00","","0.00","0.00","","","","2.00","0.00","0.00","7.50","","0.00","0.00","","",""
"слякоть грязь после дождя и ямы как можно иешить проблему","2026-07-20 - 2026-08-18","2.00","0.00","0.00","3.00","","0.00","0.00","","2.00","0.00","0.00","3.00","","0.00","0.00","","","","0.00","0.00","","",""
"укладка брусчатки рыбинск","2026-07-20 - 2026-08-18","2.00","0.00","0.00","12.50","","0.00","0.00","","0.00","0.00","","","","0.00","0.00","","","","2.00","0.00","0.00","12.50",""
"цена отмостки под ключ рыбинск","2026-07-20 - 2026-08-18","2.00","0.00","0.00","4.50","","0.00","0.00","","0.00","0.00","","","","2.00","0.00","0.00","4.50","","0.00","0.00","","",""
"ливневки ярославль","2026-07-20 - 2026-08-18","2.00","0.00","0.00","3.00","","0.00","0.00","","2.00","0.00","0.00","3.00","","0.00","0.00","","","","0.00","0.00","","",""
"автополив ярославль","2026-07-20 - 2026-08-18","2.00","0.00","0.00","12.00","","0.00","0.00","","0.00","0.00","","","","0.00","0.00","","","","2.00","0.00","0.00","12.00",""
"убрать вода на участке вызвать гидроинженера ярославль","2026-07-20 - 2026-08-18","2.00","0.00","0.00","4.50","","0.00","0.00","","0.00","0.00","","","","2.00","0.00","0.00","4.50","","0.00","0.00","","",""
"ярославль сделать отмостку","2026-07-20 - 2026-08-18","2.00","0.00","0.00","5.00","","0.00","0.00","","0.00","0.00","","","","2.00","0.00","0.00","5.00","","0.00","0.00","","",""
"ирригация участка в ярославской","2026-07-20 - 2026-08-18","2.00","1.00","50.00","4.00","4.00","0.00","0.00","","0.00","0.00","","","","2.00","1.00","50.00","4.00","4.00","0.00","0.00","","",""
"выравнивание участка ярославль вызвать tehno-niki ру","2026-07-20 - 2026-08-18","2.00","0.00","0.00","13.00","","0.00","0.00","","0.00","0.00","","","","0.00","0.00","","","","2.00","0.00","0.00","13.00",""
"плитка тротуарная на плитку тротуарную можно ли класть","2026-07-20 - 2026-08-18","2.00","0.00","0.00","3.00","","0.00","0.00","","2.00","0.00","0.00","3.00","","0.00","0.00","","","","0.00","0.00","","",""
"дренаж участка цена ярославская область","2026-07-20 - 2026-08-18","2.00","0.00","0.00","3.00","","0.00","0.00","","2.00","0.00","0.00","3.00","","0.00","0.00","","","","0.00","0.00","","",""
"корчевание деревьев ярославль мо tehno niki-ru","2026-07-20 - 2026-08-18","2.00","0.00","0.00","10.00","","0.00","0.00","","0.00","0.00","","","","1.00","0.00","0.00","8.00","","1.00","0.00","0.00","12.00",""
"работы по укладке пола из тротуарной плитки в гараже с гидроизоляцией ярославль","2026-07-20 - 2026-08-18","2.00","1.00","50.00","8.50","6.00","0.00","0.00","","0.00","0.00","","","","1.00","1.00","100.00","6.00","6.00","1.00","0.00","0.00","11.00",""
"планировка участка ярославль в областном центре миниpogruzchiki ру","2026-07-20 - 2026-08-18","2.00","0.00","0.00","8.50","","0.00","0.00","","0.00","0.00","","","","2.00","0.00","0.00","8.50","","0.00","0.00","","",""
"плитку нельзя потому что поводка старая","2026-07-20 - 2026-08-18","2.00","0.00","0.00","7.50","","0.00","0.00","","0.00","0.00","","","","2.00","0.00","0.00","7.50","","0.00","0.00","","",""
"монтаж дренажной трубы цена за работу за метр","2026-07-20 - 2026-08-18","2.00","0.00","0.00","8.50","","0.00","0.00","","0.00","0.00","","","","2.00","0.00","0.00","8.50","","0.00","0.00","","",""
"изготовление навесов рыбинск","2026-07-20 - 2026-08-18","2.00","0.00","0.00","12.00","","0.00","0.00","","0.00","0.00","","","","0.00","0.00","","","","2.00","0.00","0.00","12.00",""
"укладка тротуарной плитки расценки","2026-07-20 - 2026-08-18","2.00","0.00","0.00","7.50","","0.00","0.00","","0.00","0.00","","","","2.00","0.00","0.00","7.50","","0.00","0.00","","",""
"можно ли уложить тротуарную плитку поверх старой","2026-07-20 - 2026-08-18","2.00","0.00","0.00","2.00","","1.00","0.00","0.00","1.00","0.00","0.00","3.00","","0.00","0.00","","","","0.00","0.00","","",""
"калькулятор укладки тротуарной плитки ярославль","2026-07-20 - 2026-08-18","2.00","0.00","0.00","5.00","","0.00","0.00","","0.00","0.00","","","","2.00","0.00","0.00","5.00","","0.00","0.00","","",""
"ярославль ремонт отмостки вокруг дома","2026-07-20 - 2026-08-18","2.00","0.00","0.00","4.00","","0.00","0.00","","1.00","0.00","0.00","3.00","","1.00","0.00","0.00","5.00","","0.00","0.00","","",""
"после дождя остается много грязи?","2026-07-20 - 2026-08-18","2.00","0.00","0.00","10.50","","0.00","0.00","","0.00","0.00","","","","1.00","0.00","0.00","10.00","","1.00","0.00","0.00","11.00",""
"можно ли брусчатку класть на старую брусчатку","2026-07-20 - 2026-08-18","2.00","0.00","0.00","2.50","","0.00","0.00","","2.00","0.00","0.00","2.50","","0.00","0.00","","","","0.00","0.00","","",""
"дренаж участка 10 соток цена","2026-07-20 - 2026-08-18","2.00","0.00","0.00","28.50","","0.00","0.00","","0.00","0.00","","","","0.00","0.00","","","","2.00","0.00","0.00","28.50",""
"отмостка вокруг дома ярославль","2026-07-20 - 2026-08-18","2.00","0.00","0.00","8.00","","0.00","0.00","","0.00","0.00","","","","2.00","0.00","0.00","8.00","","0.00","0.00","","",""
"сделать дренаж участка на глинистой почве","2026-07-20 - 2026-08-18","2.00","0.00","0.00","44.50","","0.00","0.00","","0.00","0.00","","","","0.00","0.00","","","","2.00","0.00","0.00","44.50",""
"можно ли на тротуарную плитку класть еще плитку","2026-07-20 - 2026-08-18","2.00","0.00","0.00","2.00","","0.00","0.00","","2.00","0.00","0.00","2.00","","0.00","0.00","","","","0.00","0.00","","",""
"кто делает в ярославле проект дренажной системы на частном участке","2026-07-20 - 2026-08-18","2.00","0.00","0.00","5.50","","0.00","0.00","","0.00","0.00","","","","2.00","0.00","0.00","5.50","","0.00","0.00","","",""
"схема дренажа на 6 сотках","2026-07-20 - 2026-08-18","2.00","0.00","0.00","9.00","","0.00","0.00","","0.00","0.00","","","","2.00","0.00","0.00","9.00","","0.00","0.00","","",""
"отведение воды с участка г.ярославль","2026-07-20 - 2026-08-18","2.00","0.00","0.00","3.00","","0.00","0.00","","1.00","0.00","0.00","2.00","","1.00","0.00","0.00","4.00","","0.00","0.00","","",""
"отвод дренажной воды от действующих градирен в систему канализации ярославль","2026-07-20 - 2026-08-18","2.00","2.00","100.00","5.50","2.00","0.00","0.00","","1.00","2.00","200.00","2.00","2.00","1.00","0.00","0.00","9.00","","0.00","0.00","","",""
"калькулятор м2 за территории благоустройства стоимость","2026-07-20 - 2026-08-18","2.00","0.00","0.00","9.50","","0.00","0.00","","0.00","0.00","","","","2.00","0.00","0.00","9.50","","0.00","0.00","","",""
"key_phrase : благоустройство дворов рыбинск","2026-07-20 - 2026-08-18","2.00","0.00","0.00","16.50","","0.00","0.00","","0.00","0.00","","","","0.00","0.00","","","","2.00","0.00","0.00","16.50",""
"рыбинск подшивка дренажа","2026-07-20 - 2026-08-18","2.00","0.00","0.00","5.50","","0.00","0.00","","0.00","0.00","","","","2.00","0.00","0.00","5.50","","0.00","0.00","","",""
"ливневая канализация монтаж в ярославле","2026-07-20 - 2026-08-18","2.00","1.00","50.00","6.00","4.00","0.00","0.00","","0.00","0.00","","","","2.00","1.00","50.00","6.00","4.00","0.00","0.00","","",""
"метод укладки тротуарной плитки на старую плитку","2026-07-20 - 2026-08-18","2.00","1.00","50.00","2.00","2.00","0.00","0.00","","2.00","1.00","50.00","2.00","2.00","0.00","0.00","","","","0.00","0.00","","",""
"рыбинск. сколько стоит работа выложить тротуарную плитку","2026-07-20 - 2026-08-18","2.00","0.00","0.00","7.50","","0.00","0.00","","0.00","0.00","","","","2.00","0.00","0.00","7.50","","0.00","0.00","","",""
"дренажная система на участке цена копки за метр","2026-07-20 - 2026-08-18","2.00","0.00","0.00","5.00","","0.00","0.00","","0.00","0.00","","","","2.00","0.00","0.00","5.00","","0.00","0.00","","",""
"выровнять участок на даче ярославль ярославский (областной) мини-pogruzchiki-ру","2026-07-20 - 2026-08-18","2.00","0.00","0.00","9.00","","0.00","0.00","","0.00","0.00","","","","1.00","0.00","0.00","7.00","","1.00","0.00","0.00","11.00",""
"устройство отмостки в ярославле","2026-07-20 - 2026-08-18","2.00","0.00","0.00","6.00","","0.00","0.00","","0.00","0.00","","","","2.00","0.00","0.00","6.00","","0.00","0.00","","",""
"можно ли укладывать тротуарную плитку на старое покрытие","2026-07-20 - 2026-08-18","2.00","0.00","0.00","6.50","","0.00","0.00","","0.00","0.00","","","","2.00","0.00","0.00","6.50","","0.00","0.00","","",""
"составить план дорожек и въезда на участок заказать","2026-07-20 - 2026-08-18","2.00","0.00","0.00","8.00","","0.00","0.00","","0.00","0.00","","","","2.00","0.00","0.00","8.00","","0.00","0.00","","",""
"можно ли брусчатку класть на старые кирпичи","2026-07-20 - 2026-08-18","2.00","0.00","0.00","4.50","","0.00","0.00","","0.00","0.00","","","","2.00","0.00","0.00","4.50","","0.00","0.00","","",""
"искусственный водопад ярославль","2026-07-20 - 2026-08-18","2.00","0.00","0.00","9.00","","0.00","0.00","","0.00","0.00","","","","2.00","0.00","0.00","9.00","","0.00","0.00","","",""
"автополив в ярославле","2026-07-20 - 2026-08-18","2.00","0.00","0.00","6.50","","0.00","0.00","","0.00","0.00","","","","2.00","0.00","0.00","6.50","","0.00","0.00","","",""
"в рыбинске заказать навес для машины","2026-07-20 - 2026-08-18","2.00","0.00","0.00","20.50","","0.00","0.00","","0.00","0.00","","","","0.00","0.00","","","","2.00","0.00","0.00","20.50",""
"почему на земельном участке постоянно стоит вода на поверхности после дождей","2026-07-20 - 2026-08-18","2.00","0.00","0.00","6.50","","0.00","0.00","","0.00","0.00","","","","2.00","0.00","0.00","6.50","","0.00","0.00","","",""
"заезд через канаву тутаев","2026-07-20 - 2026-08-18","2.00","0.00","0.00","5.50","","0.00","0.00","","0.00","0.00","","","","2.00","0.00","0.00","5.50","","0.00","0.00","","",""
"укладка брусчатки цена рыбинск","2026-07-20 - 2026-08-18","2.00","2.00","100.00","6.00","4.00","0.00","0.00","","0.00","0.00","","","","2.00","2.00","100.00","6.00","4.00","0.00","0.00","","",""
"компания которая облагораживает центр в рыбинске","2026-07-20 - 2026-08-18","2.00","0.00","0.00","12.00","","0.00","0.00","","0.00","0.00","","","","0.00","0.00","","","","2.00","0.00","0.00","12.00",""
"комплексное благоустройство компании","2026-07-20 - 2026-08-18","2.00","0.00","0.00","7.00","","0.00","0.00","","0.00","0.00","","","","2.00","0.00","0.00","7.00","","0.00","0.00","","",""
"строительно-ландшафтная компания рыбинск","2026-07-20 - 2026-08-18","2.00","0.00","0.00","2.00","","0.00","0.00","","2.00","0.00","0.00","2.00","","0.00","0.00","","","","0.00","0.00","","",""
"дорожки 76","2026-07-20 - 2026-08-18","2.00","0.00","0.00","9.50","","0.00","0.00","","0.00","0.00","","","","2.00","0.00","0.00","9.50","","0.00","0.00","","",""
"укладка тротуарной плитки на старую брусчатку","2026-07-20 - 2026-08-18","2.00","0.00","0.00","3.00","","0.00","0.00","","2.00","0.00","0.00","3.00","","0.00","0.00","","","","0.00","0.00","","",""
"укладка тротуарной плитки ярославль","2026-07-20 - 2026-08-18","2.00","0.00","0.00","24.00","","0.00","0.00","","0.00","0.00","","","","0.00","0.00","","","","2.00","0.00","0.00","24.00",""
"можно ли старую плитку использовать как слой и сверху засыпать все щебнем","2026-07-20 - 2026-08-18","2.00","0.00","0.00","7.00","","0.00","0.00","","0.00","0.00","","","","2.00","0.00","0.00","7.00","","0.00","0.00","","",""
"сделать заезд на участок через канаву цена под ключ ярославль","2026-07-20 - 2026-08-18","2.00","0.00","0.00","6.00","","0.00","0.00","","0.00","0.00","","","","2.00","0.00","0.00","6.00","","0.00","0.00","","",""
"можно ли на уличную плитку уложить плитку","2026-07-20 - 2026-08-18","2.00","0.00","0.00","3.00","","0.00","0.00","","2.00","0.00","0.00","3.00","","0.00","0.00","","","","0.00","0.00","","",""
"+79159788809","2026-07-20 - 2026-08-18","2.00","2.00","100.00","2.00","2.00","0.00","0.00","","2.00","2.00","100.00","2.00","2.00","0.00","0.00","","","","0.00","0.00","","",""
"плиточник углич авито","2026-07-20 - 2026-08-18","2.00","0.00","0.00","5.00","","0.00","0.00","","0.00","0.00","","","","2.00","0.00","0.00","5.00","","0.00","0.00","","",""
"ремонт, содержание сетей и колодцев ливневой канализации в ярославле","2026-07-20 - 2026-08-18","2.00","0.00","0.00","3.00","","0.00","0.00","","2.00","0.00","0.00","3.00","","0.00","0.00","","","","0.00","0.00","","",""
"грязь после дождя на земляных дорожка в производстве как с ней бороться","2026-07-20 - 2026-08-18","2.00","0.00","0.00","8.50","","0.00","0.00","","0.00","0.00","","","","2.00","0.00","0.00","8.50","","0.00","0.00","","",""
"заезд на участок через канаву под ключ рыбинск","2026-07-20 - 2026-08-18","2.00","1.00","50.00","2.50","1.00","1.00","1.00","100.00","0.00","0.00","","","","1.00","0.00","0.00","4.00","","0.00","0.00","","",""
"ярославль дренаж компания рента","2026-07-20 - 2026-08-18","2.00","0.00","0.00","12.50","","0.00","0.00","","0.00","0.00","","","","0.00","0.00","","","","2.00","0.00","0.00","12.50",""
"сколько по времени занимают работы по дренированию участка 6 соток","2026-07-20 - 2026-08-18","2.00","1.00","50.00","3.00","2.00","0.00","0.00","","1.00","1.00","100.00","2.00","2.00","1.00","0.00","0.00","4.00","","0.00","0.00","","",""
"уложить тротуарную плитку цена работы за квадратный","2026-07-20 - 2026-08-18","2.00","0.00","0.00","8.00","","0.00","0.00","","0.00","0.00","","","","2.00","0.00","0.00","8.00","","0.00","0.00","","",""
"ярославль отмостка к дому","2026-07-20 - 2026-08-18","2.00","0.00","0.00","5.50","","0.00","0.00","","0.00","0.00","","","","2.00","0.00","0.00","5.50","","0.00","0.00","","",""
"замиксовать старую тротуарную плитку с новой","2026-07-20 - 2026-08-18","2.00","0.00","0.00","3.50","","0.00","0.00","","1.00","0.00","0.00","3.00","","1.00","0.00","0.00","4.00","","0.00","0.00","","",""
"отмостка брусчатка ярославль","2026-07-20 - 2026-08-18","2.00","0.00","0.00","11.00","","0.00","0.00","","0.00","0.00","","","","0.00","0.00","","","","2.00","0.00","0.00","11.00",""
"въезд под машину в тутаеве","2026-07-20 - 2026-08-18","2.00","0.00","0.00","6.00","","0.00","0.00","","0.00","0.00","","","","2.00","0.00","0.00","6.00","","0.00","0.00","","",""
"работы по укладке тротуарной плитки с виратором ярославль","2026-07-20 - 2026-08-18","2.00","0.00","0.00","13.00","","0.00","0.00","","0.00","0.00","","","","0.00","0.00","","","","2.00","0.00","0.00","13.00",""
"услуги по благоустройства участка брейтово","2026-07-20 - 2026-08-18","2.00","1.00","50.00","8.50","9.00","0.00","0.00","","0.00","0.00","","","","2.00","1.00","50.00","8.50","9.00","0.00","0.00","","",""
"сделать отмостку вокруг дома из бетона цена в ярославской области ростовский район","2026-07-20 - 2026-08-18","2.00","0.00","0.00","5.00","","0.00","0.00","","0.00","0.00","","","","2.00","0.00","0.00","5.00","","0.00","0.00","","",""
"есть ливневая канализация в пошехонье","2026-07-20 - 2026-08-18","2.00","0.00","0.00","9.50","","0.00","0.00","","0.00","0.00","","","","2.00","0.00","0.00","9.50","","0.00","0.00","","",""
"щебень можно засыпать поверх старой плитки","2026-07-20 - 2026-08-18","2.00","0.00","0.00","6.00","","0.00","0.00","","0.00","0.00","","","","2.00","0.00","0.00","6.00","","0.00","0.00","","",""
"сделать дренаж ярославль","2026-07-20 - 2026-08-18","2.00","0.00","0.00","7.50","","0.00","0.00","","0.00","0.00","","","","2.00","0.00","0.00","7.50","","0.00","0.00","","",""
"залить отмостку вокруг дома цена за работу","2026-07-20 - 2026-08-18","2.00","0.00","0.00","7.00","","0.00","0.00","","0.00","0.00","","","","2.00","0.00","0.00","7.00","","0.00","0.00","","",""
"укладка тротуарной плитки углич","2026-07-20 - 2026-08-18","2.00","1.00","50.00","6.50","5.00","0.00","0.00","","0.00","0.00","","","","2.00","1.00","50.00","6.50","5.00","0.00","0.00","","",""
"дренаж участка в ярославле цена","2026-07-20 - 2026-08-18","2.00","0.00","0.00","10.50","","0.00","0.00","","0.00","0.00","","","","1.00","0.00","0.00","10.00","","1.00","0.00","0.00","11.00",""
"услуги по укладке тротуарной плитки цена в ярославле за квадратный метр","2026-07-20 - 2026-08-18","2.00","0.00","0.00","10.50","","0.00","0.00","","0.00","0.00","","","","1.00","0.00","0.00","10.00","","1.00","0.00","0.00","11.00",""
"отмостка утепленная вокруг дома в ярославле","2026-07-20 - 2026-08-18","2.00","0.00","0.00","6.00","","0.00","0.00","","0.00","0.00","","","","2.00","0.00","0.00","6.00","","0.00","0.00","","",""
"благоустройство земельного участка и территории по ярославской области","2026-07-20 - 2026-08-18","2.00","0.00","0.00","6.50","","0.00","0.00","","0.00","0.00","","","","2.00","0.00","0.00","6.50","","0.00","0.00","","",""
"калькулятор благоустройства","2026-07-20 - 2026-08-18","2.00","0.00","0.00","8.50","","0.00","0.00","","0.00","0.00","","","","2.00","0.00","0.00","8.50","","0.00","0.00","","",""
"свингино фото","2026-07-20 - 2026-08-18","2.00","0.00","0.00","16.00","","0.00","0.00","","0.00","0.00","","","","0.00","0.00","","","","2.00","0.00","0.00","16.00",""
"нужно ли ложить в новый дом старую тротуарную плитку","2026-07-20 - 2026-08-18","2.00","0.00","0.00","8.00","","0.00","0.00","","0.00","0.00","","","","2.00","0.00","0.00","8.00","","0.00","0.00","","",""
"благоустройство садовых участков рыбинск","2026-07-20 - 2026-08-18","2.00","0.00","0.00","3.50","","0.00","0.00","","1.00","0.00","0.00","3.00","","1.00","0.00","0.00","4.00","","0.00","0.00","","",""
"корчевание деревьев ярославль запрос miniпогрузчики-ru","2026-07-20 - 2026-08-18","2.00","1.00","50.00","10.00","12.00","0.00","0.00","","0.00","0.00","","","","1.00","0.00","0.00","8.00","","1.00","1.00","100.00","12.00","12.00"
"можно ли переложить старую уличную плитку","2026-07-20 - 2026-08-18","1.00","0.00","0.00","11.00","","0.00","0.00","","0.00","0.00","","","","0.00","0.00","","","","1.00","0.00","0.00","11.00",""
"рулон газонный купить в ярославле","2026-07-20 - 2026-08-18","1.00","0.00","0.00","42.00","","0.00","0.00","","0.00","0.00","","","","0.00","0.00","","","","1.00","0.00","0.00","42.00",""
"обустройство сточной канавы ярославль","2026-07-20 - 2026-08-18","1.00","0.00","0.00","11.00","","0.00","0.00","","0.00","0.00","","","","0.00","0.00","","","","1.00","0.00","0.00","11.00",""
"если старую тротуарную плитку не убирать а сверху положить новую","2026-07-20 - 2026-08-18","1.00","0.00","0.00","4.00","","0.00","0.00","","0.00","0.00","","","","1.00","0.00","0.00","4.00","","0.00","0.00","","",""
"как рассчитать стоимость работы на площадь участка","2026-07-20 - 2026-08-18","1.00","0.00","0.00","10.00","","0.00","0.00","","0.00","0.00","","","","1.00","0.00","0.00","10.00","","0.00","0.00","","",""
"можно ли забрать старую плитку с тротуара","2026-07-20 - 2026-08-18","1.00","0.00","0.00","10.00","","0.00","0.00","","0.00","0.00","","","","1.00","0.00","0.00","10.00","","0.00","0.00","","",""
"уличное освещение рыбинский район","2026-07-20 - 2026-08-18","1.00","0.00","0.00","8.00","","0.00","0.00","","0.00","0.00","","","","1.00","0.00","0.00","8.00","","0.00","0.00","","",""
"можно ли положить садовую дорожку из плитки поверх старой плитки","2026-07-20 - 2026-08-18","1.00","0.00","0.00","4.00","","0.00","0.00","","0.00","0.00","","","","1.00","0.00","0.00","4.00","","0.00","0.00","","",""
"спил пней ярославль","2026-07-20 - 2026-08-18","1.00","0.00","0.00","8.00","","0.00","0.00","","0.00","0.00","","","","1.00","0.00","0.00","8.00","","0.00","0.00","","",""
"грязь после дождя на участке как убрать","2026-07-20 - 2026-08-18","1.00","0.00","0.00","7.00","","0.00","0.00","","0.00","0.00","","","","1.00","0.00","0.00","7.00","","0.00","0.00","","",""
"установка автополива в ярославле","2026-07-20 - 2026-08-18","1.00","0.00","0.00","6.00","","0.00","0.00","","0.00","0.00","","","","1.00","0.00","0.00","6.00","","0.00","0.00","","",""
"дренажная канава в ярославле заросшая болотистая","2026-07-20 - 2026-08-18","1.00","0.00","0.00","5.00","","0.00","0.00","","0.00","0.00","","","","1.00","0.00","0.00","5.00","","0.00","0.00","","",""
"при ремонте тротуаров в свободном переворачивают старую плитку","2026-07-20 - 2026-08-18","1.00","0.00","0.00","9.00","","0.00","0.00","","0.00","0.00","","","","1.00","0.00","0.00","9.00","","0.00","0.00","","",""
"что положить на старую тротуарную плитку","2026-07-20 - 2026-08-18","1.00","0.00","0.00","5.00","","0.00","0.00","","0.00","0.00","","","","1.00","0.00","0.00","5.00","","0.00","0.00","","",""
"дренаж 76","2026-07-20 - 2026-08-18","1.00","0.00","0.00","12.00","","0.00","0.00","","0.00","0.00","","","","0.00","0.00","","","","1.00","0.00","0.00","12.00",""
"укладка тротуарной плитки на готовое основание цена","2026-07-20 - 2026-08-18","1.00","0.00","0.00","9.00","","0.00","0.00","","0.00","0.00","","","","1.00","0.00","0.00","9.00","","0.00","0.00","","",""
"выровнять участок на даче ярославль подать заявку техно-ники ру","2026-07-20 - 2026-08-18","1.00","0.00","0.00","9.00","","0.00","0.00","","0.00","0.00","","","","1.00","0.00","0.00","9.00","","0.00","0.00","","",""
"укладка плитки для во дворе дома сколько стоит квадрат метр переславль залесский","2026-07-20 - 2026-08-18","1.00","0.00","0.00","4.00","","0.00","0.00","","0.00","0.00","","","","1.00","0.00","0.00","4.00","","0.00","0.00","","",""
"сколько стоит благоустройство ста квадратных метров в ярославле","2026-07-20 - 2026-08-18","1.00","0.00","0.00","9.00","","0.00","0.00","","0.00","0.00","","","","1.00","0.00","0.00","9.00","","0.00","0.00","","",""
"ремонт промышленной ливневой канализации ярославль","2026-07-20 - 2026-08-18","1.00","0.00","0.00","8.00","","0.00","0.00","","0.00","0.00","","","","1.00","0.00","0.00","8.00","","0.00","0.00","","",""
"планировка участка двухэтажного дома рыбинск","2026-07-20 - 2026-08-18","1.00","0.00","0.00","9.00","","0.00","0.00","","0.00","0.00","","","","1.00","0.00","0.00","9.00","","0.00","0.00","","",""
"можно ли старую метлахскую плитку уложить на улице","2026-07-20 - 2026-08-18","1.00","0.00","0.00","6.00","","0.00","0.00","","0.00","0.00","","","","1.00","0.00","0.00","6.00","","0.00","0.00","","",""
"тутаев яр. область протяженность системы ливневой канализации","2026-07-20 - 2026-08-18","1.00","0.00","0.00","8.00","","0.00","0.00","","0.00","0.00","","","","1.00","0.00","0.00","8.00","","0.00","0.00","","",""
"проектирование дренажа ярославль","2026-07-20 - 2026-08-18","1.00","0.00","0.00","6.00","","0.00","0.00","","0.00","0.00","","","","1.00","0.00","0.00","6.00","","0.00","0.00","","",""
"можно ли выкладывать старую тротуарную плитку снова","2026-07-20 - 2026-08-18","1.00","0.00","0.00","7.00","","0.00","0.00","","0.00","0.00","","","","1.00","0.00","0.00","7.00","","0.00","0.00","","",""
"мягкая отмостка цена под ключ ярославль","2026-07-20 - 2026-08-18","1.00","0.00","0.00","6.00","","0.00","0.00","","0.00","0.00","","","","1.00","0.00","0.00","6.00","","0.00","0.00","","",""
"какая киянка нужна для тротуарной плитки","2026-07-20 - 2026-08-18","1.00","0.00","0.00","8.00","","0.00","0.00","","0.00","0.00","","","","1.00","0.00","0.00","8.00","","0.00","0.00","","",""
"выравнивание участка ярославль сниженные тарифы техно ники ru","2026-07-20 - 2026-08-18","1.00","0.00","0.00","9.00","","0.00","0.00","","0.00","0.00","","","","1.00","0.00","0.00","9.00","","0.00","0.00","","",""
"дренаж в ярославле","2026-07-20 - 2026-08-18","1.00","0.00","0.00","13.00","","0.00","0.00","","0.00","0.00","","","","0.00","0.00","","","","1.00","0.00","0.00","13.00",""
"стоимость укладки плитки тротуарной в рыбинске","2026-07-20 - 2026-08-18","1.00","0.00","0.00","7.00","","0.00","0.00","","0.00","0.00","","","","1.00","0.00","0.00","7.00","","0.00","0.00","","",""
"услуги гидротехника по отводу воды с дачного участка в ярославле","2026-07-20 - 2026-08-18","1.00","0.00","0.00","4.00","","0.00","0.00","","0.00","0.00","","","","1.00","0.00","0.00","4.00","","0.00","0.00","","",""
"можно ли произвести замену тротуарной плитки при выполнении текущего ремонта","2026-07-20 - 2026-08-18","1.00","0.00","0.00","12.00","","0.00","0.00","","0.00","0.00","","","","0.00","0.00","","","","1.00","0.00","0.00","12.00",""
"монтаж и устройство лотков водоотведения от фундамента в ярославле","2026-07-20 - 2026-08-18","1.00","1.00","100.00","2.00","2.00","0.00","0.00","","1.00","1.00","100.00","2.00","2.00","0.00","0.00","","","","0.00","0.00","","",""
"выкорчевка деревьев на участке ярославль и область оформить ekskavatory arenda-ru","2026-07-20 - 2026-08-18","1.00","0.00","0.00","12.00","","0.00","0.00","","0.00","0.00","","","","0.00","0.00","","","","1.00","0.00","0.00","12.00",""
"ландшафтные работы благоустройство территории","2026-07-20 - 2026-08-18","1.00","0.00","0.00","4.00","","0.00","0.00","","0.00","0.00","","","","1.00","0.00","0.00","4.00","","0.00","0.00","","",""
"после дождя на участке все время лужа","2026-07-20 - 2026-08-18","1.00","0.00","0.00","10.00","","0.00","0.00","","0.00","0.00","","","","1.00","0.00","0.00","10.00","","0.00","0.00","","",""
"как установить новую тротуарную плитку вместо старой","2026-07-20 - 2026-08-18","1.00","0.00","0.00","10.00","","0.00","0.00","","0.00","0.00","","","","1.00","0.00","0.00","10.00","","0.00","0.00","","",""
"отмостка из гравия ярославль","2026-07-20 - 2026-08-18","1.00","0.00","0.00","6.00","","0.00","0.00","","0.00","0.00","","","","1.00","0.00","0.00","6.00","","0.00","0.00","","",""
"можно но ли класть плитку на улице на старую","2026-07-20 - 2026-08-18","1.00","1.00","100.00","4.00","4.00","0.00","0.00","","0.00","0.00","","","","1.00","1.00","100.00","4.00","4.00","0.00","0.00","","",""
"сделать участок огород в рыбинске городе","2026-07-20 - 2026-08-18","1.00","1.00","100.00","5.00","5.00","0.00","0.00","","0.00","0.00","","","","1.00","1.00","100.00","5.00","5.00","0.00","0.00","","",""
"ekotenko76@","2026-07-20 - 2026-08-18","1.00","0.00","0.00","11.00","","0.00","0.00","","0.00","0.00","","","","0.00","0.00","","","","1.00","0.00","0.00","11.00",""
"какую купить киянку для укладки тротуарной плитки","2026-07-20 - 2026-08-18","1.00","0.00","0.00","13.00","","0.00","0.00","","0.00","0.00","","","","0.00","0.00","","","","1.00","0.00","0.00","13.00",""
"обслуживание систем полива в ярославской области","2026-07-20 - 2026-08-18","1.00","0.00","0.00","6.00","","0.00","0.00","","0.00","0.00","","","","1.00","0.00","0.00","6.00","","0.00","0.00","","",""
"cnjbvjcnm hf,jn gj erkflrt gkbnrb d hs,bycrt","2026-07-20 - 2026-08-18","1.00","0.00","0.00","8.00","","0.00","0.00","","0.00","0.00","","","","1.00","0.00","0.00","8.00","","0.00","0.00","","",""
"стройэкспер 76","2026-07-20 - 2026-08-18","1.00","0.00","0.00","6.00","","0.00","0.00","","0.00","0.00","","","","1.00","0.00","0.00","6.00","","0.00","0.00","","",""
"планировка участка в снт ярославль","2026-07-20 - 2026-08-18","1.00","0.00","0.00","26.00","","0.00","0.00","","0.00","0.00","","","","0.00","0.00","","","","1.00","0.00","0.00","26.00",""
"укладка тротуарной плитки на старое покрытие","2026-07-20 - 2026-08-18","1.00","0.00","0.00","10.00","","0.00","0.00","","0.00","0.00","","","","1.00","0.00","0.00","10.00","","0.00","0.00","","",""
"канализация на участке рыбинск","2026-07-20 - 2026-08-18","1.00","0.00","0.00","5.00","","0.00","0.00","","0.00","0.00","","","","1.00","0.00","0.00","5.00","","0.00","0.00","","",""
"калькулятор стоимости благоустройства участка in garden","2026-07-20 - 2026-08-18","1.00","0.00","0.00","8.00","","0.00","0.00","","0.00","0.00","","","","1.00","0.00","0.00","8.00","","0.00","0.00","","",""
"укладка брусчатки в переславле залесском цена","2026-07-20 - 2026-08-18","1.00","0.00","0.00","10.00","","0.00","0.00","","0.00","0.00","","","","1.00","0.00","0.00","10.00","","0.00","0.00","","",""
"осушение участков ярославль","2026-07-20 - 2026-08-18","1.00","0.00","0.00","3.00","","0.00","0.00","","1.00","0.00","0.00","3.00","","0.00","0.00","","","","0.00","0.00","","",""
"полировка участков ландшафтный","2026-07-20 - 2026-08-18","1.00","0.00","0.00","5.00","","0.00","0.00","","0.00","0.00","","","","1.00","0.00","0.00","5.00","","0.00","0.00","","",""
"уложить тротуарную плитку цена работы за квадратный метр ярославль","2026-07-20 - 2026-08-18","1.00","0.00","0.00","11.00","","0.00","0.00","","0.00","0.00","","","","0.00","0.00","","","","1.00","0.00","0.00","11.00",""
"дренаж переславль залесский","2026-07-20 - 2026-08-18","1.00","0.00","0.00","7.00","","0.00","0.00","","0.00","0.00","","","","1.00","0.00","0.00","7.00","","0.00","0.00","","",""
"планировка участка ярославль калькулятор стоимости ekskavatory-arenda-he","2026-07-20 - 2026-08-18","1.00","0.00","0.00","13.00","","0.00","0.00","","0.00","0.00","","","","0.00","0.00","","","","1.00","0.00","0.00","13.00",""
"рыбинск предприятия по ландшафтному дизайну","2026-07-20 - 2026-08-18","1.00","0.00","0.00","11.00","","0.00","0.00","","0.00","0.00","","","","0.00","0.00","","","","1.00","0.00","0.00","11.00",""
"планировка участка ярославль доступные цены миниpogruzchiki ру","2026-07-20 - 2026-08-18","1.00","0.00","0.00","9.00","","0.00","0.00","","0.00","0.00","","","","1.00","0.00","0.00","9.00","","0.00","0.00","","",""
"расчет стоимости обслуживания территории калькулятор онлайн","2026-07-20 - 2026-08-18","1.00","0.00","0.00","5.00","","0.00","0.00","","0.00","0.00","","","","1.00","0.00","0.00","5.00","","0.00","0.00","","",""
"дренаж болотистого участка","2026-07-20 - 2026-08-18","1.00","0.00","0.00","29.00","","0.00","0.00","","0.00","0.00","","","","0.00","0.00","","","","1.00","0.00","0.00","29.00",""
"положить плитку тротуарную цена в ярославле за","2026-07-20 - 2026-08-18","1.00","0.00","0.00","13.00","","0.00","0.00","","0.00","0.00","","","","0.00","0.00","","","","1.00","0.00","0.00","13.00",""
"газоны в рыбинске","2026-07-20 - 2026-08-18","1.00","0.00","0.00","11.00","","0.00","0.00","","0.00","0.00","","","","0.00","0.00","","","","1.00","0.00","0.00","11.00",""
"корчевание пней рыбинск","2026-07-20 - 2026-08-18","1.00","0.00","0.00","22.00","","0.00","0.00","","0.00","0.00","","","","0.00","0.00","","","","1.00","0.00","0.00","22.00",""
"агенство по благоустройству тутаев","2026-07-20 - 2026-08-18","1.00","0.00","0.00","10.00","","0.00","0.00","","0.00","0.00","","","","1.00","0.00","0.00","10.00","","0.00","0.00","","",""
"можно ли тротуарную плитку класть на старую плитку","2026-07-20 - 2026-08-18","1.00","0.00","0.00","2.00","","0.00","0.00","","1.00","0.00","0.00","2.00","","0.00","0.00","","","","0.00","0.00","","",""
"расценка на дренажные работы","2026-07-20 - 2026-08-18","1.00","0.00","0.00","8.00","","0.00","0.00","","0.00","0.00","","","","1.00","0.00","0.00","8.00","","0.00","0.00","","",""
"расценки на дренажные работы без материалов","2026-07-20 - 2026-08-18","1.00","0.00","0.00","10.00","","0.00","0.00","","0.00","0.00","","","","1.00","0.00","0.00","10.00","","0.00","0.00","","",""
"можно ли положить тротуарную на плитку на плитку","2026-07-20 - 2026-08-18","1.00","0.00","0.00","3.00","","0.00","0.00","","1.00","0.00","0.00","3.00","","0.00","0.00","","","","0.00","0.00","","",""
"какие деревья посадить на участке ярославль","2026-07-20 - 2026-08-18","1.00","0.00","0.00","12.00","","0.00","0.00","","0.00","0.00","","","","0.00","0.00","","","","1.00","0.00","0.00","12.00",""
"стоимость проект благоустройства расчет калькулятор","2026-07-20 - 2026-08-18","1.00","0.00","0.00","6.00","","0.00","0.00","","0.00","0.00","","","","1.00","0.00","0.00","6.00","","0.00","0.00","","",""
"цена укладки за квадрат тротуарной плитки в ярославской области","2026-07-20 - 2026-08-18","1.00","1.00","100.00","10.00","10.00","0.00","0.00","","0.00","0.00","","","","1.00","1.00","100.00","10.00","10.00","0.00","0.00","","",""
"работы садовника рыбинск","2026-07-20 - 2026-08-18","1.00","0.00","0.00","5.00","","0.00","0.00","","0.00","0.00","","","","1.00","0.00","0.00","5.00","","0.00","0.00","","",""
"можно положить тротуарную плитку на кафельную","2026-07-20 - 2026-08-18","1.00","0.00","0.00","3.00","","0.00","0.00","","1.00","0.00","0.00","3.00","","0.00","0.00","","","","0.00","0.00","","",""
"цена укладки тротуарной плитки за 1 м2 стоимость ярославль","2026-07-20 - 2026-08-18","1.00","0.00","0.00","5.00","","0.00","0.00","","0.00","0.00","","","","1.00","0.00","0.00","5.00","","0.00","0.00","","",""
"на грязь после дождя возле дома что сначала ложат чтобы убрать её","2026-07-20 - 2026-08-18","1.00","0.00","0.00","11.00","","0.00","0.00","","0.00","0.00","","","","0.00","0.00","","","","1.00","0.00","0.00","11.00",""
"стоимость проектирования благоустройства участка онлайн калькулятор бесплатно","2026-07-20 - 2026-08-18","1.00","0.00","0.00","7.00","","0.00","0.00","","0.00","0.00","","","","1.00","0.00","0.00","7.00","","0.00","0.00","","",""
"key_phrase : ремонт ливневой канализации ростов","2026-07-20 - 2026-08-18","1.00","0.00","0.00","41.00","","0.00","0.00","","0.00","0.00","","","","0.00","0.00","","","","1.00","0.00","0.00","41.00",""
"купить газон рулонный натуральный в рыбинске","2026-07-20 - 2026-08-18","1.00","0.00","0.00","6.00","","0.00","0.00","","0.00","0.00","","","","1.00","0.00","0.00","6.00","","0.00","0.00","","",""
"рыбинск услуги по благоустройству на даче","2026-07-20 - 2026-08-18","1.00","0.00","0.00","9.00","","0.00","0.00","","0.00","0.00","","","","1.00","0.00","0.00","9.00","","0.00","0.00","","",""
"укладка тротуарной плитки в рыбинске","2026-07-20 - 2026-08-18","1.00","0.00","0.00","5.00","","0.00","0.00","","0.00","0.00","","","","1.00","0.00","0.00","5.00","","0.00","0.00","","",""
"навес под машину в рыбинске","2026-07-20 - 2026-08-18","1.00","0.00","0.00","19.00","","0.00","0.00","","0.00","0.00","","","","0.00","0.00","","","","1.00","0.00","0.00","19.00",""
"спилить дерево в нагорье ярославской области","2026-07-20 - 2026-08-18","1.00","0.00","0.00","12.00","","0.00","0.00","","0.00","0.00","","","","0.00","0.00","","","","1.00","0.00","0.00","12.00",""
"прочистить дренажную канаву переславль","2026-07-20 - 2026-08-18","1.00","0.00","0.00","6.00","","0.00","0.00","","0.00","0.00","","","","1.00","0.00","0.00","6.00","","0.00","0.00","","",""
"навесы для автомобилей рыбинск","2026-07-20 - 2026-08-18","1.00","0.00","0.00","19.00","","0.00","0.00","","0.00","0.00","","","","0.00","0.00","","","","1.00","0.00","0.00","19.00",""
"какую киянку лучше использовать при укладке тротуарной плитки кратко и понятно","2026-07-20 - 2026-08-18","1.00","0.00","0.00","8.00","","0.00","0.00","","0.00","0.00","","","","1.00","0.00","0.00","8.00","","0.00","0.00","","",""
"проект заезда на участок в ярославле","2026-07-20 - 2026-08-18","1.00","0.00","0.00","9.00","","0.00","0.00","","0.00","0.00","","","","1.00","0.00","0.00","9.00","","0.00","0.00","","",""
"можно ли на кладбище на старую тротуарную плитку положить новую","2026-07-20 - 2026-08-18","1.00","0.00","0.00","3.00","","0.00","0.00","","1.00","0.00","0.00","3.00","","0.00","0.00","","","","0.00","0.00","","",""
"положить тротуарную плитку на тротуарную плитку","2026-07-20 - 2026-08-18","1.00","0.00","0.00","1.00","","1.00","0.00","0.00","0.00","0.00","","","","0.00","0.00","","","","0.00","0.00","","",""
"искусственный водопад ярославль.","2026-07-20 - 2026-08-18","1.00","0.00","0.00","10.00","","0.00","0.00","","0.00","0.00","","","","1.00","0.00","0.00","10.00","","0.00","0.00","","",""
"система водоотведения дождевой воды ярославль под ключ","2026-07-20 - 2026-08-18","1.00","0.00","0.00","2.00","","0.00","0.00","","1.00","0.00","0.00","2.00","","0.00","0.00","","","","0.00","0.00","","",""
"можно. тротуарную. плитку. делать. со старой","2026-07-20 - 2026-08-18","1.00","0.00","0.00","3.00","","0.00","0.00","","1.00","0.00","0.00","3.00","","0.00","0.00","","","","0.00","0.00","","",""
"можно ли класть новую плитку на старую на улице","2026-07-20 - 2026-08-18","1.00","0.00","0.00","5.00","","0.00","0.00","","0.00","0.00","","","","1.00","0.00","0.00","5.00","","0.00","0.00","","",""
"какую плитку положить поверх старой во дворе","2026-07-20 - 2026-08-18","1.00","0.00","0.00","9.00","","0.00","0.00","","0.00","0.00","","","","1.00","0.00","0.00","9.00","","0.00","0.00","","",""
"металлические трубы элеватор при въезде в рыбинск","2026-07-20 - 2026-08-18","1.00","0.00","0.00","5.00","","0.00","0.00","","0.00","0.00","","","","1.00","0.00","0.00","5.00","","0.00","0.00","","",""
"для дренажа 6 соток сколько нужно","2026-07-20 - 2026-08-18","1.00","0.00","0.00","12.00","","0.00","0.00","","0.00","0.00","","","","0.00","0.00","","","","1.00","0.00","0.00","12.00",""
"почему стоит вода после дождя на декинге","2026-07-20 - 2026-08-18","1.00","0.00","0.00","11.00","","0.00","0.00","","0.00","0.00","","","","0.00","0.00","","","","1.00","0.00","0.00","11.00",""
"благоустройство участка ярославская область","2026-07-20 - 2026-08-18","1.00","1.00","100.00","5.00","5.00","0.00","0.00","","0.00","0.00","","","","1.00","1.00","100.00","5.00","5.00","0.00","0.00","","",""
"ландшафтное проектирование","2026-07-20 - 2026-08-18","1.00","0.00","0.00","8.00","","0.00","0.00","","0.00","0.00","","","","1.00","0.00","0.00","8.00","","0.00","0.00","","",""
"рыбинск дренажка","2026-07-20 - 2026-08-18","1.00","0.00","0.00","4.00","","0.00","0.00","","0.00","0.00","","","","1.00","0.00","0.00","4.00","","0.00","0.00","","",""
"эксперты рыбинск ландшафтный","2026-07-20 - 2026-08-18","1.00","2.00","200.00","1.00","1.00","1.00","2.00","200.00","0.00","0.00","","","","0.00","0.00","","","","0.00","0.00","","",""
"составить план дорожек и въезда на участок заказать в ярославле","2026-07-20 - 2026-08-18","1.00","0.00","0.00","13.00","","0.00","0.00","","0.00","0.00","","","","0.00","0.00","","","","1.00","0.00","0.00","13.00",""
"дренаж участка под ключ ярославль цена","2026-07-20 - 2026-08-18","1.00","0.00","0.00","8.00","","0.00","0.00","","0.00","0.00","","","","1.00","0.00","0.00","8.00","","0.00","0.00","","",""
"участок осенью после дождя одна грязь","2026-07-20 - 2026-08-18","1.00","0.00","0.00","5.00","","0.00","0.00","","0.00","0.00","","","","1.00","0.00","0.00","5.00","","0.00","0.00","","",""
"тутаев ливневая канализация","2026-07-20 - 2026-08-18","1.00","0.00","0.00","2.00","","0.00","0.00","","1.00","0.00","0.00","2.00","","0.00","0.00","","","","0.00","0.00","","",""
"гу ландшафтного проектирования","2026-07-20 - 2026-08-18","1.00","0.00","0.00","1.00","","1.00","0.00","0.00","0.00","0.00","","","","0.00","0.00","","","","0.00","0.00","","",""
"услуги посадки кустов","2026-07-20 - 2026-08-18","1.00","0.00","0.00","7.00","","0.00","0.00","","0.00","0.00","","","","1.00","0.00","0.00","7.00","","0.00","0.00","","",""
"корчевание деревьев ярославль составление сметы миниpogruzchiki-ru","2026-07-20 - 2026-08-18","1.00","0.00","0.00","14.00","","0.00","0.00","","0.00","0.00","","","","0.00","0.00","","","","1.00","0.00","0.00","14.00",""
"выравнивание участка ярославль оформление заказа техноники-ру","2026-07-20 - 2026-08-18","1.00","0.00","0.00","13.00","","0.00","0.00","","0.00","0.00","","","","0.00","0.00","","","","1.00","0.00","0.00","13.00",""
"когда появляется грязь и слякоть весной или осенью","2026-07-20 - 2026-08-18","1.00","0.00","0.00","6.00","","0.00","0.00","","0.00","0.00","","","","1.00","0.00","0.00","6.00","","0.00","0.00","","",""
"дренаж на участке 10 соток если уже стоит дом","2026-07-20 - 2026-08-18","1.00","0.00","0.00","12.00","","0.00","0.00","","0.00","0.00","","","","0.00","0.00","","","","1.00","0.00","0.00","12.00",""
"можно ли класть брусчатку на старую плитку на тонкий слой гарцовки и все","2026-07-20 - 2026-08-18","1.00","0.00","0.00","4.00","","0.00","0.00","","0.00","0.00","","","","1.00","0.00","0.00","4.00","","0.00","0.00","","",""
"уложить тротуарную плитку в переславле залесском","2026-07-20 - 2026-08-18","1.00","0.00","0.00","6.00","","0.00","0.00","","0.00","0.00","","","","1.00","0.00","0.00","6.00","","0.00","0.00","","",""
"посчитать цену тротуарной дорожки","2026-07-20 - 2026-08-18","1.00","0.00","0.00","11.00","","0.00","0.00","","0.00","0.00","","","","0.00","0.00","","","","1.00","0.00","0.00","11.00",""
"снос зданий","2026-07-20 - 2026-08-18","1.00","0.00","0.00","22.00","","0.00","0.00","","0.00","0.00","","","","0.00","0.00","","","","1.00","0.00","0.00","22.00",""
"положить брусчатку найти мастера в ярославле","2026-07-20 - 2026-08-18","1.00","0.00","0.00","10.00","","0.00","0.00","","0.00","0.00","","","","1.00","0.00","0.00","10.00","","0.00","0.00","","",""
"какую киянку использовать при укладке брусчатки","2026-07-20 - 2026-08-18","1.00","0.00","0.00","10.00","","0.00","0.00","","0.00","0.00","","","","1.00","0.00","0.00","10.00","","0.00","0.00","","",""
"отмостка под ключ рыбинск","2026-07-20 - 2026-08-18","1.00","1.00","100.00","2.00","2.00","0.00","0.00","","1.00","1.00","100.00","2.00","2.00","0.00","0.00","","","","0.00","0.00","","",""
"какая отмостка подойдет для кирпичного дома в ярославле","2026-07-20 - 2026-08-18","1.00","0.00","0.00","4.00","","0.00","0.00","","0.00","0.00","","","","1.00","0.00","0.00","4.00","","0.00","0.00","","",""
"печник в рыбинске","2026-07-20 - 2026-08-18","1.00","0.00","0.00","11.00","","0.00","0.00","","0.00","0.00","","","","0.00","0.00","","","","1.00","0.00","0.00","11.00",""
"укладка тротуарной плитки тутаев","2026-07-20 - 2026-08-18","1.00","0.00","0.00","7.00","","0.00","0.00","","0.00","0.00","","","","1.00","0.00","0.00","7.00","","0.00","0.00","","",""
"выровнять участок на даче ярославль тарифы техно niki","2026-07-20 - 2026-08-18","1.00","0.00","0.00","9.00","","0.00","0.00","","0.00","0.00","","","","1.00","0.00","0.00","9.00","","0.00","0.00","","",""
"можно ли старую напольную плитку положить на улице","2026-07-20 - 2026-08-18","1.00","0.00","0.00","6.00","","0.00","0.00","","0.00","0.00","","","","1.00","0.00","0.00","6.00","","0.00","0.00","","",""
"цены на заболоченный участок в ярославле","2026-07-20 - 2026-08-18","1.00","1.00","100.00","4.00","4.00","0.00","0.00","","0.00","0.00","","","","1.00","1.00","100.00","4.00","4.00","0.00","0.00","","",""
"плитка тротуарная укладка цена в ярославле","2026-07-20 - 2026-08-18","1.00","0.00","0.00","13.00","","0.00","0.00","","0.00","0.00","","","","0.00","0.00","","","","1.00","0.00","0.00","13.00",""
"мастер садоводства ярославской области","2026-07-20 - 2026-08-18","1.00","0.00","0.00","11.00","","0.00","0.00","","0.00","0.00","","","","0.00","0.00","","","","1.00","0.00","0.00","11.00",""
"сколько стоит сделать вокруг дома отвод воды","2026-07-20 - 2026-08-18","1.00","0.00","0.00","8.00","","0.00","0.00","","0.00","0.00","","","","1.00","0.00","0.00","8.00","","0.00","0.00","","",""
"дренаж в переславле","2026-07-20 - 2026-08-18","1.00","0.00","0.00","5.00","","0.00","0.00","","0.00","0.00","","","","1.00","0.00","0.00","5.00","","0.00","0.00","","",""
"можно ли тротуарную плитку класть на тротуарную плитку","2026-07-20 - 2026-08-18","1.00","1.00","100.00","3.00","3.00","0.00","0.00","","1.00","1.00","100.00","3.00","3.00","0.00","0.00","","","","0.00","0.00","","",""
"стоимость проектирования благоустройства участка онлайн","2026-07-20 - 2026-08-18","1.00","0.00","0.00","5.00","","0.00","0.00","","0.00","0.00","","","","1.00","0.00","0.00","5.00","","0.00","0.00","","",""
"укладка новой тротуарной плитки на старую можно, или лучше не надо?","2026-07-20 - 2026-08-18","1.00","0.00","0.00","2.00","","0.00","0.00","","1.00","0.00","0.00","2.00","","0.00","0.00","","","","0.00","0.00","","",""
"вытащить трубу из канавы частный дом рыбинск","2026-07-20 - 2026-08-18","1.00","0.00","0.00","10.00","","0.00","0.00","","0.00","0.00","","","","1.00","0.00","0.00","10.00","","0.00","0.00","","",""
"сколько стоит сделать отмостку в ярославле","2026-07-20 - 2026-08-18","1.00","0.00","0.00","6.00","","0.00","0.00","","0.00","0.00","","","","1.00","0.00","0.00","6.00","","0.00","0.00","","",""
"укладка тротуарной плитки переславль залесский","2026-07-20 - 2026-08-18","1.00","1.00","100.00","6.00","6.00","0.00","0.00","","0.00","0.00","","","","1.00","1.00","100.00","6.00","6.00","0.00","0.00","","",""
"калькулятор дренажных работ и отмостки для частного дома иваново","2026-07-20 - 2026-08-18","1.00","1.00","100.00","11.00","11.00","0.00","0.00","","0.00","0.00","","","","0.00","0.00","","","","1.00","1.00","100.00","11.00","11.00"
"что положить на старую плитку в огороде","2026-07-20 - 2026-08-18","1.00","0.00","0.00","6.00","","0.00","0.00","","0.00","0.00","","","","1.00","0.00","0.00","6.00","","0.00","0.00","","",""
"изготовление навесов для автомобилей авито тутаев","2026-07-20 - 2026-08-18","1.00","0.00","0.00","9.00","","0.00","0.00","","0.00","0.00","","","","1.00","0.00","0.00","9.00","","0.00","0.00","","",""
"рыбинск пушкина 39 фото","2026-07-20 - 2026-08-18","1.00","0.00","0.00","11.00","","0.00","0.00","","0.00","0.00","","","","0.00","0.00","","","","1.00","0.00","0.00","11.00",""
"уложить плитку с демонтажем старой на участке","2026-07-20 - 2026-08-18","1.00","0.00","0.00","10.00","","0.00","0.00","","0.00","0.00","","","","1.00","0.00","0.00","10.00","","0.00","0.00","","",""
"если не хватило тротуарной плитки как закончить с другой","2026-07-20 - 2026-08-18","1.00","0.00","0.00","6.00","","0.00","0.00","","0.00","0.00","","","","1.00","0.00","0.00","6.00","","0.00","0.00","","",""
"кустарниковые водохлебы","2026-07-20 - 2026-08-18","1.00","0.00","0.00","11.00","","0.00","0.00","","0.00","0.00","","","","0.00","0.00","","","","1.00","0.00","0.00","11.00",""
"заезд на участок через канаву под ключ тутаев","2026-07-20 - 2026-08-18","1.00","4.00","400.00","7.00","7.00","0.00","0.00","","0.00","0.00","","","","1.00","4.00","400.00","7.00","7.00","0.00","0.00","","",""
"смета на замену дренажных колодцев","2026-07-20 - 2026-08-18","1.00","0.00","0.00","13.00","","0.00","0.00","","0.00","0.00","","","","0.00","0.00","","","","1.00","0.00","0.00","13.00",""
"как сделать заявку на спил деревьев в рыбинском районе поселение глебовское","2026-07-20 - 2026-08-18","1.00","0.00","0.00","9.00","","0.00","0.00","","0.00","0.00","","","","1.00","0.00","0.00","9.00","","0.00","0.00","","",""
"укладка брусчатки в городе переславль","2026-07-20 - 2026-08-18","1.00","0.00","0.00","10.00","","0.00","0.00","","0.00","0.00","","","","1.00","0.00","0.00","10.00","","0.00","0.00","","",""
"системы автополива под ключ ярославль","2026-07-20 - 2026-08-18","1.00","0.00","0.00","6.00","","0.00","0.00","","0.00","0.00","","","","1.00","0.00","0.00","6.00","","0.00","0.00","","",""
"стоимость работы укладка тротуарной плитки сейчас на рынке","2026-07-20 - 2026-08-18","1.00","0.00","0.00","4.00","","0.00","0.00","","0.00","0.00","","","","1.00","0.00","0.00","4.00","","0.00","0.00","","",""
"рыбинск подготовить участок к сносу","2026-07-20 - 2026-08-18","1.00","0.00","0.00","11.00","","0.00","0.00","","0.00","0.00","","","","0.00","0.00","","","","1.00","0.00","0.00","11.00",""
"можно ли тротуарную плитку ложить на старую плитку","2026-07-20 - 2026-08-18","1.00","0.00","0.00","2.00","","0.00","0.00","","1.00","0.00","0.00","2.00","","0.00","0.00","","","","0.00","0.00","","",""
"заливка отмостки в ярославле","2026-07-20 - 2026-08-18","1.00","0.00","0.00","12.00","","0.00","0.00","","0.00","0.00","","","","0.00","0.00","","","","1.00","0.00","0.00","12.00",""
"печка под ключ","2026-07-20 - 2026-08-18","1.00","0.00","0.00","9.00","","0.00","0.00","","0.00","0.00","","","","1.00","0.00","0.00","9.00","","0.00","0.00","","",""
"выровнять участок на даче ярославль с промокодом tehno niki ру","2026-07-20 - 2026-08-18","1.00","0.00","0.00","5.00","","0.00","0.00","","0.00","0.00","","","","1.00","0.00","0.00","5.00","","0.00","0.00","","",""
"залитие бетона на старую тротуарную плитку","2026-07-20 - 2026-08-18","1.00","0.00","0.00","3.00","","0.00","0.00","","1.00","0.00","0.00","3.00","","0.00","0.00","","","","0.00","0.00","","",""
"можно ли положить тротуарную плитку на старую плитку","2026-07-20 - 2026-08-18","1.00","0.00","0.00","2.00","","0.00","0.00","","1.00","0.00","0.00","2.00","","0.00","0.00","","","","0.00","0.00","","",""
"ярославль тротуаргая плитка уложить","2026-07-20 - 2026-08-18","1.00","0.00","0.00","10.00","","0.00","0.00","","0.00","0.00","","","","1.00","0.00","0.00","10.00","","0.00","0.00","","",""
"садовники город рыбинск","2026-07-20 - 2026-08-18","1.00","0.00","0.00","8.00","","0.00","0.00","","0.00","0.00","","","","1.00","0.00","0.00","8.00","","0.00","0.00","","",""
"корчевание пней выравнивание участка заозерье ярославская область","2026-07-20 - 2026-08-18","1.00","0.00","0.00","10.00","","0.00","0.00","","0.00","0.00","","","","1.00","0.00","0.00","10.00","","0.00","0.00","","",""
"расчет стоимости содержания дворовой территории калькулятор онлайн","2026-07-20 - 2026-08-18","1.00","0.00","0.00","19.00","","0.00","0.00","","0.00","0.00","","","","0.00","0.00","","","","1.00","0.00","0.00","19.00",""
"навесы для машины из поликарбоната фото и цены в рыбинске","2026-07-20 - 2026-08-18","1.00","0.00","0.00","34.00","","0.00","0.00","","0.00","0.00","","","","0.00","0.00","","","","1.00","0.00","0.00","34.00",""
"укладка новой тротуарной плитки на старую","2026-07-20 - 2026-08-18","1.00","0.00","0.00","2.00","","0.00","0.00","","1.00","0.00","0.00","2.00","","0.00","0.00","","","","0.00","0.00","","",""
"не хватило плитки тротуарной добавить другую красиво","2026-07-20 - 2026-08-18","1.00","0.00","0.00","4.00","","0.00","0.00","","0.00","0.00","","","","1.00","0.00","0.00","4.00","","0.00","0.00","","",""
"выравнивание участка ярославль лояльная стоимость ник ооо техно","2026-07-20 - 2026-08-18","1.00","0.00","0.00","6.00","","0.00","0.00","","0.00","0.00","","","","1.00","0.00","0.00","6.00","","0.00","0.00","","",""
"когда лучше делать дренаж на участке ярославль","2026-07-20 - 2026-08-18","1.00","0.00","0.00","1.00","","1.00","0.00","0.00","0.00","0.00","","","","0.00","0.00","","","","0.00","0.00","","",""
"отмостка для дома в ярославле","2026-07-20 - 2026-08-18","1.00","0.00","0.00","3.00","","0.00","0.00","","1.00","0.00","0.00","3.00","","0.00","0.00","","","","0.00","0.00","","",""
"спил корчевание деревьев","2026-07-20 - 2026-08-18","1.00","0.00","0.00","10.00","","0.00","0.00","","0.00","0.00","","","","1.00","0.00","0.00","10.00","","0.00","0.00","","",""
"ярославль въездная группа частный дом канава","2026-07-20 - 2026-08-18","1.00","0.00","0.00","7.00","","0.00","0.00","","0.00","0.00","","","","1.00","0.00","0.00","7.00","","0.00","0.00","","",""
"цены на работу по благоустройству","2026-07-20 - 2026-08-18","1.00","1.00","100.00","5.00","5.00","0.00","0.00","","0.00","0.00","","","","1.00","1.00","100.00","5.00","5.00","0.00","0.00","","",""
"какая нужна киянка для плитки","2026-07-20 - 2026-08-18","1.00","0.00","0.00","12.00","","0.00","0.00","","0.00","0.00","","","","0.00","0.00","","","","1.00","0.00","0.00","12.00",""
"корчевание деревьев ярославль расчет стоимости миниpogruzchiki ru","2026-07-20 - 2026-08-18","1.00","0.00","0.00","11.00","","0.00","0.00","","0.00","0.00","","","","0.00","0.00","","","","1.00","0.00","0.00","11.00",""
"ремонт ливневки ярославль","2026-07-20 - 2026-08-18","1.00","0.00","0.00","4.00","","0.00","0.00","","0.00","0.00","","","","1.00","0.00","0.00","4.00","","0.00","0.00","","",""
"какую киянку взять чтобы укладывать плитку","2026-07-20 - 2026-08-18","1.00","0.00","0.00","9.00","","0.00","0.00","","0.00","0.00","","","","1.00","0.00","0.00","9.00","","0.00","0.00","","",""
"углич обустройство газона","2026-07-20 - 2026-08-18","1.00","0.00","0.00","10.00","","0.00","0.00","","0.00","0.00","","","","1.00","0.00","0.00","10.00","","0.00","0.00","","",""
"можно.ли.на.улице.на.старую.плитку.положить.новую.","2026-07-20 - 2026-08-18","1.00","0.00","0.00","8.00","","0.00","0.00","","0.00","0.00","","","","1.00","0.00","0.00","8.00","","0.00","0.00","","",""
"стоимость укладки тротуарной плитки с разборкой и планировкой","2026-07-20 - 2026-08-18","1.00","0.00","0.00","10.00","","0.00","0.00","","0.00","0.00","","","","1.00","0.00","0.00","10.00","","0.00","0.00","","",""
"тротуарная плитка можно ли укладывать поверх старой","2026-07-20 - 2026-08-18","1.00","0.00","0.00","2.00","","0.00","0.00","","1.00","0.00","0.00","2.00","","0.00","0.00","","","","0.00","0.00","","",""
"сделать дренаж у дома в рыбинске","2026-07-20 - 2026-08-18","1.00","0.00","0.00","10.00","","0.00","0.00","","0.00","0.00","","","","1.00","0.00","0.00","10.00","","0.00","0.00","","",""
"смета на дренажные работы","2026-07-20 - 2026-08-18","1.00","0.00","0.00","10.00","","0.00","0.00","","0.00","0.00","","","","1.00","0.00","0.00","10.00","","0.00","0.00","","",""
"инженерные решения в частном доме рыбинск","2026-07-20 - 2026-08-18","1.00","1.00","100.00","22.00","22.00","0.00","0.00","","0.00","0.00","","","","0.00","0.00","","","","1.00","1.00","100.00","22.00","22.00"
"можно ли класть тротуарную плитку на старую плитку или надо убирать старую плитку","2026-07-20 - 2026-08-18","1.00","0.00","0.00","2.00","","0.00","0.00","","1.00","0.00","0.00","2.00","","0.00","0.00","","","","0.00","0.00","","",""
"сколько стоит осушить участок","2026-07-20 - 2026-08-18","1.00","0.00","0.00","10.00","","0.00","0.00","","0.00","0.00","","","","1.00","0.00","0.00","10.00","","0.00","0.00","","",""
"переславль. дачные дорожки сделать","2026-07-20 - 2026-08-18","1.00","0.00","0.00","9.00","","0.00","0.00","","0.00","0.00","","","","1.00","0.00","0.00","9.00","","0.00","0.00","","",""
"изготовление террас из металла рыбинск","2026-07-20 - 2026-08-18","1.00","0.00","0.00","10.00","","0.00","0.00","","0.00","0.00","","","","1.00","0.00","0.00","10.00","","0.00","0.00","","",""
"можно ли класть плитку на старую пометку","2026-07-20 - 2026-08-18","1.00","0.00","0.00","4.00","","0.00","0.00","","0.00","0.00","","","","1.00","0.00","0.00","4.00","","0.00","0.00","","",""
"эксперты рыбинск","2026-07-20 - 2026-08-18","1.00","1.00","100.00","3.00","3.00","0.00","0.00","","1.00","1.00","100.00","3.00","3.00","0.00","0.00","","","","0.00","0.00","","",""
"сколько стоит дренаж участка 10 соток под ключ","2026-07-20 - 2026-08-18","1.00","0.00","0.00","5.00","","0.00","0.00","","0.00","0.00","","","","1.00","0.00","0.00","5.00","","0.00","0.00","","",""
"сколько стоит разобрать двор у деревенского дома рыбинский район","2026-07-20 - 2026-08-18","1.00","0.00","0.00","10.00","","0.00","0.00","","0.00","0.00","","","","1.00","0.00","0.00","10.00","","0.00","0.00","","",""
"можно ли старую тротуарную плитку использовать","2026-07-20 - 2026-08-18","1.00","0.00","0.00","5.00","","0.00","0.00","","0.00","0.00","","","","1.00","0.00","0.00","5.00","","0.00","0.00","","",""
"планировка участка рыбинск стоимость","2026-07-20 - 2026-08-18","1.00","0.00","0.00","7.00","","0.00","0.00","","0.00","0.00","","","","1.00","0.00","0.00","7.00","","0.00","0.00","","",""
"ано благоустройство ярославль","2026-07-20 - 2026-08-18","1.00","0.00","0.00","8.00","","0.00","0.00","","0.00","0.00","","","","1.00","0.00","0.00","8.00","","0.00","0.00","","",""
"брусчатка поверх плитки","2026-07-20 - 2026-08-18","1.00","0.00","0.00","3.00","","0.00","0.00","","1.00","0.00","0.00","3.00","","0.00","0.00","","","","0.00","0.00","","",""
"снимаем старую брусчатку, и ложим новую","2026-07-20 - 2026-08-18","1.00","0.00","0.00","11.00","","0.00","0.00","","0.00","0.00","","","","0.00","0.00","","","","1.00","0.00","0.00","11.00",""
"обустройство участков в переславле","2026-07-20 - 2026-08-18","1.00","0.00","0.00","14.00","","0.00","0.00","","0.00","0.00","","","","0.00","0.00","","","","1.00","0.00","0.00","14.00",""
"какое покрытие положить поверх старой плитки на улице","2026-07-20 - 2026-08-18","1.00","0.00","0.00","4.00","","0.00","0.00","","0.00","0.00","","","","1.00","0.00","0.00","4.00","","0.00","0.00","","",""
"за кого вы дренаж для какой ярославль","2026-07-20 - 2026-08-18","1.00","0.00","0.00","6.00","","0.00","0.00","","0.00","0.00","","","","1.00","0.00","0.00","6.00","","0.00","0.00","","",""
"почему перекладывают старую плитку","2026-07-20 - 2026-08-18","1.00","0.00","0.00","10.00","","0.00","0.00","","0.00","0.00","","","","1.00","0.00","0.00","10.00","","0.00","0.00","","",""
"выровнять участок на даве ярославль","2026-07-20 - 2026-08-18","1.00","0.00","0.00","7.00","","0.00","0.00","","0.00","0.00","","","","1.00","0.00","0.00","7.00","","0.00","0.00","","",""
"укладка плитки в переславле","2026-07-20 - 2026-08-18","1.00","0.00","0.00","13.00","","0.00","0.00","","0.00","0.00","","","","0.00","0.00","","","","1.00","0.00","0.00","13.00",""
"авангард рыбинск газон","2026-07-20 - 2026-08-18","1.00","0.00","0.00","9.00","","0.00","0.00","","0.00","0.00","","","","1.00","0.00","0.00","9.00","","0.00","0.00","","",""
"дорожки на участке под ключ калькулятор","2026-07-20 - 2026-08-18","1.00","0.00","0.00","13.00","","0.00","0.00","","0.00","0.00","","","","0.00","0.00","","","","1.00","0.00","0.00","13.00",""
"планировка территории рыбинск","2026-07-20 - 2026-08-18","1.00","0.00","0.00","4.00","","0.00","0.00","","0.00","0.00","","","","1.00","0.00","0.00","4.00","","0.00","0.00","","",""
"въезд на участок через канаву в ярославле","2026-07-20 - 2026-08-18","1.00","0.00","0.00","8.00","","0.00","0.00","","0.00","0.00","","","","1.00","0.00","0.00","8.00","","0.00","0.00","","",""
"корчеванbе пней цена","2026-07-20 - 2026-08-18","1.00","0.00","0.00","23.00","","0.00","0.00","","0.00","0.00","","","","0.00","0.00","","","","1.00","0.00","0.00","23.00",""
"укладка тротуарной плитки на пол цена за м2","2026-07-20 - 2026-08-18","1.00","0.00","0.00","8.00","","0.00","0.00","","0.00","0.00","","","","1.00","0.00","0.00","8.00","","0.00","0.00","","",""
"как сверху обновить тротуарную плитку","2026-07-20 - 2026-08-18","1.00","0.00","0.00","12.00","","0.00","0.00","","0.00","0.00","","","","0.00","0.00","","","","1.00","0.00","0.00","12.00",""
"укладка тротуарной плитки цена в ярославле","2026-07-20 - 2026-08-18","1.00","0.00","0.00","12.00","","0.00","0.00","","0.00","0.00","","","","0.00","0.00","","","","1.00","0.00","0.00","12.00",""
"услуги дренажа участка","2026-07-20 - 2026-08-18","1.00","0.00","0.00","7.00","","0.00","0.00","","0.00","0.00","","","","1.00","0.00","0.00","7.00","","0.00","0.00","","",""
"можно ли поверх тротуарной плитки уложить гранитную плитку чем нужно клеить и время высыхания","2026-07-20 - 2026-08-18","1.00","0.00","0.00","4.00","","0.00","0.00","","0.00","0.00","","","","1.00","0.00","0.00","4.00","","0.00","0.00","","",""
"выравнивание участка ярославль бронь tehno-niki-ru","2026-07-20 - 2026-08-18","1.00","0.00","0.00","13.00","","0.00","0.00","","0.00","0.00","","","","0.00","0.00","","","","1.00","0.00","0.00","13.00",""
"организации в ярославле по строительству ливневой канализации","2026-07-20 - 2026-08-18","1.00","0.00","0.00","1.00","","1.00","0.00","0.00","0.00","0.00","","","","0.00","0.00","","","","0.00","0.00","","",""
"торговые центры эксперт 76.ru","2026-07-20 - 2026-08-18","1.00","0.00","0.00","7.00","","0.00","0.00","","0.00","0.00","","","","1.00","0.00","0.00","7.00","","0.00","0.00","","",""
"фирмы занимающиеся подготовкой участка к строительству - выравнивание, ландшафтный дизайн, расчет уклонов и дренажа, укладка плитки","2026-07-20 - 2026-08-18","1.00","1.00","100.00","4.00","4.00","0.00","0.00","","0.00","0.00","","","","1.00","1.00","100.00","4.00","4.00","0.00","0.00","","",""
"дренажная система вокруг дома цена под ключ","2026-07-20 - 2026-08-18","1.00","0.00","0.00","19.00","","0.00","0.00","","0.00","0.00","","","","0.00","0.00","","","","1.00","0.00","0.00","19.00",""
"бетонная отмостка цена под ключ ярославль","2026-07-20 - 2026-08-18","1.00","0.00","0.00","8.00","","0.00","0.00","","0.00","0.00","","","","1.00","0.00","0.00","8.00","","0.00","0.00","","",""
"благоустройство своего дома рыбинск","2026-07-20 - 2026-08-18","1.00","0.00","0.00","2.00","","0.00","0.00","","1.00","0.00","0.00","2.00","","0.00","0.00","","","","0.00","0.00","","",""
"благоустройство услуги в черноземье","2026-07-20 - 2026-08-18","1.00","0.00","0.00","47.00","","0.00","0.00","","0.00","0.00","","","","0.00","0.00","","","","1.00","0.00","0.00","47.00",""
"коттеджный поселок коприно","2026-07-20 - 2026-08-18","1.00","0.00","0.00","33.00","","0.00","0.00","","0.00","0.00","","","","0.00","0.00","","","","1.00","0.00","0.00","33.00",""
"снял старую тротуарную плитку хочу уложить новую нужно ли демонтировать цсп","2026-07-20 - 2026-08-18","1.00","0.00","0.00","11.00","","0.00","0.00","","0.00","0.00","","","","0.00","0.00","","","","1.00","0.00","0.00","11.00",""
"ярославль монтаж отмостки цена за м2","2026-07-20 - 2026-08-18","1.00","0.00","0.00","8.00","","0.00","0.00","","0.00","0.00","","","","1.00","0.00","0.00","8.00","","0.00","0.00","","",""
"рассчитать стоимость дренажа","2026-07-20 - 2026-08-18","1.00","0.00","0.00","20.00","","0.00","0.00","","0.00","0.00","","","","0.00","0.00","","","","1.00","0.00","0.00","20.00",""
"выравнивание участка ярославль бюджетно техно niki-ру","2026-07-20 - 2026-08-18","1.00","0.00","0.00","14.00","","0.00","0.00","","0.00","0.00","","","","0.00","0.00","","","","1.00","0.00","0.00","14.00",""
"сколько будет стоить заезд на участок через канаву 70см и плюс оголовки в ярославской области","2026-07-20 - 2026-08-18","1.00","0.00","0.00","7.00","","0.00","0.00","","0.00","0.00","","","","1.00","0.00","0.00","7.00","","0.00","0.00","","",""
"дренаж участка на 10 сотках схема","2026-07-20 - 2026-08-18","1.00","0.00","0.00","9.00","","0.00","0.00","","0.00","0.00","","","","1.00","0.00","0.00","9.00","","0.00","0.00","","",""
"высаживание саженцев в стекловату самсунг ярославль","2026-07-20 - 2026-08-18","1.00","0.00","0.00","10.00","","0.00","0.00","","0.00","0.00","","","","1.00","0.00","0.00","10.00","","0.00","0.00","","",""
"калькулятор стоимости содержания парковой территории","2026-07-20 - 2026-08-18","1.00","0.00","0.00","11.00","","0.00","0.00","","0.00","0.00","","","","0.00","0.00","","","","1.00","0.00","0.00","11.00",""
"ландшафтные работы это рыбинск","2026-07-20 - 2026-08-18","1.00","1.00","100.00","7.00","7.00","0.00","0.00","","0.00","0.00","","","","1.00","1.00","100.00","7.00","7.00","0.00","0.00","","",""
"укладка тротуарной плитки цена работ с ндс","2026-07-20 - 2026-08-18","1.00","0.00","0.00","8.00","","0.00","0.00","","0.00","0.00","","","","1.00","0.00","0.00","8.00","","0.00","0.00","","",""
"можно. тротуарную. плитку. делать. со старого","2026-07-20 - 2026-08-18","1.00","0.00","0.00","4.00","","0.00","0.00","","0.00","0.00","","","","1.00","0.00","0.00","4.00","","0.00","0.00","","",""
"услуга рыбинский район","2026-07-20 - 2026-08-18","1.00","0.00","0.00","21.00","","0.00","0.00","","0.00","0.00","","","","0.00","0.00","","","","1.00","0.00","0.00","21.00",""
"погрб под ключ в ярославской области","2026-07-20 - 2026-08-18","1.00","0.00","0.00","34.00","","0.00","0.00","","0.00","0.00","","","","0.00","0.00","","","","1.00","0.00","0.00","34.00",""
"заявка на восстановление колодца ливневой канализации","2026-07-20 - 2026-08-18","1.00","0.00","0.00","4.00","","0.00","0.00","","0.00","0.00","","","","1.00","0.00","0.00","4.00","","0.00","0.00","","",""
"калькуляция стоимости работ по дренажным работам","2026-07-20 - 2026-08-18","1.00","1.00","100.00","1.00","1.00","1.00","1.00","100.00","0.00","0.00","","","","0.00","0.00","","","","0.00","0.00","","",""
"выровнять участок на даче ярославль за пределами города tehno ники","2026-07-20 - 2026-08-18","1.00","1.00","100.00","12.00","12.00","0.00","0.00","","0.00","0.00","","","","0.00","0.00","","","","1.00","1.00","100.00","12.00","12.00"
"можно ли укладывать новую плитку поверх старой для дорожек на участке","2026-07-20 - 2026-08-18","1.00","1.00","100.00","5.00","5.00","0.00","0.00","","0.00","0.00","","","","1.00","1.00","100.00","5.00","5.00","0.00","0.00","","",""
"пшдъем участка ярославль","2026-07-20 - 2026-08-18","1.00","0.00","0.00","24.00","","0.00","0.00","","0.00","0.00","","","","0.00","0.00","","","","1.00","0.00","0.00","24.00",""
"можно ли снять тротуарную плитку и сразу на ту плитку положить новую","2026-07-20 - 2026-08-18","1.00","0.00","0.00","10.00","","0.00","0.00","","0.00","0.00","","","","1.00","0.00","0.00","10.00","","0.00","0.00","","",""
"можно ли положить плитки облицовочные старые на дорогу на ямы","2026-07-20 - 2026-08-18","1.00","0.00","0.00","3.00","","0.00","0.00","","1.00","0.00","0.00","3.00","","0.00","0.00","","","","0.00","0.00","","",""
"услуги дендролога рыбинск","2026-07-20 - 2026-08-18","1.00","0.00","0.00","11.00","","0.00","0.00","","0.00","0.00","","","","0.00","0.00","","","","1.00","0.00","0.00","11.00",""
"планировка участка рыбинск часовни","2026-07-20 - 2026-08-18","1.00","0.00","0.00","4.00","","0.00","0.00","","0.00","0.00","","","","1.00","0.00","0.00","4.00","","0.00","0.00","","",""
"автонавес для автомобиля под ключ ярославль","2026-07-20 - 2026-08-18","1.00","0.00","0.00","42.00","","0.00","0.00","","0.00","0.00","","","","0.00","0.00","","","","1.00","0.00","0.00","42.00",""
"можно ли ложить новый слой тротуарной плитки на старый на клей","2026-07-20 - 2026-08-18","1.00","1.00","100.00","3.00","3.00","0.00","0.00","","1.00","1.00","100.00","3.00","3.00","0.00","0.00","","","","0.00","0.00","","",""
"landscaping рыбинск","2026-07-20 - 2026-08-18","1.00","0.00","0.00","10.00","","0.00","0.00","","0.00","0.00","","","","1.00","0.00","0.00","10.00","","0.00","0.00","","",""
"ремонт ливневой канализации","2026-07-20 - 2026-08-18","1.00","0.00","0.00","7.00","","0.00","0.00","","0.00","0.00","","","","1.00","0.00","0.00","7.00","","0.00","0.00","","",""
"отмостка из бетона под ключ ярославль","2026-07-20 - 2026-08-18","1.00","0.00","0.00","5.00","","0.00","0.00","","0.00","0.00","","","","1.00","0.00","0.00","5.00","","0.00","0.00","","",""
"сделать заезд на участок через канаву в ярославле цена","2026-07-20 - 2026-08-18","1.00","0.00","0.00","12.00","","0.00","0.00","","0.00","0.00","","","","0.00","0.00","","","","1.00","0.00","0.00","12.00",""
"5. изготовление уличных козырьков и навесов","2026-07-20 - 2026-08-18","1.00","0.00","0.00","13.00","","0.00","0.00","","0.00","0.00","","","","0.00","0.00","","","","1.00","0.00","0.00","13.00",""
"проект зон рыбинск","2026-07-20 - 2026-08-18","1.00","0.00","0.00","10.00","","0.00","0.00","","0.00","0.00","","","","1.00","0.00","0.00","10.00","","0.00","0.00","","",""
"мастер по тротуарной плитке переславль","2026-07-20 - 2026-08-18","1.00","0.00","0.00","5.00","","0.00","0.00","","0.00","0.00","","","","1.00","0.00","0.00","5.00","","0.00","0.00","","",""
"спил деревьев в деревне бектышево ярославской области","2026-07-20 - 2026-08-18","1.00","0.00","0.00","9.00","","0.00","0.00","","0.00","0.00","","","","1.00","0.00","0.00","9.00","","0.00","0.00","","",""
"навесы в ярославле цены с установкой под ключ","2026-07-20 - 2026-08-18","1.00","0.00","0.00","35.00","","0.00","0.00","","0.00","0.00","","","","0.00","0.00","","","","1.00","0.00","0.00","35.00",""
"сколько будет стоить дренаж участка 6 соток в ярославской области","2026-07-20 - 2026-08-18","1.00","0.00","0.00","3.00","","0.00","0.00","","1.00","0.00","0.00","3.00","","0.00","0.00","","","","0.00","0.00","","",""
"мульчирование и выравнивание участков город рыбинск","2026-07-20 - 2026-08-18","1.00","0.00","0.00","5.00","","0.00","0.00","","0.00","0.00","","","","1.00","0.00","0.00","5.00","","0.00","0.00","","",""
"как положить уличную плитку на старую","2026-07-20 - 2026-08-18","1.00","0.00","0.00","10.00","","0.00","0.00","","0.00","0.00","","","","1.00","0.00","0.00","10.00","","0.00","0.00","","",""
"планировка участка ярославль оформить mini pogruzchiki-ру","2026-07-20 - 2026-08-18","1.00","0.00","0.00","5.00","","0.00","0.00","","0.00","0.00","","","","1.00","0.00","0.00","5.00","","0.00","0.00","","",""
"что такое газон ярославль","2026-07-20 - 2026-08-18","1.00","0.00","0.00","11.00","","0.00","0.00","","0.00","0.00","","","","0.00","0.00","","","","1.00","0.00","0.00","11.00",""
"можно ли на плитку тротуарную положить сверху плитку другую","2026-07-20 - 2026-08-18","1.00","0.00","0.00","4.00","","0.00","0.00","","0.00","0.00","","","","1.00","0.00","0.00","4.00","","0.00","0.00","","",""
"как правильно положить плитку на улице на старую плитку","2026-07-20 - 2026-08-18","1.00","0.00","0.00","3.00","","0.00","0.00","","1.00","0.00","0.00","3.00","","0.00","0.00","","","","0.00","0.00","","",""
"ландшафтно строительная компани","2026-07-20 - 2026-08-18","1.00","0.00","0.00","3.00","","0.00","0.00","","1.00","0.00","0.00","3.00","","0.00","0.00","","","","0.00","0.00","","",""
"укладка брусчатки поверх старой плитки","2026-07-20 - 2026-08-18","1.00","0.00","0.00","5.00","","0.00","0.00","","0.00","0.00","","","","1.00","0.00","0.00","5.00","","0.00","0.00","","",""
"crjkmrj cnjbn dsgjkybnm 30 vtnhjd cfljdjq ljhj;rb d zhjckfdkt bp gkbnjr","2026-07-20 - 2026-08-18","1.00","0.00","0.00","13.00","","0.00","0.00","","0.00","0.00","","","","0.00","0.00","","","","1.00","0.00","0.00","13.00",""
"сколько стоит отмостка вокруг дома из бетона цена под ключ в ярославской области","2026-07-20 - 2026-08-18","1.00","0.00","0.00","7.00","","0.00","0.00","","0.00","0.00","","","","1.00","0.00","0.00","7.00","","0.00","0.00","","",""
"снести дом в рыбинске","2026-07-20 - 2026-08-18","1.00","0.00","0.00","12.00","","0.00","0.00","","0.00","0.00","","","","0.00","0.00","","","","1.00","0.00","0.00","12.00",""
"подъем участка ярославль уцененный техноniki ру","2026-07-20 - 2026-08-18","1.00","0.00","0.00","6.00","","0.00","0.00","","0.00","0.00","","","","1.00","0.00","0.00","6.00","","0.00","0.00","","",""
"цена осушки за болотистого участка в ярославле","2026-07-20 - 2026-08-18","1.00","0.00","0.00","3.00","","0.00","0.00","","1.00","0.00","0.00","3.00","","0.00","0.00","","","","0.00","0.00","","",""
"в ярославле есть организация занимающаяся дренажными работами","2026-07-20 - 2026-08-18","1.00","0.00","0.00","8.00","","0.00","0.00","","0.00","0.00","","","","1.00","0.00","0.00","8.00","","0.00","0.00","","",""
"искра октября поселок фото","2026-07-20 - 2026-08-18","1.00","0.00","0.00","11.00","","0.00","0.00","","0.00","0.00","","","","0.00","0.00","","","","1.00","0.00","0.00","11.00",""
"растения водохлебы для осушения участка","2026-07-20 - 2026-08-18","1.00","0.00","0.00","13.00","","0.00","0.00","","0.00","0.00","","","","0.00","0.00","","","","1.00","0.00","0.00","13.00",""
"керамогранит для двора частного дома можно ли ложить на старую брусчатку","2026-07-20 - 2026-08-18","1.00","0.00","0.00","6.00","","0.00","0.00","","0.00","0.00","","","","1.00","0.00","0.00","6.00","","0.00","0.00","","",""
"как избавиться от грязи на участке после дождя","2026-07-20 - 2026-08-18","1.00","0.00","0.00","8.00","","0.00","0.00","","0.00","0.00","","","","1.00","0.00","0.00","8.00","","0.00","0.00","","",""
"спил деревьев в некоузском районе ярославская область","2026-07-20 - 2026-08-18","1.00","0.00","0.00","11.00","","0.00","0.00","","0.00","0.00","","","","0.00","0.00","","","","1.00","0.00","0.00","11.00",""
"выравнивание участка под заказ tehno niki","2026-07-20 - 2026-08-18","1.00","0.00","0.00","7.00","","0.00","0.00","","0.00","0.00","","","","1.00","0.00","0.00","7.00","","0.00","0.00","","",""
"уложить тротуарную плитку цена работы за квадратный метр","2026-07-20 - 2026-08-18","1.00","0.00","0.00","10.00","","0.00","0.00","","0.00","0.00","","","","1.00","0.00","0.00","10.00","","0.00","0.00","","",""
"ремонт ливневой канализации в цеху ярославль","2026-07-20 - 2026-08-18","1.00","0.00","0.00","8.00","","0.00","0.00","","0.00","0.00","","","","1.00","0.00","0.00","8.00","","0.00","0.00","","",""
"выравнивание участка ярославль специальная цена техно-niki-ru","2026-07-20 - 2026-08-18","1.00","0.00","0.00","12.00","","0.00","0.00","","0.00","0.00","","","","0.00","0.00","","","","1.00","0.00","0.00","12.00",""
"можно ли уложить плитку на плитку тротуарную","2026-07-20 - 2026-08-18","1.00","0.00","0.00","6.00","","0.00","0.00","","0.00","0.00","","","","1.00","0.00","0.00","6.00","","0.00","0.00","","",""
"выровнять участок на даче ярославль по промокоду техно-niki ru","2026-07-20 - 2026-08-18","1.00","0.00","0.00","4.00","","0.00","0.00","","0.00","0.00","","","","1.00","0.00","0.00","4.00","","0.00","0.00","","",""
"благоустройство дачного участка в ярославле","2026-07-20 - 2026-08-18","1.00","0.00","0.00","10.00","","0.00","0.00","","0.00","0.00","","","","1.00","0.00","0.00","10.00","","0.00","0.00","","",""
"можно ли по верх старой плитки класть новую","2026-07-20 - 2026-08-18","1.00","0.00","0.00","7.00","","0.00","0.00","","0.00","0.00","","","","1.00","0.00","0.00","7.00","","0.00","0.00","","",""
"газон рулонный в рыбинске","2026-07-20 - 2026-08-18","1.00","1.00","100.00","7.00","7.00","0.00","0.00","","0.00","0.00","","","","1.00","1.00","100.00","7.00","7.00","0.00","0.00","","",""
"сколько примерно стоит дренаж участка 10 соток и этапы работ","2026-07-20 - 2026-08-18","1.00","0.00","0.00","10.00","","0.00","0.00","","0.00","0.00","","","","1.00","0.00","0.00","10.00","","0.00","0.00","","",""
"дренаж участка с уклоном от 800 ₽  за пог.м дренаж на глинистом участке от 800 ₽  за пог.м прочистка дренажа от 800 ₽  за пог.м дренаж вокруг отмостки от 800 ₽  за пог.м дренаж фундаментов от 1000 ₽  за пог.м","2026-07-20 - 2026-08-18","1.00","0.00","0.00","6.00","","0.00","0.00","","0.00","0.00","","","","1.00","0.00","0.00","6.00","","0.00","0.00","","",""
"изготовление навесов в рыбинске","2026-07-20 - 2026-08-18","1.00","0.00","0.00","11.00","","0.00","0.00","","0.00","0.00","","","","0.00","0.00","","","","1.00","0.00","0.00","11.00",""
"бетонная отмостка под ключ цена ярославль","2026-07-20 - 2026-08-18","1.00","0.00","0.00","7.00","","0.00","0.00","","0.00","0.00","","","","1.00","0.00","0.00","7.00","","0.00","0.00","","",""
"сколько стоит уложить один квадратный метр тротуарной плитки, включая стоимость работы и стоимость всех материаллов","2026-07-20 - 2026-08-18","1.00","1.00","100.00","3.00","3.00","0.00","0.00","","1.00","1.00","100.00","3.00","3.00","0.00","0.00","","","","0.00","0.00","","",""
"укладка тротуарной плитки под ключ переславль-залесский","2026-07-20 - 2026-08-18","1.00","2.00","200.00","6.00","6.00","0.00","0.00","","0.00","0.00","","","","1.00","2.00","200.00","6.00","6.00","0.00","0.00","","",""
"выровнять участок на даче ярославль бюджет техно ники ru","2026-07-20 - 2026-08-18","1.00","0.00","0.00","13.00","","0.00","0.00","","0.00","0.00","","","","0.00","0.00","","","","1.00","0.00","0.00","13.00",""
"expert 76","2026-07-20 - 2026-08-18","1.00","0.00","0.00","4.00","","0.00","0.00","","0.00","0.00","","","","1.00","0.00","0.00","4.00","","0.00","0.00","","",""
"автополив на участке под ключ","2026-07-20 - 2026-08-18","1.00","0.00","0.00","9.00","","0.00","0.00","","0.00","0.00","","","","1.00","0.00","0.00","9.00","","0.00","0.00","","",""
"планировка участка ярославская область центральный рыбинск","2026-07-20 - 2026-08-18","1.00","0.00","0.00","2.00","","0.00","0.00","","1.00","0.00","0.00","2.00","","0.00","0.00","","","","0.00","0.00","","",""
"переславль укладка плитки","2026-07-20 - 2026-08-18","1.00","0.00","0.00","7.00","","0.00","0.00","","0.00","0.00","","","","1.00","0.00","0.00","7.00","","0.00","0.00","","",""
"брусчатки на старую брусчатку","2026-07-20 - 2026-08-18","1.00","0.00","0.00","2.00","","0.00","0.00","","1.00","0.00","0.00","2.00","","0.00","0.00","","","","0.00","0.00","","",""
"повторная укладка тротуарной плитки","2026-07-20 - 2026-08-18","1.00","0.00","0.00","7.00","","0.00","0.00","","0.00","0.00","","","","1.00","0.00","0.00","7.00","","0.00","0.00","","",""
"внутрицеховая ливнеприемник ярославль установка","2026-07-20 - 2026-08-18","1.00","1.00","100.00","3.00","3.00","0.00","0.00","","1.00","1.00","100.00","3.00","3.00","0.00","0.00","","","","0.00","0.00","","",""
"цена укладки тротуарной плитки за 1 м2 стоимость","2026-07-20 - 2026-08-18","1.00","0.00","0.00","5.00","","0.00","0.00","","0.00","0.00","","","","1.00","0.00","0.00","5.00","","0.00","0.00","","",""
"услуги по укладке плитки в тутаеве","2026-07-20 - 2026-08-18","1.00","0.00","0.00","11.00","","0.00","0.00","","0.00","0.00","","","","0.00","0.00","","","","1.00","0.00","0.00","11.00",""
"корчевание деревьев ярославль в черте города мини погрузчики-ру","2026-07-20 - 2026-08-18","1.00","0.00","0.00","10.00","","0.00","0.00","","0.00","0.00","","","","1.00","0.00","0.00","10.00","","0.00","0.00","","",""
"можно ли класть керамогранит на старую брусчатку","2026-07-20 - 2026-08-18","1.00","1.00","100.00","3.00","3.00","0.00","0.00","","1.00","1.00","100.00","3.00","3.00","0.00","0.00","","","","0.00","0.00","","",""
"расценки на монтаж отмостки в ярославле","2026-07-20 - 2026-08-18","1.00","1.00","100.00","5.00","5.00","0.00","0.00","","0.00","0.00","","","","1.00","1.00","100.00","5.00","5.00","0.00","0.00","","",""
"благоустройство участка плиткой стоимость работа плюс материалы за квадратный метр","2026-07-20 - 2026-08-18","1.00","0.00","0.00","10.00","","0.00","0.00","","0.00","0.00","","","","1.00","0.00","0.00","10.00","","0.00","0.00","","",""
"сколько стоит выложить тротуарную плитку 1 кв метр ярославль","2026-07-20 - 2026-08-18","1.00","0.00","0.00","11.00","","0.00","0.00","","0.00","0.00","","","","0.00","0.00","","","","1.00","0.00","0.00","11.00",""
"можно ли укладывать тротуарную плитку на старую","2026-07-20 - 2026-08-18","1.00","0.00","0.00","9.00","","0.00","0.00","","0.00","0.00","","","","1.00","0.00","0.00","9.00","","0.00","0.00","","",""
"водоотводы ливневые вокруг дома в ярославле","2026-07-20 - 2026-08-18","1.00","0.00","0.00","3.00","","0.00","0.00","","1.00","0.00","0.00","3.00","","0.00","0.00","","","","0.00","0.00","","",""
"сколько стоит положить метр тротуарной плитки квадратный на раствор","2026-07-20 - 2026-08-18","1.00","0.00","0.00","6.00","","0.00","0.00","","0.00","0.00","","","","1.00","0.00","0.00","6.00","","0.00","0.00","","",""
"рыбинск благоустройство","2026-07-20 - 2026-08-18","1.00","0.00","0.00","11.00","","0.00","0.00","","0.00","0.00","","","","0.00","0.00","","","","1.00","0.00","0.00","11.00",""
"корчевание деревьев ярославль тарифный план miniпогрузчики ру","2026-07-20 - 2026-08-18","1.00","0.00","0.00","10.00","","0.00","0.00","","0.00","0.00","","","","1.00","0.00","0.00","10.00","","0.00","0.00","","",""
"дренаж участка консультация в ярославской области","2026-07-20 - 2026-08-18","1.00","0.00","0.00","5.00","","0.00","0.00","","0.00","0.00","","","","1.00","0.00","0.00","5.00","","0.00","0.00","","",""
"стоимость установки 3 погонных метра тротуарной плитки","2026-07-20 - 2026-08-18","1.00","0.00","0.00","9.00","","0.00","0.00","","0.00","0.00","","","","1.00","0.00","0.00","9.00","","0.00","0.00","","",""
"что такое газон в ярославле","2026-07-20 - 2026-08-18","1.00","0.00","0.00","6.00","","0.00","0.00","","0.00","0.00","","","","1.00","0.00","0.00","6.00","","0.00","0.00","","",""
"что сделать, если во дворе частного дома грязь после дождя","2026-07-20 - 2026-08-18","1.00","0.00","0.00","7.00","","0.00","0.00","","0.00","0.00","","","","1.00","0.00","0.00","7.00","","0.00","0.00","","",""
"укладка плитки тротуарной ростов великий","2026-07-20 - 2026-08-18","1.00","0.00","0.00","13.00","","0.00","0.00","","0.00","0.00","","","","0.00","0.00","","","","1.00","0.00","0.00","13.00",""
"выровнять участок на даче ярославль минимальная цена tehno ники","2026-07-20 - 2026-08-18","1.00","0.00","0.00","11.00","","0.00","0.00","","0.00","0.00","","","","0.00","0.00","","","","1.00","0.00","0.00","11.00",""
"участок 6 соток дренажная система","2026-07-20 - 2026-08-18","1.00","0.00","0.00","9.00","","0.00","0.00","","0.00","0.00","","","","1.00","0.00","0.00","9.00","","0.00","0.00","","",""
"планировка участка ярославль в областном центре mini pogruzchiki ru","2026-07-20 - 2026-08-18","1.00","0.00","0.00","6.00","","0.00","0.00","","0.00","0.00","","","","1.00","0.00","0.00","6.00","","0.00","0.00","","",""
"что постелить во дворе частного дома на старую плитку","2026-07-20 - 2026-08-18","1.00","0.00","0.00","7.00","","0.00","0.00","","0.00","0.00","","","","1.00","0.00","0.00","7.00","","0.00","0.00","","",""
"ландшафтный проект","2026-07-20 - 2026-08-18","1.00","0.00","0.00","8.00","","0.00","0.00","","0.00","0.00","","","","1.00","0.00","0.00","8.00","","0.00","0.00","","",""
"4852593089","2026-07-20 - 2026-08-18","1.00","0.00","0.00","10.00","","0.00","0.00","","0.00","0.00","","","","1.00","0.00","0.00","10.00","","0.00","0.00","","",""
"что делать если на тропинке слякоть и сыро","2026-07-20 - 2026-08-18","1.00","0.00","0.00","9.00","","0.00","0.00","","0.00","0.00","","","","1.00","0.00","0.00","9.00","","0.00","0.00","","",""
"key_phrase : ярославль новогоднее освещение","2026-07-20 - 2026-08-18","1.00","0.00","0.00","25.00","","0.00","0.00","","0.00","0.00","","","","0.00","0.00","","","","1.00","0.00","0.00","25.00",""
"выровнять участок на даче ярославль минимальная цена техно ники","2026-07-20 - 2026-08-18","1.00","1.00","100.00","12.00","12.00","0.00","0.00","","0.00","0.00","","","","0.00","0.00","","","","1.00","1.00","100.00","12.00","12.00"
"ландшафтный дизайн рыбинск заказать","2026-07-20 - 2026-08-18","1.00","0.00","0.00","10.00","","0.00","0.00","","0.00","0.00","","","","1.00","0.00","0.00","10.00","","0.00","0.00","","",""
"укладка тротуарной плитки в ярославле цена за 1м2","2026-07-20 - 2026-08-18","1.00","0.00","0.00","10.00","","0.00","0.00","","0.00","0.00","","","","1.00","0.00","0.00","10.00","","0.00","0.00","","",""
"услуги въезд брейтово","2026-07-20 - 2026-08-18","1.00","0.00","0.00","3.00","","0.00","0.00","","1.00","0.00","0.00","3.00","","0.00","0.00","","","","0.00","0.00","","",""
"как взять заказ на обустройство территории","2026-07-20 - 2026-08-18","1.00","0.00","0.00","8.00","","0.00","0.00","","0.00","0.00","","","","1.00","0.00","0.00","8.00","","0.00","0.00","","",""
"укладка брусчатки стоимость работы","2026-07-20 - 2026-08-18","1.00","0.00","0.00","10.00","","0.00","0.00","","0.00","0.00","","","","1.00","0.00","0.00","10.00","","0.00","0.00","","",""
"навес для автомобиля в рыбинске","2026-07-20 - 2026-08-18","1.00","0.00","0.00","34.00","","0.00","0.00","","0.00","0.00","","","","0.00","0.00","","","","1.00","0.00","0.00","34.00",""
"калькулятор расчета благоустройства","2026-07-20 - 2026-08-18","1.00","0.00","0.00","8.00","","0.00","0.00","","0.00","0.00","","","","1.00","0.00","0.00","8.00","","0.00","0.00","","",""
"кто в ярославле проект дренажных систем","2026-07-20 - 2026-08-18","1.00","0.00","0.00","10.00","","0.00","0.00","","0.00","0.00","","","","1.00","0.00","0.00","10.00","","0.00","0.00","","",""
"установка металлического камина в рыбинске","2026-07-20 - 2026-08-18","1.00","0.00","0.00","9.00","","0.00","0.00","","0.00","0.00","","","","1.00","0.00","0.00","9.00","","0.00","0.00","","",""
"при ремонте тротуаров когда должны убирать старую плитку","2026-07-20 - 2026-08-18","1.00","0.00","0.00","4.00","","0.00","0.00","","0.00","0.00","","","","1.00","0.00","0.00","4.00","","0.00","0.00","","",""
"установка бетонных свай рыбинск","2026-07-20 - 2026-08-18","1.00","0.00","0.00","13.00","","0.00","0.00","","0.00","0.00","","","","0.00","0.00","","","","1.00","0.00","0.00","13.00",""
"калькулятор стоимости проектирования благоустройства территории","2026-07-20 - 2026-08-18","1.00","0.00","0.00","8.00","","0.00","0.00","","0.00","0.00","","","","1.00","0.00","0.00","8.00","","0.00","0.00","","",""
"организации по сносу деревянного дома в рыбинске ярославской области адреса","2026-07-20 - 2026-08-18","1.00","0.00","0.00","7.00","","0.00","0.00","","0.00","0.00","","","","1.00","0.00","0.00","7.00","","0.00","0.00","","",""
"укладка тротуарной плитки стоимость ярославская область","2026-07-20 - 2026-08-18","1.00","1.00","100.00","11.00","11.00","0.00","0.00","","0.00","0.00","","","","0.00","0.00","","","","1.00","1.00","100.00","11.00","11.00"
"можно ли на старую дворовую плитку класть новую тротуарную плитку","2026-07-20 - 2026-08-18","1.00","0.00","0.00","3.00","","0.00","0.00","","1.00","0.00","0.00","3.00","","0.00","0.00","","","","0.00","0.00","","",""
"планировка участка рыбинск соток","2026-07-20 - 2026-08-18","1.00","0.00","0.00","4.00","","0.00","0.00","","0.00","0.00","","","","1.00","0.00","0.00","4.00","","0.00","0.00","","",""
"можно ли накладывать тротуарную плитку одну на другую","2026-07-20 - 2026-08-18","1.00","0.00","0.00","4.00","","0.00","0.00","","0.00","0.00","","","","1.00","0.00","0.00","4.00","","0.00","0.00","","",""
"углич вскопаю и посажу газон","2026-07-20 - 2026-08-18","1.00","0.00","0.00","9.00","","0.00","0.00","","0.00","0.00","","","","1.00","0.00","0.00","9.00","","0.00","0.00","","",""
"плитка ливневка для участка","2026-07-20 - 2026-08-18","1.00","0.00","0.00","12.00","","0.00","0.00","","0.00","0.00","","","","0.00","0.00","","","","1.00","0.00","0.00","12.00",""
"рулонный газон купить в ярославле","2026-07-20 - 2026-08-18","1.00","0.00","0.00","36.00","","0.00","0.00","","0.00","0.00","","","","0.00","0.00","","","","1.00","0.00","0.00","36.00",""
"выровнять участок на даче ярославль дисконт-цена tehno niki-ру","2026-07-20 - 2026-08-18","1.00","0.00","0.00","11.00","","0.00","0.00","","0.00","0.00","","","","0.00","0.00","","","","1.00","0.00","0.00","11.00",""
"сколько стоит отмостка для загородного дома","2026-07-20 - 2026-08-18","1.00","0.00","0.00","13.00","","0.00","0.00","","0.00","0.00","","","","0.00","0.00","","","","1.00","0.00","0.00","13.00",""
"ливневка ярославль","2026-07-20 - 2026-08-18","1.00","0.00","0.00","10.00","","0.00","0.00","","0.00","0.00","","","","1.00","0.00","0.00","10.00","","0.00","0.00","","",""
"авито навес арочный рыбинск","2026-07-20 - 2026-08-18","1.00","1.00","100.00","19.00","19.00","0.00","0.00","","0.00","0.00","","","","0.00","0.00","","","","1.00","1.00","100.00","19.00","19.00"
"придомовые территории рыбинск","2026-07-20 - 2026-08-18","1.00","0.00","0.00","10.00","","0.00","0.00","","0.00","0.00","","","","1.00","0.00","0.00","10.00","","0.00","0.00","","",""
"как делают газон ярославль","2026-07-20 - 2026-08-18","1.00","0.00","0.00","25.00","","0.00","0.00","","0.00","0.00","","","","0.00","0.00","","","","1.00","0.00","0.00","25.00",""
"сделать красивый участок в рыбинске","2026-07-20 - 2026-08-18","1.00","0.00","0.00","4.00","","0.00","0.00","","0.00","0.00","","","","1.00","0.00","0.00","4.00","","0.00","0.00","","",""
"услуги по благоустройству участка брейтово","2026-07-20 - 2026-08-18","1.00","0.00","0.00","6.00","","0.00","0.00","","0.00","0.00","","","","1.00","0.00","0.00","6.00","","0.00","0.00","","",""
"дизайн дачного участка рыбинск ландшафтный центр монолит","2026-07-20 - 2026-08-18","1.00","0.00","0.00","7.00","","0.00","0.00","","0.00","0.00","","","","1.00","0.00","0.00","7.00","","0.00","0.00","","",""
"можно ли новую тротуарную плитку укладывать поверх старой","2026-07-20 - 2026-08-18","1.00","0.00","0.00","5.00","","0.00","0.00","","0.00","0.00","","","","1.00","0.00","0.00","5.00","","0.00","0.00","","",""
"отмостка из щебня вокруг дома под ключ ярославль","2026-07-20 - 2026-08-18","1.00","0.00","0.00","5.00","","0.00","0.00","","0.00","0.00","","","","1.00","0.00","0.00","5.00","","0.00","0.00","","",""
"можно ли положить плитку на старую плитку во дворе","2026-07-20 - 2026-08-18","1.00","0.00","0.00","3.00","","0.00","0.00","","1.00","0.00","0.00","3.00","","0.00","0.00","","","","0.00","0.00","","",""
"выравнивание участка ярославль по промокоду tehno-niki ру","2026-07-20 - 2026-08-18","1.00","0.00","0.00","5.00","","0.00","0.00","","0.00","0.00","","","","1.00","0.00","0.00","5.00","","0.00","0.00","","",""
"планировка участка в рыбинске","2026-07-20 - 2026-08-18","1.00","0.00","0.00","12.00","","0.00","0.00","","0.00","0.00","","","","0.00","0.00","","","","1.00","0.00","0.00","12.00",""
"газон рулонный изумрудный","2026-07-20 - 2026-08-18","1.00","0.00","0.00","11.00","","0.00","0.00","","0.00","0.00","","","","0.00","0.00","","","","1.00","0.00","0.00","11.00",""
"дренаж в угличе","2026-07-20 - 2026-08-18","1.00","0.00","0.00","8.00","","0.00","0.00","","0.00","0.00","","","","1.00","0.00","0.00","8.00","","0.00","0.00","","",""
"старое тротуарное покрытие демонтируют или снимают, как правильно сказать","2026-07-20 - 2026-08-18","1.00","0.00","0.00","8.00","","0.00","0.00","","0.00","0.00","","","","1.00","0.00","0.00","8.00","","0.00","0.00","","",""
"рыбинск работы по перекладке тротуарной плитки","2026-07-20 - 2026-08-18","1.00","0.00","0.00","12.00","","0.00","0.00","","0.00","0.00","","","","0.00","0.00","","","","1.00","0.00","0.00","12.00",""
"выровнять участок на даче ярославль в пределах мкад tehno niki-ру","2026-07-20 - 2026-08-18","1.00","0.00","0.00","7.00","","0.00","0.00","","0.00","0.00","","","","1.00","0.00","0.00","7.00","","0.00","0.00","","",""
"снять старую тротуарную плитку и положить новую","2026-07-20 - 2026-08-18","1.00","0.00","0.00","5.00","","0.00","0.00","","0.00","0.00","","","","1.00","0.00","0.00","5.00","","0.00","0.00","","",""
"заезд на участок купить","2026-07-20 - 2026-08-18","1.00","0.00","0.00","8.00","","0.00","0.00","","0.00","0.00","","","","1.00","0.00","0.00","8.00","","0.00","0.00","","",""
"ландшафтный дизайнер ярославль","2026-07-20 - 2026-08-18","1.00","0.00","0.00","47.00","","0.00","0.00","","0.00","0.00","","","","0.00","0.00","","","","1.00","0.00","0.00","47.00",""
"стоимость укладки тротуарной плитки за м2 в ярославле","2026-07-20 - 2026-08-18","1.00","0.00","0.00","13.00","","0.00","0.00","","0.00","0.00","","","","0.00","0.00","","","","1.00","0.00","0.00","13.00",""
"укладка тротуарной плитки в переславле","2026-07-20 - 2026-08-18","1.00","0.00","0.00","5.00","","0.00","0.00","","0.00","0.00","","","","1.00","0.00","0.00","5.00","","0.00","0.00","","",""
"как рассчитать стоимость работ и материалов дренажа участка 10 соток","2026-07-20 - 2026-08-18","1.00","0.00","0.00","8.00","","0.00","0.00","","0.00","0.00","","","","1.00","0.00","0.00","8.00","","0.00","0.00","","",""
"можно ли поверх тротуарной плитки положить другую плитку?","2026-07-20 - 2026-08-18","1.00","0.00","0.00","4.00","","0.00","0.00","","0.00","0.00","","","","1.00","0.00","0.00","4.00","","0.00","0.00","","",""
"тротуарная плитка цена за работу","2026-07-20 - 2026-08-18","1.00","0.00","0.00","9.00","","0.00","0.00","","0.00","0.00","","","","1.00","0.00","0.00","9.00","","0.00","0.00","","",""
"выровнять участок на даче ярославль уцененный tehno-ники-ru","2026-07-20 - 2026-08-18","1.00","0.00","0.00","7.00","","0.00","0.00","","0.00","0.00","","","","1.00","0.00","0.00","7.00","","0.00","0.00","","",""
"благоустройство участка ярославль","2026-07-20 - 2026-08-18","1.00","0.00","0.00","12.00","","0.00","0.00","","0.00","0.00","","","","0.00","0.00","","","","1.00","0.00","0.00","12.00",""
"укрепление участка из булыжников на даче ярославль","2026-07-20 - 2026-08-18","1.00","0.00","0.00","10.00","","0.00","0.00","","0.00","0.00","","","","1.00","0.00","0.00","10.00","","0.00","0.00","","",""
"расчет стоимости содержания парковой территории калькулятор онлайн","2026-07-20 - 2026-08-18","1.00","0.00","0.00","3.00","","0.00","0.00","","1.00","0.00","0.00","3.00","","0.00","0.00","","","","0.00","0.00","","",""
"вывешивание дома ярославская область","2026-07-20 - 2026-08-18","1.00","0.00","0.00","11.00","","0.00","0.00","","0.00","0.00","","","","0.00","0.00","","","","1.00","0.00","0.00","11.00",""
"как написать смету на укладку тротуарной плитки","2026-07-20 - 2026-08-18","1.00","0.00","0.00","12.00","","0.00","0.00","","0.00","0.00","","","","0.00","0.00","","","","1.00","0.00","0.00","12.00",""
"услуга уход за дачным участком","2026-07-20 - 2026-08-18","1.00","0.00","0.00","4.00","","0.00","0.00","","0.00","0.00","","","","1.00","0.00","0.00","4.00","","0.00","0.00","","",""
"укладка плитки поверх старой плитки тротуарной","2026-07-20 - 2026-08-18","1.00","0.00","0.00","2.00","","0.00","0.00","","1.00","0.00","0.00","2.00","","0.00","0.00","","","","0.00","0.00","","",""
"планировка участка ярославль ярославский (областной) миниpogruzchiki-ру","2026-07-20 - 2026-08-18","1.00","0.00","0.00","6.00","","0.00","0.00","","0.00","0.00","","","","1.00","0.00","0.00","6.00","","0.00","0.00","","",""
"выровнять участок на даче ярославль доступная стоимость tehno-niki","2026-07-20 - 2026-08-18","1.00","0.00","0.00","10.00","","0.00","0.00","","0.00","0.00","","","","1.00","0.00","0.00","10.00","","0.00","0.00","","",""
"ливневки ярославль проет","2026-07-20 - 2026-08-18","1.00","0.00","0.00","5.00","","0.00","0.00","","0.00","0.00","","","","1.00","0.00","0.00","5.00","","0.00","0.00","","",""
"навес для автомобиля из поликарбоната рыбинск","2026-07-20 - 2026-08-18","1.00","0.00","0.00","29.00","","0.00","0.00","","0.00","0.00","","","","0.00","0.00","","","","1.00","0.00","0.00","29.00",""
"выполним работы по благоустройству территории","2026-07-20 - 2026-08-18","1.00","0.00","0.00","5.00","","0.00","0.00","","0.00","0.00","","","","1.00","0.00","0.00","5.00","","0.00","0.00","","",""
"грязные участки","2026-07-20 - 2026-08-18","1.00","0.00","0.00","7.00","","0.00","0.00","","0.00","0.00","","","","1.00","0.00","0.00","7.00","","0.00","0.00","","",""
"услуги по работам ав саду","2026-07-20 - 2026-08-18","1.00","0.00","0.00","10.00","","0.00","0.00","","0.00","0.00","","","","1.00","0.00","0.00","10.00","","0.00","0.00","","",""
"купить землю в ярославле под строительство дома калькулятор стоимости юкскаваторыаренда-ru","2026-07-20 - 2026-08-18","1.00","0.00","0.00","28.00","","0.00","0.00","","0.00","0.00","","","","0.00","0.00","","","","1.00","0.00","0.00","28.00",""
"дренирование почвы в ярославле","2026-07-20 - 2026-08-18","1.00","0.00","0.00","2.00","","0.00","0.00","","1.00","0.00","0.00","2.00","","0.00","0.00","","","","0.00","0.00","","",""
"выполнить работу по оформлению склона участка в рыбинске","2026-07-20 - 2026-08-18","1.00","0.00","0.00","5.00","","0.00","0.00","","0.00","0.00","","","","1.00","0.00","0.00","5.00","","0.00","0.00","","",""
"u hs,bycr rfrbt yfdtcs gjl fdnjvj,bkm rnj cnhjbn","2026-07-20 - 2026-08-18","1.00","0.00","0.00","11.00","","0.00","0.00","","0.00","0.00","","","","0.00","0.00","","","","1.00","0.00","0.00","11.00",""
"благоустройство территории подрядчик","2026-07-20 - 2026-08-18","1.00","0.00","0.00","10.00","","0.00","0.00","","0.00","0.00","","","","1.00","0.00","0.00","10.00","","0.00","0.00","","",""
"расчет благоустройства онлайн","2026-07-20 - 2026-08-18","1.00","0.00","0.00","10.00","","0.00","0.00","","0.00","0.00","","","","1.00","0.00","0.00","10.00","","0.00","0.00","","",""
"планировка участка цена в рыбинске","2026-07-20 - 2026-08-18","1.00","0.00","0.00","8.00","","0.00","0.00","","0.00","0.00","","","","1.00","0.00","0.00","8.00","","0.00","0.00","","",""
"авито благоустройство участка","2026-07-20 - 2026-08-18","1.00","0.00","0.00","2.00","","0.00","0.00","","1.00","0.00","0.00","2.00","","0.00","0.00","","","","0.00","0.00","","",""
"просела плитка в ограде что делать можно ли сверху уложить плитку","2026-07-20 - 2026-08-18","1.00","0.00","0.00","10.00","","0.00","0.00","","0.00","0.00","","","","1.00","0.00","0.00","10.00","","0.00","0.00","","",""
"благоустройство записбо услуги","2026-07-20 - 2026-08-18","1.00","0.00","0.00","6.00","","0.00","0.00","","0.00","0.00","","","","1.00","0.00","0.00","6.00","","0.00","0.00","","",""
"стоимость мелиорации участка","2026-07-20 - 2026-08-18","1.00","0.00","0.00","41.00","","0.00","0.00","","0.00","0.00","","","","0.00","0.00","","","","1.00","0.00","0.00","41.00",""
"key_phrase : благоустройство рыбинска","2026-07-20 - 2026-08-18","1.00","0.00","0.00","7.00","","0.00","0.00","","0.00","0.00","","","","1.00","0.00","0.00","7.00","","0.00","0.00","","",""
"как рассчитать инженерное благоустройство участка","2026-07-20 - 2026-08-18","1.00","0.00","0.00","13.00","","0.00","0.00","","0.00","0.00","","","","0.00","0.00","","","","1.00","0.00","0.00","13.00",""
"пьдъем участка ярославль","2026-07-20 - 2026-08-18","1.00","0.00","0.00","23.00","","0.00","0.00","","0.00","0.00","","","","0.00","0.00","","","","1.00","0.00","0.00","23.00",""
"надо ли менять основание тротуарной плитки при ее замене на новую плитку","2026-07-20 - 2026-08-18","1.00","0.00","0.00","3.00","","0.00","0.00","","1.00","0.00","0.00","3.00","","0.00","0.00","","","","0.00","0.00","","",""
"выравнивание участка ярославль тариф tehno-ники ru","2026-07-20 - 2026-08-18","1.00","0.00","0.00","6.00","","0.00","0.00","","0.00","0.00","","","","1.00","0.00","0.00","6.00","","0.00","0.00","","",""
"зачем поднимать старую плитку и класть заново","2026-07-20 - 2026-08-18","1.00","0.00","0.00","9.00","","0.00","0.00","","0.00","0.00","","","","1.00","0.00","0.00","9.00","","0.00","0.00","","",""
"можно ли класть новую брусчатку на старую","2026-07-20 - 2026-08-18","1.00","0.00","0.00","4.00","","0.00","0.00","","0.00","0.00","","","","1.00","0.00","0.00","4.00","","0.00","0.00","","",""
"сколько стоит заложить плитку на участке 11 соток","2026-07-20 - 2026-08-18","1.00","0.00","0.00","3.00","","0.00","0.00","","1.00","0.00","0.00","3.00","","0.00","0.00","","","","0.00","0.00","","",""
"рыбинск ландшафтный дизайн на труда","2026-07-20 - 2026-08-18","1.00","0.00","0.00","9.00","","0.00","0.00","","0.00","0.00","","","","1.00","0.00","0.00","9.00","","0.00","0.00","","",""
"укладка тротуарной плитки под ключ в переславле уена","2026-07-20 - 2026-08-18","1.00","0.00","0.00","6.00","","0.00","0.00","","0.00","0.00","","","","1.00","0.00","0.00","6.00","","0.00","0.00","","",""
"монтаж ливневой канализации цена за метр","2026-07-20 - 2026-08-18","1.00","0.00","0.00","7.00","","0.00","0.00","","0.00","0.00","","","","1.00","0.00","0.00","7.00","","0.00","0.00","","",""
"предприятия по благоустройству в ярославской области","2026-07-20 - 2026-08-18","1.00","0.00","0.00","6.00","","0.00","0.00","","0.00","0.00","","","","1.00","0.00","0.00","6.00","","0.00","0.00","","",""
"монтаж плитняка на старую брусчатку","2026-07-20 - 2026-08-18","1.00","0.00","0.00","7.00","","0.00","0.00","","0.00","0.00","","","","1.00","0.00","0.00","7.00","","0.00","0.00","","",""
"спил дерева в тутаеве к кому обратиться","2026-07-20 - 2026-08-18","1.00","0.00","0.00","8.00","","0.00","0.00","","0.00","0.00","","","","1.00","0.00","0.00","8.00","","0.00","0.00","","",""
"сколько стоит отмостка под ключ ярославль","2026-07-20 - 2026-08-18","1.00","0.00","0.00","7.00","","0.00","0.00","","0.00","0.00","","","","1.00","0.00","0.00","7.00","","0.00","0.00","","",""
"можно ли укладывать брусчатку на старую плитку","2026-07-20 - 2026-08-18","1.00","0.00","0.00","4.00","","0.00","0.00","","0.00","0.00","","","","1.00","0.00","0.00","4.00","","0.00","0.00","","",""
"почему одна плитка просела а другая","2026-07-20 - 2026-08-18","1.00","0.00","0.00","6.00","","0.00","0.00","","0.00","0.00","","","","1.00","0.00","0.00","6.00","","0.00","0.00","","",""
"углич кладка плитки уличная","2026-07-20 - 2026-08-18","1.00","0.00","0.00","5.00","","0.00","0.00","","0.00","0.00","","","","1.00","0.00","0.00","5.00","","0.00","0.00","","",""
"каким образом работает для сосны рыбинск посадки","2026-07-20 - 2026-08-18","1.00","0.00","0.00","9.00","","0.00","0.00","","0.00","0.00","","","","1.00","0.00","0.00","9.00","","0.00","0.00","","",""
"выравнивание участка ярославль сделать заказ техно ники-ру","2026-07-20 - 2026-08-18","1.00","0.00","0.00","12.00","","0.00","0.00","","0.00","0.00","","","","0.00","0.00","","","","1.00","0.00","0.00","12.00",""
"навес для автомобиля из металлопрофиля купить в рыбинске","2026-07-20 - 2026-08-18","1.00","0.00","0.00","33.00","","0.00","0.00","","0.00","0.00","","","","0.00","0.00","","","","1.00","0.00","0.00","33.00",""
"старая плитктротуарная","2026-07-20 - 2026-08-18","1.00","0.00","0.00","7.00","","0.00","0.00","","0.00","0.00","","","","1.00","0.00","0.00","7.00","","0.00","0.00","","",""
"сделать автополив газона услуга ярославль","2026-07-20 - 2026-08-18","1.00","0.00","0.00","5.00","","0.00","0.00","","0.00","0.00","","","","1.00","0.00","0.00","5.00","","0.00","0.00","","",""
"можно на керамическую плитку ложить тротуарную плитку на улице видео","2026-07-20 - 2026-08-18","1.00","1.00","100.00","4.00","4.00","0.00","0.00","","0.00","0.00","","","","1.00","1.00","100.00","4.00","4.00","0.00","0.00","","",""
"ширина отмостки в ярославской области","2026-07-20 - 2026-08-18","1.00","0.00","0.00","2.00","","0.00","0.00","","1.00","0.00","0.00","2.00","","0.00","0.00","","","","0.00","0.00","","",""
"навесы в рыбинске для автомобилей","2026-07-20 - 2026-08-18","1.00","0.00","0.00","11.00","","0.00","0.00","","0.00","0.00","","","","0.00","0.00","","","","1.00","0.00","0.00","11.00",""
"дренаж на участке 6 соток","2026-07-20 - 2026-08-18","1.00","0.00","0.00","9.00","","0.00","0.00","","0.00","0.00","","","","1.00","0.00","0.00","9.00","","0.00","0.00","","",""
"key_phrase : ремонт ливнёвок ростов","2026-07-20 - 2026-08-18","1.00","0.00","0.00","48.00","","0.00","0.00","","0.00","0.00","","","","0.00","0.00","","","","1.00","0.00","0.00","48.00",""
"строительство слипов в угличском районе","2026-07-20 - 2026-08-18","1.00","1.00","100.00","5.00","5.00","0.00","0.00","","0.00","0.00","","","","1.00","1.00","100.00","5.00","5.00","0.00","0.00","","",""
"стоимость благоустройства территории за м2 в рыбинске","2026-07-20 - 2026-08-18","1.00","0.00","0.00","5.00","","0.00","0.00","","0.00","0.00","","","","1.00","0.00","0.00","5.00","","0.00","0.00","","",""
"в ярославской области что сажать деревья кусты","2026-07-20 - 2026-08-18","1.00","0.00","0.00","8.00","","0.00","0.00","","0.00","0.00","","","","1.00","0.00","0.00","8.00","","0.00","0.00","","",""
"ландшафтные работы в рыбинсе","2026-07-20 - 2026-08-18","1.00","0.00","0.00","10.00","","0.00","0.00","","0.00","0.00","","","","1.00","0.00","0.00","10.00","","0.00","0.00","","",""
"стоимость благоустройства участка","2026-07-20 - 2026-08-18","1.00","0.00","0.00","12.00","","0.00","0.00","","0.00","0.00","","","","0.00","0.00","","","","1.00","0.00","0.00","12.00",""
"поставить колышки по краям участка рыбинск","2026-07-20 - 2026-08-18","1.00","0.00","0.00","5.00","","0.00","0.00","","0.00","0.00","","","","1.00","0.00","0.00","5.00","","0.00","0.00","","",""
"дренаж участка 6 соток схема","2026-07-20 - 2026-08-18","1.00","0.00","0.00","4.00","","0.00","0.00","","0.00","0.00","","","","1.00","0.00","0.00","4.00","","0.00","0.00","","",""
"пушкина 39 рыбинск","2026-07-20 - 2026-08-18","1.00","0.00","0.00","11.00","","0.00","0.00","","0.00","0.00","","","","0.00","0.00","","","","1.00","0.00","0.00","11.00",""
"стоимость подготовки и заливки отмостки ярославская область","2026-07-20 - 2026-08-18","1.00","0.00","0.00","3.00","","0.00","0.00","","1.00","0.00","0.00","3.00","","0.00","0.00","","","","0.00","0.00","","",""
"цена устройства отмостки частного дома в ярославле","2026-07-20 - 2026-08-18","1.00","0.00","0.00","6.00","","0.00","0.00","","0.00","0.00","","","","1.00","0.00","0.00","6.00","","0.00","0.00","","",""
"прокладка дренажной трубы в геотекстиле и засыпка щебнем цена за метр погонный за работу по переславлю залесскому","2026-07-20 - 2026-08-18","1.00","2.00","200.00","4.00","4.00","0.00","0.00","","0.00","0.00","","","","1.00","2.00","200.00","4.00","4.00","0.00","0.00","","",""
"цена отмостки под ключ","2026-07-20 - 2026-08-18","1.00","0.00","0.00","5.00","","0.00","0.00","","0.00","0.00","","","","1.00","0.00","0.00","5.00","","0.00","0.00","","",""
"отмостка вокруг дома цена","2026-07-20 - 2026-08-18","1.00","0.00","0.00","10.00","","0.00","0.00","","0.00","0.00","","","","1.00","0.00","0.00","10.00","","0.00","0.00","","",""
"можно ли на старую тротуарную плитку положить резиновую плитку","2026-07-20 - 2026-08-18","1.00","0.00","0.00","6.00","","0.00","0.00","","0.00","0.00","","","","1.00","0.00","0.00","6.00","","0.00","0.00","","",""
"можно ли на старую плитку положить новую на улице","2026-07-20 - 2026-08-18","1.00","1.00","100.00","2.00","2.00","0.00","0.00","","1.00","1.00","100.00","2.00","2.00","0.00","0.00","","","","0.00","0.00","","",""
"прайс лист на укладку тротуарной плитки и бордюров","2026-07-20 - 2026-08-18","1.00","0.00","0.00","8.00","","0.00","0.00","","0.00","0.00","","","","1.00","0.00","0.00","8.00","","0.00","0.00","","",""
"заезд на участок рыбинск","2026-07-20 - 2026-08-18","1.00","0.00","0.00","4.00","","0.00","0.00","","0.00","0.00","","","","1.00","0.00","0.00","4.00","","0.00","0.00","","",""
"положить плитку на старую плитку на дорожку","2026-07-20 - 2026-08-18","1.00","1.00","100.00","1.00","1.00","1.00","1.00","100.00","0.00","0.00","","","","0.00","0.00","","","","0.00","0.00","","",""
"рыбинск мощение площади","2026-07-20 - 2026-08-18","1.00","0.00","0.00","10.00","","0.00","0.00","","0.00","0.00","","","","1.00","0.00","0.00","10.00","","0.00","0.00","","",""
"можно ли положить плитку на старую бетонную дорожку","2026-07-20 - 2026-08-18","1.00","0.00","0.00","36.00","","0.00","0.00","","0.00","0.00","","","","0.00","0.00","","","","1.00","0.00","0.00","36.00",""
"сколько стоит укладка тротуарной плитки","2026-07-20 - 2026-08-18","1.00","0.00","0.00","7.00","","0.00","0.00","","0.00","0.00","","","","1.00","0.00","0.00","7.00","","0.00","0.00","","",""
"корчевание деревьев ярославль минимальная цена ник ооо техно","2026-07-20 - 2026-08-18","1.00","0.00","0.00","14.00","","0.00","0.00","","0.00","0.00","","","","0.00","0.00","","","","1.00","0.00","0.00","14.00",""
"стоимость работ по дренажному полю","2026-07-20 - 2026-08-18","1.00","0.00","0.00","10.00","","0.00","0.00","","0.00","0.00","","","","1.00","0.00","0.00","10.00","","0.00","0.00","","",""
"сколько стоит сделать отмостку вокруг дома цена за метр ярославская область","2026-07-20 - 2026-08-18","1.00","0.00","0.00","7.00","","0.00","0.00","","0.00","0.00","","","","1.00","0.00","0.00","7.00","","0.00","0.00","","",""
"монтаж ливневой канализации ярославль","2026-07-20 - 2026-08-18","1.00","0.00","0.00","2.00","","0.00","0.00","","1.00","0.00","0.00","2.00","","0.00","0.00","","","","0.00","0.00","","",""
"отмостка цена за работу в ярославле за метр","2026-07-20 - 2026-08-18","1.00","0.00","0.00","12.00","","0.00","0.00","","0.00","0.00","","","","0.00","0.00","","","","1.00","0.00","0.00","12.00",""
"сколько примерно стоит сделать в рыбинске отмостку вокруг дома в 4 подъезда","2026-07-20 - 2026-08-18","1.00","0.00","0.00","3.00","","0.00","0.00","","1.00","0.00","0.00","3.00","","0.00","0.00","","","","0.00","0.00","","",""
"укладка плитки цена за м2 в переславле-залесском","2026-07-20 - 2026-08-18","1.00","0.00","0.00","13.00","","0.00","0.00","","0.00","0.00","","","","0.00","0.00","","","","1.00","0.00","0.00","13.00",""
"кто технические условия на ливневую канализацию в тутаеве","2026-07-20 - 2026-08-18","1.00","0.00","0.00","3.00","","0.00","0.00","","1.00","0.00","0.00","3.00","","0.00","0.00","","","","0.00","0.00","","",""
"заказать укладку дорожек из плитки на даче в переславле залесском цена","2026-07-20 - 2026-08-18","1.00","0.00","0.00","4.00","","0.00","0.00","","0.00","0.00","","","","1.00","0.00","0.00","4.00","","0.00","0.00","","",""
"можно ли покласть новую тротуарную плитку на старую на крыльце","2026-07-20 - 2026-08-18","1.00","0.00","0.00","3.00","","0.00","0.00","","1.00","0.00","0.00","3.00","","0.00","0.00","","","","0.00","0.00","","",""
"строительство каминов в рыбинске","2026-07-20 - 2026-08-18","1.00","0.00","0.00","6.00","","0.00","0.00","","0.00","0.00","","","","1.00","0.00","0.00","6.00","","0.00","0.00","","",""
"отмостка рыбинск","2026-07-20 - 2026-08-18","1.00","0.00","0.00","6.00","","0.00","0.00","","0.00","0.00","","","","1.00","0.00","0.00","6.00","","0.00","0.00","","",""
"онлайн расчет стоимости дренажа участка","2026-07-20 - 2026-08-18","1.00","0.00","0.00","6.00","","0.00","0.00","","0.00","0.00","","","","1.00","0.00","0.00","6.00","","0.00","0.00","","",""
"можно ли укладывать новую плитку поверх старой для дорожек","2026-07-20 - 2026-08-18","1.00","0.00","0.00","4.00","","0.00","0.00","","0.00","0.00","","","","1.00","0.00","0.00","4.00","","0.00","0.00","","",""
"технология ярославль благоустройство территории","2026-07-20 - 2026-08-18","1.00","0.00","0.00","6.00","","0.00","0.00","","0.00","0.00","","","","1.00","0.00","0.00","6.00","","0.00","0.00","","",""
"какую киянку надо для плитки","2026-07-20 - 2026-08-18","1.00","0.00","0.00","9.00","","0.00","0.00","","0.00","0.00","","","","1.00","0.00","0.00","9.00","","0.00","0.00","","",""
"установка тротуарной плитки в переславле залесском","2026-07-20 - 2026-08-18","1.00","0.00","0.00","4.00","","0.00","0.00","","0.00","0.00","","","","1.00","0.00","0.00","4.00","","0.00","0.00","","",""
"положить трубу в канаву и засыпатьпескомилигравием в угличском районе","2026-07-20 - 2026-08-18","1.00","0.00","0.00","8.00","","0.00","0.00","","0.00","0.00","","","","1.00","0.00","0.00","8.00","","0.00","0.00","","",""
"выровнять участок на даче ярославль с уценкой техно-niki-ру","2026-07-20 - 2026-08-18","1.00","0.00","0.00","7.00","","0.00","0.00","","0.00","0.00","","","","1.00","0.00","0.00","7.00","","0.00","0.00","","",""
"на балтийской клалут старую иои новую плитку","2026-07-20 - 2026-08-18","1.00","0.00","0.00","8.00","","0.00","0.00","","0.00","0.00","","","","1.00","0.00","0.00","8.00","","0.00","0.00","","",""
"можно ли на старую тротуарную плитку положить новую","2026-07-20 - 2026-08-18","1.00","1.00","100.00","3.00","3.00","0.00","0.00","","1.00","1.00","100.00","3.00","3.00","0.00","0.00","","","","0.00","0.00","","",""
"можно ли брусчатку ложить на старую","2026-07-20 - 2026-08-18","1.00","1.00","100.00","4.00","4.00","0.00","0.00","","0.00","0.00","","","","1.00","1.00","100.00","4.00","4.00","0.00","0.00","","",""
"тутаев укладка тротуарной плитки цена","2026-07-20 - 2026-08-18","1.00","0.00","0.00","8.00","","0.00","0.00","","0.00","0.00","","","","1.00","0.00","0.00","8.00","","0.00","0.00","","",""
"расчет стоимости обслуживания благоустроенной территории калькулятор онлайн","2026-07-20 - 2026-08-18","1.00","0.00","0.00","2.00","","0.00","0.00","","1.00","0.00","0.00","2.00","","0.00","0.00","","","","0.00","0.00","","",""
"металлическая конструкция при въезде в рыбинск","2026-07-20 - 2026-08-18","1.00","0.00","0.00","12.00","","0.00","0.00","","0.00","0.00","","","","0.00","0.00","","","","1.00","0.00","0.00","12.00",""
"выровнять участок на даче ярославль оформить техно niki","2026-07-20 - 2026-08-18","1.00","0.00","0.00","10.00","","0.00","0.00","","0.00","0.00","","","","1.00","0.00","0.00","10.00","","0.00","0.00","","",""
"сколько примерно стоит сделать в рыбинске отмостку вокруг дома в 4 подъезда асфальтом","2026-07-20 - 2026-08-18","1.00","0.00","0.00","4.00","","0.00","0.00","","0.00","0.00","","","","1.00","0.00","0.00","4.00","","0.00","0.00","","",""
"сколько стоит квадратный метр положить тротуарную плитку под ключ в ярославле","2026-07-20 - 2026-08-18","1.00","0.00","0.00","9.00","","0.00","0.00","","0.00","0.00","","","","1.00","0.00","0.00","9.00","","0.00","0.00","","",""
"заказы на работу других участков расчеты стоимости","2026-07-20 - 2026-08-18","1.00","0.00","0.00","10.00","","0.00","0.00","","0.00","0.00","","","","1.00","0.00","0.00","10.00","","0.00","0.00","","",""
"можно положить кафель на тротуарную плитку","2026-07-20 - 2026-08-18","1.00","0.00","0.00","6.00","","0.00","0.00","","0.00","0.00","","","","1.00","0.00","0.00","6.00","","0.00","0.00","","",""
"ярославль осушение участков","2026-07-20 - 2026-08-18","1.00","1.00","100.00","4.00","4.00","0.00","0.00","","0.00","0.00","","","","1.00","1.00","100.00","4.00","4.00","0.00","0.00","","",""
"как обновить старую тротуарную плитку с добавлением новой плитки","2026-07-20 - 2026-08-18","1.00","0.00","0.00","6.00","","0.00","0.00","","0.00","0.00","","","","1.00","0.00","0.00","6.00","","0.00","0.00","","",""
"погонный метр сколько стоит дренаж в городе ярославль","2026-07-20 - 2026-08-18","1.00","0.00","0.00","8.00","","0.00","0.00","","0.00","0.00","","","","1.00","0.00","0.00","8.00","","0.00","0.00","","",""
"навес под машину в ростове ярославском","2026-07-20 - 2026-08-18","1.00","0.00","0.00","29.00","","0.00","0.00","","0.00","0.00","","","","0.00","0.00","","","","1.00","0.00","0.00","29.00",""
"ярославль спил деревьев","2026-07-20 - 2026-08-18","1.00","0.00","0.00","47.00","","0.00","0.00","","0.00","0.00","","","","0.00","0.00","","","","1.00","0.00","0.00","47.00",""
"как на собственном участке переложить старую плитку на новую","2026-07-20 - 2026-08-18","1.00","1.00","100.00","3.00","3.00","0.00","0.00","","1.00","1.00","100.00","3.00","3.00","0.00","0.00","","","","0.00","0.00","","",""
"укладка плитки на даче под ключ","2026-07-20 - 2026-08-18","1.00","0.00","0.00","12.00","","0.00","0.00","","0.00","0.00","","","","0.00","0.00","","","","1.00","0.00","0.00","12.00",""
"установка тротуарная плитка к дому цена ярославль","2026-07-20 - 2026-08-18","1.00","0.00","0.00","11.00","","0.00","0.00","","0.00","0.00","","","","0.00","0.00","","","","1.00","0.00","0.00","11.00",""
"снос зданий и сооружениф","2026-07-20 - 2026-08-18","1.00","0.00","0.00","21.00","","0.00","0.00","","0.00","0.00","","","","0.00","0.00","","","","1.00","0.00","0.00","21.00",""
"рыбинск навесы для автомобиля","2026-07-20 - 2026-08-18","1.00","0.00","0.00","25.00","","0.00","0.00","","0.00","0.00","","","","0.00","0.00","","","","1.00","0.00","0.00","25.00",""
"ярославская область город рыбинск .заказать сделать отмостку дома","2026-07-20 - 2026-08-18","1.00","0.00","0.00","5.00","","0.00","0.00","","0.00","0.00","","","","1.00","0.00","0.00","5.00","","0.00","0.00","","",""
"d м‍аш͏ин⁠у н͏аве͏с бhе‍й‍т͏ово gjд","2026-07-20 - 2026-08-18","1.00","0.00","0.00","11.00","","0.00","0.00","","0.00","0.00","","","","0.00","0.00","","","","1.00","0.00","0.00","11.00",""
"благоустройство участков в частном доме в ярославле","2026-07-20 - 2026-08-18","1.00","0.00","0.00","12.00","","0.00","0.00","","0.00","0.00","","","","0.00","0.00","","","","1.00","0.00","0.00","12.00",""
"рыбинск подрядчики укладка тротуарной плитки на соборной площади","2026-07-20 - 2026-08-18","1.00","0.00","0.00","13.00","","0.00","0.00","","0.00","0.00","","","","0.00","0.00","","","","1.00","0.00","0.00","13.00",""
"специалист по дренажу участка","2026-07-20 - 2026-08-18","1.00","0.00","0.00","7.00","","0.00","0.00","","0.00","0.00","","","","1.00","0.00","0.00","7.00","","0.00","0.00","","",""
"вспольинское поле дренажные системы установка","2026-07-20 - 2026-08-18","1.00","0.00","0.00","19.00","","0.00","0.00","","0.00","0.00","","","","0.00","0.00","","","","1.00","0.00","0.00","19.00",""
"стоимость укладки 1 квадратного метра тротуарной плитки","2026-07-20 - 2026-08-18","1.00","0.00","0.00","11.00","","0.00","0.00","","0.00","0.00","","","","0.00","0.00","","","","1.00","0.00","0.00","11.00",""
"веретьевский рыбинск","2026-07-20 - 2026-08-18","1.00","0.00","0.00","10.00","","0.00","0.00","","0.00","0.00","","","","1.00","0.00","0.00","10.00","","0.00","0.00","","",""
"примерная цена за квадратный метр за укладку тротуарной плитки с материалом","2026-07-20 - 2026-08-18","1.00","1.00","100.00","5.00","5.00","0.00","0.00","","0.00","0.00","","","","1.00","1.00","100.00","5.00","5.00","0.00","0.00","","",""
"стоимость подготовки и заливки отмостки ярославская область прайс","2026-07-20 - 2026-08-18","1.00","0.00","0.00","5.00","","0.00","0.00","","0.00","0.00","","","","1.00","0.00","0.00","5.00","","0.00","0.00","","",""
"можно ли укладывать уличную плитку на старую","2026-07-20 - 2026-08-18","1.00","0.00","0.00","9.00","","0.00","0.00","","0.00","0.00","","","","1.00","0.00","0.00","9.00","","0.00","0.00","","",""
"дренажная система участка в ярославле под ключ","2026-07-20 - 2026-08-18","1.00","0.00","0.00","3.00","","0.00","0.00","","1.00","0.00","0.00","3.00","","0.00","0.00","","","","0.00","0.00","","",""
"калькулятор работ садовых","2026-07-20 - 2026-08-18","1.00","1.00","100.00","5.00","5.00","0.00","0.00","","0.00","0.00","","","","1.00","1.00","100.00","5.00","5.00","0.00","0.00","","",""
"услуги работы по благоустройству территории в ярославле","2026-07-20 - 2026-08-18","1.00","0.00","0.00","18.00","","0.00","0.00","","0.00","0.00","","","","0.00","0.00","","","","1.00","0.00","0.00","18.00",""
"стоимость укладки брусчатки под ключ в переславле залесском цена за квадратный метр","2026-07-20 - 2026-08-18","1.00","0.00","0.00","5.00","","0.00","0.00","","0.00","0.00","","","","1.00","0.00","0.00","5.00","","0.00","0.00","","",""
"установить печь камин в рыбинске","2026-07-20 - 2026-08-18","1.00","0.00","0.00","12.00","","0.00","0.00","","0.00","0.00","","","","0.00","0.00","","","","1.00","0.00","0.00","12.00",""
"грязный участок","2026-07-20 - 2026-08-18","1.00","0.00","0.00","10.00","","0.00","0.00","","0.00","0.00","","","","1.00","0.00","0.00","10.00","","0.00","0.00","","",""
"рыбинск благоустройство территорий","2026-07-20 - 2026-08-18","1.00","0.00","0.00","8.00","","0.00","0.00","","0.00","0.00","","","","1.00","0.00","0.00","8.00","","0.00","0.00","","",""
"как повторить сложный рельеф перенести на плитку","2026-07-20 - 2026-08-18","1.00","0.00","0.00","11.00","","0.00","0.00","","0.00","0.00","","","","0.00","0.00","","","","1.00","0.00","0.00","11.00",""
"можно ли укладывать плитку на старую плитку на улице","2026-07-20 - 2026-08-18","1.00","0.00","0.00","9.00","","0.00","0.00","","0.00","0.00","","","","1.00","0.00","0.00","9.00","","0.00","0.00","","",""
"кладка уличной плитки переславль","2026-07-20 - 2026-08-18","1.00","1.00","100.00","5.00","5.00","0.00","0.00","","0.00","0.00","","","","1.00","1.00","100.00","5.00","5.00","0.00","0.00","","",""
"ремонт брусчатки переславль","2026-07-20 - 2026-08-18","1.00","0.00","0.00","4.00","","0.00","0.00","","0.00","0.00","","","","1.00","0.00","0.00","4.00","","0.00","0.00","","",""
"стоимость укладки плитки за м2 с работой и материалом","2026-07-20 - 2026-08-18","1.00","0.00","0.00","13.00","","0.00","0.00","","0.00","0.00","","","","0.00","0.00","","","","1.00","0.00","0.00","13.00",""
"прайс лист на перекладку брусчатки","2026-07-20 - 2026-08-18","1.00","0.00","0.00","11.00","","0.00","0.00","","0.00","0.00","","","","0.00","0.00","","","","1.00","0.00","0.00","11.00",""
"на прессованной земле в одном месте остаётся вода после дождя что сделать","2026-07-20 - 2026-08-18","1.00","0.00","0.00","10.00","","0.00","0.00","","0.00","0.00","","","","1.00","0.00","0.00","10.00","","0.00","0.00","","",""
"выложить тротуарную плитку на даче цена работы","2026-07-20 - 2026-08-18","1.00","0.00","0.00","12.00","","0.00","0.00","","0.00","0.00","","","","0.00","0.00","","","","1.00","0.00","0.00","12.00",""
"ярославль грунтовые работы осушение участков","2026-07-20 - 2026-08-18","1.00","0.00","0.00","4.00","","0.00","0.00","","0.00","0.00","","","","1.00","0.00","0.00","4.00","","0.00","0.00","","",""
"дренаж участка | дренаж вокруг дома | ярославль","2026-07-20 - 2026-08-18","1.00","0.00","0.00","8.00","","0.00","0.00","","0.00","0.00","","","","1.00","0.00","0.00","8.00","","0.00","0.00","","",""
"брусчатка в рыбинске уложена","2026-07-20 - 2026-08-18","1.00","0.00","0.00","7.00","","0.00","0.00","","0.00","0.00","","","","1.00","0.00","0.00","7.00","","0.00","0.00","","",""
"выравнивание участка ярославль в рамках бюджета техно-ники-ру","2026-07-20 - 2026-08-18","1.00","0.00","0.00","13.00","","0.00","0.00","","0.00","0.00","","","","0.00","0.00","","","","1.00","0.00","0.00","13.00",""
"работы по благоустройству территории и строительные","2026-07-20 - 2026-08-18","1.00","0.00","0.00","4.00","","0.00","0.00","","0.00","0.00","","","","1.00","0.00","0.00","4.00","","0.00","0.00","","",""
"дренаж у дома сделать ярославль","2026-07-20 - 2026-08-18","1.00","0.00","0.00","13.00","","0.00","0.00","","0.00","0.00","","","","0.00","0.00","","","","1.00","0.00","0.00","13.00",""
"система водоотведения ярославль под ключ","2026-07-20 - 2026-08-18","1.00","0.00","0.00","10.00","","0.00","0.00","","0.00","0.00","","","","1.00","0.00","0.00","10.00","","0.00","0.00","","",""
"можно ли на тротуарную старую плитку положить новую","2026-07-20 - 2026-08-18","1.00","0.00","0.00","2.00","","0.00","0.00","","1.00","0.00","0.00","2.00","","0.00","0.00","","","","0.00","0.00","","",""
"как переложить старую тротуарную плитку на новый","2026-07-20 - 2026-08-18","1.00","0.00","0.00","10.00","","0.00","0.00","","0.00","0.00","","","","1.00","0.00","0.00","10.00","","0.00","0.00","","",""
"какая должна быть киянка для тротуарной плитки","2026-07-20 - 2026-08-18","1.00","0.00","0.00","9.00","","0.00","0.00","","0.00","0.00","","","","1.00","0.00","0.00","9.00","","0.00","0.00","","",""
"как посчитать ландшафтные работы дорожки отмостки","2026-07-20 - 2026-08-18","1.00","0.00","0.00","3.00","","0.00","0.00","","1.00","0.00","0.00","3.00","","0.00","0.00","","","","0.00","0.00","","",""
"укладка тротуарной плитки стоимость","2026-07-20 - 2026-08-18","1.00","0.00","0.00","12.00","","0.00","0.00","","0.00","0.00","","","","0.00","0.00","","","","1.00","0.00","0.00","12.00",""
"благоустройство дачного участка под ключ","2026-07-20 - 2026-08-18","1.00","0.00","0.00","8.00","","0.00","0.00","","0.00","0.00","","","","1.00","0.00","0.00","8.00","","0.00","0.00","","",""
"сколько стоит сделать отмостку под залив бетона в ярославле","2026-07-20 - 2026-08-18","1.00","0.00","0.00","9.00","","0.00","0.00","","0.00","0.00","","","","1.00","0.00","0.00","9.00","","0.00","0.00","","",""
"услуга каменники","2026-07-20 - 2026-08-18","1.00","0.00","0.00","17.00","","0.00","0.00","","0.00","0.00","","","","0.00","0.00","","","","1.00","0.00","0.00","17.00",""
"можно ли старые снятые плитку положить в одно фундамента","2026-07-20 - 2026-08-18","1.00","0.00","0.00","8.00","","0.00","0.00","","0.00","0.00","","","","1.00","0.00","0.00","8.00","","0.00","0.00","","",""
"корчевание деревьев ярославль специальная цена миниpogruzchiki ру","2026-07-20 - 2026-08-18","1.00","1.00","100.00","13.00","13.00","0.00","0.00","","0.00","0.00","","","","0.00","0.00","","","","1.00","1.00","100.00","13.00","13.00"
"благоустройство ярославль","2026-07-20 - 2026-08-18","1.00","0.00","0.00","26.00","","0.00","0.00","","0.00","0.00","","","","0.00","0.00","","","","1.00","0.00","0.00","26.00",""
"прокладка дренажа вокруг дома стоимость работ ярославль","2026-07-20 - 2026-08-18","1.00","0.00","0.00","16.00","","0.00","0.00","","0.00","0.00","","","","0.00","0.00","","","","1.00","0.00","0.00","16.00",""
"смета рыбинск","2026-07-20 - 2026-08-18","1.00","0.00","0.00","11.00","","0.00","0.00","","0.00","0.00","","","","0.00","0.00","","","","1.00","0.00","0.00","11.00",""
"стоимость дренажа вокруг дома цена под ключ в ярославле","2026-07-20 - 2026-08-18","1.00","0.00","0.00","3.00","","0.00","0.00","","1.00","0.00","0.00","3.00","","0.00","0.00","","","","0.00","0.00","","",""
"установка стоков для воды с крыши переславль залесский","2026-07-20 - 2026-08-18","1.00","0.00","0.00","8.00","","0.00","0.00","","0.00","0.00","","","","1.00","0.00","0.00","8.00","","0.00","0.00","","",""
"укладка геотекстиля.цена в ярославле","2026-07-20 - 2026-08-18","1.00","0.00","0.00","5.00","","0.00","0.00","","0.00","0.00","","","","1.00","0.00","0.00","5.00","","0.00","0.00","","",""
"укладка камня на старую брусчатку фото","2026-07-20 - 2026-08-18","1.00","0.00","0.00","11.00","","0.00","0.00","","0.00","0.00","","","","0.00","0.00","","","","1.00","0.00","0.00","11.00",""
"можно ли садовую дорожку укладывать на старую плитку","2026-07-20 - 2026-08-18","1.00","0.00","0.00","2.00","","0.00","0.00","","1.00","0.00","0.00","2.00","","0.00","0.00","","","","0.00","0.00","","",""
"тротуарная плитка сверху старой","2026-07-20 - 2026-08-18","1.00","0.00","0.00","11.00","","0.00","0.00","","0.00","0.00","","","","0.00","0.00","","","","1.00","0.00","0.00","11.00",""
"площадка из щебня можно ли засыпать прямо поверх старой плитки","2026-07-20 - 2026-08-18","1.00","0.00","0.00","11.00","","0.00","0.00","","0.00","0.00","","","","0.00","0.00","","","","1.00","0.00","0.00","11.00",""
"выравнивание участка ярославль калькулятор стоимости мини погрузчики-ru","2026-07-20 - 2026-08-18","1.00","0.00","0.00","13.00","","0.00","0.00","","0.00","0.00","","","","0.00","0.00","","","","1.00","0.00","0.00","13.00",""
"ярославская область вывешивание дома","2026-07-20 - 2026-08-18","1.00","0.00","0.00","9.00","","0.00","0.00","","0.00","0.00","","","","1.00","0.00","0.00","9.00","","0.00","0.00","","",""
"почему тротуарная плитка пошла волнами","2026-07-20 - 2026-08-18","1.00","0.00","0.00","12.00","","0.00","0.00","","0.00","0.00","","","","0.00","0.00","","","","1.00","0.00","0.00","12.00",""
"стоимость работы ярославской области по укладке дренажа","2026-07-20 - 2026-08-18","1.00","0.00","0.00","4.00","","0.00","0.00","","0.00","0.00","","","","1.00","0.00","0.00","4.00","","0.00","0.00","","",""
"дренаж участка авито","2026-07-20 - 2026-08-18","1.00","0.00","0.00","12.00","","0.00","0.00","","0.00","0.00","","","","0.00","0.00","","","","1.00","0.00","0.00","12.00",""
"рыбинск подготовить въездную часть в частный дом","2026-07-20 - 2026-08-18","1.00","0.00","0.00","4.00","","0.00","0.00","","0.00","0.00","","","","1.00","0.00","0.00","4.00","","0.00","0.00","","",""
"замена тротуарной плитки на новую оставить старое основание","2026-07-20 - 2026-08-18","1.00","0.00","0.00","4.00","","0.00","0.00","","0.00","0.00","","","","1.00","0.00","0.00","4.00","","0.00","0.00","","",""
"укладка дренажной трубы цена в ярославле","2026-07-20 - 2026-08-18","1.00","0.00","0.00","12.00","","0.00","0.00","","0.00","0.00","","","","0.00","0.00","","","","1.00","0.00","0.00","12.00",""
"спил деревьев и выкорчевывание углич","2026-07-20 - 2026-08-18","1.00","0.00","0.00","13.00","","0.00","0.00","","0.00","0.00","","","","0.00","0.00","","","","1.00","0.00","0.00","13.00",""
"сколько примерно стоит сделать в рыбинске отмостку вокруг дома в 4 подъезда асфальтом примерно назвать цену","2026-07-20 - 2026-08-18","1.00","0.00","0.00","3.00","","0.00","0.00","","1.00","0.00","0.00","3.00","","0.00","0.00","","","","0.00","0.00","","",""
"корчевание пней в ярославской области доступная стоимость ekskavatoryаренда-ру","2026-07-20 - 2026-08-18","1.00","0.00","0.00","14.00","","0.00","0.00","","0.00","0.00","","","","0.00","0.00","","","","1.00","0.00","0.00","14.00",""
"сколько стоит сделать дренаж на участке 10 соток в ярославле","2026-07-20 - 2026-08-18","1.00","0.00","0.00","6.00","","0.00","0.00","","0.00","0.00","","","","1.00","0.00","0.00","6.00","","0.00","0.00","","",""
"въездная группа на участок цена под ключ ярославль","2026-07-20 - 2026-08-18","1.00","0.00","0.00","11.00","","0.00","0.00","","0.00","0.00","","","","0.00","0.00","","","","1.00","0.00","0.00","11.00",""
"как постелить плитку тротуарную на старый залитый","2026-07-20 - 2026-08-18","1.00","0.00","0.00","10.00","","0.00","0.00","","0.00","0.00","","","","1.00","0.00","0.00","10.00","","0.00","0.00","","",""
"exp.76","2026-07-20 - 2026-08-18","1.00","0.00","0.00","1.00","","1.00","0.00","0.00","0.00","0.00","","","","0.00","0.00","","","","0.00","0.00","","",""
"куда девают старую плитку с тротуаров после укладки новой","2026-07-20 - 2026-08-18","1.00","0.00","0.00","6.00","","0.00","0.00","","0.00","0.00","","","","1.00","0.00","0.00","6.00","","0.00","0.00","","",""
"стоимость укладки тротуарной плитки за м2 с работой и материалом","2026-07-20 - 2026-08-18","1.00","0.00","0.00","3.00","","0.00","0.00","","1.00","0.00","0.00","3.00","","0.00","0.00","","","","0.00","0.00","","",""
"стоимость погонного метра дренажа","2026-07-20 - 2026-08-18","1.00","0.00","0.00","9.00","","0.00","0.00","","0.00","0.00","","","","1.00","0.00","0.00","9.00","","0.00","0.00","","",""
"найти ландшафтного дизайнера в рыбинске","2026-07-20 - 2026-08-18","1.00","0.00","0.00","11.00","","0.00","0.00","","0.00","0.00","","","","0.00","0.00","","","","1.00","0.00","0.00","11.00",""
"кладка плитки углич","2026-07-20 - 2026-08-18","1.00","0.00","0.00","4.00","","0.00","0.00","","0.00","0.00","","","","1.00","0.00","0.00","4.00","","0.00","0.00","","",""
"можно ли снять брусчатку и положить её снова","2026-07-20 - 2026-08-18","1.00","0.00","0.00","7.00","","0.00","0.00","","0.00","0.00","","","","1.00","0.00","0.00","7.00","","0.00","0.00","","",""
"дренажная система на участке 6 соток","2026-07-20 - 2026-08-18","1.00","0.00","0.00","3.00","","0.00","0.00","","1.00","0.00","0.00","3.00","","0.00","0.00","","","","0.00","0.00","","",""
"услуги посадки цветов на участке","2026-07-20 - 2026-08-18","1.00","0.00","0.00","8.00","","0.00","0.00","","0.00","0.00","","","","1.00","0.00","0.00","8.00","","0.00","0.00","","",""
"укладка плитки тротуарной какой вес киянки","2026-07-20 - 2026-08-18","1.00","0.00","0.00","14.00","","0.00","0.00","","0.00","0.00","","","","0.00","0.00","","","","1.00","0.00","0.00","14.00",""
"въездная группа на участок цена под ключ в ярославской области","2026-07-20 - 2026-08-18","1.00","0.00","0.00","8.00","","0.00","0.00","","0.00","0.00","","","","1.00","0.00","0.00","8.00","","0.00","0.00","","",""
"строительство дорожек из щебня цена за м кв переславль-залесский","2026-07-20 - 2026-08-18","1.00","0.00","0.00","9.00","","0.00","0.00","","0.00","0.00","","","","1.00","0.00","0.00","9.00","","0.00","0.00","","",""
"можно ли на старую плитку положить новую во дворе","2026-07-20 - 2026-08-18","1.00","0.00","0.00","3.00","","0.00","0.00","","1.00","0.00","0.00","3.00","","0.00","0.00","","","","0.00","0.00","","",""
"укладка тротуарной плитки в тутаеве","2026-07-20 - 2026-08-18","1.00","0.00","0.00","3.00","","0.00","0.00","","1.00","0.00","0.00","3.00","","0.00","0.00","","","","0.00","0.00","","",""
"планировка участка ярославль выгодно миниpogruzchiki-ru","2026-07-20 - 2026-08-18","1.00","0.00","0.00","14.00","","0.00","0.00","","0.00","0.00","","","","0.00","0.00","","","","1.00","0.00","0.00","14.00",""
"yfdtc gjl vfibye d ,htqnjdj","2026-07-20 - 2026-08-18","1.00","0.00","0.00","6.00","","0.00","0.00","","0.00","0.00","","","","1.00","0.00","0.00","6.00","","0.00","0.00","","",""
"утепление отмостки. фундамента в ярославле","2026-07-20 - 2026-08-18","1.00","0.00","0.00","4.00","","0.00","0.00","","0.00","0.00","","","","1.00","0.00","0.00","4.00","","0.00","0.00","","",""
"как укладывали плитку в рыбинске","2026-07-20 - 2026-08-18","1.00","0.00","0.00","13.00","","0.00","0.00","","0.00","0.00","","","","0.00","0.00","","","","1.00","0.00","0.00","13.00",""
"заезд на участок через канаву под ключ переславль залесский","2026-07-20 - 2026-08-18","1.00","0.00","0.00","12.00","","0.00","0.00","","0.00","0.00","","","","0.00","0.00","","","","1.00","0.00","0.00","12.00",""
"г. рыбинск помощь в разборе содержимого гаража","2026-07-20 - 2026-08-18","1.00","0.00","0.00","37.00","","0.00","0.00","","0.00","0.00","","","","0.00","0.00","","","","1.00","0.00","0.00","37.00",""
"какое покрытие можно уложить сверху старой плитки на садовых дорожках","2026-07-20 - 2026-08-18","1.00","0.00","0.00","8.00","","0.00","0.00","","0.00","0.00","","","","1.00","0.00","0.00","8.00","","0.00","0.00","","",""
"рыбинск ландшафтный дизайн","2026-07-20 - 2026-08-18","1.00","0.00","0.00","9.00","","0.00","0.00","","0.00","0.00","","","","1.00","0.00","0.00","9.00","","0.00","0.00","","",""
"как уложить тротуарную плитку сверху старой","2026-07-20 - 2026-08-18","1.00","1.00","100.00","3.00","3.00","0.00","0.00","","1.00","1.00","100.00","3.00","3.00","0.00","0.00","","","","0.00","0.00","","",""
"монтаж ливневой канализации расценка","2026-07-20 - 2026-08-18","1.00","0.00","0.00","5.00","","0.00","0.00","","0.00","0.00","","","","1.00","0.00","0.00","5.00","","0.00","0.00","","",""
"двор под ключ","2026-07-20 - 2026-08-18","1.00","0.00","0.00","5.00","","0.00","0.00","","0.00","0.00","","","","1.00","0.00","0.00","5.00","","0.00","0.00","","",""
"сколько стоит сделать ливневку вокруг дома","2026-07-20 - 2026-08-18","1.00","0.00","0.00","4.00","","0.00","0.00","","0.00","0.00","","","","1.00","0.00","0.00","4.00","","0.00","0.00","","",""
"положить плитку на участке цена","2026-07-20 - 2026-08-18","1.00","0.00","0.00","10.00","","0.00","0.00","","0.00","0.00","","","","1.00","0.00","0.00","10.00","","0.00","0.00","","",""
"какие кустарники отводят воду","2026-07-20 - 2026-08-18","1.00","0.00","0.00","9.00","","0.00","0.00","","0.00","0.00","","","","1.00","0.00","0.00","9.00","","0.00","0.00","","",""
"выравнивание участка ярославль вызвать tehno ники-ru","2026-07-20 - 2026-08-18","1.00","0.00","0.00","10.00","","0.00","0.00","","0.00","0.00","","","","1.00","0.00","0.00","10.00","","0.00","0.00","","",""
"рассчитать стоимость отмостки вокруг дома калькулятор земличист","2026-07-20 - 2026-08-18","1.00","0.00","0.00","7.00","","0.00","0.00","","0.00","0.00","","","","1.00","0.00","0.00","7.00","","0.00","0.00","","",""
"какая киянка нужна для укладки плитки","2026-07-20 - 2026-08-18","1.00","0.00","0.00","10.00","","0.00","0.00","","0.00","0.00","","","","1.00","0.00","0.00","10.00","","0.00","0.00","","",""
"углич. укладка плитки. частник","2026-07-20 - 2026-08-18","1.00","0.00","0.00","11.00","","0.00","0.00","","0.00","0.00","","","","0.00","0.00","","","","1.00","0.00","0.00","11.00",""
"можно ли на старую плитку тротуарную поверх ложить новую или старую нужно снимать","2026-07-20 - 2026-08-18","1.00","0.00","0.00","3.00","","0.00","0.00","","1.00","0.00","0.00","3.00","","0.00","0.00","","","","0.00","0.00","","",""
"стоимость укладки 1 квадратного метра тротуарной плитки в ярославле","2026-07-20 - 2026-08-18","1.00","0.00","0.00","13.00","","0.00","0.00","","0.00","0.00","","","","0.00","0.00","","","","1.00","0.00","0.00","13.00",""
"можно ли положить плитку на старую дорожку","2026-07-20 - 2026-08-18","1.00","0.00","0.00","11.00","","0.00","0.00","","0.00","0.00","","","","0.00","0.00","","","","1.00","0.00","0.00","11.00",""
"спил деревьев мышкинский район ярославская область","2026-07-20 - 2026-08-18","1.00","0.00","0.00","5.00","","0.00","0.00","","0.00","0.00","","","","1.00","0.00","0.00","5.00","","0.00","0.00","","",""
"можно ли тротуарную плитку положить на старую около дома","2026-07-20 - 2026-08-18","1.00","0.00","0.00","11.00","","0.00","0.00","","0.00","0.00","","","","0.00","0.00","","","","1.00","0.00","0.00","11.00",""
"крпнилова юлия ландшафтный дизайнер рыбинск","2026-07-20 - 2026-08-18","1.00","0.00","0.00","7.00","","0.00","0.00","","0.00","0.00","","","","1.00","0.00","0.00","7.00","","0.00","0.00","","",""
"время для посева газонной травы по регионам рядом со мной цена","2026-07-20 - 2026-08-18","1.00","0.00","0.00","6.00","","0.00","0.00","","0.00","0.00","","","","1.00","0.00","0.00","6.00","","0.00","0.00","","",""
"алла ивлева ландшафтный рыбинск","2026-07-20 - 2026-08-18","1.00","0.00","0.00","8.00","","0.00","0.00","","0.00","0.00","","","","1.00","0.00","0.00","8.00","","0.00","0.00","","",""
"планировка участка рыбинск область центральный микрорайон","2026-07-20 - 2026-08-18","1.00","0.00","0.00","11.00","","0.00","0.00","","0.00","0.00","","","","0.00","0.00","","","","1.00","0.00","0.00","11.00",""
"miroshnichenkoexpert76","2026-07-20 - 2026-08-18","1.00","0.00","0.00","10.00","","0.00","0.00","","0.00","0.00","","","","1.00","0.00","0.00","10.00","","0.00","0.00","","",""
"выравнивание участка ярославль подешевле техноniki ru","2026-07-20 - 2026-08-18","1.00","0.00","0.00","4.00","","0.00","0.00","","0.00","0.00","","","","1.00","0.00","0.00","4.00","","0.00","0.00","","",""
"сделать дорожки на участке ярославль","2026-07-20 - 2026-08-18","1.00","0.00","0.00","13.00","","0.00","0.00","","0.00","0.00","","","","0.00","0.00","","","","1.00","0.00","0.00","13.00",""
"отмостка под ключ цена за м2 ярославль","2026-07-20 - 2026-08-18","1.00","0.00","0.00","9.00","","0.00","0.00","","0.00","0.00","","","","1.00","0.00","0.00","9.00","","0.00","0.00","","",""
"планировка участка ярославль эконом-класс миниpogruzchiki ru","2026-07-20 - 2026-08-18","1.00","0.00","0.00","14.00","","0.00","0.00","","0.00","0.00","","","","0.00","0.00","","","","1.00","0.00","0.00","14.00",""
"стоимость отмостки вокруг дома цена ярославль за квадратный","2026-07-20 - 2026-08-18","1.00","0.00","0.00","5.00","","0.00","0.00","","0.00","0.00","","","","1.00","0.00","0.00","5.00","","0.00","0.00","","",""
"ливневка рыбинск","2026-07-20 - 2026-08-18","1.00","0.00","0.00","2.00","","0.00","0.00","","1.00","0.00","0.00","2.00","","0.00","0.00","","","","0.00","0.00","","",""
"укладка тротуарной плитки переславль залесский цена за квадратный","2026-07-20 - 2026-08-18","1.00","0.00","0.00","6.00","","0.00","0.00","","0.00","0.00","","","","1.00","0.00","0.00","6.00","","0.00","0.00","","",""
"снос зданий и сооружений ярославль оформление заказа техно ники-ru","2026-07-20 - 2026-08-18","1.00","0.00","0.00","13.00","","0.00","0.00","","0.00","0.00","","","","0.00","0.00","","","","1.00","0.00","0.00","13.00",""
"кто проектирует лосы в северном г.рыбинск","2026-07-20 - 2026-08-18","1.00","0.00","0.00","7.00","","0.00","0.00","","0.00","0.00","","","","1.00","0.00","0.00","7.00","","0.00","0.00","","",""
"эстакада рыбинск","2026-07-20 - 2026-08-18","1.00","0.00","0.00","10.00","","0.00","0.00","","0.00","0.00","","","","1.00","0.00","0.00","10.00","","0.00","0.00","","",""
"как переложить старую плитку на улице","2026-07-20 - 2026-08-18","1.00","0.00","0.00","11.00","","0.00","0.00","","0.00","0.00","","","","0.00","0.00","","","","1.00","0.00","0.00","11.00",""
"укладка тротуарной плитки рыбинск цена","2026-07-20 - 2026-08-18","1.00","0.00","0.00","7.00","","0.00","0.00","","0.00","0.00","","","","1.00","0.00","0.00","7.00","","0.00","0.00","","",""
"мастер садоводства ярославская область","2026-07-20 - 2026-08-18","1.00","0.00","0.00","12.00","","0.00","0.00","","0.00","0.00","","","","0.00","0.00","","","","1.00","0.00","0.00","12.00",""
"выравнивание участка ярославль эконом-класс tehno-niki ру","2026-07-20 - 2026-08-18","1.00","0.00","0.00","8.00","","0.00","0.00","","0.00","0.00","","","","1.00","0.00","0.00","8.00","","0.00","0.00","","",""
"стоимость благоустройства территории за м2 калькулятор эден крафт","2026-07-20 - 2026-08-18","1.00","0.00","0.00","10.00","","0.00","0.00","","0.00","0.00","","","","1.00","0.00","0.00","10.00","","0.00","0.00","","",""
"выполним работы по благоустройству территории в ярославле","2026-07-20 - 2026-08-18","1.00","0.00","0.00","11.00","","0.00","0.00","","0.00","0.00","","","","0.00","0.00","","","","1.00","0.00","0.00","11.00",""
"планировка участка ярославль по распродаже minipogruzchiki-ру","2026-07-20 - 2026-08-18","1.00","0.00","0.00","12.00","","0.00","0.00","","0.00","0.00","","","","0.00","0.00","","","","1.00","0.00","0.00","12.00",""
"рулонный газон в ярославле","2026-07-20 - 2026-08-18","1.00","0.00","0.00","40.00","","0.00","0.00","","0.00","0.00","","","","0.00","0.00","","","","1.00","0.00","0.00","40.00",""
"дизайнер приусадебном участке город любим ярославская область","2026-07-20 - 2026-08-18","1.00","0.00","0.00","7.00","","0.00","0.00","","0.00","0.00","","","","1.00","0.00","0.00","7.00","","0.00","0.00","","",""
"от нехватки чего лопается отмостка залитая только","2026-07-20 - 2026-08-18","1.00","0.00","0.00","12.00","","0.00","0.00","","0.00","0.00","","","","0.00","0.00","","","","1.00","0.00","0.00","12.00",""
"уборка территорий под ярославлем tehno-ники-ru","2026-07-20 - 2026-08-18","1.00","0.00","0.00","10.00","","0.00","0.00","","0.00","0.00","","","","1.00","0.00","0.00","10.00","","0.00","0.00","","",""
"расчет стоимости содержания благоустроенной территории калькулятор онлайн","2026-07-20 - 2026-08-18","1.00","0.00","0.00","3.00","","0.00","0.00","","1.00","0.00","0.00","3.00","","0.00","0.00","","","","0.00","0.00","","",""
"ландшафт рыбинск","2026-07-20 - 2026-08-18","1.00","0.00","0.00","10.00","","0.00","0.00","","0.00","0.00","","","","1.00","0.00","0.00","10.00","","0.00","0.00","","",""
"сколько стоит работа по монтажу дренажной и ливневой системы","2026-07-20 - 2026-08-18","1.00","0.00","0.00","12.00","","0.00","0.00","","0.00","0.00","","","","0.00","0.00","","","","1.00","0.00","0.00","12.00",""
"укладка плитки в переславле залесском","2026-07-20 - 2026-08-18","1.00","0.00","0.00","10.00","","0.00","0.00","","0.00","0.00","","","","1.00","0.00","0.00","10.00","","0.00","0.00","","",""
"ливневая канализация методом прокола ярославль","2026-07-20 - 2026-08-18","1.00","0.00","0.00","5.00","","0.00","0.00","","0.00","0.00","","","","1.00","0.00","0.00","5.00","","0.00","0.00","","",""
"благоустройство территории ярославль","2026-07-20 - 2026-08-18","1.00","0.00","0.00","26.00","","0.00","0.00","","0.00","0.00","","","","0.00","0.00","","","","1.00","0.00","0.00","26.00",""
"отремонтировать просадку брусчатки","2026-07-20 - 2026-08-18","1.00","0.00","0.00","25.00","","0.00","0.00","","0.00","0.00","","","","0.00","0.00","","","","1.00","0.00","0.00","25.00",""
"выкорчевка кустов и деревьев рыбинск","2026-07-20 - 2026-08-18","1.00","0.00","0.00","12.00","","0.00","0.00","","0.00","0.00","","","","0.00","0.00","","","","1.00","0.00","0.00","12.00",""
"можно старую плитку заново ложить на улице","2026-07-20 - 2026-08-18","1.00","0.00","0.00","3.00","","0.00","0.00","","1.00","0.00","0.00","3.00","","0.00","0.00","","","","0.00","0.00","","",""
"выровнять участок на даче ярославль калькулятор стоимости tehnoники ру","2026-07-20 - 2026-08-18","1.00","0.00","0.00","13.00","","0.00","0.00","","0.00","0.00","","","","0.00","0.00","","","","1.00","0.00","0.00","13.00",""
"какая киянка должна быть для укладки тротуарной плитки","2026-07-20 - 2026-08-18","1.00","1.00","100.00","5.00","5.00","0.00","0.00","","0.00","0.00","","","","1.00","1.00","100.00","5.00","5.00","0.00","0.00","","",""
"заезд на участок через канаву тутаев","2026-07-20 - 2026-08-18","1.00","1.00","100.00","8.00","8.00","0.00","0.00","","0.00","0.00","","","","1.00","1.00","100.00","8.00","8.00","0.00","0.00","","",""
"расчистка участка купанское ярославская область","2026-07-20 - 2026-08-18","1.00","0.00","0.00","11.00","","0.00","0.00","","0.00","0.00","","","","0.00","0.00","","","","1.00","0.00","0.00","11.00",""
"рассчитать стоимость работ по укладке тротуарной плитки онлайн","2026-07-20 - 2026-08-18","1.00","0.00","0.00","10.00","","0.00","0.00","","0.00","0.00","","","","1.00","0.00","0.00","10.00","","0.00","0.00","","",""
"дробление пней в рыбинске услуги","2026-07-20 - 2026-08-18","1.00","0.00","0.00","11.00","","0.00","0.00","","0.00","0.00","","","","0.00","0.00","","","","1.00","0.00","0.00","11.00",""
"услуги дизайнера участка","2026-07-20 - 2026-08-18","1.00","0.00","0.00","9.00","","0.00","0.00","","0.00","0.00","","","","1.00","0.00","0.00","9.00","","0.00","0.00","","",""
"ливневая канализация в ярославле","2026-07-20 - 2026-08-18","1.00","0.00","0.00","1.00","","1.00","0.00","0.00","0.00","0.00","","","","0.00","0.00","","","","0.00","0.00","","",""
"ярославль стоимость отмостки вокруг дома","2026-07-20 - 2026-08-18","1.00","0.00","0.00","5.00","","0.00","0.00","","0.00","0.00","","","","1.00","0.00","0.00","5.00","","0.00","0.00","","",""
"специализированная организация по ремонту, содержанию сетей и колодцев ливневой канализации","2026-07-20 - 2026-08-18","1.00","0.00","0.00","5.00","","0.00","0.00","","0.00","0.00","","","","1.00","0.00","0.00","5.00","","0.00","0.00","","",""
"дренаж участка по цене","2026-07-20 - 2026-08-18","1.00","0.00","0.00","4.00","","0.00","0.00","","0.00","0.00","","","","1.00","0.00","0.00","4.00","","0.00","0.00","","",""
"калькулятор дренажа участка онлайн","2026-07-20 - 2026-08-18","1.00","0.00","0.00","15.00","","0.00","0.00","","0.00","0.00","","","","0.00","0.00","","","","1.00","0.00","0.00","15.00",""
"укладка плитки тротуарной углич","2026-07-20 - 2026-08-18","1.00","0.00","0.00","7.00","","0.00","0.00","","0.00","0.00","","","","1.00","0.00","0.00","7.00","","0.00","0.00","","",""
"рыбинск рулонный газон","2026-07-20 - 2026-08-18","1.00","0.00","0.00","12.00","","0.00","0.00","","0.00","0.00","","","","0.00","0.00","","","","1.00","0.00","0.00","12.00",""
"старой дорожке на даче уже более 15 лет, она просела и стала не очень красивой. можно ли поверх выложить плиткой новую, чтоб бвло выше ровнее и красивее?","2026-07-20 - 2026-08-18","1.00","0.00","0.00","7.00","","0.00","0.00","","0.00","0.00","","","","1.00","0.00","0.00","7.00","","0.00","0.00","","",""
"можно ли уложить брусчатку на старую крепкую плитку во дворе дома","2026-07-20 - 2026-08-18","1.00","0.00","0.00","5.00","","0.00","0.00","","0.00","0.00","","","","1.00","0.00","0.00","5.00","","0.00","0.00","","",""
"найти специалиста для консультации по затоплению дачного участка ярославль","2026-07-20 - 2026-08-18","1.00","0.00","0.00","6.00","","0.00","0.00","","0.00","0.00","","","","1.00","0.00","0.00","6.00","","0.00","0.00","","",""
"ремонт  автополива в ярославле","2026-07-20 - 2026-08-18","1.00","1.00","100.00","5.00","5.00","0.00","0.00","","0.00","0.00","","","","1.00","1.00","100.00","5.00","5.00","0.00","0.00","","",""
"благоустройство калькулятор","2026-07-20 - 2026-08-18","1.00","0.00","0.00","8.00","","0.00","0.00","","0.00","0.00","","","","1.00","0.00","0.00","8.00","","0.00","0.00","","",""
"сколько стоит сделать заезд на участок","2026-07-20 - 2026-08-18","1.00","0.00","0.00","10.00","","0.00","0.00","","0.00","0.00","","","","1.00","0.00","0.00","10.00","","0.00","0.00","","",""
"глубокий дренаж участка ярославль","2026-07-20 - 2026-08-18","1.00","1.00","100.00","6.00","6.00","0.00","0.00","","0.00","0.00","","","","1.00","1.00","100.00","6.00","6.00","0.00","0.00","","",""
"организация в ярославле занимающаяся ливневкой","2026-07-20 - 2026-08-18","1.00","0.00","0.00","4.00","","0.00","0.00","","0.00","0.00","","","","1.00","0.00","0.00","4.00","","0.00","0.00","","",""
"стоимость благоустройства территории за м2 калькулятор новолесной переулок, д. 5","2026-07-20 - 2026-08-18","1.00","0.00","0.00","10.00","","0.00","0.00","","0.00","0.00","","","","1.00","0.00","0.00","10.00","","0.00","0.00","","",""
"снять старую и уложить новую плитку во дворе","2026-07-20 - 2026-08-18","1.00","0.00","0.00","10.00","","0.00","0.00","","0.00","0.00","","","","1.00","0.00","0.00","10.00","","0.00","0.00","","",""
"маргарита калинина ландшафт рыбинск","2026-07-20 - 2026-08-18","1.00","0.00","0.00","7.00","","0.00","0.00","","0.00","0.00","","","","1.00","0.00","0.00","7.00","","0.00","0.00","","",""
"специалист по прививке деревьев город рыбинск","2026-07-20 - 2026-08-18","1.00","0.00","0.00","6.00","","0.00","0.00","","0.00","0.00","","","","1.00","0.00","0.00","6.00","","0.00","0.00","","",""
"расчистить участок в переславле","2026-07-20 - 2026-08-18","1.00","0.00","0.00","10.00","","0.00","0.00","","0.00","0.00","","","","1.00","0.00","0.00","10.00","","0.00","0.00","","",""
"цена укладки брусчатки за квадратный метр","2026-07-20 - 2026-08-18","1.00","0.00","0.00","10.00","","0.00","0.00","","0.00","0.00","","","","1.00","0.00","0.00","10.00","","0.00","0.00","","",""
"ландшафтный центр рыбинск","2026-07-20 - 2026-08-18","1.00","0.00","0.00","11.00","","0.00","0.00","","0.00","0.00","","","","0.00","0.00","","","","1.00","0.00","0.00","11.00",""
"агентство благоустройство рыбинск","2026-07-20 - 2026-08-18","1.00","0.00","0.00","5.00","","0.00","0.00","","0.00","0.00","","","","1.00","0.00","0.00","5.00","","0.00","0.00","","",""
"алиса напиши типовой проект отмостки для кирпичного дома 100м2 и нахождением в г ярославль","2026-07-20 - 2026-08-18","1.00","0.00","0.00","6.00","","0.00","0.00","","0.00","0.00","","","","1.00","0.00","0.00","6.00","","0.00","0.00","","",""
"стоимость работ за отмостку с метра","2026-07-20 - 2026-08-18","1.00","0.00","0.00","9.00","","0.00","0.00","","0.00","0.00","","","","1.00","0.00","0.00","9.00","","0.00","0.00","","",""
"можно ли уложить брусчатку на старую плитку во дворе","2026-07-20 - 2026-08-18","1.00","1.00","100.00","3.00","3.00","0.00","0.00","","1.00","1.00","100.00","3.00","3.00","0.00","0.00","","","","0.00","0.00","","",""
"укладка тротуарной плитки в ярославле","2026-07-20 - 2026-08-18","1.00","0.00","0.00","6.00","","0.00","0.00","","0.00","0.00","","","","1.00","0.00","0.00","6.00","","0.00","0.00","","",""
"сколько стоит сделать один метр тротуарной плитки","2026-07-20 - 2026-08-18","1.00","0.00","0.00","5.00","","0.00","0.00","","0.00","0.00","","","","1.00","0.00","0.00","5.00","","0.00","0.00","","",""
