pair_id,decision,review_status,reviewer,rationale,evidence_note
PAIR-2DBC55B17F37,separate_destinations,reviewed,codex-2026-08-28,"different need after independent review: ""благоустройство в рыбинске"" targets комплексное благоустройство участка, while ""ландшафтный дизайн рыбинск"" targets ландшафтное проектирование и дизайн; overlap=2/10; formats=left[marketplace_directory:1,service_landing:3,topic_landing:6];right[local_directory:1,marketplace_directory:2,service_landing:1,topic_landing:6]; stored top-10 result types and query wording require separate canonical answers.","overlap=2/10; formats=left[marketplace_directory:1,service_landing:3,topic_landing:6];right[local_directory:1,marketplace_directory:2,service_landing:1,topic_landing:6]; stored queries Q000003/Q000023; shared URLs=https://avito.ru/rybinsk/predlozheniya_uslug/|https://exp76.ru/."
PAIR-CDD6D30D005E,same_destination,reviewed,codex-2026-08-28,"same need after independent review: ""благоустройство дачного участка под ключ"" (комплексное благоустройство участка) and ""благоустройство участка"" (комплексное благоустройство участка) converge on one canonical answer; overlap=4/10; formats=left[marketplace_directory:3,service_landing:5,topic_landing:2];right[article_guide:2,marketplace_directory:2,service_landing:3,topic_landing:3]; stored top-10 result types and query wording support one service page.","overlap=4/10; formats=left[marketplace_directory:3,service_landing:5,topic_landing:2];right[article_guide:2,marketplace_directory:2,service_landing:3,topic_landing:3]; stored queries Q000004/Q000005; shared URLs=https://avito.ru/yaroslavl/predlozheniya_uslug/|https://exp76.ru/|https://uslugi.yandex.ru/16-yaroslavl/category/|https://yaroslavl.blago-s.ru/."
PAIR-BD34C52AC9BF,same_destination,reviewed,codex-2026-08-28,"same need after independent review: ""благоустройство дачного участка под ключ"" (комплексное благоустройство участка) and ""благоустройство участка участка ярославль"" (комплексное благоустройство участка) converge on one canonical answer; overlap=5/10; formats=left[marketplace_directory:3,service_landing:5,topic_landing:2];right[article_guide:1,marketplace_directory:2,service_landing:5,topic_landing:2]; stored top-10 result types and query wording support one service page.","overlap=5/10; formats=left[marketplace_directory:3,service_landing:5,topic_landing:2];right[article_guide:1,marketplace_directory:2,service_landing:5,topic_landing:2]; stored queries Q000004/Q000006; shared URLs=https://avito.ru/yaroslavl/predlozheniya_uslug/|https://exp76.ru/|https://uslugi.yandex.ru/16-yaroslavl/category/|https://yaroslavl.blago-s.ru/|https://yaroslavl.dizajn-landshaftnyj.ru/blagoustrojstvo-uchastka/."
PAIR-D66CE5353E52,same_destination,reviewed,codex-2026-08-28,"same need after independent review: ""благоустройство дачного участка под ключ"" (комплексное благоустройство участка) and ""благоустройство участка ярославская область"" (комплексное благоустройство участка) converge on one canonical answer; overlap=3/10; formats=left[marketplace_directory:3,service_landing:5,topic_landing:2];right[marketplace_directory:2,service_landing:5,topic_landing:3]; stored top-10 result types and query wording support one service page.","overlap=3/10; formats=left[marketplace_directory:3,service_landing:5,topic_landing:2];right[marketplace_directory:2,service_landing:5,topic_landing:3]; stored queries Q000004/Q000007; shared URLs=https://exp76.ru/|https://uslugi.yandex.ru/16-yaroslavl/category/|https://yaroslavl.blago-s.ru/."
PAIR-A3A22B222A69,same_destination,reviewed,codex-2026-08-28,"same need after independent review: ""благоустройство дачного участка под ключ"" (комплексное благоустройство участка) and ""благоустройство участков ярославль"" (комплексное благоустройство участка) converge on one canonical answer; overlap=4/10; formats=left[marketplace_directory:3,service_landing:5,topic_landing:2];right[article_guide:1,marketplace_directory:2,service_landing:6,topic_landing:1]; stored top-10 result types and query wording support one service page.","overlap=4/10; formats=left[marketplace_directory:3,service_landing:5,topic_landing:2];right[article_guide:1,marketplace_directory:2,service_landing:6,topic_landing:1]; stored queries Q000004/Q000008; shared URLs=https://avito.ru/yaroslavl/predlozheniya_uslug/|https://exp76.ru/|https://uslugi.yandex.ru/16-yaroslavl/category/|https://yaroslavl.blago-s.ru/."
PAIR-085510987278,same_destination,reviewed,codex-2026-08-28,"same need after independent review: ""благоустройство дачного участка под ключ"" (комплексное благоустройство участка) and ""благоучтройство дачного участка в ярославской области"" (комплексное благоустройство участка) converge on one canonical answer; overlap=3/10; formats=left[marketplace_directory:3,service_landing:5,topic_landing:2];right[marketplace_directory:2,service_landing:8]; stored top-10 result types and query wording support one service page.","overlap=3/10; formats=left[marketplace_directory:3,service_landing:5,topic_landing:2];right[marketplace_directory:2,service_landing:8]; stored queries Q000004/Q000009; shared URLs=https://uslugi.yandex.ru/16-yaroslavl/category/|https://yaroslavl.blago-s.ru/|https://yaroslavl.dizajn-landshaftnyj.ru/blagoustrojstvo-uchastka/."
PAIR-09F402336907,separate_destinations,reviewed,codex-2026-08-28,"different need after independent review: ""благоустройство дачного участка под ключ"" targets комплексное благоустройство участка, while ""дизайн проект участка"" targets ландшафтное проектирование и дизайн; overlap=3/10; formats=left[marketplace_directory:3,service_landing:5,topic_landing:2];right[article_guide:3,marketplace_directory:2,service_landing:1,topic_landing:4]; stored top-10 result types and query wording require separate canonical answers.","overlap=3/10; formats=left[marketplace_directory:3,service_landing:5,topic_landing:2];right[article_guide:3,marketplace_directory:2,service_landing:1,topic_landing:4]; stored queries Q000004/Q000010; shared URLs=https://avito.ru/yaroslavl/predlozheniya_uslug/|https://uslugi.yandex.ru/16-yaroslavl/category/|https://yaroslavl.mslandshaft.ru/."
PAIR-1A2555073A36,separate_destinations,reviewed,codex-2026-08-28,"different need after independent review: ""благоустройство дачного участка под ключ"" targets комплексное благоустройство участка, while ""заказать дизайн проект участка"" targets ландшафтное проектирование и дизайн; overlap=3/10; formats=left[marketplace_directory:3,service_landing:5,topic_landing:2];right[marketplace_directory:4,service_landing:2,topic_landing:4]; stored top-10 result types and query wording require separate canonical answers.","overlap=3/10; formats=left[marketplace_directory:3,service_landing:5,topic_landing:2];right[marketplace_directory:4,service_landing:2,topic_landing:4]; stored queries Q000004/Q000011; shared URLs=https://avito.ru/yaroslavl/predlozheniya_uslug/|https://uslugi.yandex.ru/16-yaroslavl/category/|https://yaroslavl.mslandshaft.ru/."
PAIR-BEBF5AFB9C26,same_destination,reviewed,codex-2026-08-28,"same need after independent review: ""благоустройство дачного участка под ключ"" (комплексное благоустройство участка) and ""комплексное благоустройство частных территорий"" (комплексное благоустройство участка) converge on one canonical answer; overlap=5/10; formats=left[marketplace_directory:3,service_landing:5,topic_landing:2];right[marketplace_directory:3,service_landing:5,topic_landing:2]; stored top-10 result types and query wording support one service page.","overlap=5/10; formats=left[marketplace_directory:3,service_landing:5,topic_landing:2];right[marketplace_directory:3,service_landing:5,topic_landing:2]; stored queries Q000004/Q000015; shared URLs=https://avito.ru/yaroslavl/predlozheniya_uslug/|https://exp76.ru/|https://uslugi.yandex.ru/16-yaroslavl/category/|https://yaroslavl.blago-s.ru/|https://yaroslavl.mslandshaft.ru/."
PAIR-A3BB22B223E1,same_destination,reviewed,codex-2026-08-28,"same need after independent review: ""благоустройство дачного участка под ключ"" (комплексное благоустройство участка) and ""ландшафтная компания эксперты"" (комплексное благоустройство участка) converge on one canonical answer; overlap=2/10; formats=left[marketplace_directory:3,service_landing:5,topic_landing:2];right[local_directory:1,marketplace_directory:2,service_landing:1,topic_landing:6]; stored top-10 result types and query wording support one service page.","overlap=2/10; formats=left[marketplace_directory:3,service_landing:5,topic_landing:2];right[local_directory:1,marketplace_directory:2,service_landing:1,topic_landing:6]; stored queries Q000004/Q000017; shared URLs=https://exp76.ru/|https://uslugi.yandex.ru/16-yaroslavl/category/."
PAIR-D9A358CB238B,separate_destinations,reviewed,codex-2026-08-28,"different need after independent review: ""благоустройство дачного участка под ключ"" targets комплексное благоустройство участка, while ""ландшафтное проектирование участка"" targets ландшафтное проектирование и дизайн; overlap=2/10; formats=left[marketplace_directory:3,service_landing:5,topic_landing:2];right[article_guide:2,marketplace_directory:3,service_landing:1,topic_landing:4]; stored top-10 result types and query wording require separate canonical answers.","overlap=2/10; formats=left[marketplace_directory:3,service_landing:5,topic_landing:2];right[article_guide:2,marketplace_directory:3,service_landing:1,topic_landing:4]; stored queries Q000004/Q000019; shared URLs=https://uslugi.yandex.ru/16-yaroslavl/category/|https://yaroslavl.mslandshaft.ru/."
PAIR-FC38935458C1,separate_destinations,reviewed,codex-2026-08-28,"different need after independent review: ""благоустройство дачного участка под ключ"" targets комплексное благоустройство участка, while ""ландшафтный дизайн участка"" targets ландшафтное проектирование и дизайн; overlap=2/10; formats=left[marketplace_directory:3,service_landing:5,topic_landing:2];right[article_guide:4,marketplace_directory:3,service_landing:1,topic_landing:2]; stored top-10 result types and query wording require separate canonical answers.","overlap=2/10; formats=left[marketplace_directory:3,service_landing:5,topic_landing:2];right[article_guide:4,marketplace_directory:3,service_landing:1,topic_landing:2]; stored queries Q000004/Q000024; shared URLs=https://avito.ru/yaroslavl/predlozheniya_uslug/|https://yaroslavl.mslandshaft.ru/."
PAIR-AECC2DACF327,same_destination,reviewed,codex-2026-08-28,"same need after independent review: ""благоустройство дачного участка под ключ"" (комплексное благоустройство участка) and ""прейскурант цен на благоустройство придомовой территории в ярославской области"" (комплексное благоустройство участка) converge on one canonical answer; overlap=2/10; formats=left[marketplace_directory:3,service_landing:5,topic_landing:2];right[marketplace_directory:8,service_landing:2]; stored top-10 result types and query wording support one service page.","overlap=2/10; formats=left[marketplace_directory:3,service_landing:5,topic_landing:2];right[marketplace_directory:8,service_landing:2]; stored queries Q000004/Q000027; shared URLs=https://avito.ru/yaroslavl/predlozheniya_uslug/|https://uslugi.yandex.ru/16-yaroslavl/category/."
PAIR-1BB123E9828A,separate_destinations,reviewed,codex-2026-08-28,"different need after independent review: ""благоустройство дачного участка под ключ"" targets комплексное благоустройство участка, while ""проект благоустройства участка"" targets ландшафтное проектирование и дизайн; overlap=2/10; formats=left[marketplace_directory:3,service_landing:5,topic_landing:2];right[article_guide:3,marketplace_directory:1,product_catalog:1,service_landing:3,topic_landing:2]; stored top-10 result types and query wording require separate canonical answers.","overlap=2/10; formats=left[marketplace_directory:3,service_landing:5,topic_landing:2];right[article_guide:3,marketplace_directory:1,product_catalog:1,service_landing:3,topic_landing:2]; stored queries Q000004/Q000028; shared URLs=https://avito.ru/yaroslavl/predlozheniya_uslug/|https://yaroslavl.blago-s.ru/."
PAIR-F00A384558CE,same_destination,reviewed,codex-2026-08-28,"same need after independent review: ""благоустройство дачного участка под ключ"" (комплексное благоустройство участка) and ""сайты благоустройства участков"" (комплексное благоустройство участка) converge on one canonical answer; overlap=4/10; formats=left[marketplace_directory:3,service_landing:5,topic_landing:2];right[marketplace_directory:4,service_landing:5,topic_landing:1]; stored top-10 result types and query wording support one service page.","overlap=4/10; formats=left[marketplace_directory:3,service_landing:5,topic_landing:2];right[marketplace_directory:4,service_landing:5,topic_landing:1]; stored queries Q000004/Q000030; shared URLs=https://avito.ru/yaroslavl/predlozheniya_uslug/|https://exp76.ru/|https://uslugi.yandex.ru/16-yaroslavl/category/|https://yaroslavl.blago-s.ru/."
PAIR-A90E2AE44885,same_destination,reviewed,codex-2026-08-28,"same need after independent review: ""благоустройство дачного участка под ключ"" (комплексное благоустройство участка) and ""стоимость работ по благоустройству территории ярославль"" (комплексное благоустройство участка) converge on one canonical answer; overlap=3/10; formats=left[marketplace_directory:3,service_landing:5,topic_landing:2];right[marketplace_directory:8,service_landing:2]; stored top-10 result types and query wording support one service page.","overlap=3/10; formats=left[marketplace_directory:3,service_landing:5,topic_landing:2];right[marketplace_directory:8,service_landing:2]; stored queries Q000004/Q000032; shared URLs=https://avito.ru/yaroslavl/predlozheniya_uslug/|https://avito.ru/yaroslavl/predlozheniya_uslug/sad_blagoustroystvo-ASgBAgICAUSYC8KfAQ/|https://uslugi.yandex.ru/16-yaroslavl/category/."
PAIR-B873CE9E47F0,same_destination,reviewed,codex-2026-08-28,"same need after independent review: ""благоустройство дачного участка под ключ"" (комплексное благоустройство участка) and ""стоимость реализации проекта обустройства частного участка в ярославской области компании"" (комплексное благоустройство участка) converge on one canonical answer; overlap=2/10; formats=left[marketplace_directory:3,service_landing:5,topic_landing:2];right[marketplace_directory:8,service_landing:2]; stored top-10 result types and query wording support one service page.","overlap=2/10; formats=left[marketplace_directory:3,service_landing:5,topic_landing:2];right[marketplace_directory:8,service_landing:2]; stored queries Q000004/Q000033; shared URLs=https://avito.ru/yaroslavl/predlozheniya_uslug/|https://uslugi.yandex.ru/16-yaroslavl/category/."
PAIR-F6F188D24888,same_destination,reviewed,codex-2026-08-28,"same need after independent review: ""благоустройство дачного участка под ключ"" (комплексное благоустройство участка) and ""цены на работу по благоустройству"" (комплексное благоустройство участка) converge on one canonical answer; overlap=2/10; formats=left[marketplace_directory:3,service_landing:5,topic_landing:2];right[marketplace_directory:9,service_landing:1]; stored top-10 result types and query wording support one service page.","overlap=2/10; formats=left[marketplace_directory:3,service_landing:5,topic_landing:2];right[marketplace_directory:9,service_landing:1]; stored queries Q000004/Q000035; shared URLs=https://avito.ru/yaroslavl/predlozheniya_uslug/|https://uslugi.yandex.ru/16-yaroslavl/category/."
PAIR-8348965A5EB5,same_destination,reviewed,codex-2026-08-28,"same need after independent review: ""благоустройство участка"" (комплексное благоустройство участка) and ""благоучтройство дачного участка в ярославской области"" (комплексное благоустройство участка) converge on one canonical answer; overlap=3/10; formats=left[article_guide:2,marketplace_directory:2,service_landing:3,topic_landing:3];right[marketplace_directory:2,service_landing:8]; stored top-10 result types and query wording support one service page.","overlap=3/10; formats=left[article_guide:2,marketplace_directory:2,service_landing:3,topic_landing:3];right[marketplace_directory:2,service_landing:8]; stored queries Q000005/Q000009; shared URLs=https://atlant76.com/landshaftnye-raboty/|https://uslugi.yandex.ru/16-yaroslavl/category/|https://yaroslavl.blago-s.ru/."
PAIR-E541C5AF631A,separate_destinations,reviewed,codex-2026-08-28,"different need after independent review: ""благоустройство участка"" targets комплексное благоустройство участка, while ""дизайн проект участка"" targets ландшафтное проектирование и дизайн; overlap=2/10; formats=left[article_guide:2,marketplace_directory:2,service_landing:3,topic_landing:3];right[article_guide:3,marketplace_directory:2,service_landing:1,topic_landing:4]; stored top-10 result types and query wording require separate canonical answers.","overlap=2/10; formats=left[article_guide:2,marketplace_directory:2,service_landing:3,topic_landing:3];right[article_guide:3,marketplace_directory:2,service_landing:1,topic_landing:4]; stored queries Q000005/Q000010; shared URLs=https://avito.ru/yaroslavl/predlozheniya_uslug/|https://uslugi.yandex.ru/16-yaroslavl/category/."
PAIR-0BFC66C22F70,separate_destinations,reviewed,codex-2026-08-28,"different need after independent review: ""благоустройство участка"" targets комплексное благоустройство участка, while ""заказать дизайн проект участка"" targets ландшафтное проектирование и дизайн; overlap=3/10; formats=left[article_guide:2,marketplace_directory:2,service_landing:3,topic_landing:3];right[marketplace_directory:4,service_landing:2,topic_landing:4]; stored top-10 result types and query wording require separate canonical answers.","overlap=3/10; formats=left[article_guide:2,marketplace_directory:2,service_landing:3,topic_landing:3];right[marketplace_directory:4,service_landing:2,topic_landing:4]; stored queries Q000005/Q000011; shared URLs=https://avito.ru/yaroslavl/predlozheniya_uslug/|https://om-garden.ru/|https://uslugi.yandex.ru/16-yaroslavl/category/."
PAIR-B14F6CD90FA6,same_destination,reviewed,codex-2026-08-28,"same need after independent review: ""благоустройство участка"" (комплексное благоустройство участка) and ""ландшафтная компания эксперты"" (комплексное благоустройство участка) converge on one canonical answer; overlap=2/10; formats=left[article_guide:2,marketplace_directory:2,service_landing:3,topic_landing:3];right[local_directory:1,marketplace_directory:2,service_landing:1,topic_landing:6]; stored top-10 result types and query wording support one service page.","overlap=2/10; formats=left[article_guide:2,marketplace_directory:2,service_landing:3,topic_landing:3];right[local_directory:1,marketplace_directory:2,service_landing:1,topic_landing:6]; stored queries Q000005/Q000017; shared URLs=https://exp76.ru/|https://uslugi.yandex.ru/16-yaroslavl/category/."
PAIR-B31308CEBD30,separate_destinations,reviewed,codex-2026-08-28,"different need after independent review: ""благоустройство участка"" targets комплексное благоустройство участка, while ""ландшафтный дизайнер коприно"" targets ландшафтное проектирование и дизайн; overlap=2/10; formats=left[article_guide:2,marketplace_directory:2,service_landing:3,topic_landing:3];right[marketplace_directory:2,service_landing:1,topic_landing:7]; stored top-10 result types and query wording require separate canonical answers.","overlap=2/10; formats=left[article_guide:2,marketplace_directory:2,service_landing:3,topic_landing:3];right[marketplace_directory:2,service_landing:1,topic_landing:7]; stored queries Q000005/Q000025; shared URLs=https://exp76.ru/|https://om-garden.ru/."
PAIR-A4C9044CB53A,same_destination,reviewed,codex-2026-08-28,"same need after independent review: ""благоустройство участка"" (комплексное благоустройство участка) and ""прейскурант цен на благоустройство придомовой территории в ярославской области"" (комплексное благоустройство участка) converge on one canonical answer; overlap=2/10; formats=left[article_guide:2,marketplace_directory:2,service_landing:3,topic_landing:3];right[marketplace_directory:8,service_landing:2]; stored top-10 result types and query wording support one service page.","overlap=2/10; formats=left[article_guide:2,marketplace_directory:2,service_landing:3,topic_landing:3];right[marketplace_directory:8,service_landing:2]; stored queries Q000005/Q000027; shared URLs=https://avito.ru/yaroslavl/predlozheniya_uslug/|https://uslugi.yandex.ru/16-yaroslavl/category/."
PAIR-1FE4FD0F65E3,separate_destinations,reviewed,codex-2026-08-28,"different need after independent review: ""благоустройство участка"" targets комплексное благоустройство участка, while ""проект благоустройства участка"" targets ландшафтное проектирование и дизайн; overlap=3/10; formats=left[article_guide:2,marketplace_directory:2,service_landing:3,topic_landing:3];right[article_guide:3,marketplace_directory:1,product_catalog:1,service_landing:3,topic_landing:2]; stored top-10 result types and query wording require separate canonical answers.","overlap=3/10; formats=left[article_guide:2,marketplace_directory:2,service_landing:3,topic_landing:3];right[article_guide:3,marketplace_directory:1,product_catalog:1,service_landing:3,topic_landing:2]; stored queries Q000005/Q000028; shared URLs=https://avito.ru/yaroslavl/predlozheniya_uslug/|https://dzen.ru/a/amH4nZcZkS4zKha-/|https://yaroslavl.blago-s.ru/."
PAIR-65FE36ADEFC8,same_destination,reviewed,codex-2026-08-28,"same need after independent review: ""благоустройство участка"" (комплексное благоустройство участка) and ""стоимость работ по благоустройству территории ярославль"" (комплексное благоустройство участка) converge on one canonical answer; overlap=2/10; formats=left[article_guide:2,marketplace_directory:2,service_landing:3,topic_landing:3];right[marketplace_directory:8,service_landing:2]; stored top-10 result types and query wording support one service page.","overlap=2/10; formats=left[article_guide:2,marketplace_directory:2,service_landing:3,topic_landing:3];right[marketplace_directory:8,service_landing:2]; stored queries Q000005/Q000032; shared URLs=https://avito.ru/yaroslavl/predlozheniya_uslug/|https://uslugi.yandex.ru/16-yaroslavl/category/."
PAIR-58AC2FDA8689,same_destination,reviewed,codex-2026-08-28,"same need after independent review: ""благоустройство участка"" (комплексное благоустройство участка) and ""стоимость реализации проекта обустройства частного участка в ярославской области компании"" (комплексное благоустройство участка) converge on one canonical answer; overlap=2/10; formats=left[article_guide:2,marketplace_directory:2,service_landing:3,topic_landing:3];right[marketplace_directory:8,service_landing:2]; stored top-10 result types and query wording support one service page.","overlap=2/10; formats=left[article_guide:2,marketplace_directory:2,service_landing:3,topic_landing:3];right[marketplace_directory:8,service_landing:2]; stored queries Q000005/Q000033; shared URLs=https://avito.ru/yaroslavl/predlozheniya_uslug/|https://uslugi.yandex.ru/16-yaroslavl/category/."
PAIR-415F64C62578,same_destination,reviewed,codex-2026-08-28,"same need after independent review: ""благоустройство участка"" (комплексное благоустройство участка) and ""цены на работу по благоустройству"" (комплексное благоустройство участка) converge on one canonical answer; overlap=2/10; formats=left[article_guide:2,marketplace_directory:2,service_landing:3,topic_landing:3];right[marketplace_directory:9,service_landing:1]; stored top-10 result types and query wording support one service page.","overlap=2/10; formats=left[article_guide:2,marketplace_directory:2,service_landing:3,topic_landing:3];right[marketplace_directory:9,service_landing:1]; stored queries Q000005/Q000035; shared URLs=https://avito.ru/yaroslavl/predlozheniya_uslug/|https://uslugi.yandex.ru/16-yaroslavl/category/."
PAIR-694589B74D21,separate_destinations,reviewed,codex-2026-08-28,"different need after independent review: ""благоустройство участка участка ярославль"" targets комплексное благоустройство участка, while ""дизайн проект участка"" targets ландшафтное проектирование и дизайн; overlap=2/10; formats=left[article_guide:1,marketplace_directory:2,service_landing:5,topic_landing:2];right[article_guide:3,marketplace_directory:2,service_landing:1,topic_landing:4]; stored top-10 result types and query wording require separate canonical answers.","overlap=2/10; formats=left[article_guide:1,marketplace_directory:2,service_landing:5,topic_landing:2];right[article_guide:3,marketplace_directory:2,service_landing:1,topic_landing:4]; stored queries Q000006/Q000010; shared URLs=https://avito.ru/yaroslavl/predlozheniya_uslug/|https://uslugi.yandex.ru/16-yaroslavl/category/."
PAIR-61979998DB0E,separate_destinations,reviewed,codex-2026-08-28,"different need after independent review: ""благоустройство участка участка ярославль"" targets комплексное благоустройство участка, while ""заказать дизайн проект участка"" targets ландшафтное проектирование и дизайн; overlap=2/10; formats=left[article_guide:1,marketplace_directory:2,service_landing:5,topic_landing:2];right[marketplace_directory:4,service_landing:2,topic_landing:4]; stored top-10 result types and query wording require separate canonical answers.","overlap=2/10; formats=left[article_guide:1,marketplace_directory:2,service_landing:5,topic_landing:2];right[marketplace_directory:4,service_landing:2,topic_landing:4]; stored queries Q000006/Q000011; shared URLs=https://avito.ru/yaroslavl/predlozheniya_uslug/|https://uslugi.yandex.ru/16-yaroslavl/category/."
PAIR-0D034538ECE4,same_destination,reviewed,codex-2026-08-28,"same need after independent review: ""благоустройство участка участка ярославль"" (комплексное благоустройство участка) and ""ландшафтная компания эксперты"" (комплексное благоустройство участка) converge on one canonical answer; overlap=2/10; formats=left[article_guide:1,marketplace_directory:2,service_landing:5,topic_landing:2];right[local_directory:1,marketplace_directory:2,service_landing:1,topic_landing:6]; stored top-10 result types and query wording support one service page.","overlap=2/10; formats=left[article_guide:1,marketplace_directory:2,service_landing:5,topic_landing:2];right[local_directory:1,marketplace_directory:2,service_landing:1,topic_landing:6]; stored queries Q000006/Q000017; shared URLs=https://exp76.ru/|https://uslugi.yandex.ru/16-yaroslavl/category/."
PAIR-9D52A088C574,same_destination,reviewed,codex-2026-08-28,"same need after independent review: ""благоустройство участка участка ярославль"" (комплексное благоустройство участка) and ""прейскурант цен на благоустройство придомовой территории в ярославской области"" (комплексное благоустройство участка) converge on one canonical answer; overlap=2/10; formats=left[article_guide:1,marketplace_directory:2,service_landing:5,topic_landing:2];right[marketplace_directory:8,service_landing:2]; stored top-10 result types and query wording support one service page.","overlap=2/10; formats=left[article_guide:1,marketplace_directory:2,service_landing:5,topic_landing:2];right[marketplace_directory:8,service_landing:2]; stored queries Q000006/Q000027; shared URLs=https://avito.ru/yaroslavl/predlozheniya_uslug/|https://uslugi.yandex.ru/16-yaroslavl/category/."
PAIR-41E2D596D9A3,separate_destinations,reviewed,codex-2026-08-28,"different need after independent review: ""благоустройство участка участка ярославль"" targets комплексное благоустройство участка, while ""проект благоустройства участка"" targets ландшафтное проектирование и дизайн; overlap=2/10; formats=left[article_guide:1,marketplace_directory:2,service_landing:5,topic_landing:2];right[article_guide:3,marketplace_directory:1,product_catalog:1,service_landing:3,topic_landing:2]; stored top-10 result types and query wording require separate canonical answers.","overlap=2/10; formats=left[article_guide:1,marketplace_directory:2,service_landing:5,topic_landing:2];right[article_guide:3,marketplace_directory:1,product_catalog:1,service_landing:3,topic_landing:2]; stored queries Q000006/Q000028; shared URLs=https://avito.ru/yaroslavl/predlozheniya_uslug/|https://yaroslavl.blago-s.ru/."
PAIR-FB09EDB11ECF,same_destination,reviewed,codex-2026-08-28,"same need after independent review: ""благоустройство участка участка ярославль"" (комплексное благоустройство участка) and ""стоимость работ по благоустройству территории ярославль"" (комплексное благоустройство участка) converge on one canonical answer; overlap=2/10; formats=left[article_guide:1,marketplace_directory:2,service_landing:5,topic_landing:2];right[marketplace_directory:8,service_landing:2]; stored top-10 result types and query wording support one service page.","overlap=2/10; formats=left[article_guide:1,marketplace_directory:2,service_landing:5,topic_landing:2];right[marketplace_directory:8,service_landing:2]; stored queries Q000006/Q000032; shared URLs=https://avito.ru/yaroslavl/predlozheniya_uslug/|https://uslugi.yandex.ru/16-yaroslavl/category/."
PAIR-14D457A299BC,same_destination,reviewed,codex-2026-08-28,"same need after independent review: ""благоустройство участка участка ярославль"" (комплексное благоустройство участка) and ""стоимость реализации проекта обустройства частного участка в ярославской области компании"" (комплексное благоустройство участка) converge on one canonical answer; overlap=2/10; formats=left[article_guide:1,marketplace_directory:2,service_landing:5,topic_landing:2];right[marketplace_directory:8,service_landing:2]; stored top-10 result types and query wording support one service page.","overlap=2/10; formats=left[article_guide:1,marketplace_directory:2,service_landing:5,topic_landing:2];right[marketplace_directory:8,service_landing:2]; stored queries Q000006/Q000033; shared URLs=https://avito.ru/yaroslavl/predlozheniya_uslug/|https://uslugi.yandex.ru/16-yaroslavl/category/."
PAIR-5066F422331D,same_destination,reviewed,codex-2026-08-28,"same need after independent review: ""благоустройство участка участка ярославль"" (комплексное благоустройство участка) and ""цены на работу по благоустройству"" (комплексное благоустройство участка) converge on one canonical answer; overlap=2/10; formats=left[article_guide:1,marketplace_directory:2,service_landing:5,topic_landing:2];right[marketplace_directory:9,service_landing:1]; stored top-10 result types and query wording support one service page.","overlap=2/10; formats=left[article_guide:1,marketplace_directory:2,service_landing:5,topic_landing:2];right[marketplace_directory:9,service_landing:1]; stored queries Q000006/Q000035; shared URLs=https://avito.ru/yaroslavl/predlozheniya_uslug/|https://uslugi.yandex.ru/16-yaroslavl/category/."
PAIR-C5A7E9DF40BC,separate_destinations,reviewed,codex-2026-08-28,"different need after independent review: ""благоустройство участка ярославская область"" targets комплексное благоустройство участка, while ""заказать дизайн проект участка"" targets ландшафтное проектирование и дизайн; overlap=3/10; formats=left[marketplace_directory:2,service_landing:5,topic_landing:3];right[marketplace_directory:4,service_landing:2,topic_landing:4]; stored top-10 result types and query wording require separate canonical answers.","overlap=3/10; formats=left[marketplace_directory:2,service_landing:5,topic_landing:3];right[marketplace_directory:4,service_landing:2,topic_landing:4]; stored queries Q000007/Q000011; shared URLs=https://avito.ru/yaroslavskaya_oblast/predlozheniya_uslug/|https://om-garden.ru/|https://uslugi.yandex.ru/16-yaroslavl/category/."
PAIR-9671F9D99039,same_destination,reviewed,codex-2026-08-28,"same need after independent review: ""благоустройство участка ярославская область"" (комплексное благоустройство участка) and ""ландшафтная компания эксперты"" (комплексное благоустройство участка) converge on one canonical answer; overlap=2/10; formats=left[marketplace_directory:2,service_landing:5,topic_landing:3];right[local_directory:1,marketplace_directory:2,service_landing:1,topic_landing:6]; stored top-10 result types and query wording support one service page.","overlap=2/10; formats=left[marketplace_directory:2,service_landing:5,topic_landing:3];right[local_directory:1,marketplace_directory:2,service_landing:1,topic_landing:6]; stored queries Q000007/Q000017; shared URLs=https://exp76.ru/|https://uslugi.yandex.ru/16-yaroslavl/category/."
PAIR-26A2F2249E79,separate_destinations,reviewed,codex-2026-08-28,"different need after independent review: ""благоустройство участка ярославская область"" targets комплексное благоустройство участка, while ""ландшафтное проектирование участка"" targets ландшафтное проектирование и дизайн; overlap=2/10; formats=left[marketplace_directory:2,service_landing:5,topic_landing:3];right[article_guide:2,marketplace_directory:3,service_landing:1,topic_landing:4]; stored top-10 result types and query wording require separate canonical answers.","overlap=2/10; formats=left[marketplace_directory:2,service_landing:5,topic_landing:3];right[article_guide:2,marketplace_directory:3,service_landing:1,topic_landing:4]; stored queries Q000007/Q000019; shared URLs=https://avito.ru/yaroslavskaya_oblast/predlozheniya_uslug/|https://uslugi.yandex.ru/16-yaroslavl/category/."
PAIR-5616727DAD84,separate_destinations,reviewed,codex-2026-08-28,"different need after independent review: ""благоустройство участка ярославская область"" targets комплексное благоустройство участка, while ""ландшафтный дизайнер коприно"" targets ландшафтное проектирование и дизайн; overlap=2/10; formats=left[marketplace_directory:2,service_landing:5,topic_landing:3];right[marketplace_directory:2,service_landing:1,topic_landing:7]; stored top-10 result types and query wording require separate canonical answers.","overlap=2/10; formats=left[marketplace_directory:2,service_landing:5,topic_landing:3];right[marketplace_directory:2,service_landing:1,topic_landing:7]; stored queries Q000007/Q000025; shared URLs=https://exp76.ru/|https://om-garden.ru/."
PAIR-1E21BA47C00D,same_destination,reviewed,codex-2026-08-28,"same need after independent review: ""благоустройство участка ярославская область"" (комплексное благоустройство участка) and ""прейскурант цен на благоустройство придомовой территории в ярославской области"" (комплексное благоустройство участка) converge on one canonical answer; overlap=2/10; formats=left[marketplace_directory:2,service_landing:5,topic_landing:3];right[marketplace_directory:8,service_landing:2]; stored top-10 result types and query wording support one service page.","overlap=2/10; formats=left[marketplace_directory:2,service_landing:5,topic_landing:3];right[marketplace_directory:8,service_landing:2]; stored queries Q000007/Q000027; shared URLs=https://landshaftniy-dizayn.ru/region/yaroslavl/blagoustroystvo/territorii/|https://uslugi.yandex.ru/16-yaroslavl/category/."
PAIR-929BDD615C07,same_destination,reviewed,codex-2026-08-28,"same need after independent review: ""благоустройство участка ярославская область"" (комплексное благоустройство участка) and ""стоимость работ по благоустройству территории ярославль"" (комплексное благоустройство участка) converge on one canonical answer; overlap=2/10; formats=left[marketplace_directory:2,service_landing:5,topic_landing:3];right[marketplace_directory:8,service_landing:2]; stored top-10 result types and query wording support one service page.","overlap=2/10; formats=left[marketplace_directory:2,service_landing:5,topic_landing:3];right[marketplace_directory:8,service_landing:2]; stored queries Q000007/Q000032; shared URLs=https://landshaftniy-dizayn.ru/region/yaroslavl/blagoustroystvo/territorii/|https://uslugi.yandex.ru/16-yaroslavl/category/."
PAIR-24867A2430DB,same_destination,reviewed,codex-2026-08-28,"same need after independent review: ""благоустройство участка ярославская область"" (комплексное благоустройство участка) and ""стоимость реализации проекта обустройства частного участка в ярославской области компании"" (комплексное благоустройство участка) converge on one canonical answer; overlap=2/10; formats=left[marketplace_directory:2,service_landing:5,topic_landing:3];right[marketplace_directory:8,service_landing:2]; stored top-10 result types and query wording support one service page.","overlap=2/10; formats=left[marketplace_directory:2,service_landing:5,topic_landing:3];right[marketplace_directory:8,service_landing:2]; stored queries Q000007/Q000033; shared URLs=https://avito.ru/yaroslavskaya_oblast/predlozheniya_uslug/|https://uslugi.yandex.ru/16-yaroslavl/category/."
PAIR-DE7217E6F0A3,same_destination,reviewed,codex-2026-08-28,"same need after independent review: ""благоустройство участка ярославская область"" (комплексное благоустройство участка) and ""цены на работу по благоустройству"" (комплексное благоустройство участка) converge on one canonical answer; overlap=2/10; formats=left[marketplace_directory:2,service_landing:5,topic_landing:3];right[marketplace_directory:9,service_landing:1]; stored top-10 result types and query wording support one service page.","overlap=2/10; formats=left[marketplace_directory:2,service_landing:5,topic_landing:3];right[marketplace_directory:9,service_landing:1]; stored queries Q000007/Q000035; shared URLs=https://avito.ru/yaroslavskaya_oblast/predlozheniya_uslug/|https://uslugi.yandex.ru/16-yaroslavl/category/."
PAIR-72A2A6EADE20,separate_destinations,reviewed,codex-2026-08-28,"different need after independent review: ""благоустройство участков ярославль"" targets комплексное благоустройство участка, while ""дизайн проект участка"" targets ландшафтное проектирование и дизайн; overlap=2/10; formats=left[article_guide:1,marketplace_directory:2,service_landing:6,topic_landing:1];right[article_guide:3,marketplace_directory:2,service_landing:1,topic_landing:4]; stored top-10 result types and query wording require separate canonical answers.","overlap=2/10; formats=left[article_guide:1,marketplace_directory:2,service_landing:6,topic_landing:1];right[article_guide:3,marketplace_directory:2,service_landing:1,topic_landing:4]; stored queries Q000008/Q000010; shared URLs=https://avito.ru/yaroslavl/predlozheniya_uslug/|https://uslugi.yandex.ru/16-yaroslavl/category/."
PAIR-E7C613EF0B27,separate_destinations,reviewed,codex-2026-08-28,"different need after independent review: ""благоустройство участков ярославль"" targets комплексное благоустройство участка, while ""заказать дизайн проект участка"" targets ландшафтное проектирование и дизайн; overlap=2/10; formats=left[article_guide:1,marketplace_directory:2,service_landing:6,topic_landing:1];right[marketplace_directory:4,service_landing:2,topic_landing:4]; stored top-10 result types and query wording require separate canonical answers.","overlap=2/10; formats=left[article_guide:1,marketplace_directory:2,service_landing:6,topic_landing:1];right[marketplace_directory:4,service_landing:2,topic_landing:4]; stored queries Q000008/Q000011; shared URLs=https://avito.ru/yaroslavl/predlozheniya_uslug/|https://uslugi.yandex.ru/16-yaroslavl/category/."
PAIR-BAD7BC4971F6,same_destination,reviewed,codex-2026-08-28,"same need after independent review: ""благоустройство участков ярославль"" (комплексное благоустройство участка) and ""ландшафтная компания эксперты"" (комплексное благоустройство участка) converge on one canonical answer; overlap=2/10; formats=left[article_guide:1,marketplace_directory:2,service_landing:6,topic_landing:1];right[local_directory:1,marketplace_directory:2,service_landing:1,topic_landing:6]; stored top-10 result types and query wording support one service page.","overlap=2/10; formats=left[article_guide:1,marketplace_directory:2,service_landing:6,topic_landing:1];right[local_directory:1,marketplace_directory:2,service_landing:1,topic_landing:6]; stored queries Q000008/Q000017; shared URLs=https://exp76.ru/|https://uslugi.yandex.ru/16-yaroslavl/category/."
PAIR-B911ACC0AE77,same_destination,reviewed,codex-2026-08-28,"same need after independent review: ""благоустройство участков ярославль"" (комплексное благоустройство участка) and ""прейскурант цен на благоустройство придомовой территории в ярославской области"" (комплексное благоустройство участка) converge on one canonical answer; overlap=3/10; formats=left[article_guide:1,marketplace_directory:2,service_landing:6,topic_landing:1];right[marketplace_directory:8,service_landing:2]; stored top-10 result types and query wording support one service page.","overlap=3/10; formats=left[article_guide:1,marketplace_directory:2,service_landing:6,topic_landing:1];right[marketplace_directory:8,service_landing:2]; stored queries Q000008/Q000027; shared URLs=https://avito.ru/yaroslavl/predlozheniya_uslug/|https://landshaftniy-dizayn.ru/region/yaroslavl/blagoustroystvo/territorii/|https://uslugi.yandex.ru/16-yaroslavl/category/."
PAIR-D5AFB549045B,separate_destinations,reviewed,codex-2026-08-28,"different need after independent review: ""благоустройство участков ярославль"" targets комплексное благоустройство участка, while ""проект благоустройства участка"" targets ландшафтное проектирование и дизайн; overlap=2/10; formats=left[article_guide:1,marketplace_directory:2,service_landing:6,topic_landing:1];right[article_guide:3,marketplace_directory:1,product_catalog:1,service_landing:3,topic_landing:2]; stored top-10 result types and query wording require separate canonical answers.","overlap=2/10; formats=left[article_guide:1,marketplace_directory:2,service_landing:6,topic_landing:1];right[article_guide:3,marketplace_directory:1,product_catalog:1,service_landing:3,topic_landing:2]; stored queries Q000008/Q000028; shared URLs=https://avito.ru/yaroslavl/predlozheniya_uslug/|https://yaroslavl.blago-s.ru/."
PAIR-105DFA06D65B,same_destination,reviewed,codex-2026-08-28,"same need after independent review: ""благоустройство участков ярославль"" (комплексное благоустройство участка) and ""стоимость работ по благоустройству территории ярославль"" (комплексное благоустройство участка) converge on one canonical answer; overlap=3/10; formats=left[article_guide:1,marketplace_directory:2,service_landing:6,topic_landing:1];right[marketplace_directory:8,service_landing:2]; stored top-10 result types and query wording support one service page.","overlap=3/10; formats=left[article_guide:1,marketplace_directory:2,service_landing:6,topic_landing:1];right[marketplace_directory:8,service_landing:2]; stored queries Q000008/Q000032; shared URLs=https://avito.ru/yaroslavl/predlozheniya_uslug/|https://landshaftniy-dizayn.ru/region/yaroslavl/blagoustroystvo/territorii/|https://uslugi.yandex.ru/16-yaroslavl/category/."
PAIR-2839032691A9,same_destination,reviewed,codex-2026-08-28,"same need after independent review: ""благоустройство участков ярославль"" (комплексное благоустройство участка) and ""стоимость реализации проекта обустройства частного участка в ярославской области компании"" (комплексное благоустройство участка) converge on one canonical answer; overlap=2/10; formats=left[article_guide:1,marketplace_directory:2,service_landing:6,topic_landing:1];right[marketplace_directory:8,service_landing:2]; stored top-10 result types and query wording support one service page.","overlap=2/10; formats=left[article_guide:1,marketplace_directory:2,service_landing:6,topic_landing:1];right[marketplace_directory:8,service_landing:2]; stored queries Q000008/Q000033; shared URLs=https://avito.ru/yaroslavl/predlozheniya_uslug/|https://uslugi.yandex.ru/16-yaroslavl/category/."
PAIR-9B8AAA65FF19,same_destination,reviewed,codex-2026-08-28,"same need after independent review: ""благоустройство участков ярославль"" (комплексное благоустройство участка) and ""цены на работу по благоустройству"" (комплексное благоустройство участка) converge on one canonical answer; overlap=2/10; formats=left[article_guide:1,marketplace_directory:2,service_landing:6,topic_landing:1];right[marketplace_directory:9,service_landing:1]; stored top-10 result types and query wording support one service page.","overlap=2/10; formats=left[article_guide:1,marketplace_directory:2,service_landing:6,topic_landing:1];right[marketplace_directory:9,service_landing:1]; stored queries Q000008/Q000035; shared URLs=https://avito.ru/yaroslavl/predlozheniya_uslug/|https://uslugi.yandex.ru/16-yaroslavl/category/."
PAIR-4BD50C8E6434,separate_destinations,reviewed,codex-2026-08-28,"different need after independent review: ""благоучтройство дачного участка в ярославской области"" targets комплексное благоустройство участка, while ""заказать дизайн проект участка"" targets ландшафтное проектирование и дизайн; overlap=2/10; formats=left[marketplace_directory:2,service_landing:8];right[marketplace_directory:4,service_landing:2,topic_landing:4]; stored top-10 result types and query wording require separate canonical answers.","overlap=2/10; formats=left[marketplace_directory:2,service_landing:8];right[marketplace_directory:4,service_landing:2,topic_landing:4]; stored queries Q000009/Q000011; shared URLs=https://avito.ru/yaroslavskaya_oblast/predlozheniya_uslug/|https://uslugi.yandex.ru/16-yaroslavl/category/."
PAIR-232E8A691A76,same_destination,reviewed,codex-2026-08-28,"same need after independent review: ""благоучтройство дачного участка в ярославской области"" (комплексное благоустройство участка) and ""комплексное благоустройство частных территорий"" (комплексное благоустройство участка) converge on one canonical answer; overlap=3/10; formats=left[marketplace_directory:2,service_landing:8];right[marketplace_directory:3,service_landing:5,topic_landing:2]; stored top-10 result types and query wording support one service page.","overlap=3/10; formats=left[marketplace_directory:2,service_landing:8];right[marketplace_directory:3,service_landing:5,topic_landing:2]; stored queries Q000009/Q000015; shared URLs=https://landshaftniy-dizayn.ru/region/yaroslavl/blagoustroystvo/territorii/|https://uslugi.yandex.ru/16-yaroslavl/category/|https://yaroslavl.blago-s.ru/."
PAIR-1D650D422BB8,separate_destinations,reviewed,codex-2026-08-28,"different need after independent review: ""благоучтройство дачного участка в ярославской области"" targets комплексное благоустройство участка, while ""ландшафтное проектирование участка"" targets ландшафтное проектирование и дизайн; overlap=2/10; formats=left[marketplace_directory:2,service_landing:8];right[article_guide:2,marketplace_directory:3,service_landing:1,topic_landing:4]; stored top-10 result types and query wording require separate canonical answers.","overlap=2/10; formats=left[marketplace_directory:2,service_landing:8];right[article_guide:2,marketplace_directory:3,service_landing:1,topic_landing:4]; stored queries Q000009/Q000019; shared URLs=https://avito.ru/yaroslavskaya_oblast/predlozheniya_uslug/|https://uslugi.yandex.ru/16-yaroslavl/category/."
PAIR-ECBA3E09141F,same_destination,reviewed,codex-2026-08-28,"same need after independent review: ""благоучтройство дачного участка в ярославской области"" (комплексное благоустройство участка) and ""прейскурант цен на благоустройство придомовой территории в ярославской области"" (комплексное благоустройство участка) converge on one canonical answer; overlap=2/10; formats=left[marketplace_directory:2,service_landing:8];right[marketplace_directory:8,service_landing:2]; stored top-10 result types and query wording support one service page.","overlap=2/10; formats=left[marketplace_directory:2,service_landing:8];right[marketplace_directory:8,service_landing:2]; stored queries Q000009/Q000027; shared URLs=https://landshaftniy-dizayn.ru/region/yaroslavl/blagoustroystvo/territorii/|https://uslugi.yandex.ru/16-yaroslavl/category/."
PAIR-86BDACD8D138,same_destination,reviewed,codex-2026-08-28,"same need after independent review: ""благоучтройство дачного участка в ярославской области"" (комплексное благоустройство участка) and ""сайты благоустройства участков"" (комплексное благоустройство участка) converge on one canonical answer; overlap=3/10; formats=left[marketplace_directory:2,service_landing:8];right[marketplace_directory:4,service_landing:5,topic_landing:1]; stored top-10 result types and query wording support one service page.","overlap=3/10; formats=left[marketplace_directory:2,service_landing:8];right[marketplace_directory:4,service_landing:5,topic_landing:1]; stored queries Q000009/Q000030; shared URLs=https://atlant76.com/landshaftnye-raboty/|https://uslugi.yandex.ru/16-yaroslavl/category/|https://yaroslavl.blago-s.ru/."
PAIR-AD56431CB370,same_destination,reviewed,codex-2026-08-28,"same need after independent review: ""благоучтройство дачного участка в ярославской области"" (комплексное благоустройство участка) and ""стоимость работ по благоустройству территории ярославль"" (комплексное благоустройство участка) converge on one canonical answer; overlap=2/10; formats=left[marketplace_directory:2,service_landing:8];right[marketplace_directory:8,service_landing:2]; stored top-10 result types and query wording support one service page.","overlap=2/10; formats=left[marketplace_directory:2,service_landing:8];right[marketplace_directory:8,service_landing:2]; stored queries Q000009/Q000032; shared URLs=https://landshaftniy-dizayn.ru/region/yaroslavl/blagoustroystvo/territorii/|https://uslugi.yandex.ru/16-yaroslavl/category/."
PAIR-E2A5846A7388,same_destination,reviewed,codex-2026-08-28,"same need after independent review: ""благоучтройство дачного участка в ярославской области"" (комплексное благоустройство участка) and ""стоимость реализации проекта обустройства частного участка в ярославской области компании"" (комплексное благоустройство участка) converge on one canonical answer; overlap=2/10; formats=left[marketplace_directory:2,service_landing:8];right[marketplace_directory:8,service_landing:2]; stored top-10 result types and query wording support one service page.","overlap=2/10; formats=left[marketplace_directory:2,service_landing:8];right[marketplace_directory:8,service_landing:2]; stored queries Q000009/Q000033; shared URLs=https://avito.ru/yaroslavskaya_oblast/predlozheniya_uslug/|https://uslugi.yandex.ru/16-yaroslavl/category/."
PAIR-AD71B9A7B74A,same_destination,reviewed,codex-2026-08-28,"same need after independent review: ""благоучтройство дачного участка в ярославской области"" (комплексное благоустройство участка) and ""цены на работу по благоустройству"" (комплексное благоустройство участка) converge on one canonical answer; overlap=2/10; formats=left[marketplace_directory:2,service_landing:8];right[marketplace_directory:9,service_landing:1]; stored top-10 result types and query wording support one service page.","overlap=2/10; formats=left[marketplace_directory:2,service_landing:8];right[marketplace_directory:9,service_landing:1]; stored queries Q000009/Q000035; shared URLs=https://avito.ru/yaroslavskaya_oblast/predlozheniya_uslug/|https://uslugi.yandex.ru/16-yaroslavl/category/."
PAIR-1B4BEE06FB5A,same_destination,reviewed,codex-2026-08-28,"same need after independent review: ""дизайн проект участка"" (ландшафтное проектирование и дизайн) and ""заказать дизайн проект участка"" (ландшафтное проектирование и дизайн) converge on one canonical answer; overlap=4/10; formats=left[article_guide:3,marketplace_directory:2,service_landing:1,topic_landing:4];right[marketplace_directory:4,service_landing:2,topic_landing:4]; stored top-10 result types and query wording support one service page.","overlap=4/10; formats=left[article_guide:3,marketplace_directory:2,service_landing:1,topic_landing:4];right[marketplace_directory:4,service_landing:2,topic_landing:4]; stored queries Q000010/Q000011; shared URLs=https://avito.ru/yaroslavl/predlozheniya_uslug/|https://progarden.group/|https://uslugi.yandex.ru/16-yaroslavl/category/|https://yaroslavl.mslandshaft.ru/."
PAIR-324FDF688692,separate_destinations,reviewed,codex-2026-08-28,"different need after independent review: ""дизайн проект участка"" targets ландшафтное проектирование и дизайн, while ""комплексное благоустройство частных территорий"" targets комплексное благоустройство участка; overlap=3/10; formats=left[article_guide:3,marketplace_directory:2,service_landing:1,topic_landing:4];right[marketplace_directory:3,service_landing:5,topic_landing:2]; stored top-10 result types and query wording require separate canonical answers.","overlap=3/10; formats=left[article_guide:3,marketplace_directory:2,service_landing:1,topic_landing:4];right[marketplace_directory:3,service_landing:5,topic_landing:2]; stored queries Q000010/Q000015; shared URLs=https://avito.ru/yaroslavl/predlozheniya_uslug/|https://uslugi.yandex.ru/16-yaroslavl/category/|https://yaroslavl.mslandshaft.ru/."
PAIR-74CC68A2BE5F,same_destination,reviewed,codex-2026-08-28,"same need after independent review: ""дизайн проект участка"" (ландшафтное проектирование и дизайн) and ""ландшафтное проектирование участка"" (ландшафтное проектирование и дизайн) converge on one canonical answer; overlap=3/10; formats=left[article_guide:3,marketplace_directory:2,service_landing:1,topic_landing:4];right[article_guide:2,marketplace_directory:3,service_landing:1,topic_landing:4]; stored top-10 result types and query wording support one service page.","overlap=3/10; formats=left[article_guide:3,marketplace_directory:2,service_landing:1,topic_landing:4];right[article_guide:2,marketplace_directory:3,service_landing:1,topic_landing:4]; stored queries Q000010/Q000019; shared URLs=https://klerk.ru/blogs/gdekurs/694312/|https://uslugi.yandex.ru/16-yaroslavl/category/|https://yaroslavl.mslandshaft.ru/."
PAIR-E39C2294AF12,same_destination,reviewed,codex-2026-08-28,"same need after independent review: ""дизайн проект участка"" (ландшафтное проектирование и дизайн) and ""ландшафтный дизайн участка"" (ландшафтное проектирование и дизайн) converge on one canonical answer; overlap=2/10; formats=left[article_guide:3,marketplace_directory:2,service_landing:1,topic_landing:4];right[article_guide:4,marketplace_directory:3,service_landing:1,topic_landing:2]; stored top-10 result types and query wording support one service page.","overlap=2/10; formats=left[article_guide:3,marketplace_directory:2,service_landing:1,topic_landing:4];right[article_guide:4,marketplace_directory:3,service_landing:1,topic_landing:2]; stored queries Q000010/Q000024; shared URLs=https://avito.ru/yaroslavl/predlozheniya_uslug/|https://yaroslavl.mslandshaft.ru/."
PAIR-38B69001B9AA,separate_destinations,reviewed,codex-2026-08-28,"different need after independent review: ""дизайн проект участка"" targets ландшафтное проектирование и дизайн, while ""прейскурант цен на благоустройство придомовой территории в ярославской области"" targets комплексное благоустройство участка; overlap=2/10; formats=left[article_guide:3,marketplace_directory:2,service_landing:1,topic_landing:4];right[marketplace_directory:8,service_landing:2]; stored top-10 result types and query wording require separate canonical answers.","overlap=2/10; formats=left[article_guide:3,marketplace_directory:2,service_landing:1,topic_landing:4];right[marketplace_directory:8,service_landing:2]; stored queries Q000010/Q000027; shared URLs=https://avito.ru/yaroslavl/predlozheniya_uslug/|https://uslugi.yandex.ru/16-yaroslavl/category/."
PAIR-2AFE8F1C158D,separate_destinations,reviewed,codex-2026-08-28,"different need after independent review: ""дизайн проект участка"" targets ландшафтное проектирование и дизайн, while ""сайты благоустройства участков"" targets комплексное благоустройство участка; overlap=2/10; formats=left[article_guide:3,marketplace_directory:2,service_landing:1,topic_landing:4];right[marketplace_directory:4,service_landing:5,topic_landing:1]; stored top-10 result types and query wording require separate canonical answers.","overlap=2/10; formats=left[article_guide:3,marketplace_directory:2,service_landing:1,topic_landing:4];right[marketplace_directory:4,service_landing:5,topic_landing:1]; stored queries Q000010/Q000030; shared URLs=https://avito.ru/yaroslavl/predlozheniya_uslug/|https://uslugi.yandex.ru/16-yaroslavl/category/."
PAIR-5617E6079E93,separate_destinations,reviewed,codex-2026-08-28,"different need after independent review: ""дизайн проект участка"" targets ландшафтное проектирование и дизайн, while ""стоимость работ по благоустройству территории ярославль"" targets комплексное благоустройство участка; overlap=2/10; formats=left[article_guide:3,marketplace_directory:2,service_landing:1,topic_landing:4];right[marketplace_directory:8,service_landing:2]; stored top-10 result types and query wording require separate canonical answers.","overlap=2/10; formats=left[article_guide:3,marketplace_directory:2,service_landing:1,topic_landing:4];right[marketplace_directory:8,service_landing:2]; stored queries Q000010/Q000032; shared URLs=https://avito.ru/yaroslavl/predlozheniya_uslug/|https://uslugi.yandex.ru/16-yaroslavl/category/."
PAIR-4B79684A4FD0,separate_destinations,reviewed,codex-2026-08-28,"different need after independent review: ""дизайн проект участка"" targets ландшафтное проектирование и дизайн, while ""стоимость реализации проекта обустройства частного участка в ярославской области компании"" targets комплексное благоустройство участка; overlap=2/10; formats=left[article_guide:3,marketplace_directory:2,service_landing:1,topic_landing:4];right[marketplace_directory:8,service_landing:2]; stored top-10 result types and query wording require separate canonical answers.","overlap=2/10; formats=left[article_guide:3,marketplace_directory:2,service_landing:1,topic_landing:4];right[marketplace_directory:8,service_landing:2]; stored queries Q000010/Q000033; shared URLs=https://avito.ru/yaroslavl/predlozheniya_uslug/|https://uslugi.yandex.ru/16-yaroslavl/category/."
PAIR-B99465B2D7C0,separate_destinations,reviewed,codex-2026-08-28,"different need after independent review: ""дизайн проект участка"" targets ландшафтное проектирование и дизайн, while ""цены на работу по благоустройству"" targets комплексное благоустройство участка; overlap=2/10; formats=left[article_guide:3,marketplace_directory:2,service_landing:1,topic_landing:4];right[marketplace_directory:9,service_landing:1]; stored top-10 result types and query wording require separate canonical answers.","overlap=2/10; formats=left[article_guide:3,marketplace_directory:2,service_landing:1,topic_landing:4];right[marketplace_directory:9,service_landing:1]; stored queries Q000010/Q000035; shared URLs=https://avito.ru/yaroslavl/predlozheniya_uslug/|https://uslugi.yandex.ru/16-yaroslavl/category/."
PAIR-9F0DED4E83F4,separate_destinations,reviewed,codex-2026-08-28,"different need after independent review: ""заказать дизайн проект участка"" targets ландшафтное проектирование и дизайн, while ""комплексное благоустройство частных территорий"" targets комплексное благоустройство участка; overlap=4/10; formats=left[marketplace_directory:4,service_landing:2,topic_landing:4];right[marketplace_directory:3,service_landing:5,topic_landing:2]; stored top-10 result types and query wording require separate canonical answers.","overlap=4/10; formats=left[marketplace_directory:4,service_landing:2,topic_landing:4];right[marketplace_directory:3,service_landing:5,topic_landing:2]; stored queries Q000011/Q000015; shared URLs=https://avito.ru/yaroslavl/predlozheniya_uslug/|https://om-garden.ru/|https://uslugi.yandex.ru/16-yaroslavl/category/|https://yaroslavl.mslandshaft.ru/."
PAIR-558DA1893B40,same_destination,reviewed,codex-2026-08-28,"same need after independent review: ""заказать дизайн проект участка"" (ландшафтное проектирование и дизайн) and ""ландшафтное проектирование участка"" (ландшафтное проектирование и дизайн) converge on one canonical answer; overlap=4/10; formats=left[marketplace_directory:4,service_landing:2,topic_landing:4];right[article_guide:2,marketplace_directory:3,service_landing:1,topic_landing:4]; stored top-10 result types and query wording support one service page.","overlap=4/10; formats=left[marketplace_directory:4,service_landing:2,topic_landing:4];right[article_guide:2,marketplace_directory:3,service_landing:1,topic_landing:4]; stored queries Q000011/Q000019; shared URLs=https://avito.ru/yaroslavskaya_oblast/predlozheniya_uslug/|https://profi.ru/geo-yar/remont/landshaftniy-dizain/landshaftnoe-proektirovanie/|https://uslugi.yandex.ru/16-yaroslavl/category/|https://yaroslavl.mslandshaft.ru/."
PAIR-E11A7B14FD81,same_destination,reviewed,codex-2026-08-28,"same need after independent review: ""заказать дизайн проект участка"" (ландшафтное проектирование и дизайн) and ""ландшафтный дизайн участка"" (ландшафтное проектирование и дизайн) converge on one canonical answer; overlap=2/10; formats=left[marketplace_directory:4,service_landing:2,topic_landing:4];right[article_guide:4,marketplace_directory:3,service_landing:1,topic_landing:2]; stored top-10 result types and query wording support one service page.","overlap=2/10; formats=left[marketplace_directory:4,service_landing:2,topic_landing:4];right[article_guide:4,marketplace_directory:3,service_landing:1,topic_landing:2]; stored queries Q000011/Q000024; shared URLs=https://avito.ru/yaroslavl/predlozheniya_uslug/|https://yaroslavl.mslandshaft.ru/."
PAIR-FF6FF6E9F1ED,same_destination,reviewed,codex-2026-08-28,"same need after independent review: ""заказать дизайн проект участка"" (ландшафтное проектирование и дизайн) and ""ландшафтный дизайнер коприно"" (ландшафтное проектирование и дизайн) converge on one canonical answer; overlap=2/10; formats=left[marketplace_directory:4,service_landing:2,topic_landing:4];right[marketplace_directory:2,service_landing:1,topic_landing:7]; stored top-10 result types and query wording support one service page.","overlap=2/10; formats=left[marketplace_directory:4,service_landing:2,topic_landing:4];right[marketplace_directory:2,service_landing:1,topic_landing:7]; stored queries Q000011/Q000025; shared URLs=https://om-garden.ru/|https://progarden.group/."
PAIR-138295498AE6,separate_destinations,reviewed,codex-2026-08-28,"different need after independent review: ""заказать дизайн проект участка"" targets ландшафтное проектирование и дизайн, while ""прейскурант цен на благоустройство придомовой территории в ярославской области"" targets комплексное благоустройство участка; overlap=2/10; formats=left[marketplace_directory:4,service_landing:2,topic_landing:4];right[marketplace_directory:8,service_landing:2]; stored top-10 result types and query wording require separate canonical answers.","overlap=2/10; formats=left[marketplace_directory:4,service_landing:2,topic_landing:4];right[marketplace_directory:8,service_landing:2]; stored queries Q000011/Q000027; shared URLs=https://avito.ru/yaroslavl/predlozheniya_uslug/|https://uslugi.yandex.ru/16-yaroslavl/category/."
PAIR-620AF2568B96,separate_destinations,reviewed,codex-2026-08-28,"different need after independent review: ""заказать дизайн проект участка"" targets ландшафтное проектирование и дизайн, while ""сайты благоустройства участков"" targets комплексное благоустройство участка; overlap=2/10; formats=left[marketplace_directory:4,service_landing:2,topic_landing:4];right[marketplace_directory:4,service_landing:5,topic_landing:1]; stored top-10 result types and query wording require separate canonical answers.","overlap=2/10; formats=left[marketplace_directory:4,service_landing:2,topic_landing:4];right[marketplace_directory:4,service_landing:5,topic_landing:1]; stored queries Q000011/Q000030; shared URLs=https://avito.ru/yaroslavl/predlozheniya_uslug/|https://uslugi.yandex.ru/16-yaroslavl/category/."
PAIR-285679FA98A8,separate_destinations,reviewed,codex-2026-08-28,"different need after independent review: ""заказать дизайн проект участка"" targets ландшафтное проектирование и дизайн, while ""стоимость работ по благоустройству территории ярославль"" targets комплексное благоустройство участка; overlap=2/10; formats=left[marketplace_directory:4,service_landing:2,topic_landing:4];right[marketplace_directory:8,service_landing:2]; stored top-10 result types and query wording require separate canonical answers.","overlap=2/10; formats=left[marketplace_directory:4,service_landing:2,topic_landing:4];right[marketplace_directory:8,service_landing:2]; stored queries Q000011/Q000032; shared URLs=https://avito.ru/yaroslavl/predlozheniya_uslug/|https://uslugi.yandex.ru/16-yaroslavl/category/."
PAIR-1E93E8286BC4,separate_destinations,reviewed,codex-2026-08-28,"different need after independent review: ""заказать дизайн проект участка"" targets ландшафтное проектирование и дизайн, while ""стоимость реализации проекта обустройства частного участка в ярославской области компании"" targets комплексное благоустройство участка; overlap=3/10; formats=left[marketplace_directory:4,service_landing:2,topic_landing:4];right[marketplace_directory:8,service_landing:2]; stored top-10 result types and query wording require separate canonical answers.","overlap=3/10; formats=left[marketplace_directory:4,service_landing:2,topic_landing:4];right[marketplace_directory:8,service_landing:2]; stored queries Q000011/Q000033; shared URLs=https://avito.ru/yaroslavl/predlozheniya_uslug/|https://avito.ru/yaroslavskaya_oblast/predlozheniya_uslug/|https://uslugi.yandex.ru/16-yaroslavl/category/."
PAIR-E05A3D48156B,separate_destinations,reviewed,codex-2026-08-28,"different need after independent review: ""заказать дизайн проект участка"" targets ландшафтное проектирование и дизайн, while ""цены на работу по благоустройству"" targets комплексное благоустройство участка; overlap=3/10; formats=left[marketplace_directory:4,service_landing:2,topic_landing:4];right[marketplace_directory:9,service_landing:1]; stored top-10 result types and query wording require separate canonical answers.","overlap=3/10; formats=left[marketplace_directory:4,service_landing:2,topic_landing:4];right[marketplace_directory:9,service_landing:1]; stored queries Q000011/Q000035; shared URLs=https://avito.ru/yaroslavl/predlozheniya_uslug/|https://avito.ru/yaroslavskaya_oblast/predlozheniya_uslug/|https://uslugi.yandex.ru/16-yaroslavl/category/."
PAIR-36B4FE74C4C5,same_destination,reviewed,codex-2026-08-28,"same need after independent review: ""компании по ландшафтному дизайну рыбинск под ключ"" (ландшафтное проектирование и дизайн) and ""ландшафтные работы рыбинск"" (ландшафтное проектирование и дизайн) converge on one canonical answer; overlap=5/10; formats=left[marketplace_directory:2,service_landing:3,topic_landing:5];right[local_directory:1,marketplace_directory:2,service_landing:2,topic_landing:5]; stored top-10 result types and query wording support one service page.","overlap=5/10; formats=left[marketplace_directory:2,service_landing:3,topic_landing:5];right[local_directory:1,marketplace_directory:2,service_landing:2,topic_landing:5]; stored queries Q000013/Q000020; shared URLs=https://avito.ru/rybinsk/predlozheniya_uslug/sad_blagoustroystvo-ASgBAgICAUSYC8KfAQ/|https://exp76.ru/|https://rybinsk.dizajn-landshaftnyj.ru/|https://rybinsk.mslandshaft.ru/|https://uslugi.yandex.ru/10839-rybinsk/category/dizajneryi/landshaftnyij-dizajner--273/."
PAIR-7031AA4C2C00,same_destination,reviewed,codex-2026-08-28,"same need after independent review: ""компании по ландшафтному дизайну рыбинск под ключ"" (ландшафтное проектирование и дизайн) and ""ландшафтные работы это рыбинск"" (ландшафтное проектирование и дизайн) converge on one canonical answer; overlap=6/10; formats=left[marketplace_directory:2,service_landing:3,topic_landing:5];right[marketplace_directory:2,service_landing:2,topic_landing:6]; stored top-10 result types and query wording support one service page.","overlap=6/10; formats=left[marketplace_directory:2,service_landing:3,topic_landing:5];right[marketplace_directory:2,service_landing:2,topic_landing:6]; stored queries Q000013/Q000021; shared URLs=https://avito.ru/rybinsk/predlozheniya_uslug/sad_blagoustroystvo-ASgBAgICAUSYC8KfAQ/|https://exp76.ru/|https://monolit76.ru/landshaftnoe-proektirovanie/|https://rybinsk.dizajn-landshaftnyj.ru/|https://rybinsk.mslandshaft.ru/|https://uslugi.yandex.ru/10839-rybinsk/category/dizajneryi/landshaftnyij-dizajner--273/."
PAIR-73C34D069339,same_destination,reviewed,codex-2026-08-28,"same need after independent review: ""компании по ландшафтному дизайну рыбинск под ключ"" (ландшафтное проектирование и дизайн) and ""ландшафтный дизайн рыбинск"" (ландшафтное проектирование и дизайн) converge on one canonical answer; overlap=5/10; formats=left[marketplace_directory:2,service_landing:3,topic_landing:5];right[local_directory:1,marketplace_directory:2,service_landing:1,topic_landing:6]; stored top-10 result types and query wording support one service page.","overlap=5/10; formats=left[marketplace_directory:2,service_landing:3,topic_landing:5];right[local_directory:1,marketplace_directory:2,service_landing:1,topic_landing:6]; stored queries Q000013/Q000023; shared URLs=https://exp76.ru/|https://rybinsk.dizajn-landshaftnyj.ru/|https://rybinsk.mslandshaft.ru/|https://rybinsk.stplitka.ru/landshaftnyj-dizajn/|https://uslugi.yandex.ru/10839-rybinsk/category/dizajneryi/landshaftnyij-dizajner--273/."
PAIR-581E3CED4828,same_destination,reviewed,codex-2026-08-28,"same need after independent review: ""комплексное благоустройство частных территорий"" (комплексное благоустройство участка) and ""ландшафтная компания эксперты"" (комплексное благоустройство участка) converge on one canonical answer; overlap=2/10; formats=left[marketplace_directory:3,service_landing:5,topic_landing:2];right[local_directory:1,marketplace_directory:2,service_landing:1,topic_landing:6]; stored top-10 result types and query wording support one service page.","overlap=2/10; formats=left[marketplace_directory:3,service_landing:5,topic_landing:2];right[local_directory:1,marketplace_directory:2,service_landing:1,topic_landing:6]; stored queries Q000015/Q000017; shared URLs=https://exp76.ru/|https://uslugi.yandex.ru/16-yaroslavl/category/."
PAIR-47A901333D40,separate_destinations,reviewed,codex-2026-08-28,"different need after independent review: ""комплексное благоустройство частных территорий"" targets комплексное благоустройство участка, while ""ландшафтное проектирование участка"" targets ландшафтное проектирование и дизайн; overlap=2/10; formats=left[marketplace_directory:3,service_landing:5,topic_landing:2];right[article_guide:2,marketplace_directory:3,service_landing:1,topic_landing:4]; stored top-10 result types and query wording require separate canonical answers.","overlap=2/10; formats=left[marketplace_directory:3,service_landing:5,topic_landing:2];right[article_guide:2,marketplace_directory:3,service_landing:1,topic_landing:4]; stored queries Q000015/Q000019; shared URLs=https://uslugi.yandex.ru/16-yaroslavl/category/|https://yaroslavl.mslandshaft.ru/."
PAIR-280BB59C0AEB,separate_destinations,reviewed,codex-2026-08-28,"different need after independent review: ""комплексное благоустройство частных территорий"" targets комплексное благоустройство участка, while ""ландшафтный дизайн участка"" targets ландшафтное проектирование и дизайн; overlap=2/10; formats=left[marketplace_directory:3,service_landing:5,topic_landing:2];right[article_guide:4,marketplace_directory:3,service_landing:1,topic_landing:2]; stored top-10 result types and query wording require separate canonical answers.","overlap=2/10; formats=left[marketplace_directory:3,service_landing:5,topic_landing:2];right[article_guide:4,marketplace_directory:3,service_landing:1,topic_landing:2]; stored queries Q000015/Q000024; shared URLs=https://avito.ru/yaroslavl/predlozheniya_uslug/|https://yaroslavl.mslandshaft.ru/."
PAIR-2930977F761B,separate_destinations,reviewed,codex-2026-08-28,"different need after independent review: ""комплексное благоустройство частных территорий"" targets комплексное благоустройство участка, while ""ландшафтный дизайнер коприно"" targets ландшафтное проектирование и дизайн; overlap=2/10; formats=left[marketplace_directory:3,service_landing:5,topic_landing:2];right[marketplace_directory:2,service_landing:1,topic_landing:7]; stored top-10 result types and query wording require separate canonical answers.","overlap=2/10; formats=left[marketplace_directory:3,service_landing:5,topic_landing:2];right[marketplace_directory:2,service_landing:1,topic_landing:7]; stored queries Q000015/Q000025; shared URLs=https://exp76.ru/|https://om-garden.ru/."
PAIR-B53BF0F6362F,same_destination,reviewed,codex-2026-08-28,"same need after independent review: ""комплексное благоустройство частных территорий"" (комплексное благоустройство участка) and ""прейскурант цен на благоустройство придомовой территории в ярославской области"" (комплексное благоустройство участка) converge on one canonical answer; overlap=3/10; formats=left[marketplace_directory:3,service_landing:5,topic_landing:2];right[marketplace_directory:8,service_landing:2]; stored top-10 result types and query wording support one service page.","overlap=3/10; formats=left[marketplace_directory:3,service_landing:5,topic_landing:2];right[marketplace_directory:8,service_landing:2]; stored queries Q000015/Q000027; shared URLs=https://avito.ru/yaroslavl/predlozheniya_uslug/|https://landshaftniy-dizayn.ru/region/yaroslavl/blagoustroystvo/territorii/|https://uslugi.yandex.ru/16-yaroslavl/category/."
PAIR-E5B853A4E1EA,separate_destinations,reviewed,codex-2026-08-28,"different need after independent review: ""комплексное благоустройство частных территорий"" targets комплексное благоустройство участка, while ""проект благоустройства участка"" targets ландшафтное проектирование и дизайн; overlap=2/10; formats=left[marketplace_directory:3,service_landing:5,topic_landing:2];right[article_guide:3,marketplace_directory:1,product_catalog:1,service_landing:3,topic_landing:2]; stored top-10 result types and query wording require separate canonical answers.","overlap=2/10; formats=left[marketplace_directory:3,service_landing:5,topic_landing:2];right[article_guide:3,marketplace_directory:1,product_catalog:1,service_landing:3,topic_landing:2]; stored queries Q000015/Q000028; shared URLs=https://avito.ru/yaroslavl/predlozheniya_uslug/|https://yaroslavl.blago-s.ru/."
PAIR-F24D9E79EFBF,same_destination,reviewed,codex-2026-08-28,"same need after independent review: ""комплексное благоустройство частных территорий"" (комплексное благоустройство участка) and ""стоимость работ по благоустройству территории ярославль"" (комплексное благоустройство участка) converge on one canonical answer; overlap=3/10; formats=left[marketplace_directory:3,service_landing:5,topic_landing:2];right[marketplace_directory:8,service_landing:2]; stored top-10 result types and query wording support one service page.","overlap=3/10; formats=left[marketplace_directory:3,service_landing:5,topic_landing:2];right[marketplace_directory:8,service_landing:2]; stored queries Q000015/Q000032; shared URLs=https://avito.ru/yaroslavl/predlozheniya_uslug/|https://landshaftniy-dizayn.ru/region/yaroslavl/blagoustroystvo/territorii/|https://uslugi.yandex.ru/16-yaroslavl/category/."
PAIR-19EC3F1BBD73,same_destination,reviewed,codex-2026-08-28,"same need after independent review: ""комплексное благоустройство частных территорий"" (комплексное благоустройство участка) and ""стоимость реализации проекта обустройства частного участка в ярославской области компании"" (комплексное благоустройство участка) converge on one canonical answer; overlap=2/10; formats=left[marketplace_directory:3,service_landing:5,topic_landing:2];right[marketplace_directory:8,service_landing:2]; stored top-10 result types and query wording support one service page.","overlap=2/10; formats=left[marketplace_directory:3,service_landing:5,topic_landing:2];right[marketplace_directory:8,service_landing:2]; stored queries Q000015/Q000033; shared URLs=https://avito.ru/yaroslavl/predlozheniya_uslug/|https://uslugi.yandex.ru/16-yaroslavl/category/."
PAIR-36CD737095B6,same_destination,reviewed,codex-2026-08-28,"same need after independent review: ""комплексное благоустройство частных территорий"" (комплексное благоустройство участка) and ""цены на работу по благоустройству"" (комплексное благоустройство участка) converge on one canonical answer; overlap=2/10; formats=left[marketplace_directory:3,service_landing:5,topic_landing:2];right[marketplace_directory:9,service_landing:1]; stored top-10 result types and query wording support one service page.","overlap=2/10; formats=left[marketplace_directory:3,service_landing:5,topic_landing:2];right[marketplace_directory:9,service_landing:1]; stored queries Q000015/Q000035; shared URLs=https://avito.ru/yaroslavl/predlozheniya_uslug/|https://uslugi.yandex.ru/16-yaroslavl/category/."
PAIR-D69EF9DE689A,separate_destinations,reviewed,codex-2026-08-28,"different need after independent review: ""ландшафтная компания эксперт"" targets комплексное благоустройство участка, while ""ландшафтный дизайнер коприно"" targets ландшафтное проектирование и дизайн; overlap=2/10; formats=left[local_directory:1,marketplace_directory:1,service_landing:1,topic_landing:7];right[marketplace_directory:2,service_landing:1,topic_landing:7]; stored top-10 result types and query wording require separate canonical answers.","overlap=2/10; formats=left[local_directory:1,marketplace_directory:1,service_landing:1,topic_landing:7];right[marketplace_directory:2,service_landing:1,topic_landing:7]; stored queries Q000016/Q000025; shared URLs=https://exp76.ru/|https://progarden.group/."
PAIR-00550A72A595,same_destination,reviewed,codex-2026-08-28,"same need after independent review: ""ландшафтная компания эксперты"" (комплексное благоустройство участка) and ""сайты благоустройства участков"" (комплексное благоустройство участка) converge on one canonical answer; overlap=2/10; formats=left[local_directory:1,marketplace_directory:2,service_landing:1,topic_landing:6];right[marketplace_directory:4,service_landing:5,topic_landing:1]; stored top-10 result types and query wording support one service page.","overlap=2/10; formats=left[local_directory:1,marketplace_directory:2,service_landing:1,topic_landing:6];right[marketplace_directory:4,service_landing:5,topic_landing:1]; stored queries Q000017/Q000030; shared URLs=https://exp76.ru/|https://uslugi.yandex.ru/16-yaroslavl/category/."
PAIR-1B6845F126D7,same_destination,reviewed,codex-2026-08-28,"same need after independent review: ""ландшафтное проектирование участка"" (ландшафтное проектирование и дизайн) and ""ландшафтный дизайн участка"" (ландшафтное проектирование и дизайн) converge on one canonical answer; overlap=2/10; formats=left[article_guide:2,marketplace_directory:3,service_landing:1,topic_landing:4];right[article_guide:4,marketplace_directory:3,service_landing:1,topic_landing:2]; stored top-10 result types and query wording support one service page.","overlap=2/10; formats=left[article_guide:2,marketplace_directory:3,service_landing:1,topic_landing:4];right[article_guide:4,marketplace_directory:3,service_landing:1,topic_landing:2]; stored queries Q000019/Q000024; shared URLs=https://skillbox.ru/media/design/landshaftnoe-proektirovanie-prostye-pravila-dlya-nachinayuschih/|https://yaroslavl.mslandshaft.ru/."
PAIR-8C82AE5D78FA,separate_destinations,reviewed,codex-2026-08-28,"different need after independent review: ""ландшафтное проектирование участка"" targets ландшафтное проектирование и дизайн, while ""стоимость реализации проекта обустройства частного участка в ярославской области компании"" targets комплексное благоустройство участка; overlap=2/10; formats=left[article_guide:2,marketplace_directory:3,service_landing:1,topic_landing:4];right[marketplace_directory:8,service_landing:2]; stored top-10 result types and query wording require separate canonical answers.","overlap=2/10; formats=left[article_guide:2,marketplace_directory:3,service_landing:1,topic_landing:4];right[marketplace_directory:8,service_landing:2]; stored queries Q000019/Q000033; shared URLs=https://avito.ru/yaroslavskaya_oblast/predlozheniya_uslug/|https://uslugi.yandex.ru/16-yaroslavl/category/."
PAIR-D6E3639D4B31,separate_destinations,reviewed,codex-2026-08-28,"different need after independent review: ""ландшафтное проектирование участка"" targets ландшафтное проектирование и дизайн, while ""цены на работу по благоустройству"" targets комплексное благоустройство участка; overlap=2/10; formats=left[article_guide:2,marketplace_directory:3,service_landing:1,topic_landing:4];right[marketplace_directory:9,service_landing:1]; stored top-10 result types and query wording require separate canonical answers.","overlap=2/10; formats=left[article_guide:2,marketplace_directory:3,service_landing:1,topic_landing:4];right[marketplace_directory:9,service_landing:1]; stored queries Q000019/Q000035; shared URLs=https://avito.ru/yaroslavskaya_oblast/predlozheniya_uslug/|https://uslugi.yandex.ru/16-yaroslavl/category/."
PAIR-4FC8B9DE4106,same_destination,reviewed,codex-2026-08-28,"same need after independent review: ""прейскурант цен на благоустройство придомовой территории в ярославской области"" (комплексное благоустройство участка) and ""сайты благоустройства участков"" (комплексное благоустройство участка) converge on one canonical answer; overlap=2/10; formats=left[marketplace_directory:8,service_landing:2];right[marketplace_directory:4,service_landing:5,topic_landing:1]; stored top-10 result types and query wording support one service page.","overlap=2/10; formats=left[marketplace_directory:8,service_landing:2];right[marketplace_directory:4,service_landing:5,topic_landing:1]; stored queries Q000027/Q000030; shared URLs=https://avito.ru/yaroslavl/predlozheniya_uslug/|https://uslugi.yandex.ru/16-yaroslavl/category/."
PAIR-1F17C88FBC87,same_destination,reviewed,codex-2026-08-28,"same need after independent review: ""прейскурант цен на благоустройство придомовой территории в ярославской области"" (комплексное благоустройство участка) and ""стоимость работ по благоустройству территории ярославль"" (комплексное благоустройство участка) converge on one canonical answer; overlap=4/10; formats=left[marketplace_directory:8,service_landing:2];right[marketplace_directory:8,service_landing:2]; stored top-10 result types and query wording support one service page.","overlap=4/10; formats=left[marketplace_directory:8,service_landing:2];right[marketplace_directory:8,service_landing:2]; stored queries Q000027/Q000032; shared URLs=https://avito.ru/yaroslavl/predlozheniya_uslug/|https://greenteh76.ru/ceny-na-uslugi-po-blagoustrojstvu.html/|https://landshaftniy-dizayn.ru/region/yaroslavl/blagoustroystvo/territorii/|https://uslugi.yandex.ru/16-yaroslavl/category/."
PAIR-7D0B2858B34B,same_destination,reviewed,codex-2026-08-28,"same need after independent review: ""прейскурант цен на благоустройство придомовой территории в ярославской области"" (комплексное благоустройство участка) and ""стоимость реализации проекта обустройства частного участка в ярославской области компании"" (комплексное благоустройство участка) converge on one canonical answer; overlap=4/10; formats=left[marketplace_directory:8,service_landing:2];right[marketplace_directory:8,service_landing:2]; stored top-10 result types and query wording support one service page.","overlap=4/10; formats=left[marketplace_directory:8,service_landing:2];right[marketplace_directory:8,service_landing:2]; stored queries Q000027/Q000033; shared URLs=https://avito.ru/yaroslavl/predlozheniya_uslug/|https://greenteh76.ru/ceny-na-uslugi-po-blagoustrojstvu.html/|https://uslugi.yandex.ru/10841-yaroslavl-oblast/category/|https://uslugi.yandex.ru/16-yaroslavl/category/."
PAIR-3083F3DC5A93,same_destination,reviewed,codex-2026-08-28,"same need after independent review: ""прейскурант цен на благоустройство придомовой территории в ярославской области"" (комплексное благоустройство участка) and ""цены на работу по благоустройству"" (комплексное благоустройство участка) converge on one canonical answer; overlap=4/10; formats=left[marketplace_directory:8,service_landing:2];right[marketplace_directory:9,service_landing:1]; stored top-10 result types and query wording support one service page.","overlap=4/10; formats=left[marketplace_directory:8,service_landing:2];right[marketplace_directory:9,service_landing:1]; stored queries Q000027/Q000035; shared URLs=https://avito.ru/yaroslavl/predlozheniya_uslug/|https://greenteh76.ru/ceny-na-uslugi-po-blagoustrojstvu.html/|https://profi.ru/geo-yar/remont/blagoustroistvo-territorii/price/|https://uslugi.yandex.ru/16-yaroslavl/category/."
PAIR-948652E31A85,separate_destinations,reviewed,codex-2026-08-28,"different need after independent review: ""проект благоустройства участка"" targets ландшафтное проектирование и дизайн, while ""сайты благоустройства участков"" targets комплексное благоустройство участка; overlap=2/10; formats=left[article_guide:3,marketplace_directory:1,product_catalog:1,service_landing:3,topic_landing:2];right[marketplace_directory:4,service_landing:5,topic_landing:1]; stored top-10 result types and query wording require separate canonical answers.","overlap=2/10; formats=left[article_guide:3,marketplace_directory:1,product_catalog:1,service_landing:3,topic_landing:2];right[marketplace_directory:4,service_landing:5,topic_landing:1]; stored queries Q000028/Q000030; shared URLs=https://avito.ru/yaroslavl/predlozheniya_uslug/|https://yaroslavl.blago-s.ru/."
PAIR-2756190FCE2C,same_destination,reviewed,codex-2026-08-28,"same need after independent review: ""сайты благоустройства участков"" (комплексное благоустройство участка) and ""стоимость работ по благоустройству территории ярославль"" (комплексное благоустройство участка) converge on one canonical answer; overlap=2/10; formats=left[marketplace_directory:4,service_landing:5,topic_landing:1];right[marketplace_directory:8,service_landing:2]; stored top-10 result types and query wording support one service page.","overlap=2/10; formats=left[marketplace_directory:4,service_landing:5,topic_landing:1];right[marketplace_directory:8,service_landing:2]; stored queries Q000030/Q000032; shared URLs=https://avito.ru/yaroslavl/predlozheniya_uslug/|https://uslugi.yandex.ru/16-yaroslavl/category/."
PAIR-875A21AED1A4,same_destination,reviewed,codex-2026-08-28,"same need after independent review: ""сайты благоустройства участков"" (комплексное благоустройство участка) and ""стоимость реализации проекта обустройства частного участка в ярославской области компании"" (комплексное благоустройство участка) converge on one canonical answer; overlap=2/10; formats=left[marketplace_directory:4,service_landing:5,topic_landing:1];right[marketplace_directory:8,service_landing:2]; stored top-10 result types and query wording support one service page.","overlap=2/10; formats=left[marketplace_directory:4,service_landing:5,topic_landing:1];right[marketplace_directory:8,service_landing:2]; stored queries Q000030/Q000033; shared URLs=https://avito.ru/yaroslavl/predlozheniya_uslug/|https://uslugi.yandex.ru/16-yaroslavl/category/."
PAIR-1E6E6D5815E8,same_destination,reviewed,codex-2026-08-28,"same need after independent review: ""сайты благоустройства участков"" (комплексное благоустройство участка) and ""цены на работу по благоустройству"" (комплексное благоустройство участка) converge on one canonical answer; overlap=2/10; formats=left[marketplace_directory:4,service_landing:5,topic_landing:1];right[marketplace_directory:9,service_landing:1]; stored top-10 result types and query wording support one service page.","overlap=2/10; formats=left[marketplace_directory:4,service_landing:5,topic_landing:1];right[marketplace_directory:9,service_landing:1]; stored queries Q000030/Q000035; shared URLs=https://avito.ru/yaroslavl/predlozheniya_uslug/|https://uslugi.yandex.ru/16-yaroslavl/category/."
PAIR-193B755F9F49,same_destination,reviewed,codex-2026-08-28,"same need after independent review: ""стоимость работ по благоустройству территории ярославль"" (комплексное благоустройство участка) and ""стоимость реализации проекта обустройства частного участка в ярославской области компании"" (комплексное благоустройство участка) converge on one canonical answer; overlap=3/10; formats=left[marketplace_directory:8,service_landing:2];right[marketplace_directory:8,service_landing:2]; stored top-10 result types and query wording support one service page.","overlap=3/10; formats=left[marketplace_directory:8,service_landing:2];right[marketplace_directory:8,service_landing:2]; stored queries Q000032/Q000033; shared URLs=https://avito.ru/yaroslavl/predlozheniya_uslug/|https://greenteh76.ru/ceny-na-uslugi-po-blagoustrojstvu.html/|https://uslugi.yandex.ru/16-yaroslavl/category/."
PAIR-91C38349B4C5,same_destination,reviewed,codex-2026-08-28,"same need after independent review: ""стоимость работ по благоустройству территории ярославль"" (комплексное благоустройство участка) and ""цены на работу по благоустройству"" (комплексное благоустройство участка) converge on one canonical answer; overlap=3/10; formats=left[marketplace_directory:8,service_landing:2];right[marketplace_directory:9,service_landing:1]; stored top-10 result types and query wording support one service page.","overlap=3/10; formats=left[marketplace_directory:8,service_landing:2];right[marketplace_directory:9,service_landing:1]; stored queries Q000032/Q000035; shared URLs=https://avito.ru/yaroslavl/predlozheniya_uslug/|https://greenteh76.ru/ceny-na-uslugi-po-blagoustrojstvu.html/|https://uslugi.yandex.ru/16-yaroslavl/category/."
PAIR-4683E07040E3,same_destination,reviewed,codex-2026-08-28,"same need after independent review: ""газон под ключ"" (устройство газона) and ""газон под ключ полесье ярославль"" (устройство газона) converge on one canonical answer; overlap=3/10; formats=left[marketplace_directory:4,service_landing:5,topic_landing:1];right[marketplace_directory:10]; stored top-10 result types and query wording support one service page.","overlap=3/10; formats=left[marketplace_directory:4,service_landing:5,topic_landing:1];right[marketplace_directory:10]; stored queries Q000040/Q000042; shared URLs=https://avito.ru/yaroslavl/|https://avito.ru/yaroslavl/predlozheniya_uslug/|https://avito.ru/yaroslavl/predlozheniya_uslug/sad_blagoustroystvo-ASgBAgICAUSYC8KfAQ/."
PAIR-1D6EFA45BF39,separate_destinations,reviewed,codex-2026-08-28,"different need after independent review: ""газон под ключ"" targets устройство газона, while ""полив газонов ярославль"" targets автоматический полив газона; overlap=2/10; formats=left[marketplace_directory:4,service_landing:5,topic_landing:1];right[marketplace_directory:7,product_catalog:1,service_landing:1,topic_landing:1]; stored top-10 result types and query wording require separate canonical answers.","overlap=2/10; formats=left[marketplace_directory:4,service_landing:5,topic_landing:1];right[marketplace_directory:7,product_catalog:1,service_landing:1,topic_landing:1]; stored queries Q000040/Q000046; shared URLs=https://avito.ru/yaroslavl/predlozheniya_uslug/|https://avito.ru/yaroslavl/predlozheniya_uslug/sad_blagoustroystvo-ASgBAgICAUSYC8KfAQ/."
PAIR-12280E0D4FE6,separate_destinations,reviewed,codex-2026-08-28,"different need after independent review: ""газон под ключ"" targets устройство газона, while ""посевной газон под ключ г ярославль ул магистральная 7 7"" targets посевной газон; overlap=2/10; formats=left[marketplace_directory:4,service_landing:5,topic_landing:1];right[marketplace_directory:7,service_landing:2,topic_landing:1]; stored top-10 result types and query wording require separate canonical answers.","overlap=2/10; formats=left[marketplace_directory:4,service_landing:5,topic_landing:1];right[marketplace_directory:7,service_landing:2,topic_landing:1]; stored queries Q000040/Q000048; shared URLs=https://avito.ru/yaroslavl/predlozheniya_uslug/|https://avito.ru/yaroslavl/predlozheniya_uslug/sad_blagoustroystvo-ASgBAgICAUSYC8KfAQ/."
PAIR-9EB9E92B273B,same_destination,reviewed,codex-2026-08-28,"same need after independent review: ""газон под ключ полесье ярославль"" (устройство газона) and ""газон под ключ цена"" (устройство газона) converge on one canonical answer; overlap=2/10; formats=left[marketplace_directory:10];right[marketplace_directory:6,service_landing:4]; stored top-10 result types and query wording support one service page.","overlap=2/10; formats=left[marketplace_directory:10];right[marketplace_directory:6,service_landing:4]; stored queries Q000042/Q000043; shared URLs=https://avito.ru/yaroslavl/predlozheniya_uslug/|https://avito.ru/yaroslavl/predlozheniya_uslug/sad_blagoustroystvo-ASgBAgICAUSYC8KfAQ/."
PAIR-2F6EED9972F7,separate_destinations,reviewed,codex-2026-08-28,"different need after independent review: ""газон под ключ полесье ярославль"" targets устройство газона, while ""полив газонов ярославль"" targets автоматический полив газона; overlap=2/10; formats=left[marketplace_directory:10];right[marketplace_directory:7,product_catalog:1,service_landing:1,topic_landing:1]; stored top-10 result types and query wording require separate canonical answers.","overlap=2/10; formats=left[marketplace_directory:10];right[marketplace_directory:7,product_catalog:1,service_landing:1,topic_landing:1]; stored queries Q000042/Q000046; shared URLs=https://avito.ru/yaroslavl/predlozheniya_uslug/|https://avito.ru/yaroslavl/predlozheniya_uslug/sad_blagoustroystvo-ASgBAgICAUSYC8KfAQ/."
PAIR-F6DBF21E2764,separate_destinations,reviewed,codex-2026-08-28,"different need after independent review: ""газон под ключ полесье ярославль"" targets устройство газона, while ""посевной газон под ключ г ярославль ул магистральная 7 7"" targets посевной газон; overlap=2/10; formats=left[marketplace_directory:10];right[marketplace_directory:7,service_landing:2,topic_landing:1]; stored top-10 result types and query wording require separate canonical answers.","overlap=2/10; formats=left[marketplace_directory:10];right[marketplace_directory:7,service_landing:2,topic_landing:1]; stored queries Q000042/Q000048; shared URLs=https://avito.ru/yaroslavl/predlozheniya_uslug/|https://avito.ru/yaroslavl/predlozheniya_uslug/sad_blagoustroystvo-ASgBAgICAUSYC8KfAQ/."
PAIR-F499DC63B8EF,separate_destinations,reviewed,codex-2026-08-28,"different need after independent review: ""газон под ключ полесье ярославль"" targets устройство газона, while ""рулонный газон"" targets рулонный газон; overlap=2/10; formats=left[marketplace_directory:10];right[marketplace_directory:2,product_catalog:7,topic_landing:1]; stored top-10 result types and query wording require separate canonical answers.","overlap=2/10; formats=left[marketplace_directory:10];right[marketplace_directory:2,product_catalog:7,topic_landing:1]; stored queries Q000042/Q000052; shared URLs=https://avito.ru/yaroslavl/rasteniya/|https://avito.ru/yaroslavl/rasteniya/sadovye_rasteniya/gazon-ASgBAgICAkT8lRW4zpEDoJgV2NqRAw/."
PAIR-1422A7088C0B,separate_destinations,reviewed,codex-2026-08-28,"different need after independent review: ""газон под ключ полесье ярославль"" targets устройство газона, while ""рулонный газон цена"" targets рулонный газон; overlap=2/10; formats=left[marketplace_directory:10];right[marketplace_directory:2,product_catalog:6,topic_landing:2]; stored top-10 result types and query wording require separate canonical answers.","overlap=2/10; formats=left[marketplace_directory:10];right[marketplace_directory:2,product_catalog:6,topic_landing:2]; stored queries Q000042/Q000054; shared URLs=https://avito.ru/yaroslavl/rasteniya/|https://avito.ru/yaroslavl/rasteniya/sadovye_rasteniya/gazon-ASgBAgICAkT8lRW4zpEDoJgV2NqRAw/."
PAIR-AB4875D808A1,separate_destinations,reviewed,codex-2026-08-28,"different need after independent review: ""газон под ключ полесье ярославль"" targets устройство газона, while ""рулонный газон ярославль"" targets рулонный газон; overlap=2/10; formats=left[marketplace_directory:10];right[marketplace_directory:3,product_catalog:4,topic_landing:3]; stored top-10 result types and query wording require separate canonical answers.","overlap=2/10; formats=left[marketplace_directory:10];right[marketplace_directory:3,product_catalog:4,topic_landing:3]; stored queries Q000042/Q000055; shared URLs=https://avito.ru/yaroslavl/|https://avito.ru/yaroslavl/rasteniya/sadovye_rasteniya/gazon-ASgBAgICAkT8lRW4zpEDoJgV2NqRAw/."
PAIR-88FC80589557,separate_destinations,reviewed,codex-2026-08-28,"different need after independent review: ""газон под ключ полесье ярославль"" targets устройство газона, while ""цена за метр раскатного газона"" targets рулонный газон; overlap=3/10; formats=left[marketplace_directory:10];right[marketplace_directory:3,product_catalog:5,service_landing:1,topic_landing:1]; stored top-10 result types and query wording require separate canonical answers.","overlap=3/10; formats=left[marketplace_directory:10];right[marketplace_directory:3,product_catalog:5,service_landing:1,topic_landing:1]; stored queries Q000042/Q000058; shared URLs=https://avito.ru/yaroslavl/predlozheniya_uslug/|https://avito.ru/yaroslavl/rasteniya/|https://avito.ru/yaroslavl/rasteniya/sadovye_rasteniya/gazon-ASgBAgICAkT8lRW4zpEDoJgV2NqRAw/."
PAIR-0FE6AFF82088,separate_destinations,reviewed,codex-2026-08-28,"different need after independent review: ""газон под ключ цена"" targets устройство газона, while ""полив газонов ярославль"" targets автоматический полив газона; overlap=2/10; formats=left[marketplace_directory:6,service_landing:4];right[marketplace_directory:7,product_catalog:1,service_landing:1,topic_landing:1]; stored top-10 result types and query wording require separate canonical answers.","overlap=2/10; formats=left[marketplace_directory:6,service_landing:4];right[marketplace_directory:7,product_catalog:1,service_landing:1,topic_landing:1]; stored queries Q000043/Q000046; shared URLs=https://avito.ru/yaroslavl/predlozheniya_uslug/|https://avito.ru/yaroslavl/predlozheniya_uslug/sad_blagoustroystvo-ASgBAgICAUSYC8KfAQ/."
PAIR-E14FE0DE7F54,separate_destinations,reviewed,codex-2026-08-28,"different need after independent review: ""газон под ключ цена"" targets устройство газона, while ""посевной газон под ключ г ярославль ул магистральная 7 7"" targets посевной газон; overlap=2/10; formats=left[marketplace_directory:6,service_landing:4];right[marketplace_directory:7,service_landing:2,topic_landing:1]; stored top-10 result types and query wording require separate canonical answers.","overlap=2/10; formats=left[marketplace_directory:6,service_landing:4];right[marketplace_directory:7,service_landing:2,topic_landing:1]; stored queries Q000043/Q000048; shared URLs=https://avito.ru/yaroslavl/predlozheniya_uslug/|https://avito.ru/yaroslavl/predlozheniya_uslug/sad_blagoustroystvo-ASgBAgICAUSYC8KfAQ/."
PAIR-7D295E63B3F9,separate_destinations,reviewed,codex-2026-08-28,"different need after independent review: ""газон под ключ цена"" targets устройство газона, while ""цена за метр раскатного газона"" targets рулонный газон; overlap=2/10; formats=left[marketplace_directory:6,service_landing:4];right[marketplace_directory:3,product_catalog:5,service_landing:1,topic_landing:1]; stored top-10 result types and query wording require separate canonical answers.","overlap=2/10; formats=left[marketplace_directory:6,service_landing:4];right[marketplace_directory:3,product_catalog:5,service_landing:1,topic_landing:1]; stored queries Q000043/Q000058; shared URLs=https://avito.ru/yaroslavl/predlozheniya_uslug/|https://yaroslavl.wetzavet.ru/obustroystvo-gazonov/prays-list/."
PAIR-DD9292E6D537,same_destination,reviewed,codex-2026-08-28,"same need after independent review: ""заказать рулонные газоны"" (рулонный газон) and ""рулонный газон"" (рулонный газон) converge on one canonical answer; overlap=7/10; formats=left[product_catalog:9,topic_landing:1];right[marketplace_directory:2,product_catalog:7,topic_landing:1]; stored top-10 result types and query wording support one service page.","overlap=7/10; formats=left[product_catalog:9,topic_landing:1];right[marketplace_directory:2,product_catalog:7,topic_landing:1]; stored queries Q000045/Q000052; shared URLs=https://gazoncity.ru/catalog/rulonnyy_gazon/|https://ozon.ru/category/rulonnyy-gazon/|https://yaroslavl.det-ploshadka.ru/pokrytiya/gazon/rulonnyy/|https://yaroslavl.toruda.ru/pokritie/gazon/rulonnij/|https://yaroslavly.gazon-ka.ru/|https://yaroslavly.gazon-ka.ru/catalog/rulonnyy_gazon/rulonnyy_gazon_ekonom.html/|https://yaroslavly.gazon-ka.ru/catalog/rulonnyy_gazon/standartnyy_rulonnyy_gazon.html/."
PAIR-8F6CF90F81BC,same_destination,reviewed,codex-2026-08-28,"same need after independent review: ""заказать рулонные газоны"" (рулонный газон) and ""рулонный газон ярославль"" (рулонный газон) converge on one canonical answer; overlap=2/10; formats=left[product_catalog:9,topic_landing:1];right[marketplace_directory:3,product_catalog:4,topic_landing:3]; stored top-10 result types and query wording support one service page.","overlap=2/10; formats=left[product_catalog:9,topic_landing:1];right[marketplace_directory:3,product_catalog:4,topic_landing:3]; stored queries Q000045/Q000055; shared URLs=https://yaroslavl.det-ploshadka.ru/pokrytiya/gazon/rulonnyy/|https://yaroslavly.gazon-ka.ru/catalog/rulonnyy_gazon/standartnyy_rulonnyy_gazon.html/."
PAIR-8D590D257031,same_destination,reviewed,codex-2026-08-28,"same need after independent review: ""заказать рулонные газоны"" (рулонный газон) and ""цена за метр раскатного газона"" (рулонный газон) converge on one canonical answer; overlap=2/10; formats=left[product_catalog:9,topic_landing:1];right[marketplace_directory:3,product_catalog:5,service_landing:1,topic_landing:1]; stored top-10 result types and query wording support one service page.","overlap=2/10; formats=left[product_catalog:9,topic_landing:1];right[marketplace_directory:3,product_catalog:5,service_landing:1,topic_landing:1]; stored queries Q000045/Q000058; shared URLs=https://yaroslavl.det-ploshadka.ru/pokrytiya/gazon/rulonnyy/|https://yaroslavly.gazon-ka.ru/catalog/rulonnyy_gazon/standartnyy_rulonnyy_gazon.html/."
PAIR-10C67F31A394,separate_destinations,reviewed,codex-2026-08-28,"different need after independent review: ""полив газонов ярославль"" targets автоматический полив газона, while ""посевной газон под ключ г ярославль ул магистральная 7 7"" targets посевной газон; overlap=2/10; formats=left[marketplace_directory:7,product_catalog:1,service_landing:1,topic_landing:1];right[marketplace_directory:7,service_landing:2,topic_landing:1]; stored top-10 result types and query wording require separate canonical answers.","overlap=2/10; formats=left[marketplace_directory:7,product_catalog:1,service_landing:1,topic_landing:1];right[marketplace_directory:7,service_landing:2,topic_landing:1]; stored queries Q000046/Q000048; shared URLs=https://avito.ru/yaroslavl/predlozheniya_uslug/|https://avito.ru/yaroslavl/predlozheniya_uslug/sad_blagoustroystvo-ASgBAgICAUSYC8KfAQ/."
PAIR-B540D2B1CA9A,separate_destinations,reviewed,codex-2026-08-28,"different need after independent review: ""полив газонов ярославль"" targets автоматический полив газона, while ""устройство газона"" targets устройство газона; overlap=2/10; formats=left[marketplace_directory:7,product_catalog:1,service_landing:1,topic_landing:1];right[article_guide:5,marketplace_directory:2,service_landing:1,topic_landing:2]; stored top-10 result types and query wording require separate canonical answers.","overlap=2/10; formats=left[marketplace_directory:7,product_catalog:1,service_landing:1,topic_landing:1];right[article_guide:5,marketplace_directory:2,service_landing:1,topic_landing:2]; stored queries Q000046/Q000057; shared URLs=https://avito.ru/yaroslavl/predlozheniya_uslug/|https://uslugi.yandex.ru/16-yaroslavl/category/."
PAIR-6B55EE8F8DF4,same_destination,reviewed,codex-2026-08-28,"same need after independent review: ""посевной газон"" (посевной газон) and ""посевной газон цена"" (посевной газон) converge on one canonical answer; overlap=5/10; formats=left[article_guide:2,product_catalog:7,topic_landing:1];right[product_catalog:10]; stored top-10 result types and query wording support one service page.","overlap=5/10; formats=left[article_guide:2,product_catalog:7,topic_landing:1];right[product_catalog:10]; stored queries Q000047/Q000049; shared URLs=https://market.yandex.ru/search/|https://ozon.ru/category/gazonnaya-trava/|https://vseinstrumenti.ru/category/semena-gazonnoj-travy-6720/|https://vseinstrumenti.ru/tag-page/gazonnaya-trava-universalnaya-100404/|https://wildberries.ru/catalog/dom/dachniy-sezon/rasteniya-semena-i-grunty/tags/gazonnaja-trava/."
PAIR-5614E8B1C9EE,same_destination,reviewed,codex-2026-08-28,"same need after independent review: ""рулонный газон"" (рулонный газон) and ""рулонный газон цена"" (рулонный газон) converge on one canonical answer; overlap=8/10; formats=left[marketplace_directory:2,product_catalog:7,topic_landing:1];right[marketplace_directory:2,product_catalog:6,topic_landing:2]; stored top-10 result types and query wording support one service page.","overlap=8/10; formats=left[marketplace_directory:2,product_catalog:7,topic_landing:1];right[marketplace_directory:2,product_catalog:6,topic_landing:2]; stored queries Q000052/Q000054; shared URLs=https://avito.ru/yaroslavl/rasteniya/|https://avito.ru/yaroslavl/rasteniya/sadovye_rasteniya/gazon-ASgBAgICAkT8lRW4zpEDoJgV2NqRAw/|https://gazoncity.ru/catalog/rulonnyy_gazon/|https://ozon.ru/category/rulonnyy-gazon/|https://yaroslavl.det-ploshadka.ru/pokrytiya/gazon/rulonnyy/|https://yaroslavl.toruda.ru/pokritie/gazon/rulonnij/|https://yaroslavly.gazon-ka.ru/catalog/rulonnyy_gazon/rulonnyy_gazon_ekonom.html/|https://yaroslavly.gazon-ka.ru/catalog/rulonnyy_gazon/standartnyy_rulonnyy_gazon.html/."
PAIR-327B0BD57151,same_destination,reviewed,codex-2026-08-28,"same need after independent review: ""рулонный газон"" (рулонный газон) and ""рулонный газон ярославль"" (рулонный газон) converge on one canonical answer; overlap=3/10; formats=left[marketplace_directory:2,product_catalog:7,topic_landing:1];right[marketplace_directory:3,product_catalog:4,topic_landing:3]; stored top-10 result types and query wording support one service page.","overlap=3/10; formats=left[marketplace_directory:2,product_catalog:7,topic_landing:1];right[marketplace_directory:3,product_catalog:4,topic_landing:3]; stored queries Q000052/Q000055; shared URLs=https://avito.ru/yaroslavl/rasteniya/sadovye_rasteniya/gazon-ASgBAgICAkT8lRW4zpEDoJgV2NqRAw/|https://yaroslavl.det-ploshadka.ru/pokrytiya/gazon/rulonnyy/|https://yaroslavly.gazon-ka.ru/catalog/rulonnyy_gazon/standartnyy_rulonnyy_gazon.html/."
PAIR-5B86DFBAB25E,same_destination,reviewed,codex-2026-08-28,"same need after independent review: ""рулонный газон"" (рулонный газон) and ""цена за метр раскатного газона"" (рулонный газон) converge on one canonical answer; overlap=4/10; formats=left[marketplace_directory:2,product_catalog:7,topic_landing:1];right[marketplace_directory:3,product_catalog:5,service_landing:1,topic_landing:1]; stored top-10 result types and query wording support one service page.","overlap=4/10; formats=left[marketplace_directory:2,product_catalog:7,topic_landing:1];right[marketplace_directory:3,product_catalog:5,service_landing:1,topic_landing:1]; stored queries Q000052/Q000058; shared URLs=https://avito.ru/yaroslavl/rasteniya/|https://avito.ru/yaroslavl/rasteniya/sadovye_rasteniya/gazon-ASgBAgICAkT8lRW4zpEDoJgV2NqRAw/|https://yaroslavl.det-ploshadka.ru/pokrytiya/gazon/rulonnyy/|https://yaroslavly.gazon-ka.ru/catalog/rulonnyy_gazon/standartnyy_rulonnyy_gazon.html/."
PAIR-228933D3F68D,same_destination,reviewed,codex-2026-08-28,"same need after independent review: ""рулонный газон цена"" (рулонный газон) and ""рулонный газон ярославль"" (рулонный газон) converge on one canonical answer; overlap=4/10; formats=left[marketplace_directory:2,product_catalog:6,topic_landing:2];right[marketplace_directory:3,product_catalog:4,topic_landing:3]; stored top-10 result types and query wording support one service page.","overlap=4/10; formats=left[marketplace_directory:2,product_catalog:6,topic_landing:2];right[marketplace_directory:3,product_catalog:4,topic_landing:3]; stored queries Q000054/Q000055; shared URLs=https://avito.ru/yaroslavl/rasteniya/sadovye_rasteniya/gazon-ASgBAgICAkT8lRW4zpEDoJgV2NqRAw/|https://yaroslavl.det-ploshadka.ru/pokrytiya/gazon/rulonnyy/|https://yaroslavl.lemanapro.ru/product/gazon-naturalnyy-v-rulone-universalnyy-klassicheskiy-40-x-200-sm-08-m2-13920906/|https://yaroslavly.gazon-ka.ru/catalog/rulonnyy_gazon/standartnyy_rulonnyy_gazon.html/."
PAIR-8822BA1C9E16,same_destination,reviewed,codex-2026-08-28,"same need after independent review: ""рулонный газон ярославль"" (рулонный газон) and ""цена за метр раскатного газона"" (рулонный газон) converge on one canonical answer; overlap=4/10; formats=left[marketplace_directory:3,product_catalog:4,topic_landing:3];right[marketplace_directory:3,product_catalog:5,service_landing:1,topic_landing:1]; stored top-10 result types and query wording support one service page.","overlap=4/10; formats=left[marketplace_directory:3,product_catalog:4,topic_landing:3];right[marketplace_directory:3,product_catalog:5,service_landing:1,topic_landing:1]; stored queries Q000055/Q000058; shared URLs=https://avito.ru/yaroslavl/rasteniya/sadovye_rasteniya/gazon-ASgBAgICAkT8lRW4zpEDoJgV2NqRAw/|https://ozon.ru/category/gazonnaya-trava-v-rulonah/|https://yaroslavl.det-ploshadka.ru/pokrytiya/gazon/rulonnyy/|https://yaroslavly.gazon-ka.ru/catalog/rulonnyy_gazon/standartnyy_rulonnyy_gazon.html/."
PAIR-B87CA856D119,same_destination,reviewed,codex-2026-08-28,"same need after independent review: ""заказать посадку дерева"" (посадка деревьев и кустарников) and ""озеленение участка"" (посадка деревьев и кустарников) converge on one canonical answer; overlap=2/10; formats=left[marketplace_directory:5,product_catalog:2,topic_landing:3];right[marketplace_directory:5,service_landing:1,topic_landing:4]; stored top-10 result types and query wording support one service page.","overlap=2/10; formats=left[marketplace_directory:5,product_catalog:2,topic_landing:3];right[marketplace_directory:5,service_landing:1,topic_landing:4]; stored queries Q000060/Q000061; shared URLs=https://avito.ru/yaroslavl/predlozheniya_uslug/|https://uslugi.yandex.ru/10841-yaroslavl-oblast/category/."
PAIR-2140502CA91D,same_destination,reviewed,codex-2026-08-28,"same need after independent review: ""заказать посадку дерева"" (посадка деревьев и кустарников) and ""услуги по выбору и посадке фруктовых деревьев в ярославле"" (посадка деревьев и кустарников) converge on one canonical answer; overlap=3/10; formats=left[marketplace_directory:5,product_catalog:2,topic_landing:3];right[marketplace_directory:10]; stored top-10 result types and query wording support one service page.","overlap=3/10; formats=left[marketplace_directory:5,product_catalog:2,topic_landing:3];right[marketplace_directory:10]; stored queries Q000060/Q000068; shared URLs=https://avito.ru/yaroslavl/predlozheniya_uslug/|https://avito.ru/yaroslavl/predlozheniya_uslug/sad_blagoustroystvo/ozelenenie_uhod_za_sadom_i_ogorodom/posadka_derevev-ASgBAgICA0SYC8KfAdCuDvy80AHWrw_8x_MC/|https://uslugi.yandex.ru/16-yaroslavl/category/."
PAIR-84F32E9A7FA2,same_destination,reviewed,codex-2026-08-28,"same need after independent review: ""озеленение участка"" (посадка деревьев и кустарников) and ""озеленение участка под ключ и благоустройство ярославль"" (посадка деревьев и кустарников) converge on one canonical answer; overlap=3/10; formats=left[marketplace_directory:5,service_landing:1,topic_landing:4];right[marketplace_directory:3,service_landing:4,topic_landing:3]; stored top-10 result types and query wording support one service page.","overlap=3/10; formats=left[marketplace_directory:5,service_landing:1,topic_landing:4];right[marketplace_directory:3,service_landing:4,topic_landing:3]; stored queries Q000061/Q000062; shared URLs=https://avito.ru/yaroslavl/predlozheniya_uslug/|https://filsad.ru/|https://progarden.group/."
PAIR-95AA19E940D1,same_destination,reviewed,codex-2026-08-28,"same need after independent review: ""озеленение участка"" (посадка деревьев и кустарников) and ""стоимость посадки деревьев"" (посадка деревьев и кустарников) converge on one canonical answer; overlap=2/10; formats=left[marketplace_directory:5,service_landing:1,topic_landing:4];right[marketplace_directory:8,service_landing:1,topic_landing:1]; stored top-10 result types and query wording support one service page.","overlap=2/10; formats=left[marketplace_directory:5,service_landing:1,topic_landing:4];right[marketplace_directory:8,service_landing:1,topic_landing:1]; stored queries Q000061/Q000067; shared URLs=https://avito.ru/yaroslavl/predlozheniya_uslug/|https://uslugi.yandex.ru/10841-yaroslavl-oblast/category/."
PAIR-FD5B41C792B1,same_destination,reviewed,codex-2026-08-28,"same need after independent review: ""посадка деревьев"" (посадка деревьев и кустарников) and ""посадка кустарников"" (посадка деревьев и кустарников) converge on one canonical answer; overlap=3/10; formats=left[article_guide:6,topic_landing:4];right[article_guide:5,topic_landing:5]; stored top-10 result types and query wording support one service page.","overlap=3/10; formats=left[article_guide:6,topic_landing:4];right[article_guide:5,topic_landing:5]; stored queries Q000063/Q000065; shared URLs=https://konturland.ru/articles/posadka_dereviev_kustarnikov/|https://mvideo.ru/blog/pomogaem-razobratsya/zdes-budet-gorod-sad-kak-i-kogda-sazhat-plodovye-derevya-i-kustarniki/|https://treeschool.ru/articles/posadka-derevev-i-kustarnikov-rekomendacii-i-pravila-chast-1/."
PAIR-F26C78F70668,separate_destinations,reviewed,codex-2026-08-28,"different need after independent review: ""заказать обрезку деревьев"" targets обрезка деревьев и кустарников, while ""уход за садом цена"" targets уход за садом; overlap=3/10; formats=left[marketplace_directory:10];right[marketplace_directory:10]; stored top-10 result types and query wording require separate canonical answers.",overlap=3/10; formats=left[marketplace_directory:10];right[marketplace_directory:10]; stored queries Q000069/Q000079; shared URLs=https://avito.ru/yaroslavl/predlozheniya_uslug/|https://avito.ru/yaroslavl/predlozheniya_uslug/sad_blagoustroystvo-ASgBAgICAUSYC8KfAQ/|https://uslugi.yandex.ru/16-yaroslavl/category/.
PAIR-D486F102809D,same_destination,reviewed,codex-2026-08-28,"same need after independent review: ""найти садовника на участок в рыбинске"" (уход за садом) and ""сезонный уход за садом рыбинск"" (уход за садом) converge on one canonical answer; overlap=3/10; formats=left[marketplace_directory:10];right[marketplace_directory:8,topic_landing:2]; stored top-10 result types and query wording support one service page.","overlap=3/10; formats=left[marketplace_directory:10];right[marketplace_directory:8,topic_landing:2]; stored queries Q000071/Q000077; shared URLs=https://avito.ru/rybinsk/predlozheniya_uslug/sad_blagoustroystvo-ASgBAgICAUSYC8KfAQ/|https://uslugi.yandex.ru/10839-rybinsk/category/|https://uslugi.yandex.ru/10839-rybinsk/category/hozyajstvo-i-uborka/sad-i-ogorod/sadovnik--3119/."
PAIR-14134A689CA4,same_destination,reviewed,codex-2026-08-28,"same need after independent review: ""обрезка деревьев"" (обрезка деревьев и кустарников) and ""обрезка кустарников"" (обрезка деревьев и кустарников) converge on one canonical answer; overlap=2/10; formats=left[article_guide:1,marketplace_directory:2,topic_landing:7];right[article_guide:4,topic_landing:6]; stored top-10 result types and query wording support one service page.","overlap=2/10; formats=left[article_guide:1,marketplace_directory:2,topic_landing:7];right[article_guide:4,topic_landing:6]; stored queries Q000072/Q000074; shared URLs=https://kutepovo.ru/blogdachnika/sovety-pokupatelyam/obrezka-derevev-i-kustarnikov-rukovodstvo-dlya-sadovoda/|https://rskrf.ru/tips/eksperty-obyasnyayut/kak-i-zachem-obrezat-derevya-osenyu-neobkhodimost-plyusy-i-minusy-pravila/."
PAIR-C93CC171670B,same_destination,reviewed,codex-2026-08-28,"same need after independent review: ""обслуживание садов"" (уход за садом) and ""уход за садом"" (уход за садом) converge on one canonical answer; overlap=3/10; formats=left[marketplace_directory:5,service_landing:3,topic_landing:2];right[article_guide:1,marketplace_directory:3,topic_landing:6]; stored top-10 result types and query wording support one service page.","overlap=3/10; formats=left[marketplace_directory:5,service_landing:3,topic_landing:2];right[article_guide:1,marketplace_directory:3,topic_landing:6]; stored queries Q000075/Q000078; shared URLs=https://avito.ru/yaroslavl/predlozheniya_uslug/sad_blagoustroystvo/ozelenenie_uhod_za_sadom_i_ogorodom-ASgBAgICAkSYC8KfAdCuDvy80AE/|https://progarden.group/services/uhod-za-sadom/|https://uslugi.yandex.ru/16-yaroslavl/category/hozyajstvo-i-uborka/sad-i-ogorod--3115/."
PAIR-B1174A12C6C6,same_destination,reviewed,codex-2026-08-28,"same need after independent review: ""обслуживание садов"" (уход за садом) and ""уход за садом цена"" (уход за садом) converge on one canonical answer; overlap=3/10; formats=left[marketplace_directory:5,service_landing:3,topic_landing:2];right[marketplace_directory:10]; stored top-10 result types and query wording support one service page.","overlap=3/10; formats=left[marketplace_directory:5,service_landing:3,topic_landing:2];right[marketplace_directory:10]; stored queries Q000075/Q000079; shared URLs=https://avito.ru/yaroslavl/predlozheniya_uslug/sad_blagoustroystvo/ozelenenie_uhod_za_sadom_i_ogorodom-ASgBAgICAkSYC8KfAdCuDvy80AE/|https://uslugi.yandex.ru/16-yaroslavl/category/|https://uslugi.yandex.ru/16-yaroslavl/category/hozyajstvo-i-uborka/sad-i-ogorod--3115/."
PAIR-02112CF5021A,same_destination,reviewed,codex-2026-08-28,"same need after independent review: ""уход за садом"" (уход за садом) and ""уход за садом цена"" (уход за садом) converge on one canonical answer; overlap=3/10; formats=left[article_guide:1,marketplace_directory:3,topic_landing:6];right[marketplace_directory:10]; stored top-10 result types and query wording support one service page.","overlap=3/10; formats=left[article_guide:1,marketplace_directory:3,topic_landing:6];right[marketplace_directory:10]; stored queries Q000078/Q000079; shared URLs=https://avito.ru/yaroslavl/predlozheniya_uslug/|https://avito.ru/yaroslavl/predlozheniya_uslug/sad_blagoustroystvo/ozelenenie_uhod_za_sadom_i_ogorodom-ASgBAgICAkSYC8KfAdCuDvy80AE/|https://uslugi.yandex.ru/16-yaroslavl/category/hozyajstvo-i-uborka/sad-i-ogorod--3115/."
PAIR-F119FF508264,same_destination,reviewed,codex-2026-08-28,"same need after independent review: ""вертикальная планировка участка рыбинск"" (планировка территории) and ""планировка участка рыбинск"" (планировка территории) converge on one canonical answer; overlap=3/10; formats=left[marketplace_directory:8,topic_landing:2];right[marketplace_directory:10]; stored top-10 result types and query wording support one service page.","overlap=3/10; formats=left[marketplace_directory:8,topic_landing:2];right[marketplace_directory:10]; stored queries Q000080/Q000096; shared URLs=https://avito.ru/rybinsk/predlozheniya_uslug/|https://avito.ru/rybinsk/predlozheniya_uslug/sad_blagoustroystvo/zemlyanye_raboty-ASgBAgICAkSYC8KfAdCuDvq80AE/|https://avito.ru/rybinsk/predlozheniya_uslug/tag/vyravnivanie-uchastka/."
PAIR-694BB9DC87B9,same_destination,reviewed,codex-2026-08-28,"same need after independent review: ""выравнивание участка"" (выравнивание и изменение отметок участка) and ""выравнивание участка цена"" (выравнивание и изменение отметок участка) converge on one canonical answer; overlap=4/10; formats=left[marketplace_directory:6,service_landing:1,topic_landing:3];right[marketplace_directory:10]; stored top-10 result types and query wording support one service page.","overlap=4/10; formats=left[marketplace_directory:6,service_landing:1,topic_landing:3];right[marketplace_directory:10]; stored queries Q000081/Q000082; shared URLs=https://avito.ru/yaroslavl/predlozheniya_uslug/|https://avito.ru/yaroslavl/predlozheniya_uslug/tag/vyravnivanie-uchastka/|https://uslugi.yandex.ru/10841-yaroslavl-oblast/category/|https://uslugi.yandex.ru/16-yaroslavl/category/."
PAIR-D1B2A83739BF,same_destination,reviewed,codex-2026-08-28,"same need after independent review: ""выравнивание участка"" (выравнивание и изменение отметок участка) and ""заказать выравнивание участка"" (выравнивание и изменение отметок участка) converge on one canonical answer; overlap=6/10; formats=left[marketplace_directory:6,service_landing:1,topic_landing:3];right[marketplace_directory:7,service_landing:2,topic_landing:1]; stored top-10 result types and query wording support one service page.","overlap=6/10; formats=left[marketplace_directory:6,service_landing:1,topic_landing:3];right[marketplace_directory:7,service_landing:2,topic_landing:1]; stored queries Q000081/Q000088; shared URLs=https://avito.ru/yaroslavl/predlozheniya_uslug/|https://avito.ru/yaroslavl/predlozheniya_uslug/tag/vyravnivanie-uchastka/|https://uslugi.yandex.ru/10841-yaroslavl-oblast/category/|https://uslugi.yandex.ru/16-yaroslavl/category/|https://yaroslavl.blago-s.ru/catalog/zemlyanye-raboty/vyravnivanie-uchastka/|https://yaroslavl.topsadovnik.ru/vyravnivanie-uchastka/."
PAIR-820F837EDD37,separate_destinations,reviewed,codex-2026-08-28,"different need after independent review: ""выравнивание участка"" targets выравнивание и изменение отметок участка, while ""заказать планировку участка"" targets планировка территории; overlap=3/10; formats=left[marketplace_directory:6,service_landing:1,topic_landing:3];right[marketplace_directory:7,service_landing:2,topic_landing:1]; stored top-10 result types and query wording require separate canonical answers.","overlap=3/10; formats=left[marketplace_directory:6,service_landing:1,topic_landing:3];right[marketplace_directory:7,service_landing:2,topic_landing:1]; stored queries Q000081/Q000089; shared URLs=https://avito.ru/yaroslavl/predlozheniya_uslug/|https://uslugi.yandex.ru/10841-yaroslavl-oblast/category/|https://uslugi.yandex.ru/16-yaroslavl/category/."
PAIR-0446D7CE9919,separate_destinations,reviewed,codex-2026-08-28,"different need after independent review: ""выравнивание участка"" targets выравнивание и изменение отметок участка, while ""планировка территории цена"" targets планировка территории; overlap=3/10; formats=left[marketplace_directory:6,service_landing:1,topic_landing:3];right[marketplace_directory:9,topic_landing:1]; stored top-10 result types and query wording require separate canonical answers.","overlap=3/10; formats=left[marketplace_directory:6,service_landing:1,topic_landing:3];right[marketplace_directory:9,topic_landing:1]; stored queries Q000081/Q000093; shared URLs=https://avito.ru/yaroslavl/predlozheniya_uslug/|https://uslugi.yandex.ru/10841-yaroslavl-oblast/category/|https://uslugi.yandex.ru/16-yaroslavl/category/."
PAIR-F9F9568B285B,separate_destinations,reviewed,codex-2026-08-28,"different need after independent review: ""выравнивание участка"" targets выравнивание и изменение отметок участка, while ""планировка участка цена"" targets планировка территории; overlap=3/10; formats=left[marketplace_directory:6,service_landing:1,topic_landing:3];right[marketplace_directory:10]; stored top-10 result types and query wording require separate canonical answers.","overlap=3/10; formats=left[marketplace_directory:6,service_landing:1,topic_landing:3];right[marketplace_directory:10]; stored queries Q000081/Q000097; shared URLs=https://avito.ru/yaroslavl/predlozheniya_uslug/|https://uslugi.yandex.ru/10841-yaroslavl-oblast/category/|https://uslugi.yandex.ru/16-yaroslavl/category/."
PAIR-EB15670FBCD3,separate_destinations,reviewed,codex-2026-08-28,"different need after independent review: ""выравнивание участка"" targets выравнивание и изменение отметок участка, while ""планировка участка ярославль"" targets планировка территории; overlap=3/10; formats=left[marketplace_directory:6,service_landing:1,topic_landing:3];right[marketplace_directory:7,service_landing:1,topic_landing:2]; stored top-10 result types and query wording require separate canonical answers.","overlap=3/10; formats=left[marketplace_directory:6,service_landing:1,topic_landing:3];right[marketplace_directory:7,service_landing:1,topic_landing:2]; stored queries Q000081/Q000098; shared URLs=https://avito.ru/yaroslavl/predlozheniya_uslug/|https://mini-pogruzchiki.ru/uslugi/vyravnivanie-uchastka/|https://uslugi.yandex.ru/16-yaroslavl/category/."
PAIR-76AB33993114,same_destination,reviewed,codex-2026-08-28,"same need after independent review: ""выравнивание участка"" (выравнивание и изменение отметок участка) and ""рассчитать стоимость выравнивания участка 5 соток"" (выравнивание и изменение отметок участка) converge on one canonical answer; overlap=4/10; formats=left[marketplace_directory:6,service_landing:1,topic_landing:3];right[marketplace_directory:4,service_landing:1,topic_landing:5]; stored top-10 result types and query wording support one service page.","overlap=4/10; formats=left[marketplace_directory:6,service_landing:1,topic_landing:3];right[marketplace_directory:4,service_landing:1,topic_landing:5]; stored queries Q000081/Q000099; shared URLs=https://avito.ru/yaroslavl/predlozheniya_uslug/|https://uslugi.yandex.ru/10841-yaroslavl-oblast/category/|https://yaroslavl.blago-s.ru/catalog/zemlyanye-raboty/vyravnivanie-uchastka/|https://yaroslavl.topsadovnik.ru/vyravnivanie-uchastka/."
PAIR-12284CE31888,same_destination,reviewed,codex-2026-08-28,"same need after independent review: ""выравнивание участка цена"" (выравнивание и изменение отметок участка) and ""выравнивание участка ярославль"" (выравнивание и изменение отметок участка) converge on one canonical answer; overlap=3/10; formats=left[marketplace_directory:10];right[article_guide:1,marketplace_directory:8,topic_landing:1]; stored top-10 result types and query wording support one service page.","overlap=3/10; formats=left[marketplace_directory:10];right[article_guide:1,marketplace_directory:8,topic_landing:1]; stored queries Q000082/Q000083; shared URLs=https://avito.ru/yaroslavl/predlozheniya_uslug/|https://avito.ru/yaroslavl/predlozheniya_uslug/tag/vyravnivanie-uchastka/|https://uslugi.yandex.ru/16-yaroslavl/category/."
PAIR-7E8CEAB275DA,separate_destinations,reviewed,codex-2026-08-28,"different need after independent review: ""выравнивание участка цена"" targets выравнивание и изменение отметок участка, while ""заказать планировку участка"" targets планировка территории; overlap=3/10; formats=left[marketplace_directory:10];right[marketplace_directory:7,service_landing:2,topic_landing:1]; stored top-10 result types and query wording require separate canonical answers.","overlap=3/10; formats=left[marketplace_directory:10];right[marketplace_directory:7,service_landing:2,topic_landing:1]; stored queries Q000082/Q000089; shared URLs=https://avito.ru/yaroslavl/predlozheniya_uslug/|https://uslugi.yandex.ru/10841-yaroslavl-oblast/category/|https://uslugi.yandex.ru/16-yaroslavl/category/."
PAIR-7C63ED7A7A46,separate_destinations,reviewed,codex-2026-08-28,"different need after independent review: ""выравнивание участка цена"" targets выравнивание и изменение отметок участка, while ""планировка территории цена"" targets планировка территории; overlap=3/10; formats=left[marketplace_directory:10];right[marketplace_directory:9,topic_landing:1]; stored top-10 result types and query wording require separate canonical answers.","overlap=3/10; formats=left[marketplace_directory:10];right[marketplace_directory:9,topic_landing:1]; stored queries Q000082/Q000093; shared URLs=https://avito.ru/yaroslavl/predlozheniya_uslug/|https://uslugi.yandex.ru/10841-yaroslavl-oblast/category/|https://uslugi.yandex.ru/16-yaroslavl/category/."
PAIR-78C5469F4706,separate_destinations,reviewed,codex-2026-08-28,"different need after independent review: ""выравнивание участка цена"" targets выравнивание и изменение отметок участка, while ""планировка участка цена"" targets планировка территории; overlap=3/10; formats=left[marketplace_directory:10];right[marketplace_directory:10]; stored top-10 result types and query wording require separate canonical answers.",overlap=3/10; formats=left[marketplace_directory:10];right[marketplace_directory:10]; stored queries Q000082/Q000097; shared URLs=https://avito.ru/yaroslavl/predlozheniya_uslug/|https://uslugi.yandex.ru/10841-yaroslavl-oblast/category/|https://uslugi.yandex.ru/16-yaroslavl/category/.
PAIR-5E1BDF9885D9,separate_destinations,reviewed,codex-2026-08-28,"different need after independent review: ""выравнивание участка цена"" targets выравнивание и изменение отметок участка, while ""планировка участка ярославль"" targets планировка территории; overlap=2/10; formats=left[marketplace_directory:10];right[marketplace_directory:7,service_landing:1,topic_landing:2]; stored top-10 result types and query wording require separate canonical answers.","overlap=2/10; formats=left[marketplace_directory:10];right[marketplace_directory:7,service_landing:1,topic_landing:2]; stored queries Q000082/Q000098; shared URLs=https://avito.ru/yaroslavl/predlozheniya_uslug/|https://uslugi.yandex.ru/16-yaroslavl/category/."
PAIR-00DF2E112E9C,same_destination,reviewed,codex-2026-08-28,"same need after independent review: ""выравнивание участка цена"" (выравнивание и изменение отметок участка) and ""рассчитать стоимость выравнивания участка 5 соток"" (выравнивание и изменение отметок участка) converge on one canonical answer; overlap=2/10; formats=left[marketplace_directory:10];right[marketplace_directory:4,service_landing:1,topic_landing:5]; stored top-10 result types and query wording support one service page.","overlap=2/10; formats=left[marketplace_directory:10];right[marketplace_directory:4,service_landing:1,topic_landing:5]; stored queries Q000082/Q000099; shared URLs=https://avito.ru/yaroslavl/predlozheniya_uslug/|https://uslugi.yandex.ru/10841-yaroslavl-oblast/category/."
PAIR-54B71414A9DC,same_destination,reviewed,codex-2026-08-28,"same need after independent review: ""выравнивание участка ярославль"" (выравнивание и изменение отметок участка) and ""заказать выравнивание участка"" (выравнивание и изменение отметок участка) converge on one canonical answer; overlap=3/10; formats=left[article_guide:1,marketplace_directory:8,topic_landing:1];right[marketplace_directory:7,service_landing:2,topic_landing:1]; stored top-10 result types and query wording support one service page.","overlap=3/10; formats=left[article_guide:1,marketplace_directory:8,topic_landing:1];right[marketplace_directory:7,service_landing:2,topic_landing:1]; stored queries Q000083/Q000088; shared URLs=https://avito.ru/yaroslavl/predlozheniya_uslug/|https://avito.ru/yaroslavl/predlozheniya_uslug/tag/vyravnivanie-uchastka/|https://uslugi.yandex.ru/16-yaroslavl/category/."
PAIR-D74C49E20B33,separate_destinations,reviewed,codex-2026-08-28,"different need after independent review: ""выравнивание участка ярославль"" targets выравнивание и изменение отметок участка, while ""заказать планировку участка"" targets планировка территории; overlap=2/10; formats=left[article_guide:1,marketplace_directory:8,topic_landing:1];right[marketplace_directory:7,service_landing:2,topic_landing:1]; stored top-10 result types and query wording require separate canonical answers.","overlap=2/10; formats=left[article_guide:1,marketplace_directory:8,topic_landing:1];right[marketplace_directory:7,service_landing:2,topic_landing:1]; stored queries Q000083/Q000089; shared URLs=https://avito.ru/yaroslavl/predlozheniya_uslug/|https://uslugi.yandex.ru/16-yaroslavl/category/."
PAIR-100278AAADBE,separate_destinations,reviewed,codex-2026-08-28,"different need after independent review: ""выравнивание участка ярославль"" targets выравнивание и изменение отметок участка, while ""планировка территории цена"" targets планировка территории; overlap=2/10; formats=left[article_guide:1,marketplace_directory:8,topic_landing:1];right[marketplace_directory:9,topic_landing:1]; stored top-10 result types and query wording require separate canonical answers.","overlap=2/10; formats=left[article_guide:1,marketplace_directory:8,topic_landing:1];right[marketplace_directory:9,topic_landing:1]; stored queries Q000083/Q000093; shared URLs=https://avito.ru/yaroslavl/predlozheniya_uslug/|https://uslugi.yandex.ru/16-yaroslavl/category/."
PAIR-1AA78F792DFE,separate_destinations,reviewed,codex-2026-08-28,"different need after independent review: ""выравнивание участка ярославль"" targets выравнивание и изменение отметок участка, while ""планировка участка цена"" targets планировка территории; overlap=2/10; formats=left[article_guide:1,marketplace_directory:8,topic_landing:1];right[marketplace_directory:10]; stored top-10 result types and query wording require separate canonical answers.","overlap=2/10; formats=left[article_guide:1,marketplace_directory:8,topic_landing:1];right[marketplace_directory:10]; stored queries Q000083/Q000097; shared URLs=https://avito.ru/yaroslavl/predlozheniya_uslug/|https://uslugi.yandex.ru/16-yaroslavl/category/."
PAIR-E46A51609AAA,separate_destinations,reviewed,codex-2026-08-28,"different need after independent review: ""выравнивание участка ярославль"" targets выравнивание и изменение отметок участка, while ""планировка участка ярославль"" targets планировка территории; overlap=3/10; formats=left[article_guide:1,marketplace_directory:8,topic_landing:1];right[marketplace_directory:7,service_landing:1,topic_landing:2]; stored top-10 result types and query wording require separate canonical answers.","overlap=3/10; formats=left[article_guide:1,marketplace_directory:8,topic_landing:1];right[marketplace_directory:7,service_landing:1,topic_landing:2]; stored queries Q000083/Q000098; shared URLs=https://avito.ru/yaroslavl/predlozheniya_uslug/|https://mini-pogruzchiki.ru/uslugi/vyravnivanie-uchastka/|https://uslugi.yandex.ru/16-yaroslavl/category/."
PAIR-C8273F1653F5,separate_destinations,reviewed,codex-2026-08-28,"different need after independent review: ""заказать выравнивание участка"" targets выравнивание и изменение отметок участка, while ""заказать планировку участка"" targets планировка территории; overlap=3/10; formats=left[marketplace_directory:7,service_landing:2,topic_landing:1];right[marketplace_directory:7,service_landing:2,topic_landing:1]; stored top-10 result types and query wording require separate canonical answers.","overlap=3/10; formats=left[marketplace_directory:7,service_landing:2,topic_landing:1];right[marketplace_directory:7,service_landing:2,topic_landing:1]; stored queries Q000088/Q000089; shared URLs=https://avito.ru/yaroslavl/predlozheniya_uslug/|https://uslugi.yandex.ru/10841-yaroslavl-oblast/category/|https://uslugi.yandex.ru/16-yaroslavl/category/."
PAIR-D7BC466D6A92,separate_destinations,reviewed,codex-2026-08-28,"different need after independent review: ""заказать выравнивание участка"" targets выравнивание и изменение отметок участка, while ""планировка территории цена"" targets планировка территории; overlap=3/10; formats=left[marketplace_directory:7,service_landing:2,topic_landing:1];right[marketplace_directory:9,topic_landing:1]; stored top-10 result types and query wording require separate canonical answers.","overlap=3/10; formats=left[marketplace_directory:7,service_landing:2,topic_landing:1];right[marketplace_directory:9,topic_landing:1]; stored queries Q000088/Q000093; shared URLs=https://avito.ru/yaroslavl/predlozheniya_uslug/|https://uslugi.yandex.ru/10841-yaroslavl-oblast/category/|https://uslugi.yandex.ru/16-yaroslavl/category/."
PAIR-3DE1BE42E65D,separate_destinations,reviewed,codex-2026-08-28,"different need after independent review: ""заказать выравнивание участка"" targets выравнивание и изменение отметок участка, while ""планировка участка цена"" targets планировка территории; overlap=3/10; formats=left[marketplace_directory:7,service_landing:2,topic_landing:1];right[marketplace_directory:10]; stored top-10 result types and query wording require separate canonical answers.","overlap=3/10; formats=left[marketplace_directory:7,service_landing:2,topic_landing:1];right[marketplace_directory:10]; stored queries Q000088/Q000097; shared URLs=https://avito.ru/yaroslavl/predlozheniya_uslug/|https://uslugi.yandex.ru/10841-yaroslavl-oblast/category/|https://uslugi.yandex.ru/16-yaroslavl/category/."
PAIR-D41467B75663,separate_destinations,reviewed,codex-2026-08-28,"different need after independent review: ""заказать выравнивание участка"" targets выравнивание и изменение отметок участка, while ""планировка участка ярославль"" targets планировка территории; overlap=2/10; formats=left[marketplace_directory:7,service_landing:2,topic_landing:1];right[marketplace_directory:7,service_landing:1,topic_landing:2]; stored top-10 result types and query wording require separate canonical answers.","overlap=2/10; formats=left[marketplace_directory:7,service_landing:2,topic_landing:1];right[marketplace_directory:7,service_landing:1,topic_landing:2]; stored queries Q000088/Q000098; shared URLs=https://avito.ru/yaroslavl/predlozheniya_uslug/|https://uslugi.yandex.ru/16-yaroslavl/category/."
PAIR-FD7A81B4AD5B,same_destination,reviewed,codex-2026-08-28,"same need after independent review: ""заказать планировку участка"" (планировка территории) and ""планировка участка цена"" (планировка территории) converge on one canonical answer; overlap=3/10; formats=left[marketplace_directory:7,service_landing:2,topic_landing:1];right[marketplace_directory:10]; stored top-10 result types and query wording support one service page.","overlap=3/10; formats=left[marketplace_directory:7,service_landing:2,topic_landing:1];right[marketplace_directory:10]; stored queries Q000089/Q000097; shared URLs=https://avito.ru/yaroslavl/predlozheniya_uslug/|https://uslugi.yandex.ru/10841-yaroslavl-oblast/category/|https://uslugi.yandex.ru/16-yaroslavl/category/."
PAIR-E7E3CD3B8ED7,same_destination,reviewed,codex-2026-08-28,"same need after independent review: ""заказать планировку участка"" (планировка территории) and ""планировка участка ярославль"" (планировка территории) converge on one canonical answer; overlap=5/10; formats=left[marketplace_directory:7,service_landing:2,topic_landing:1];right[marketplace_directory:7,service_landing:1,topic_landing:2]; stored top-10 result types and query wording support one service page.","overlap=5/10; formats=left[marketplace_directory:7,service_landing:2,topic_landing:1];right[marketplace_directory:7,service_landing:1,topic_landing:2]; stored queries Q000089/Q000098; shared URLs=https://avito.ru/yaroslavl/predlozheniya_uslug/|https://avito.ru/yaroslavskaya_oblast/predlozheniya_uslug/|https://uslugi.yandex.ru/16-yaroslavl/category/|https://yaroslavl.blago-s.ru/catalog/planirovka-uchastka/|https://yaroslavl.gbistroj.ru/planirovka-uchastka/."
PAIR-13E54CCBDC3C,separate_destinations,reviewed,codex-2026-08-28,"different need after independent review: ""заказать планировку участка"" targets планировка территории, while ""рассчитать стоимость выравнивания участка 5 соток"" targets выравнивание и изменение отметок участка; overlap=2/10; formats=left[marketplace_directory:7,service_landing:2,topic_landing:1];right[marketplace_directory:4,service_landing:1,topic_landing:5]; stored top-10 result types and query wording require separate canonical answers.","overlap=2/10; formats=left[marketplace_directory:7,service_landing:2,topic_landing:1];right[marketplace_directory:4,service_landing:1,topic_landing:5]; stored queries Q000089/Q000099; shared URLs=https://avito.ru/yaroslavl/predlozheniya_uslug/|https://uslugi.yandex.ru/10841-yaroslavl-oblast/category/."
PAIR-2FF6E4B3A557,same_destination,reviewed,codex-2026-08-28,"same need after independent review: ""планировка территории цена"" (планировка территории) and ""планировка участка цена"" (планировка территории) converge on one canonical answer; overlap=3/10; formats=left[marketplace_directory:9,topic_landing:1];right[marketplace_directory:10]; stored top-10 result types and query wording support one service page.","overlap=3/10; formats=left[marketplace_directory:9,topic_landing:1];right[marketplace_directory:10]; stored queries Q000093/Q000097; shared URLs=https://avito.ru/yaroslavl/predlozheniya_uslug/|https://uslugi.yandex.ru/10841-yaroslavl-oblast/category/|https://uslugi.yandex.ru/16-yaroslavl/category/."
PAIR-839C819CB717,same_destination,reviewed,codex-2026-08-28,"same need after independent review: ""планировка территории цена"" (планировка территории) and ""планировка участка ярославль"" (планировка территории) converge on one canonical answer; overlap=4/10; formats=left[marketplace_directory:9,topic_landing:1];right[marketplace_directory:7,service_landing:1,topic_landing:2]; stored top-10 result types and query wording support one service page.","overlap=4/10; formats=left[marketplace_directory:9,topic_landing:1];right[marketplace_directory:7,service_landing:1,topic_landing:2]; stored queries Q000093/Q000098; shared URLs=https://avito.ru/yaroslavl/predlozheniya_uslug/|https://avito.ru/yaroslavskaya_oblast/predlozheniya_uslug/|https://uslugi.yandex.ru/16-yaroslavl/category/|https://yaroslavl.gbistroj.ru/planirovka-uchastka/."
PAIR-05884D41D426,separate_destinations,reviewed,codex-2026-08-28,"different need after independent review: ""планировка территории цена"" targets планировка территории, while ""рассчитать стоимость выравнивания участка 5 соток"" targets выравнивание и изменение отметок участка; overlap=2/10; formats=left[marketplace_directory:9,topic_landing:1];right[marketplace_directory:4,service_landing:1,topic_landing:5]; stored top-10 result types and query wording require separate canonical answers.","overlap=2/10; formats=left[marketplace_directory:9,topic_landing:1];right[marketplace_directory:4,service_landing:1,topic_landing:5]; stored queries Q000093/Q000099; shared URLs=https://avito.ru/yaroslavl/predlozheniya_uslug/|https://uslugi.yandex.ru/10841-yaroslavl-oblast/category/."
PAIR-6F74B5491D58,same_destination,reviewed,codex-2026-08-28,"same need after independent review: ""планировка участка цена"" (планировка территории) and ""планировка участка ярославль"" (планировка территории) converge on one canonical answer; overlap=2/10; formats=left[marketplace_directory:10];right[marketplace_directory:7,service_landing:1,topic_landing:2]; stored top-10 result types and query wording support one service page.","overlap=2/10; formats=left[marketplace_directory:10];right[marketplace_directory:7,service_landing:1,topic_landing:2]; stored queries Q000097/Q000098; shared URLs=https://avito.ru/yaroslavl/predlozheniya_uslug/|https://uslugi.yandex.ru/16-yaroslavl/category/."
PAIR-6D93E9E6F910,separate_destinations,reviewed,codex-2026-08-28,"different need after independent review: ""планировка участка цена"" targets планировка территории, while ""рассчитать стоимость выравнивания участка 5 соток"" targets выравнивание и изменение отметок участка; overlap=2/10; formats=left[marketplace_directory:10];right[marketplace_directory:4,service_landing:1,topic_landing:5]; stored top-10 result types and query wording require separate canonical answers.","overlap=2/10; formats=left[marketplace_directory:10];right[marketplace_directory:4,service_landing:1,topic_landing:5]; stored queries Q000097/Q000099; shared URLs=https://avito.ru/yaroslavl/predlozheniya_uslug/|https://uslugi.yandex.ru/10841-yaroslavl-oblast/category/."
PAIR-4B1A65BA17E6,same_destination,reviewed,codex-2026-08-28,"same need after independent review: ""подпорная стенка из бетона"" (устройство подпорной стенки) and ""устройство подпорной стенки"" (устройство подпорной стенки) converge on one canonical answer; overlap=5/10; formats=left[article_guide:4,marketplace_directory:1,product_catalog:1,service_landing:1,topic_landing:3];right[article_guide:5,service_landing:1,topic_landing:4]; stored top-10 result types and query wording support one service page.","overlap=5/10; formats=left[article_guide:4,marketplace_directory:1,product_catalog:1,service_landing:1,topic_landing:3];right[article_guide:5,service_landing:1,topic_landing:4]; stored queries Q000101/Q000106; shared URLs=https://kkgtk.kg/wp-content/uploads/2024/04/Ts48C3dMj45PQvm.pdf/|https://landshaftniy-dizayn.ru/vse-stati/podpornye-stenki-na-uchastke-s-uklonom-materialy-konstruktsii-i-primery/|https://m-strana.ru/articles/kak-sdelat-podpornuyu-stenku/|https://mosobltrotuar.ru/uslugi/ustroystvo-podpornykh-sten-na-uchastke/|https://stroy.telos76.ru/blog/podpornaya-stenka-na-uchastke/."
PAIR-C8BB427DE2B2,same_destination,reviewed,codex-2026-08-28,"same need after independent review: ""подпорная стенка из блоков"" (устройство подпорной стенки) and ""устройство подпорной стенки"" (устройство подпорной стенки) converge on one canonical answer; overlap=2/10; formats=left[marketplace_directory:1,product_catalog:1,topic_landing:8];right[article_guide:5,service_landing:1,topic_landing:4]; stored top-10 result types and query wording support one service page.","overlap=2/10; formats=left[marketplace_directory:1,product_catalog:1,topic_landing:8];right[article_guide:5,service_landing:1,topic_landing:4]; stored queries Q000102/Q000106; shared URLs=https://landshaftniy-dizayn.ru/vse-stati/podpornye-stenki-na-uchastke-s-uklonom-materialy-konstruktsii-i-primery/|https://mosobltrotuar.ru/uslugi/ustroystvo-podpornykh-sten-na-uchastke/."
PAIR-EC2728B5E8CA,same_destination,reviewed,codex-2026-08-28,"same need after independent review: ""подпорная стенка на участке"" (устройство подпорной стенки) and ""устройство подпорной стенки"" (устройство подпорной стенки) converge on one canonical answer; overlap=7/10; formats=left[article_guide:6,topic_landing:4];right[article_guide:5,service_landing:1,topic_landing:4]; stored top-10 result types and query wording support one service page.","overlap=7/10; formats=left[article_guide:6,topic_landing:4];right[article_guide:5,service_landing:1,topic_landing:4]; stored queries Q000104/Q000106; shared URLs=https://dzen.ru/a/acT7blVorWZx05St/|https://landshaftniy-dizayn.ru/vse-stati/podpornye-stenki-na-uchastke-s-uklonom-materialy-konstruktsii-i-primery/|https://m-strana.ru/articles/kak-sdelat-podpornuyu-stenku/|https://planistroy.ru/blog/article/podpornaya-stenka-na-uchastke/|https://room-gpt.ru/blog/podpornye-stenki-na-uchastke-materialy-i-konstrukcii/|https://ru.wikihow.com/%D0%BF%D0%BE%D1%81%D1%82%D1%80%D0%BE%D0%B8%D1%82%D1%8C-%D0%BF%D0%BE%D0%B4%D0%BF%D0%BE%D1%80%D0%BD%D1%83%D1%8E-%D1%81%D1%82%D0%B5%D0%BD%D1%83/|https://stroy.telos76.ru/blog/podpornaya-stenka-na-uchastke/."
PAIR-DE32C5050F9F,separate_destinations,reviewed,codex-2026-08-28,"different need after independent review: ""ландшафтное освещение"" targets товары для ландшафтного освещения, while ""подсветка участка"" targets информационный выбор и схема освещения; overlap=3/10; formats=left[product_catalog:10];right[article_guide:5,product_catalog:4,topic_landing:1]; stored top-10 result types and query wording require separate canonical answers.","overlap=3/10; formats=left[product_catalog:10];right[article_guide:5,product_catalog:4,topic_landing:1]; stored queries Q000107/Q000112; shared URLs=https://ozon.ru/category/landshaftnyy-svetilnik/|https://vseinstrumenti.ru/category/sadovo-parkovye-svetilniki-4475/|https://vseinstrumenti.ru/publication/kak-gramotno-sdelat-landshaftnoe-osveschenie-uchastka-4852/."
PAIR-E9F145411C48,separate_destinations,reviewed,codex-2026-08-28,"different need after independent review: ""монтаж освещения участка рыбинск"" targets монтаж освещения частного участка, while ""уличное освещение рыбинский район"" targets муниципальное уличное освещение и ремонт; overlap=2/10; formats=left[marketplace_directory:6,service_landing:2,topic_landing:2];right[article_guide:1,marketplace_directory:3,topic_landing:6]; stored top-10 result types and query wording require separate canonical answers.","overlap=2/10; formats=left[marketplace_directory:6,service_landing:2,topic_landing:2];right[article_guide:1,marketplace_directory:3,topic_landing:6]; stored queries Q000109/Q000113; shared URLs=https://exp76.ru/services/ulichnoe-osveshhenie-uchastka/|https://uslugi.yandex.ru/10839-rybinsk/category/."
PAIR-70CFDD6A2127,same_destination,reviewed,codex-2026-08-28,"same need after independent review: ""монтаж освещения участка рыбинск"" (монтаж освещения частного участка) and ""уличное освещение частного дома рыбинск"" (монтаж освещения частного участка) converge on one canonical answer; overlap=5/10; formats=left[marketplace_directory:6,service_landing:2,topic_landing:2];right[marketplace_directory:3,product_catalog:2,service_landing:1,topic_landing:4]; stored top-10 result types and query wording support one service page.","overlap=5/10; formats=left[marketplace_directory:6,service_landing:2,topic_landing:2];right[marketplace_directory:3,product_catalog:2,service_landing:1,topic_landing:4]; stored queries Q000109/Q000114; shared URLs=https://exp76.ru/services/ulichnoe-osveshhenie-uchastka/|https://izion.pro/rybinsk/ulichnoe-osveshchenie/|https://rybinsk.toruda.ru/stroitelstvo/montazh-ulichnogo-osveshenija/|https://uslugi.yandex.ru/10839-rybinsk/category/|https://uslugi.yandex.ru/10839-rybinsk/landing/%D0%BC%D0%BE%D0%BD%D1%82%D0%B0%D0%B6%20%D1%84%D0%BE%D0%BD%D0%B0%D1%80%D0%B5%D0%B9%20%D1%83%D0%BB%D0%B8%D1%87%D0%BD%D0%BE%D0%B3%D0%BE%20%D0%BE%D1%81%D0%B2%D0%B5%D1%89%D0%B5%D0%BD%D0%B8%D1%8F/."
PAIR-4CF4E01BB428,separate_destinations,reviewed,codex-2026-08-28,"different need after independent review: ""уличное освещение рыбинский район"" targets муниципальное уличное освещение и ремонт, while ""уличное освещение частного дома рыбинск"" targets монтаж освещения частного участка; overlap=3/10; formats=left[article_guide:1,marketplace_directory:3,topic_landing:6];right[marketplace_directory:3,product_catalog:2,service_landing:1,topic_landing:4]; stored top-10 result types and query wording require separate canonical answers.","overlap=3/10; formats=left[article_guide:1,marketplace_directory:3,topic_landing:6];right[marketplace_directory:3,product_catalog:2,service_landing:1,topic_landing:4]; stored queries Q000113/Q000114; shared URLs=https://avito.ru/rybinsk/predlozheniya_uslug/remont_i_otdelka/elektrika-ASgBAgICAkSYC8CfAcQVsPUB/|https://exp76.ru/services/ulichnoe-osveshhenie-uchastka/|https://uslugi.yandex.ru/10839-rybinsk/category/."
PAIR-DBB8B7DE9029,same_destination,reviewed,codex-2026-08-28,"same need after independent review: ""въезд на участок"" (устройство въезда через канаву) and ""въезд на участок цена"" (устройство въезда через канаву) converge on one canonical answer; overlap=3/10; formats=left[article_guide:3,marketplace_directory:2,service_landing:3,topic_landing:2];right[marketplace_directory:8,service_landing:2]; stored top-10 result types and query wording support one service page.","overlap=3/10; formats=left[article_guide:3,marketplace_directory:2,service_landing:3,topic_landing:2];right[marketplace_directory:8,service_landing:2]; stored queries Q000115/Q000116; shared URLs=https://avito.ru/yaroslavl/predlozheniya_uslug/|https://yaroslavl.blago-s.ru/catalog/zaezd-na-uchastok/|https://yaroslavl.mzog.ru/ustrojstvo-zaezda-na-uchastok/."
PAIR-8A2C42691CBC,same_destination,reviewed,codex-2026-08-28,"same need after independent review: ""въезд на участок"" (устройство въезда через канаву) and ""въезд через канаву"" (устройство въезда через канаву) converge on one canonical answer; overlap=3/10; formats=left[article_guide:3,marketplace_directory:2,service_landing:3,topic_landing:2];right[article_guide:7,marketplace_directory:2,topic_landing:1]; stored top-10 result types and query wording support one service page.","overlap=3/10; formats=left[article_guide:3,marketplace_directory:2,service_landing:3,topic_landing:2];right[article_guide:7,marketplace_directory:2,topic_landing:1]; stored queries Q000115/Q000117; shared URLs=https://avito.ru/yaroslavl/predlozheniya_uslug/|https://dzen.ru/a/Y5h77IS70AhUhPcn/|https://znaet.petrovich.ru/blagoustroystvo/zabory-dorozhki/vezd-na-uchastok/instruktsiya/kak-sdelat-vezd-na-uchastok-cherez-drenazhnuyu-kanavu/."
PAIR-973CF3D204A9,same_destination,reviewed,codex-2026-08-28,"same need after independent review: ""въезд на участок"" (устройство въезда через канаву) and ""въезд через канаву под ключ"" (устройство въезда через канаву) converge on one canonical answer; overlap=4/10; formats=left[article_guide:3,marketplace_directory:2,service_landing:3,topic_landing:2];right[marketplace_directory:4,service_landing:4,topic_landing:2]; stored top-10 result types and query wording support one service page.","overlap=4/10; formats=left[article_guide:3,marketplace_directory:2,service_landing:3,topic_landing:2];right[marketplace_directory:4,service_landing:4,topic_landing:2]; stored queries Q000115/Q000119; shared URLs=https://avito.ru/yaroslavl/predlozheniya_uslug/|https://yaroslavl.blago-s.ru/catalog/zaezd-na-uchastok/|https://yaroslavl.mzog.ru/ustrojstvo-zaezda-na-uchastok/|https://yaroslavl.uchastok-zaezd.ru/."
PAIR-3FE10618D593,same_destination,reviewed,codex-2026-08-28,"same need after independent review: ""въезд на участок"" (устройство въезда через канаву) and ""въезд через канаву цена"" (устройство въезда через канаву) converge on one canonical answer; overlap=4/10; formats=left[article_guide:3,marketplace_directory:2,service_landing:3,topic_landing:2];right[marketplace_directory:6,service_landing:3,topic_landing:1]; stored top-10 result types and query wording support one service page.","overlap=4/10; formats=left[article_guide:3,marketplace_directory:2,service_landing:3,topic_landing:2];right[marketplace_directory:6,service_landing:3,topic_landing:1]; stored queries Q000115/Q000120; shared URLs=https://avito.ru/yaroslavl/predlozheniya_uslug/|https://yaroslavl.blago-s.ru/catalog/zaezd-na-uchastok/|https://yaroslavl.mzog.ru/ustrojstvo-zaezda-na-uchastok/|https://yaroslavl.uchastok-zaezd.ru/."
PAIR-6BACCFB53B1F,same_destination,reviewed,codex-2026-08-28,"same need after independent review: ""въезд на участок"" (устройство въезда через канаву) and ""заезд на участок под ключ"" (устройство въезда через канаву) converge on one canonical answer; overlap=4/10; formats=left[article_guide:3,marketplace_directory:2,service_landing:3,topic_landing:2];right[marketplace_directory:4,service_landing:4,topic_landing:2]; stored top-10 result types and query wording support one service page.","overlap=4/10; formats=left[article_guide:3,marketplace_directory:2,service_landing:3,topic_landing:2];right[marketplace_directory:4,service_landing:4,topic_landing:2]; stored queries Q000115/Q000122; shared URLs=https://avito.ru/yaroslavl/predlozheniya_uslug/|https://yaroslavl.blago-s.ru/catalog/zaezd-na-uchastok/|https://yaroslavl.mzog.ru/ustrojstvo-zaezda-na-uchastok/|https://yaroslavl.uchastok-zaezd.ru/."
PAIR-A98B389D9911,same_destination,reviewed,codex-2026-08-28,"same need after independent review: ""въезд на участок"" (устройство въезда через канаву) and ""заезд на участок цена"" (устройство въезда через канаву) converge on one canonical answer; overlap=4/10; formats=left[article_guide:3,marketplace_directory:2,service_landing:3,topic_landing:2];right[marketplace_directory:5,service_landing:4,topic_landing:1]; stored top-10 result types and query wording support one service page.","overlap=4/10; formats=left[article_guide:3,marketplace_directory:2,service_landing:3,topic_landing:2];right[marketplace_directory:5,service_landing:4,topic_landing:1]; stored queries Q000115/Q000124; shared URLs=https://avito.ru/yaroslavl/predlozheniya_uslug/|https://yaroslavl.blago-s.ru/catalog/zaezd-na-uchastok/|https://yaroslavl.mzog.ru/ustrojstvo-zaezda-na-uchastok/|https://yaroslavl.uchastok-zaezd.ru/."
PAIR-BD046A3457DF,same_destination,reviewed,codex-2026-08-28,"same need after independent review: ""въезд на участок"" (устройство въезда через канаву) and ""заезд на участок через канаву под ключ"" (устройство въезда через канаву) converge on one canonical answer; overlap=4/10; formats=left[article_guide:3,marketplace_directory:2,service_landing:3,topic_landing:2];right[marketplace_directory:4,service_landing:4,topic_landing:2]; stored top-10 result types and query wording support one service page.","overlap=4/10; formats=left[article_guide:3,marketplace_directory:2,service_landing:3,topic_landing:2];right[marketplace_directory:4,service_landing:4,topic_landing:2]; stored queries Q000115/Q000126; shared URLs=https://avito.ru/yaroslavl/predlozheniya_uslug/|https://yaroslavl.blago-s.ru/catalog/zaezd-na-uchastok/|https://yaroslavl.mzog.ru/ustrojstvo-zaezda-na-uchastok/|https://yaroslavl.uchastok-zaezd.ru/."
PAIR-B4AE7274017A,same_destination,reviewed,codex-2026-08-28,"same need after independent review: ""въезд на участок"" (устройство въезда через канаву) and ""заезд на участок через канаву под ключ ярославль"" (устройство въезда через канаву) converge on one canonical answer; overlap=4/10; formats=left[article_guide:3,marketplace_directory:2,service_landing:3,topic_landing:2];right[marketplace_directory:4,service_landing:3,topic_landing:3]; stored top-10 result types and query wording support one service page.","overlap=4/10; formats=left[article_guide:3,marketplace_directory:2,service_landing:3,topic_landing:2];right[marketplace_directory:4,service_landing:3,topic_landing:3]; stored queries Q000115/Q000129; shared URLs=https://avito.ru/yaroslavl/predlozheniya_uslug/|https://yaroslavl.blago-s.ru/catalog/zaezd-na-uchastok/|https://yaroslavl.mzog.ru/ustrojstvo-zaezda-na-uchastok/|https://yaroslavl.uchastok-zaezd.ru/."
PAIR-6E8F59BD70D5,same_destination,reviewed,codex-2026-08-28,"same need after independent review: ""въезд на участок"" (устройство въезда через канаву) and ""заезд на участок через канаву тутаев"" (устройство въезда через канаву) converge on one canonical answer; overlap=2/10; formats=left[article_guide:3,marketplace_directory:2,service_landing:3,topic_landing:2];right[marketplace_directory:4,service_landing:4,topic_landing:2]; stored top-10 result types and query wording support one service page.","overlap=2/10; formats=left[article_guide:3,marketplace_directory:2,service_landing:3,topic_landing:2];right[marketplace_directory:4,service_landing:4,topic_landing:2]; stored queries Q000115/Q000130; shared URLs=https://avito.ru/yaroslavl/predlozheniya_uslug/|https://avito.ru/yaroslavskaya_oblast/predlozheniya_uslug/tag/zaezd-na-uchastok-cherez-kanavu/."
PAIR-765128C49C23,same_destination,reviewed,codex-2026-08-28,"same need after independent review: ""въезд на участок"" (устройство въезда через канаву) and ""заезд на участок через канаву цена"" (устройство въезда через канаву) converge on one canonical answer; overlap=4/10; formats=left[article_guide:3,marketplace_directory:2,service_landing:3,topic_landing:2];right[marketplace_directory:4,service_landing:4,topic_landing:2]; stored top-10 result types and query wording support one service page.","overlap=4/10; formats=left[article_guide:3,marketplace_directory:2,service_landing:3,topic_landing:2];right[marketplace_directory:4,service_landing:4,topic_landing:2]; stored queries Q000115/Q000131; shared URLs=https://avito.ru/yaroslavl/predlozheniya_uslug/|https://yaroslavl.blago-s.ru/catalog/zaezd-na-uchastok/|https://yaroslavl.mzog.ru/ustrojstvo-zaezda-na-uchastok/|https://yaroslavl.uchastok-zaezd.ru/."
PAIR-7A1A81A09B7C,same_destination,reviewed,codex-2026-08-28,"same need after independent review: ""въезд на участок"" (устройство въезда через канаву) and ""заезд через канаву"" (устройство въезда через канаву) converge on one canonical answer; overlap=3/10; formats=left[article_guide:3,marketplace_directory:2,service_landing:3,topic_landing:2];right[article_guide:7,marketplace_directory:2,topic_landing:1]; stored top-10 result types and query wording support one service page.","overlap=3/10; formats=left[article_guide:3,marketplace_directory:2,service_landing:3,topic_landing:2];right[article_guide:7,marketplace_directory:2,topic_landing:1]; stored queries Q000115/Q000132; shared URLs=https://avito.ru/yaroslavl/predlozheniya_uslug/|https://dzen.ru/a/Y5h77IS70AhUhPcn/|https://znaet.petrovich.ru/blagoustroystvo/zabory-dorozhki/vezd-na-uchastok/instruktsiya/kak-sdelat-vezd-na-uchastok-cherez-drenazhnuyu-kanavu/."
PAIR-F8E36FA27D53,same_destination,reviewed,codex-2026-08-28,"same need after independent review: ""въезд на участок"" (устройство въезда через канаву) and ""заказать въезд на участок"" (устройство въезда через канаву) converge on one canonical answer; overlap=4/10; formats=left[article_guide:3,marketplace_directory:2,service_landing:3,topic_landing:2];right[marketplace_directory:7,service_landing:3]; stored top-10 result types and query wording support one service page.","overlap=4/10; formats=left[article_guide:3,marketplace_directory:2,service_landing:3,topic_landing:2];right[marketplace_directory:7,service_landing:3]; stored queries Q000115/Q000135; shared URLs=https://avito.ru/yaroslavl/predlozheniya_uslug/|https://avito.ru/yaroslavskaya_oblast/predlozheniya_uslug/tag/zaezd-na-uchastok-cherez-kanavu/|https://yaroslavl.blago-s.ru/catalog/zaezd-na-uchastok/|https://yaroslavl.uchastok-zaezd.ru/."
PAIR-E11BE4B57B05,same_destination,reviewed,codex-2026-08-28,"same need after independent review: ""въезд на участок цена"" (устройство въезда через канаву) and ""заезд на участок"" (устройство въезда через канаву) converge on one canonical answer; overlap=3/10; formats=left[marketplace_directory:8,service_landing:2];right[article_guide:4,marketplace_directory:2,service_landing:3,topic_landing:1]; stored top-10 result types and query wording support one service page.","overlap=3/10; formats=left[marketplace_directory:8,service_landing:2];right[article_guide:4,marketplace_directory:2,service_landing:3,topic_landing:1]; stored queries Q000116/Q000121; shared URLs=https://avito.ru/yaroslavl/predlozheniya_uslug/|https://yaroslavl.blago-s.ru/catalog/zaezd-na-uchastok/|https://yaroslavl.mzog.ru/ustrojstvo-zaezda-na-uchastok/."
PAIR-1ECA5F77A224,same_destination,reviewed,codex-2026-08-28,"same need after independent review: ""въезд на участок цена"" (устройство въезда через канаву) and ""заезд на участок через канаву в тутаеве"" (устройство въезда через канаву) converge on one canonical answer; overlap=2/10; formats=left[marketplace_directory:8,service_landing:2];right[marketplace_directory:5,service_landing:3,topic_landing:2]; stored top-10 result types and query wording support one service page.","overlap=2/10; formats=left[marketplace_directory:8,service_landing:2];right[marketplace_directory:5,service_landing:3,topic_landing:2]; stored queries Q000116/Q000125; shared URLs=https://avito.ru/yaroslavl/predlozheniya_uslug/|https://uslugi.yandex.ru/16-yaroslavl/category/."
PAIR-6FCBFE29B4D3,same_destination,reviewed,codex-2026-08-28,"same need after independent review: ""въезд на участок цена"" (устройство въезда через канаву) and ""заезд на участок через канаву под ключ тутаев"" (устройство въезда через канаву) converge on one canonical answer; overlap=2/10; formats=left[marketplace_directory:8,service_landing:2];right[marketplace_directory:3,service_landing:5,topic_landing:2]; stored top-10 result types and query wording support one service page.","overlap=2/10; formats=left[marketplace_directory:8,service_landing:2];right[marketplace_directory:3,service_landing:5,topic_landing:2]; stored queries Q000116/Q000128; shared URLs=https://avito.ru/yaroslavl/predlozheniya_uslug/|https://uslugi.yandex.ru/16-yaroslavl/category/."
PAIR-671702906F78,same_destination,reviewed,codex-2026-08-28,"same need after independent review: ""въезд на участок цена"" (устройство въезда через канаву) and ""заезд через канаву на участок"" (устройство въезда через канаву) converge on one canonical answer; overlap=3/10; formats=left[marketplace_directory:8,service_landing:2];right[article_guide:6,marketplace_directory:2,service_landing:2]; stored top-10 result types and query wording support one service page.","overlap=3/10; formats=left[marketplace_directory:8,service_landing:2];right[article_guide:6,marketplace_directory:2,service_landing:2]; stored queries Q000116/Q000133; shared URLs=https://avito.ru/yaroslavl/predlozheniya_uslug/|https://uslugi.yandex.ru/16-yaroslavl/category/|https://yaroslavl.mzog.ru/ustrojstvo-zaezda-na-uchastok/."
PAIR-EAD0A6FF3E2C,same_destination,reviewed,codex-2026-08-28,"same need after independent review: ""въезд на участок цена"" (устройство въезда через канаву) and ""ярославская область сделать въезд в канаву"" (устройство въезда через канаву) converge on one canonical answer; overlap=4/10; formats=left[marketplace_directory:8,service_landing:2];right[marketplace_directory:7,service_landing:3]; stored top-10 result types and query wording support one service page.","overlap=4/10; formats=left[marketplace_directory:8,service_landing:2];right[marketplace_directory:7,service_landing:3]; stored queries Q000116/Q000141; shared URLs=https://avito.ru/yaroslavl/predlozheniya_uslug/|https://avito.ru/yaroslavskaya_oblast/predlozheniya_uslug/|https://uslugi.yandex.ru/16-yaroslavl/category/|https://yaroslavl.mzog.ru/ustrojstvo-zaezda-na-uchastok/."
PAIR-10786873A9C7,same_destination,reviewed,codex-2026-08-28,"same need after independent review: ""въезд через канаву"" (устройство въезда через канаву) and ""заезд на участок"" (устройство въезда через канаву) converge on one canonical answer; overlap=3/10; formats=left[article_guide:7,marketplace_directory:2,topic_landing:1];right[article_guide:4,marketplace_directory:2,service_landing:3,topic_landing:1]; stored top-10 result types and query wording support one service page.","overlap=3/10; formats=left[article_guide:7,marketplace_directory:2,topic_landing:1];right[article_guide:4,marketplace_directory:2,service_landing:3,topic_landing:1]; stored queries Q000117/Q000121; shared URLs=https://avito.ru/yaroslavl/predlozheniya_uslug/|https://zemledelov.ru/articles/kak-sdelat-zaezd-na-uchastok/|https://znaet.petrovich.ru/blagoustroystvo/zabory-dorozhki/vezd-na-uchastok/instruktsiya/kak-sdelat-vezd-na-uchastok-cherez-drenazhnuyu-kanavu/."
PAIR-F9EA872302B9,same_destination,reviewed,codex-2026-08-28,"same need after independent review: ""въезд через канаву"" (устройство въезда через канаву) and ""заезд на участок цена"" (устройство въезда через канаву) converge on one canonical answer; overlap=2/10; formats=left[article_guide:7,marketplace_directory:2,topic_landing:1];right[marketplace_directory:5,service_landing:4,topic_landing:1]; stored top-10 result types and query wording support one service page.","overlap=2/10; formats=left[article_guide:7,marketplace_directory:2,topic_landing:1];right[marketplace_directory:5,service_landing:4,topic_landing:1]; stored queries Q000117/Q000124; shared URLs=https://avito.ru/yaroslavl/predlozheniya_uslug/|https://avito.ru/yaroslavl/predlozheniya_uslug/tag/zaezd-na-uchastok-cherez-kanavu/."
PAIR-5EBBF82B7337,same_destination,reviewed,codex-2026-08-28,"same need after independent review: ""въезд через канаву"" (устройство въезда через канаву) and ""заезд на участок через канаву цена"" (устройство въезда через канаву) converge on one canonical answer; overlap=2/10; formats=left[article_guide:7,marketplace_directory:2,topic_landing:1];right[marketplace_directory:4,service_landing:4,topic_landing:2]; stored top-10 result types and query wording support one service page.","overlap=2/10; formats=left[article_guide:7,marketplace_directory:2,topic_landing:1];right[marketplace_directory:4,service_landing:4,topic_landing:2]; stored queries Q000117/Q000131; shared URLs=https://avito.ru/yaroslavl/predlozheniya_uslug/|https://avito.ru/yaroslavl/predlozheniya_uslug/tag/zaezd-na-uchastok-cherez-kanavu/."
PAIR-9FB0A29A3F8A,same_destination,reviewed,codex-2026-08-28,"same need after independent review: ""въезд через канаву под ключ"" (устройство въезда через канаву) and ""заезд на участок"" (устройство въезда через канаву) converge on one canonical answer; overlap=4/10; formats=left[marketplace_directory:4,service_landing:4,topic_landing:2];right[article_guide:4,marketplace_directory:2,service_landing:3,topic_landing:1]; stored top-10 result types and query wording support one service page.","overlap=4/10; formats=left[marketplace_directory:4,service_landing:4,topic_landing:2];right[article_guide:4,marketplace_directory:2,service_landing:3,topic_landing:1]; stored queries Q000119/Q000121; shared URLs=https://avito.ru/yaroslavl/predlozheniya_uslug/|https://yaroslavl.blago-s.ru/catalog/zaezd-na-uchastok/|https://yaroslavl.mzog.ru/ustrojstvo-zaezda-na-uchastok/|https://yaroslavl.uchastok-zaezd.ru/."
PAIR-6C44078023C5,same_destination,reviewed,codex-2026-08-28,"same need after independent review: ""въезд через канаву под ключ"" (устройство въезда через канаву) and ""заезд на участок через канаву в тутаеве"" (устройство въезда через канаву) converge on one canonical answer; overlap=2/10; formats=left[marketplace_directory:4,service_landing:4,topic_landing:2];right[marketplace_directory:5,service_landing:3,topic_landing:2]; stored top-10 result types and query wording support one service page.","overlap=2/10; formats=left[marketplace_directory:4,service_landing:4,topic_landing:2];right[marketplace_directory:5,service_landing:3,topic_landing:2]; stored queries Q000119/Q000125; shared URLs=https://avito.ru/yaroslavl/predlozheniya_uslug/|https://uslugi.yandex.ru/16-yaroslavl/category/."
PAIR-07B26B01685D,same_destination,reviewed,codex-2026-08-28,"same need after independent review: ""въезд через канаву под ключ"" (устройство въезда через канаву) and ""заезд на участок через канаву под ключ тутаев"" (устройство въезда через канаву) converge on one canonical answer; overlap=3/10; formats=left[marketplace_directory:4,service_landing:4,topic_landing:2];right[marketplace_directory:3,service_landing:5,topic_landing:2]; stored top-10 result types and query wording support one service page.","overlap=3/10; formats=left[marketplace_directory:4,service_landing:4,topic_landing:2];right[marketplace_directory:3,service_landing:5,topic_landing:2]; stored queries Q000119/Q000128; shared URLs=https://avito.ru/yaroslavl/predlozheniya_uslug/|https://exp76.ru/services/vezd-zaezd-na-uchastok-cherez-kanavu-pod-kljuch/|https://uslugi.yandex.ru/16-yaroslavl/category/."
PAIR-FA511E91568A,same_destination,reviewed,codex-2026-08-28,"same need after independent review: ""въезд через канаву под ключ"" (устройство въезда через канаву) and ""заезд на участок через канаву тутаев"" (устройство въезда через канаву) converge on one canonical answer; overlap=2/10; formats=left[marketplace_directory:4,service_landing:4,topic_landing:2];right[marketplace_directory:4,service_landing:4,topic_landing:2]; stored top-10 result types and query wording support one service page.","overlap=2/10; formats=left[marketplace_directory:4,service_landing:4,topic_landing:2];right[marketplace_directory:4,service_landing:4,topic_landing:2]; stored queries Q000119/Q000130; shared URLs=https://avito.ru/yaroslavl/predlozheniya_uslug/|https://exp76.ru/services/vezd-zaezd-na-uchastok-cherez-kanavu-pod-kljuch/."
PAIR-8DFF0D2EAAF2,same_destination,reviewed,codex-2026-08-28,"same need after independent review: ""въезд через канаву под ключ"" (устройство въезда через канаву) and ""заезд через канаву на участок"" (устройство въезда через канаву) converge on one canonical answer; overlap=4/10; formats=left[marketplace_directory:4,service_landing:4,topic_landing:2];right[article_guide:6,marketplace_directory:2,service_landing:2]; stored top-10 result types and query wording support one service page.","overlap=4/10; formats=left[marketplace_directory:4,service_landing:4,topic_landing:2];right[article_guide:6,marketplace_directory:2,service_landing:2]; stored queries Q000119/Q000133; shared URLs=https://avito.ru/yaroslavl/predlozheniya_uslug/|https://uslugi.yandex.ru/16-yaroslavl/category/|https://yaroslavl.mzog.ru/ustrojstvo-zaezda-na-uchastok/|https://yaroslavl.uchastok-zaezd.ru/."
PAIR-EFBEB6DBB92A,same_destination,reviewed,codex-2026-08-28,"same need after independent review: ""въезд через канаву под ключ"" (устройство въезда через канаву) and ""заезд через канаву тутаев"" (устройство въезда через канаву) converge on one canonical answer; overlap=2/10; formats=left[marketplace_directory:4,service_landing:4,topic_landing:2];right[marketplace_directory:5,service_landing:3,topic_landing:2]; stored top-10 result types and query wording support one service page.","overlap=2/10; formats=left[marketplace_directory:4,service_landing:4,topic_landing:2];right[marketplace_directory:5,service_landing:3,topic_landing:2]; stored queries Q000119/Q000134; shared URLs=https://exp76.ru/services/vezd-zaezd-na-uchastok-cherez-kanavu-pod-kljuch/|https://uslugi.yandex.ru/16-yaroslavl/category/."
PAIR-CB3FD9CFF9D6,same_destination,reviewed,codex-2026-08-28,"same need after independent review: ""въезд через канаву под ключ"" (устройство въезда через канаву) and ""ярославская область сделать въезд в канаву"" (устройство въезда через канаву) converge on one canonical answer; overlap=5/10; formats=left[marketplace_directory:4,service_landing:4,topic_landing:2];right[marketplace_directory:7,service_landing:3]; stored top-10 result types and query wording support one service page.","overlap=5/10; formats=left[marketplace_directory:4,service_landing:4,topic_landing:2];right[marketplace_directory:7,service_landing:3]; stored queries Q000119/Q000141; shared URLs=https://avito.ru/yaroslavl/predlozheniya_uslug/|https://exp76.ru/services/vezd-zaezd-na-uchastok-cherez-kanavu-pod-kljuch/|https://uslugi.yandex.ru/16-yaroslavl/category/|https://yaroslavl.mzog.ru/ustrojstvo-zaezda-na-uchastok/|https://yaroslavl.uchastok-zaezd.ru/."
PAIR-4B0339B1BE2B,same_destination,reviewed,codex-2026-08-28,"same need after independent review: ""въезд через канаву цена"" (устройство въезда через канаву) and ""заезд на участок"" (устройство въезда через канаву) converge on one canonical answer; overlap=4/10; formats=left[marketplace_directory:6,service_landing:3,topic_landing:1];right[article_guide:4,marketplace_directory:2,service_landing:3,topic_landing:1]; stored top-10 result types and query wording support one service page.","overlap=4/10; formats=left[marketplace_directory:6,service_landing:3,topic_landing:1];right[article_guide:4,marketplace_directory:2,service_landing:3,topic_landing:1]; stored queries Q000120/Q000121; shared URLs=https://avito.ru/yaroslavl/predlozheniya_uslug/|https://yaroslavl.blago-s.ru/catalog/zaezd-na-uchastok/|https://yaroslavl.mzog.ru/ustrojstvo-zaezda-na-uchastok/|https://yaroslavl.uchastok-zaezd.ru/."
PAIR-58D904B754FE,same_destination,reviewed,codex-2026-08-28,"same need after independent review: ""въезд через канаву цена"" (устройство въезда через канаву) and ""заезд на участок через канаву в тутаеве"" (устройство въезда через канаву) converge on one canonical answer; overlap=2/10; formats=left[marketplace_directory:6,service_landing:3,topic_landing:1];right[marketplace_directory:5,service_landing:3,topic_landing:2]; stored top-10 result types and query wording support one service page.","overlap=2/10; formats=left[marketplace_directory:6,service_landing:3,topic_landing:1];right[marketplace_directory:5,service_landing:3,topic_landing:2]; stored queries Q000120/Q000125; shared URLs=https://avito.ru/yaroslavl/predlozheniya_uslug/|https://uslugi.yandex.ru/16-yaroslavl/category/."
PAIR-08379B9852C7,same_destination,reviewed,codex-2026-08-28,"same need after independent review: ""въезд через канаву цена"" (устройство въезда через канаву) and ""заезд на участок через канаву под ключ тутаев"" (устройство въезда через канаву) converge on one canonical answer; overlap=2/10; formats=left[marketplace_directory:6,service_landing:3,topic_landing:1];right[marketplace_directory:3,service_landing:5,topic_landing:2]; stored top-10 result types and query wording support one service page.","overlap=2/10; formats=left[marketplace_directory:6,service_landing:3,topic_landing:1];right[marketplace_directory:3,service_landing:5,topic_landing:2]; stored queries Q000120/Q000128; shared URLs=https://avito.ru/yaroslavl/predlozheniya_uslug/|https://uslugi.yandex.ru/16-yaroslavl/category/."
PAIR-4F475CDD6353,same_destination,reviewed,codex-2026-08-28,"same need after independent review: ""въезд через канаву цена"" (устройство въезда через канаву) and ""заезд через канаву на участок"" (устройство въезда через канаву) converge on one canonical answer; overlap=4/10; formats=left[marketplace_directory:6,service_landing:3,topic_landing:1];right[article_guide:6,marketplace_directory:2,service_landing:2]; stored top-10 result types and query wording support one service page.","overlap=4/10; formats=left[marketplace_directory:6,service_landing:3,topic_landing:1];right[article_guide:6,marketplace_directory:2,service_landing:2]; stored queries Q000120/Q000133; shared URLs=https://avito.ru/yaroslavl/predlozheniya_uslug/|https://uslugi.yandex.ru/16-yaroslavl/category/|https://yaroslavl.mzog.ru/ustrojstvo-zaezda-na-uchastok/|https://yaroslavl.uchastok-zaezd.ru/."
PAIR-C868E48D4368,same_destination,reviewed,codex-2026-08-28,"same need after independent review: ""въезд через канаву цена"" (устройство въезда через канаву) and ""ярославская область сделать въезд в канаву"" (устройство въезда через канаву) converge on one canonical answer; overlap=4/10; formats=left[marketplace_directory:6,service_landing:3,topic_landing:1];right[marketplace_directory:7,service_landing:3]; stored top-10 result types and query wording support one service page.","overlap=4/10; formats=left[marketplace_directory:6,service_landing:3,topic_landing:1];right[marketplace_directory:7,service_landing:3]; stored queries Q000120/Q000141; shared URLs=https://avito.ru/yaroslavl/predlozheniya_uslug/|https://uslugi.yandex.ru/16-yaroslavl/category/|https://yaroslavl.mzog.ru/ustrojstvo-zaezda-na-uchastok/|https://yaroslavl.uchastok-zaezd.ru/."
PAIR-529273E874F8,same_destination,reviewed,codex-2026-08-28,"same need after independent review: ""заезд на участок"" (устройство въезда через канаву) and ""заезд на участок под ключ"" (устройство въезда через канаву) converge on one canonical answer; overlap=4/10; formats=left[article_guide:4,marketplace_directory:2,service_landing:3,topic_landing:1];right[marketplace_directory:4,service_landing:4,topic_landing:2]; stored top-10 result types and query wording support one service page.","overlap=4/10; formats=left[article_guide:4,marketplace_directory:2,service_landing:3,topic_landing:1];right[marketplace_directory:4,service_landing:4,topic_landing:2]; stored queries Q000121/Q000122; shared URLs=https://avito.ru/yaroslavl/predlozheniya_uslug/|https://yaroslavl.blago-s.ru/catalog/zaezd-na-uchastok/|https://yaroslavl.mzog.ru/ustrojstvo-zaezda-na-uchastok/|https://yaroslavl.uchastok-zaezd.ru/."
PAIR-11397C2EC26A,same_destination,reviewed,codex-2026-08-28,"same need after independent review: ""заезд на участок"" (устройство въезда через канаву) and ""заезд на участок цена"" (устройство въезда через канаву) converge on one canonical answer; overlap=4/10; formats=left[article_guide:4,marketplace_directory:2,service_landing:3,topic_landing:1];right[marketplace_directory:5,service_landing:4,topic_landing:1]; stored top-10 result types and query wording support one service page.","overlap=4/10; formats=left[article_guide:4,marketplace_directory:2,service_landing:3,topic_landing:1];right[marketplace_directory:5,service_landing:4,topic_landing:1]; stored queries Q000121/Q000124; shared URLs=https://avito.ru/yaroslavl/predlozheniya_uslug/|https://yaroslavl.blago-s.ru/catalog/zaezd-na-uchastok/|https://yaroslavl.mzog.ru/ustrojstvo-zaezda-na-uchastok/|https://yaroslavl.uchastok-zaezd.ru/."
PAIR-419D08F93420,same_destination,reviewed,codex-2026-08-28,"same need after independent review: ""заезд на участок"" (устройство въезда через канаву) and ""заезд на участок через канаву под ключ"" (устройство въезда через канаву) converge on one canonical answer; overlap=4/10; formats=left[article_guide:4,marketplace_directory:2,service_landing:3,topic_landing:1];right[marketplace_directory:4,service_landing:4,topic_landing:2]; stored top-10 result types and query wording support one service page.","overlap=4/10; formats=left[article_guide:4,marketplace_directory:2,service_landing:3,topic_landing:1];right[marketplace_directory:4,service_landing:4,topic_landing:2]; stored queries Q000121/Q000126; shared URLs=https://avito.ru/yaroslavl/predlozheniya_uslug/|https://yaroslavl.blago-s.ru/catalog/zaezd-na-uchastok/|https://yaroslavl.mzog.ru/ustrojstvo-zaezda-na-uchastok/|https://yaroslavl.uchastok-zaezd.ru/."
PAIR-D765DEFAB7A2,same_destination,reviewed,codex-2026-08-28,"same need after independent review: ""заезд на участок"" (устройство въезда через канаву) and ""заезд на участок через канаву под ключ ярославль"" (устройство въезда через канаву) converge on one canonical answer; overlap=4/10; formats=left[article_guide:4,marketplace_directory:2,service_landing:3,topic_landing:1];right[marketplace_directory:4,service_landing:3,topic_landing:3]; stored top-10 result types and query wording support one service page.","overlap=4/10; formats=left[article_guide:4,marketplace_directory:2,service_landing:3,topic_landing:1];right[marketplace_directory:4,service_landing:3,topic_landing:3]; stored queries Q000121/Q000129; shared URLs=https://avito.ru/yaroslavl/predlozheniya_uslug/|https://yaroslavl.blago-s.ru/catalog/zaezd-na-uchastok/|https://yaroslavl.mzog.ru/ustrojstvo-zaezda-na-uchastok/|https://yaroslavl.uchastok-zaezd.ru/."
PAIR-AE156CF9BB7C,same_destination,reviewed,codex-2026-08-28,"same need after independent review: ""заезд на участок"" (устройство въезда через канаву) and ""заезд на участок через канаву цена"" (устройство въезда через канаву) converge on one canonical answer; overlap=4/10; formats=left[article_guide:4,marketplace_directory:2,service_landing:3,topic_landing:1];right[marketplace_directory:4,service_landing:4,topic_landing:2]; stored top-10 result types and query wording support one service page.","overlap=4/10; formats=left[article_guide:4,marketplace_directory:2,service_landing:3,topic_landing:1];right[marketplace_directory:4,service_landing:4,topic_landing:2]; stored queries Q000121/Q000131; shared URLs=https://avito.ru/yaroslavl/predlozheniya_uslug/|https://yaroslavl.blago-s.ru/catalog/zaezd-na-uchastok/|https://yaroslavl.mzog.ru/ustrojstvo-zaezda-na-uchastok/|https://yaroslavl.uchastok-zaezd.ru/."
PAIR-7FDF5F7A59D7,same_destination,reviewed,codex-2026-08-28,"same need after independent review: ""заезд на участок"" (устройство въезда через канаву) and ""заезд через канаву"" (устройство въезда через канаву) converge on one canonical answer; overlap=3/10; formats=left[article_guide:4,marketplace_directory:2,service_landing:3,topic_landing:1];right[article_guide:7,marketplace_directory:2,topic_landing:1]; stored top-10 result types and query wording support one service page.","overlap=3/10; formats=left[article_guide:4,marketplace_directory:2,service_landing:3,topic_landing:1];right[article_guide:7,marketplace_directory:2,topic_landing:1]; stored queries Q000121/Q000132; shared URLs=https://avito.ru/yaroslavl/predlozheniya_uslug/|https://zemledelov.ru/articles/kak-sdelat-zaezd-na-uchastok/|https://znaet.petrovich.ru/blagoustroystvo/zabory-dorozhki/vezd-na-uchastok/instruktsiya/kak-sdelat-vezd-na-uchastok-cherez-drenazhnuyu-kanavu/."
PAIR-A2EDE4077B8B,same_destination,reviewed,codex-2026-08-28,"same need after independent review: ""заезд на участок"" (устройство въезда через канаву) and ""заказать въезд на участок"" (устройство въезда через канаву) converge on one canonical answer; overlap=3/10; formats=left[article_guide:4,marketplace_directory:2,service_landing:3,topic_landing:1];right[marketplace_directory:7,service_landing:3]; stored top-10 result types and query wording support one service page.","overlap=3/10; formats=left[article_guide:4,marketplace_directory:2,service_landing:3,topic_landing:1];right[marketplace_directory:7,service_landing:3]; stored queries Q000121/Q000135; shared URLs=https://avito.ru/yaroslavl/predlozheniya_uslug/|https://yaroslavl.blago-s.ru/catalog/zaezd-na-uchastok/|https://yaroslavl.uchastok-zaezd.ru/."
PAIR-132CFF737A03,same_destination,reviewed,codex-2026-08-28,"same need after independent review: ""заезд на участок"" (устройство въезда через канаву) and ""ярославская область сделать въезд в канаву"" (устройство въезда через канаву) converge on one canonical answer; overlap=3/10; formats=left[article_guide:4,marketplace_directory:2,service_landing:3,topic_landing:1];right[marketplace_directory:7,service_landing:3]; stored top-10 result types and query wording support one service page.","overlap=3/10; formats=left[article_guide:4,marketplace_directory:2,service_landing:3,topic_landing:1];right[marketplace_directory:7,service_landing:3]; stored queries Q000121/Q000141; shared URLs=https://avito.ru/yaroslavl/predlozheniya_uslug/|https://yaroslavl.mzog.ru/ustrojstvo-zaezda-na-uchastok/|https://yaroslavl.uchastok-zaezd.ru/."
PAIR-2F320A478D82,same_destination,reviewed,codex-2026-08-28,"same need after independent review: ""заезд на участок под ключ"" (устройство въезда через канаву) and ""заезд на участок через канаву в тутаеве"" (устройство въезда через канаву) converge on one canonical answer; overlap=2/10; formats=left[marketplace_directory:4,service_landing:4,topic_landing:2];right[marketplace_directory:5,service_landing:3,topic_landing:2]; stored top-10 result types and query wording support one service page.","overlap=2/10; formats=left[marketplace_directory:4,service_landing:4,topic_landing:2];right[marketplace_directory:5,service_landing:3,topic_landing:2]; stored queries Q000122/Q000125; shared URLs=https://avito.ru/yaroslavl/predlozheniya_uslug/|https://uslugi.yandex.ru/16-yaroslavl/category/."
PAIR-BFD0DE03610A,same_destination,reviewed,codex-2026-08-28,"same need after independent review: ""заезд на участок под ключ"" (устройство въезда через канаву) and ""заезд на участок через канаву под ключ тутаев"" (устройство въезда через канаву) converge on one canonical answer; overlap=2/10; formats=left[marketplace_directory:4,service_landing:4,topic_landing:2];right[marketplace_directory:3,service_landing:5,topic_landing:2]; stored top-10 result types and query wording support one service page.","overlap=2/10; formats=left[marketplace_directory:4,service_landing:4,topic_landing:2];right[marketplace_directory:3,service_landing:5,topic_landing:2]; stored queries Q000122/Q000128; shared URLs=https://avito.ru/yaroslavl/predlozheniya_uslug/|https://uslugi.yandex.ru/16-yaroslavl/category/."
PAIR-AF7C438652D9,same_destination,reviewed,codex-2026-08-28,"same need after independent review: ""заезд на участок под ключ"" (устройство въезда через канаву) and ""заезд через канаву на участок"" (устройство въезда через канаву) converge on one canonical answer; overlap=4/10; formats=left[marketplace_directory:4,service_landing:4,topic_landing:2];right[article_guide:6,marketplace_directory:2,service_landing:2]; stored top-10 result types and query wording support one service page.","overlap=4/10; formats=left[marketplace_directory:4,service_landing:4,topic_landing:2];right[article_guide:6,marketplace_directory:2,service_landing:2]; stored queries Q000122/Q000133; shared URLs=https://avito.ru/yaroslavl/predlozheniya_uslug/|https://uslugi.yandex.ru/16-yaroslavl/category/|https://yaroslavl.mzog.ru/ustrojstvo-zaezda-na-uchastok/|https://yaroslavl.uchastok-zaezd.ru/."
PAIR-71947392A051,same_destination,reviewed,codex-2026-08-28,"same need after independent review: ""заезд на участок под ключ"" (устройство въезда через канаву) and ""ярославская область сделать въезд в канаву"" (устройство въезда через канаву) converge on one canonical answer; overlap=4/10; formats=left[marketplace_directory:4,service_landing:4,topic_landing:2];right[marketplace_directory:7,service_landing:3]; stored top-10 result types and query wording support one service page.","overlap=4/10; formats=left[marketplace_directory:4,service_landing:4,topic_landing:2];right[marketplace_directory:7,service_landing:3]; stored queries Q000122/Q000141; shared URLs=https://avito.ru/yaroslavl/predlozheniya_uslug/|https://uslugi.yandex.ru/16-yaroslavl/category/|https://yaroslavl.mzog.ru/ustrojstvo-zaezda-na-uchastok/|https://yaroslavl.uchastok-zaezd.ru/."
PAIR-03B083754490,same_destination,reviewed,codex-2026-08-28,"same need after independent review: ""заезд на участок цена"" (устройство въезда через канаву) and ""заезд на участок через канаву в тутаеве"" (устройство въезда через канаву) converge on one canonical answer; overlap=2/10; formats=left[marketplace_directory:5,service_landing:4,topic_landing:1];right[marketplace_directory:5,service_landing:3,topic_landing:2]; stored top-10 result types and query wording support one service page.","overlap=2/10; formats=left[marketplace_directory:5,service_landing:4,topic_landing:1];right[marketplace_directory:5,service_landing:3,topic_landing:2]; stored queries Q000124/Q000125; shared URLs=https://avito.ru/yaroslavl/predlozheniya_uslug/|https://uslugi.yandex.ru/16-yaroslavl/category/."
PAIR-7F8E36765355,same_destination,reviewed,codex-2026-08-28,"same need after independent review: ""заезд на участок цена"" (устройство въезда через канаву) and ""заезд на участок через канаву под ключ тутаев"" (устройство въезда через канаву) converge on one canonical answer; overlap=2/10; formats=left[marketplace_directory:5,service_landing:4,topic_landing:1];right[marketplace_directory:3,service_landing:5,topic_landing:2]; stored top-10 result types and query wording support one service page.","overlap=2/10; formats=left[marketplace_directory:5,service_landing:4,topic_landing:1];right[marketplace_directory:3,service_landing:5,topic_landing:2]; stored queries Q000124/Q000128; shared URLs=https://avito.ru/yaroslavl/predlozheniya_uslug/|https://uslugi.yandex.ru/16-yaroslavl/category/."
PAIR-7923C45EC154,same_destination,reviewed,codex-2026-08-28,"same need after independent review: ""заезд на участок цена"" (устройство въезда через канаву) and ""заезд через канаву"" (устройство въезда через канаву) converge on one canonical answer; overlap=2/10; formats=left[marketplace_directory:5,service_landing:4,topic_landing:1];right[article_guide:7,marketplace_directory:2,topic_landing:1]; stored top-10 result types and query wording support one service page.","overlap=2/10; formats=left[marketplace_directory:5,service_landing:4,topic_landing:1];right[article_guide:7,marketplace_directory:2,topic_landing:1]; stored queries Q000124/Q000132; shared URLs=https://avito.ru/yaroslavl/predlozheniya_uslug/|https://avito.ru/yaroslavl/predlozheniya_uslug/tag/zaezd-na-uchastok-cherez-kanavu/."
PAIR-EF7237CC8E31,same_destination,reviewed,codex-2026-08-28,"same need after independent review: ""заезд на участок цена"" (устройство въезда через канаву) and ""заезд через канаву на участок"" (устройство въезда через канаву) converge on one canonical answer; overlap=4/10; formats=left[marketplace_directory:5,service_landing:4,topic_landing:1];right[article_guide:6,marketplace_directory:2,service_landing:2]; stored top-10 result types and query wording support one service page.","overlap=4/10; formats=left[marketplace_directory:5,service_landing:4,topic_landing:1];right[article_guide:6,marketplace_directory:2,service_landing:2]; stored queries Q000124/Q000133; shared URLs=https://avito.ru/yaroslavl/predlozheniya_uslug/|https://uslugi.yandex.ru/16-yaroslavl/category/|https://yaroslavl.mzog.ru/ustrojstvo-zaezda-na-uchastok/|https://yaroslavl.uchastok-zaezd.ru/."
PAIR-C4C9889C0AE8,same_destination,reviewed,codex-2026-08-28,"same need after independent review: ""заезд на участок цена"" (устройство въезда через канаву) and ""ярославская область сделать въезд в канаву"" (устройство въезда через канаву) converge on one canonical answer; overlap=4/10; formats=left[marketplace_directory:5,service_landing:4,topic_landing:1];right[marketplace_directory:7,service_landing:3]; stored top-10 result types and query wording support one service page.","overlap=4/10; formats=left[marketplace_directory:5,service_landing:4,topic_landing:1];right[marketplace_directory:7,service_landing:3]; stored queries Q000124/Q000141; shared URLs=https://avito.ru/yaroslavl/predlozheniya_uslug/|https://uslugi.yandex.ru/16-yaroslavl/category/|https://yaroslavl.mzog.ru/ustrojstvo-zaezda-na-uchastok/|https://yaroslavl.uchastok-zaezd.ru/."
PAIR-B11A53C7069B,same_destination,reviewed,codex-2026-08-28,"same need after independent review: ""заезд на участок через канаву в тутаеве"" (устройство въезда через канаву) and ""заезд на участок через канаву под ключ"" (устройство въезда через канаву) converge on one canonical answer; overlap=2/10; formats=left[marketplace_directory:5,service_landing:3,topic_landing:2];right[marketplace_directory:4,service_landing:4,topic_landing:2]; stored top-10 result types and query wording support one service page.","overlap=2/10; formats=left[marketplace_directory:5,service_landing:3,topic_landing:2];right[marketplace_directory:4,service_landing:4,topic_landing:2]; stored queries Q000125/Q000126; shared URLs=https://avito.ru/yaroslavl/predlozheniya_uslug/|https://uslugi.yandex.ru/16-yaroslavl/category/."
PAIR-60F9B71713CC,same_destination,reviewed,codex-2026-08-28,"same need after independent review: ""заезд на участок через канаву в тутаеве"" (устройство въезда через канаву) and ""заезд на участок через канаву под ключ тутаев"" (устройство въезда через канаву) converge on one canonical answer; overlap=8/10; formats=left[marketplace_directory:5,service_landing:3,topic_landing:2];right[marketplace_directory:3,service_landing:5,topic_landing:2]; stored top-10 result types and query wording support one service page.","overlap=8/10; formats=left[marketplace_directory:5,service_landing:3,topic_landing:2];right[marketplace_directory:3,service_landing:5,topic_landing:2]; stored queries Q000125/Q000128; shared URLs=https://avito.ru/tutaev/predlozheniya_uslug/sad_blagoustroystvo-ASgBAgICAUSYC8KfAQ/|https://avito.ru/yaroslavl/predlozheniya_uslug/|https://tutaev.mzog.ru/ustrojstvo-vezda/|https://tutaev.mzog.ru/ustrojstvo-zaezda-na-uchastok/|https://tutaev.mzog.ru/zaezd-na-uchastok/|https://tutaev.stroymetproekt.ru/zaezd-na-uchastok/|https://tutaev.wetzavet.ru/vyravnivanie-uchastka/zaezd-cherez-trubu/|https://uslugi.yandex.ru/16-yaroslavl/category/."
PAIR-26473E0D7AD9,same_destination,reviewed,codex-2026-08-28,"same need after independent review: ""заезд на участок через канаву в тутаеве"" (устройство въезда через канаву) and ""заезд на участок через канаву под ключ ярославль"" (устройство въезда через канаву) converge on one canonical answer; overlap=2/10; formats=left[marketplace_directory:5,service_landing:3,topic_landing:2];right[marketplace_directory:4,service_landing:3,topic_landing:3]; stored top-10 result types and query wording support one service page.","overlap=2/10; formats=left[marketplace_directory:5,service_landing:3,topic_landing:2];right[marketplace_directory:4,service_landing:3,topic_landing:3]; stored queries Q000125/Q000129; shared URLs=https://avito.ru/yaroslavl/predlozheniya_uslug/|https://uslugi.yandex.ru/16-yaroslavl/category/."
PAIR-E6618484F9E1,same_destination,reviewed,codex-2026-08-28,"same need after independent review: ""заезд на участок через канаву в тутаеве"" (устройство въезда через канаву) and ""заезд на участок через канаву цена"" (устройство въезда через канаву) converge on one canonical answer; overlap=2/10; formats=left[marketplace_directory:5,service_landing:3,topic_landing:2];right[marketplace_directory:4,service_landing:4,topic_landing:2]; stored top-10 result types and query wording support one service page.","overlap=2/10; formats=left[marketplace_directory:5,service_landing:3,topic_landing:2];right[marketplace_directory:4,service_landing:4,topic_landing:2]; stored queries Q000125/Q000131; shared URLs=https://avito.ru/yaroslavl/predlozheniya_uslug/|https://uslugi.yandex.ru/16-yaroslavl/category/."
PAIR-0CF36750B6EF,same_destination,reviewed,codex-2026-08-28,"same need after independent review: ""заезд на участок через канаву в тутаеве"" (устройство въезда через канаву) and ""заезд через канаву на участок"" (устройство въезда через канаву) converge on one canonical answer; overlap=2/10; formats=left[marketplace_directory:5,service_landing:3,topic_landing:2];right[article_guide:6,marketplace_directory:2,service_landing:2]; stored top-10 result types and query wording support one service page.","overlap=2/10; formats=left[marketplace_directory:5,service_landing:3,topic_landing:2];right[article_guide:6,marketplace_directory:2,service_landing:2]; stored queries Q000125/Q000133; shared URLs=https://avito.ru/yaroslavl/predlozheniya_uslug/|https://uslugi.yandex.ru/16-yaroslavl/category/."
PAIR-0DB18CEAED2F,same_destination,reviewed,codex-2026-08-28,"same need after independent review: ""заезд на участок через канаву в тутаеве"" (устройство въезда через канаву) and ""заказать въезд на участок"" (устройство въезда через канаву) converge on one canonical answer; overlap=2/10; formats=left[marketplace_directory:5,service_landing:3,topic_landing:2];right[marketplace_directory:7,service_landing:3]; stored top-10 result types and query wording support one service page.","overlap=2/10; formats=left[marketplace_directory:5,service_landing:3,topic_landing:2];right[marketplace_directory:7,service_landing:3]; stored queries Q000125/Q000135; shared URLs=https://avito.ru/yaroslavl/predlozheniya_uslug/|https://uslugi.yandex.ru/16-yaroslavl/category/."
PAIR-145B7375C519,same_destination,reviewed,codex-2026-08-28,"same need after independent review: ""заезд на участок через канаву в тутаеве"" (устройство въезда через канаву) and ""ярославская область сделать въезд в канаву"" (устройство въезда через канаву) converge on one canonical answer; overlap=2/10; formats=left[marketplace_directory:5,service_landing:3,topic_landing:2];right[marketplace_directory:7,service_landing:3]; stored top-10 result types and query wording support one service page.","overlap=2/10; formats=left[marketplace_directory:5,service_landing:3,topic_landing:2];right[marketplace_directory:7,service_landing:3]; stored queries Q000125/Q000141; shared URLs=https://avito.ru/yaroslavl/predlozheniya_uslug/|https://uslugi.yandex.ru/16-yaroslavl/category/."
PAIR-672135EEC3AF,same_destination,reviewed,codex-2026-08-28,"same need after independent review: ""заезд на участок через канаву под ключ"" (устройство въезда через канаву) and ""заезд на участок через канаву под ключ тутаев"" (устройство въезда через канаву) converge on one canonical answer; overlap=3/10; formats=left[marketplace_directory:4,service_landing:4,topic_landing:2];right[marketplace_directory:3,service_landing:5,topic_landing:2]; stored top-10 result types and query wording support one service page.","overlap=3/10; formats=left[marketplace_directory:4,service_landing:4,topic_landing:2];right[marketplace_directory:3,service_landing:5,topic_landing:2]; stored queries Q000126/Q000128; shared URLs=https://avito.ru/yaroslavl/predlozheniya_uslug/|https://exp76.ru/services/vezd-zaezd-na-uchastok-cherez-kanavu-pod-kljuch/|https://uslugi.yandex.ru/16-yaroslavl/category/."
PAIR-B464218E93B9,same_destination,reviewed,codex-2026-08-28,"same need after independent review: ""заезд на участок через канаву под ключ"" (устройство въезда через канаву) and ""заезд на участок через канаву тутаев"" (устройство въезда через канаву) converge on one canonical answer; overlap=2/10; formats=left[marketplace_directory:4,service_landing:4,topic_landing:2];right[marketplace_directory:4,service_landing:4,topic_landing:2]; stored top-10 result types and query wording support one service page.","overlap=2/10; formats=left[marketplace_directory:4,service_landing:4,topic_landing:2];right[marketplace_directory:4,service_landing:4,topic_landing:2]; stored queries Q000126/Q000130; shared URLs=https://avito.ru/yaroslavl/predlozheniya_uslug/|https://exp76.ru/services/vezd-zaezd-na-uchastok-cherez-kanavu-pod-kljuch/."
PAIR-BB544F3B1193,same_destination,reviewed,codex-2026-08-28,"same need after independent review: ""заезд на участок через канаву под ключ"" (устройство въезда через канаву) and ""заезд через канаву на участок"" (устройство въезда через канаву) converge on one canonical answer; overlap=4/10; formats=left[marketplace_directory:4,service_landing:4,topic_landing:2];right[article_guide:6,marketplace_directory:2,service_landing:2]; stored top-10 result types and query wording support one service page.","overlap=4/10; formats=left[marketplace_directory:4,service_landing:4,topic_landing:2];right[article_guide:6,marketplace_directory:2,service_landing:2]; stored queries Q000126/Q000133; shared URLs=https://avito.ru/yaroslavl/predlozheniya_uslug/|https://uslugi.yandex.ru/16-yaroslavl/category/|https://yaroslavl.mzog.ru/ustrojstvo-zaezda-na-uchastok/|https://yaroslavl.uchastok-zaezd.ru/."
PAIR-243B5A2F7404,same_destination,reviewed,codex-2026-08-28,"same need after independent review: ""заезд на участок через канаву под ключ"" (устройство въезда через канаву) and ""заезд через канаву тутаев"" (устройство въезда через канаву) converge on one canonical answer; overlap=2/10; formats=left[marketplace_directory:4,service_landing:4,topic_landing:2];right[marketplace_directory:5,service_landing:3,topic_landing:2]; stored top-10 result types and query wording support one service page.","overlap=2/10; formats=left[marketplace_directory:4,service_landing:4,topic_landing:2];right[marketplace_directory:5,service_landing:3,topic_landing:2]; stored queries Q000126/Q000134; shared URLs=https://exp76.ru/services/vezd-zaezd-na-uchastok-cherez-kanavu-pod-kljuch/|https://uslugi.yandex.ru/16-yaroslavl/category/."
PAIR-6AA3017A7059,same_destination,reviewed,codex-2026-08-28,"same need after independent review: ""заезд на участок через канаву под ключ"" (устройство въезда через канаву) and ""ярославская область сделать въезд в канаву"" (устройство въезда через канаву) converge on one canonical answer; overlap=5/10; formats=left[marketplace_directory:4,service_landing:4,topic_landing:2];right[marketplace_directory:7,service_landing:3]; stored top-10 result types and query wording support one service page.","overlap=5/10; formats=left[marketplace_directory:4,service_landing:4,topic_landing:2];right[marketplace_directory:7,service_landing:3]; stored queries Q000126/Q000141; shared URLs=https://avito.ru/yaroslavl/predlozheniya_uslug/|https://exp76.ru/services/vezd-zaezd-na-uchastok-cherez-kanavu-pod-kljuch/|https://uslugi.yandex.ru/16-yaroslavl/category/|https://yaroslavl.mzog.ru/ustrojstvo-zaezda-na-uchastok/|https://yaroslavl.uchastok-zaezd.ru/."
PAIR-7666F018A1FD,same_destination,reviewed,codex-2026-08-28,"same need after independent review: ""заезд на участок через канаву под ключ рыбинск"" (устройство въезда через канаву) and ""найти плиту через канаву установить для проезда телег и велосипедов в рыбинске"" (устройство въезда через канаву) converge on one canonical answer; overlap=3/10; formats=left[marketplace_directory:4,service_landing:4,topic_landing:2];right[marketplace_directory:7,service_landing:2,topic_landing:1]; stored top-10 result types and query wording support one service page.","overlap=3/10; formats=left[marketplace_directory:4,service_landing:4,topic_landing:2];right[marketplace_directory:7,service_landing:2,topic_landing:1]; stored queries Q000127/Q000137; shared URLs=https://exp76.ru/services/vezd-zaezd-na-uchastok-cherez-kanavu-pod-kljuch/|https://rybinsk.uchastok-zaezd.ru/|https://rybinsk.wetzavet.ru/vyravnivanie-uchastka/zaezd-cherez-trubu/."
PAIR-EFB838234EA2,same_destination,reviewed,codex-2026-08-28,"same need after independent review: ""заезд на участок через канаву под ключ рыбинск"" (устройство въезда через канаву) and ""обустройство въезда на участок рыбинск"" (устройство въезда через канаву) converge on one canonical answer; overlap=5/10; formats=left[marketplace_directory:4,service_landing:4,topic_landing:2];right[marketplace_directory:4,service_landing:6]; stored top-10 result types and query wording support one service page.","overlap=5/10; formats=left[marketplace_directory:4,service_landing:4,topic_landing:2];right[marketplace_directory:4,service_landing:6]; stored queries Q000127/Q000138; shared URLs=https://exp76.ru/services/vezd-zaezd-na-uchastok-cherez-kanavu-pod-kljuch/|https://rybinsk.blago-s.ru/catalog/zaezd-na-uchastok/|https://rybinsk.mzog.ru/ustrojstvo-zaezda-na-uchastok/|https://rybinsk.uchastok-zaezd.ru/|https://uslugi.yandex.ru/10839-rybinsk/category/."
PAIR-D62E8DB43A20,same_destination,reviewed,codex-2026-08-28,"same need after independent review: ""заезд на участок через канаву под ключ тутаев"" (устройство въезда через канаву) and ""заезд на участок через канаву под ключ ярославль"" (устройство въезда через канаву) converge on one canonical answer; overlap=2/10; formats=left[marketplace_directory:3,service_landing:5,topic_landing:2];right[marketplace_directory:4,service_landing:3,topic_landing:3]; stored top-10 result types and query wording support one service page.","overlap=2/10; formats=left[marketplace_directory:3,service_landing:5,topic_landing:2];right[marketplace_directory:4,service_landing:3,topic_landing:3]; stored queries Q000128/Q000129; shared URLs=https://avito.ru/yaroslavl/predlozheniya_uslug/|https://uslugi.yandex.ru/16-yaroslavl/category/."
PAIR-EB8FBDF825C0,same_destination,reviewed,codex-2026-08-28,"same need after independent review: ""заезд на участок через канаву под ключ тутаев"" (устройство въезда через канаву) and ""заезд на участок через канаву тутаев"" (устройство въезда через канаву) converge on one canonical answer; overlap=7/10; formats=left[marketplace_directory:3,service_landing:5,topic_landing:2];right[marketplace_directory:4,service_landing:4,topic_landing:2]; stored top-10 result types and query wording support one service page.","overlap=7/10; formats=left[marketplace_directory:3,service_landing:5,topic_landing:2];right[marketplace_directory:4,service_landing:4,topic_landing:2]; stored queries Q000128/Q000130; shared URLs=https://avito.ru/yaroslavl/predlozheniya_uslug/|https://exp76.ru/services/vezd-zaezd-na-uchastok-cherez-kanavu-pod-kljuch/|https://tutaev.mzog.ru/ustrojstvo-vezda/|https://tutaev.mzog.ru/ustrojstvo-zaezda-na-uchastok/|https://tutaev.mzog.ru/zaezd-na-uchastok/|https://tutaev.stroymetproekt.ru/zaezd-na-uchastok/|https://tutaev.wetzavet.ru/vyravnivanie-uchastka/zaezd-cherez-trubu/."
PAIR-B10114D8CB82,same_destination,reviewed,codex-2026-08-28,"same need after independent review: ""заезд на участок через канаву под ключ тутаев"" (устройство въезда через канаву) and ""заезд на участок через канаву цена"" (устройство въезда через канаву) converge on one canonical answer; overlap=2/10; formats=left[marketplace_directory:3,service_landing:5,topic_landing:2];right[marketplace_directory:4,service_landing:4,topic_landing:2]; stored top-10 result types and query wording support one service page.","overlap=2/10; formats=left[marketplace_directory:3,service_landing:5,topic_landing:2];right[marketplace_directory:4,service_landing:4,topic_landing:2]; stored queries Q000128/Q000131; shared URLs=https://avito.ru/yaroslavl/predlozheniya_uslug/|https://uslugi.yandex.ru/16-yaroslavl/category/."
PAIR-BD787D6077A6,same_destination,reviewed,codex-2026-08-28,"same need after independent review: ""заезд на участок через канаву под ключ тутаев"" (устройство въезда через канаву) and ""заезд через канаву на участок"" (устройство въезда через канаву) converge on one canonical answer; overlap=2/10; formats=left[marketplace_directory:3,service_landing:5,topic_landing:2];right[article_guide:6,marketplace_directory:2,service_landing:2]; stored top-10 result types and query wording support one service page.","overlap=2/10; formats=left[marketplace_directory:3,service_landing:5,topic_landing:2];right[article_guide:6,marketplace_directory:2,service_landing:2]; stored queries Q000128/Q000133; shared URLs=https://avito.ru/yaroslavl/predlozheniya_uslug/|https://uslugi.yandex.ru/16-yaroslavl/category/."
PAIR-220923F8B38D,same_destination,reviewed,codex-2026-08-28,"same need after independent review: ""заезд на участок через канаву под ключ тутаев"" (устройство въезда через канаву) and ""заезд через канаву тутаев"" (устройство въезда через канаву) converge on one canonical answer; overlap=6/10; formats=left[marketplace_directory:3,service_landing:5,topic_landing:2];right[marketplace_directory:5,service_landing:3,topic_landing:2]; stored top-10 result types and query wording support one service page.","overlap=6/10; formats=left[marketplace_directory:3,service_landing:5,topic_landing:2];right[marketplace_directory:5,service_landing:3,topic_landing:2]; stored queries Q000128/Q000134; shared URLs=https://exp76.ru/services/vezd-zaezd-na-uchastok-cherez-kanavu-pod-kljuch/|https://tutaev.mzog.ru/ustrojstvo-zaezda-na-uchastok/|https://tutaev.mzog.ru/zaezd-na-uchastok/|https://tutaev.stroymetproekt.ru/zaezd-na-uchastok/|https://tutaev.wetzavet.ru/vyravnivanie-uchastka/zaezd-cherez-trubu/|https://uslugi.yandex.ru/16-yaroslavl/category/."
PAIR-91494DABCC4A,same_destination,reviewed,codex-2026-08-28,"same need after independent review: ""заезд на участок через канаву под ключ тутаев"" (устройство въезда через канаву) and ""заказать въезд на участок"" (устройство въезда через канаву) converge on one canonical answer; overlap=2/10; formats=left[marketplace_directory:3,service_landing:5,topic_landing:2];right[marketplace_directory:7,service_landing:3]; stored top-10 result types and query wording support one service page.","overlap=2/10; formats=left[marketplace_directory:3,service_landing:5,topic_landing:2];right[marketplace_directory:7,service_landing:3]; stored queries Q000128/Q000135; shared URLs=https://avito.ru/yaroslavl/predlozheniya_uslug/|https://uslugi.yandex.ru/16-yaroslavl/category/."
PAIR-1CAFBA16EF45,same_destination,reviewed,codex-2026-08-28,"same need after independent review: ""заезд на участок через канаву под ключ тутаев"" (устройство въезда через канаву) and ""ярославская область сделать въезд в канаву"" (устройство въезда через канаву) converge on one canonical answer; overlap=3/10; formats=left[marketplace_directory:3,service_landing:5,topic_landing:2];right[marketplace_directory:7,service_landing:3]; stored top-10 result types and query wording support one service page.","overlap=3/10; formats=left[marketplace_directory:3,service_landing:5,topic_landing:2];right[marketplace_directory:7,service_landing:3]; stored queries Q000128/Q000141; shared URLs=https://avito.ru/yaroslavl/predlozheniya_uslug/|https://exp76.ru/services/vezd-zaezd-na-uchastok-cherez-kanavu-pod-kljuch/|https://uslugi.yandex.ru/16-yaroslavl/category/."
PAIR-9F03983FB57C,same_destination,reviewed,codex-2026-08-28,"same need after independent review: ""заезд на участок через канаву под ключ ярославль"" (устройство въезда через канаву) and ""заезд через канаву на участок"" (устройство въезда через канаву) converge on one canonical answer; overlap=4/10; formats=left[marketplace_directory:4,service_landing:3,topic_landing:3];right[article_guide:6,marketplace_directory:2,service_landing:2]; stored top-10 result types and query wording support one service page.","overlap=4/10; formats=left[marketplace_directory:4,service_landing:3,topic_landing:3];right[article_guide:6,marketplace_directory:2,service_landing:2]; stored queries Q000129/Q000133; shared URLs=https://avito.ru/yaroslavl/predlozheniya_uslug/|https://uslugi.yandex.ru/16-yaroslavl/category/|https://yaroslavl.mzog.ru/ustrojstvo-zaezda-na-uchastok/|https://yaroslavl.uchastok-zaezd.ru/."
PAIR-0EDDF561A94D,same_destination,reviewed,codex-2026-08-28,"same need after independent review: ""заезд на участок через канаву под ключ ярославль"" (устройство въезда через канаву) and ""ярославская область сделать въезд в канаву"" (устройство въезда через канаву) converge on one canonical answer; overlap=4/10; formats=left[marketplace_directory:4,service_landing:3,topic_landing:3];right[marketplace_directory:7,service_landing:3]; stored top-10 result types and query wording support one service page.","overlap=4/10; formats=left[marketplace_directory:4,service_landing:3,topic_landing:3];right[marketplace_directory:7,service_landing:3]; stored queries Q000129/Q000141; shared URLs=https://avito.ru/yaroslavl/predlozheniya_uslug/|https://uslugi.yandex.ru/16-yaroslavl/category/|https://yaroslavl.mzog.ru/ustrojstvo-zaezda-na-uchastok/|https://yaroslavl.uchastok-zaezd.ru/."
PAIR-70C16EA0CE2E,same_destination,reviewed,codex-2026-08-28,"same need after independent review: ""заезд на участок через канаву тутаев"" (устройство въезда через канаву) and ""заказать въезд на участок"" (устройство въезда через канаву) converge on one canonical answer; overlap=2/10; formats=left[marketplace_directory:4,service_landing:4,topic_landing:2];right[marketplace_directory:7,service_landing:3]; stored top-10 result types and query wording support one service page.","overlap=2/10; formats=left[marketplace_directory:4,service_landing:4,topic_landing:2];right[marketplace_directory:7,service_landing:3]; stored queries Q000130/Q000135; shared URLs=https://avito.ru/yaroslavl/predlozheniya_uslug/|https://avito.ru/yaroslavskaya_oblast/predlozheniya_uslug/tag/zaezd-na-uchastok-cherez-kanavu/."
PAIR-31441184C83E,same_destination,reviewed,codex-2026-08-28,"same need after independent review: ""заезд на участок через канаву тутаев"" (устройство въезда через канаву) and ""найти плиту через канаву установить для проезда телег и велосипедов в рыбинске"" (устройство въезда через канаву) converge on one canonical answer; overlap=2/10; formats=left[marketplace_directory:4,service_landing:4,topic_landing:2];right[marketplace_directory:7,service_landing:2,topic_landing:1]; stored top-10 result types and query wording support one service page.","overlap=2/10; formats=left[marketplace_directory:4,service_landing:4,topic_landing:2];right[marketplace_directory:7,service_landing:2,topic_landing:1]; stored queries Q000130/Q000137; shared URLs=https://avito.ru/yaroslavskaya_oblast/dlya_doma_i_dachi/|https://exp76.ru/services/vezd-zaezd-na-uchastok-cherez-kanavu-pod-kljuch/."
PAIR-6A3FBBDDA755,same_destination,reviewed,codex-2026-08-28,"same need after independent review: ""заезд на участок через канаву тутаев"" (устройство въезда через канаву) and ""ярославская область сделать въезд в канаву"" (устройство въезда через канаву) converge on one canonical answer; overlap=3/10; formats=left[marketplace_directory:4,service_landing:4,topic_landing:2];right[marketplace_directory:7,service_landing:3]; stored top-10 result types and query wording support one service page.","overlap=3/10; formats=left[marketplace_directory:4,service_landing:4,topic_landing:2];right[marketplace_directory:7,service_landing:3]; stored queries Q000130/Q000141; shared URLs=https://avito.ru/yaroslavl/predlozheniya_uslug/|https://avito.ru/yaroslavskaya_oblast/predlozheniya_uslug/tag/zaezd-na-uchastok-cherez-kanavu/|https://exp76.ru/services/vezd-zaezd-na-uchastok-cherez-kanavu-pod-kljuch/."
PAIR-3974C0FD90DB,same_destination,reviewed,codex-2026-08-28,"same need after independent review: ""заезд на участок через канаву цена"" (устройство въезда через канаву) and ""заезд через канаву"" (устройство въезда через канаву) converge on one canonical answer; overlap=2/10; formats=left[marketplace_directory:4,service_landing:4,topic_landing:2];right[article_guide:7,marketplace_directory:2,topic_landing:1]; stored top-10 result types and query wording support one service page.","overlap=2/10; formats=left[marketplace_directory:4,service_landing:4,topic_landing:2];right[article_guide:7,marketplace_directory:2,topic_landing:1]; stored queries Q000131/Q000132; shared URLs=https://avito.ru/yaroslavl/predlozheniya_uslug/|https://avito.ru/yaroslavl/predlozheniya_uslug/tag/zaezd-na-uchastok-cherez-kanavu/."
PAIR-C145D03AD3A2,same_destination,reviewed,codex-2026-08-28,"same need after independent review: ""заезд на участок через канаву цена"" (устройство въезда через канаву) and ""заезд через канаву на участок"" (устройство въезда через канаву) converge on one canonical answer; overlap=4/10; formats=left[marketplace_directory:4,service_landing:4,topic_landing:2];right[article_guide:6,marketplace_directory:2,service_landing:2]; stored top-10 result types and query wording support one service page.","overlap=4/10; formats=left[marketplace_directory:4,service_landing:4,topic_landing:2];right[article_guide:6,marketplace_directory:2,service_landing:2]; stored queries Q000131/Q000133; shared URLs=https://avito.ru/yaroslavl/predlozheniya_uslug/|https://uslugi.yandex.ru/16-yaroslavl/category/|https://yaroslavl.mzog.ru/ustrojstvo-zaezda-na-uchastok/|https://yaroslavl.uchastok-zaezd.ru/."
PAIR-BFA7FCC38369,same_destination,reviewed,codex-2026-08-28,"same need after independent review: ""заезд на участок через канаву цена"" (устройство въезда через канаву) and ""ярославская область сделать въезд в канаву"" (устройство въезда через канаву) converge on one canonical answer; overlap=4/10; formats=left[marketplace_directory:4,service_landing:4,topic_landing:2];right[marketplace_directory:7,service_landing:3]; stored top-10 result types and query wording support one service page.","overlap=4/10; formats=left[marketplace_directory:4,service_landing:4,topic_landing:2];right[marketplace_directory:7,service_landing:3]; stored queries Q000131/Q000141; shared URLs=https://avito.ru/yaroslavl/predlozheniya_uslug/|https://uslugi.yandex.ru/16-yaroslavl/category/|https://yaroslavl.mzog.ru/ustrojstvo-zaezda-na-uchastok/|https://yaroslavl.uchastok-zaezd.ru/."
PAIR-5F4A90F8528D,same_destination,reviewed,codex-2026-08-28,"same need after independent review: ""заезд через канаву на участок"" (устройство въезда через канаву) and ""заказать въезд на участок"" (устройство въезда через канаву) converge on one canonical answer; overlap=3/10; formats=left[article_guide:6,marketplace_directory:2,service_landing:2];right[marketplace_directory:7,service_landing:3]; stored top-10 result types and query wording support one service page.","overlap=3/10; formats=left[article_guide:6,marketplace_directory:2,service_landing:2];right[marketplace_directory:7,service_landing:3]; stored queries Q000133/Q000135; shared URLs=https://avito.ru/yaroslavl/predlozheniya_uslug/|https://uslugi.yandex.ru/16-yaroslavl/category/|https://yaroslavl.uchastok-zaezd.ru/."
PAIR-A80E51357F2F,same_destination,reviewed,codex-2026-08-28,"same need after independent review: ""заезд через канаву тутаев"" (устройство въезда через канаву) and ""заказать въезд на участок"" (устройство въезда через канаву) converge on one canonical answer; overlap=2/10; formats=left[marketplace_directory:5,service_landing:3,topic_landing:2];right[marketplace_directory:7,service_landing:3]; stored top-10 result types and query wording support one service page.","overlap=2/10; formats=left[marketplace_directory:5,service_landing:3,topic_landing:2];right[marketplace_directory:7,service_landing:3]; stored queries Q000134/Q000135; shared URLs=https://avito.ru/yaroslavskaya_oblast/predlozheniya_uslug/tag/zaezd-na-uchastok-cherez-kanavu/|https://uslugi.yandex.ru/16-yaroslavl/category/."
PAIR-F996A66F79AE,same_destination,reviewed,codex-2026-08-28,"same need after independent review: ""заказать въезд на участок"" (устройство въезда через канаву) and ""трубу в канаву уложить в рыбинске"" (устройство въезда через канаву) converge on one canonical answer; overlap=2/10; formats=left[marketplace_directory:7,service_landing:3];right[marketplace_directory:10]; stored top-10 result types and query wording support one service page.","overlap=2/10; formats=left[marketplace_directory:7,service_landing:3];right[marketplace_directory:10]; stored queries Q000135/Q000140; shared URLs=https://avito.ru/yaroslavskaya_oblast/predlozheniya_uslug/|https://avito.ru/yaroslavskaya_oblast/predlozheniya_uslug/tag/zaezd-na-uchastok-cherez-kanavu/."
PAIR-38964711E12A,same_destination,reviewed,codex-2026-08-28,"same need after independent review: ""заказать въезд на участок"" (устройство въезда через канаву) and ""ярославская область сделать въезд в канаву"" (устройство въезда через канаву) converge on one canonical answer; overlap=5/10; formats=left[marketplace_directory:7,service_landing:3];right[marketplace_directory:7,service_landing:3]; stored top-10 result types and query wording support one service page.","overlap=5/10; formats=left[marketplace_directory:7,service_landing:3];right[marketplace_directory:7,service_landing:3]; stored queries Q000135/Q000141; shared URLs=https://avito.ru/yaroslavl/predlozheniya_uslug/|https://avito.ru/yaroslavskaya_oblast/predlozheniya_uslug/|https://avito.ru/yaroslavskaya_oblast/predlozheniya_uslug/tag/zaezd-na-uchastok-cherez-kanavu/|https://uslugi.yandex.ru/16-yaroslavl/category/|https://yaroslavl.uchastok-zaezd.ru/."
PAIR-C78B0E9F4363,same_destination,reviewed,codex-2026-08-28,"same need after independent review: ""найти плиту через канаву установить для проезда телег и велосипедов в рыбинске"" (устройство въезда через канаву) and ""обустройство въезда на участок рыбинск"" (устройство въезда через канаву) converge on one canonical answer; overlap=3/10; formats=left[marketplace_directory:7,service_landing:2,topic_landing:1];right[marketplace_directory:4,service_landing:6]; stored top-10 result types and query wording support one service page.","overlap=3/10; formats=left[marketplace_directory:7,service_landing:2,topic_landing:1];right[marketplace_directory:4,service_landing:6]; stored queries Q000137/Q000138; shared URLs=https://avito.ru/rybinsk/predlozheniya_uslug/|https://exp76.ru/services/vezd-zaezd-na-uchastok-cherez-kanavu-pod-kljuch/|https://rybinsk.uchastok-zaezd.ru/."
PAIR-155BB5A4DF2F,same_destination,reviewed,codex-2026-08-28,"same need after independent review: ""обустройство въезда на участок рыбинск"" (устройство въезда через канаву) and ""трубу в канаву уложить в рыбинске"" (устройство въезда через канаву) converge on one canonical answer; overlap=2/10; formats=left[marketplace_directory:4,service_landing:6];right[marketplace_directory:10]; stored top-10 result types and query wording support one service page.","overlap=2/10; formats=left[marketplace_directory:4,service_landing:6];right[marketplace_directory:10]; stored queries Q000138/Q000140; shared URLs=https://avito.ru/rybinsk/predlozheniya_uslug/|https://uslugi.yandex.ru/10839-rybinsk/category/."
PAIR-264C443452AC,same_destination,reviewed,codex-2026-08-28,"same need after independent review: ""трубу в канаву уложить в рыбинске"" (устройство въезда через канаву) and ""ярославская область сделать въезд в канаву"" (устройство въезда через канаву) converge on one canonical answer; overlap=2/10; formats=left[marketplace_directory:10];right[marketplace_directory:7,service_landing:3]; stored top-10 result types and query wording support one service page.","overlap=2/10; formats=left[marketplace_directory:10];right[marketplace_directory:7,service_landing:3]; stored queries Q000140/Q000141; shared URLs=https://avito.ru/yaroslavskaya_oblast/predlozheniya_uslug/|https://avito.ru/yaroslavskaya_oblast/predlozheniya_uslug/tag/zaezd-na-uchastok-cherez-kanavu/."
