"service_id","seed","query_expr","region","kind","status","row_hint","download_seq","raw_file","source_url","collected_at","error"
"S1","ландшафтное проектирование участка","ландшафтное проектирование участка","Ярославль","broad","zero_results","0","","","https://wordstat.yandex.ru/?region=16&view=table&words=%D0%BB%D0%B0%D0%BD%D0%B4%D1%88%D0%B0%D1%84%D1%82%D0%BD%D0%BE%D0%B5%20%D0%BF%D1%80%D0%BE%D0%B5%D0%BA%D1%82%D0%B8%D1%80%D0%BE%D0%B2%D0%B0%D0%BD%D0%B8%D0%B5%20%D1%83%D1%87%D0%B0%D1%81%D1%82%D0%BA%D0%B0","2026-08-20T18:45:05.501+03:00",""
"S1","ландшафтный дизайн участка","ландшафтный дизайн участка","Ярославль","broad","exported","140","1","top-001-2026-08-20.csv","https://wordstat.yandex.ru/?region=16&view=table&words=%D0%BB%D0%B0%D0%BD%D0%B4%D1%88%D0%B0%D1%84%D1%82%D0%BD%D1%8B%D0%B9%20%D0%B4%D0%B8%D0%B7%D0%B0%D0%B9%D0%BD%20%D1%83%D1%87%D0%B0%D1%81%D1%82%D0%BA%D0%B0","2026-08-20T18:45:05.501+03:00",""
"S1","проект благоустройства участка","проект благоустройства участка","Ярославль","broad","exported","1","2","top-002-2026-08-20.csv","https://wordstat.yandex.ru/?region=16&view=table&words=%D0%BF%D1%80%D0%BE%D0%B5%D0%BA%D1%82%20%D0%B1%D0%BB%D0%B0%D0%B3%D0%BE%D1%83%D1%81%D1%82%D1%80%D0%BE%D0%B9%D1%81%D1%82%D0%B2%D0%B0%20%D1%83%D1%87%D0%B0%D1%81%D1%82%D0%BA%D0%B0","2026-08-20T18:45:05.501+03:00",""
"S1","дизайн проект участка","дизайн проект участка","Ярославль","broad","exported","9","3","top-003-2026-08-20.csv","https://wordstat.yandex.ru/?region=16&view=table&words=%D0%B4%D0%B8%D0%B7%D0%B0%D0%B9%D0%BD%20%D0%BF%D1%80%D0%BE%D0%B5%D0%BA%D1%82%20%D1%83%D1%87%D0%B0%D1%81%D1%82%D0%BA%D0%B0","2026-08-20T18:45:05.501+03:00",""
"S2","газон под ключ","газон под ключ","Ярославль","broad","exported","1","4","top-004-2026-08-20.csv","https://wordstat.yandex.ru/?region=16&view=table&words=%D0%B3%D0%B0%D0%B7%D0%BE%D0%BD%20%D0%BF%D0%BE%D0%B4%20%D0%BA%D0%BB%D1%8E%D1%87","2026-08-20T18:45:05.501+03:00",""
"S2","рулонный газон","рулонный газон","Ярославль","broad","exported","70","5","top-005-2026-08-20.csv","https://wordstat.yandex.ru/?region=16&view=table&words=%D1%80%D1%83%D0%BB%D0%BE%D0%BD%D0%BD%D1%8B%D0%B9%20%D0%B3%D0%B0%D0%B7%D0%BE%D0%BD","2026-08-20T18:45:05.501+03:00",""
"S2","укладка рулонного газона","укладка рулонного газона","Ярославль","broad","zero_results","0","","","https://wordstat.yandex.ru/?region=16&view=table&words=%D1%83%D0%BA%D0%BB%D0%B0%D0%B4%D0%BA%D0%B0%20%D1%80%D1%83%D0%BB%D0%BE%D0%BD%D0%BD%D0%BE%D0%B3%D0%BE%20%D0%B3%D0%B0%D0%B7%D0%BE%D0%BD%D0%B0","2026-08-20T18:45:05.501+03:00",""
"S2","посевной газон","посевной газон","Ярославль","broad","exported","2","6","top-006-2026-08-20.csv","https://wordstat.yandex.ru/?region=16&view=table&words=%D0%BF%D0%BE%D1%81%D0%B5%D0%B2%D0%BD%D0%BE%D0%B9%20%D0%B3%D0%B0%D0%B7%D0%BE%D0%BD","2026-08-20T18:45:05.501+03:00",""
"S2","устройство газона","устройство газона","Ярославль","broad","exported","8","7","top-007-2026-08-20.csv","https://wordstat.yandex.ru/?region=16&view=table&words=%D1%83%D1%81%D1%82%D1%80%D0%BE%D0%B9%D1%81%D1%82%D0%B2%D0%BE%20%D0%B3%D0%B0%D0%B7%D0%BE%D0%BD%D0%B0","2026-08-20T18:45:05.501+03:00",""
"S2","восстановление газона","восстановление газона","Ярославль","broad","exported","1","8","top-008-2026-08-20.csv","https://wordstat.yandex.ru/?region=16&view=table&words=%D0%B2%D0%BE%D1%81%D1%81%D1%82%D0%B0%D0%BD%D0%BE%D0%B2%D0%BB%D0%B5%D0%BD%D0%B8%D0%B5%20%D0%B3%D0%B0%D0%B7%D0%BE%D0%BD%D0%B0","2026-08-20T18:45:05.501+03:00",""
"S3","посадка деревьев","посадка деревьев","Ярославль","broad","exported","103","9","top-009-2026-08-20.csv","https://wordstat.yandex.ru/?region=16&view=table&words=%D0%BF%D0%BE%D1%81%D0%B0%D0%B4%D0%BA%D0%B0%20%D0%B4%D0%B5%D1%80%D0%B5%D0%B2%D1%8C%D0%B5%D0%B2","2026-08-20T18:45:05.501+03:00",""
"S3","посадка кустарников","посадка кустарников","Ярославль","broad","exported","59","10","top-010-2026-08-20.csv","https://wordstat.yandex.ru/?region=16&view=table&words=%D0%BF%D0%BE%D1%81%D0%B0%D0%B4%D0%BA%D0%B0%20%D0%BA%D1%83%D1%81%D1%82%D0%B0%D1%80%D0%BD%D0%B8%D0%BA%D0%BE%D0%B2","2026-08-20T18:45:05.501+03:00",""
"S3","посадка хвойных","посадка хвойных","Ярославль","broad","exported","12","11","top-011-2026-08-20.csv","https://wordstat.yandex.ru/?region=16&view=table&words=%D0%BF%D0%BE%D1%81%D0%B0%D0%B4%D0%BA%D0%B0%20%D1%85%D0%B2%D0%BE%D0%B9%D0%BD%D1%8B%D1%85","2026-08-20T18:45:05.501+03:00",""
"S3","озеленение участка","озеленение участка","Ярославль","broad","exported","16","12","top-012-2026-08-20.csv","https://wordstat.yandex.ru/?region=16&view=table&words=%D0%BE%D0%B7%D0%B5%D0%BB%D0%B5%D0%BD%D0%B5%D0%BD%D0%B8%D0%B5%20%D1%83%D1%87%D0%B0%D1%81%D1%82%D0%BA%D0%B0","2026-08-20T18:45:05.501+03:00",""
"S3","посадка крупномеров","посадка крупномеров","Ярославль","broad","exported","1","13","top-013-2026-08-20.csv","https://wordstat.yandex.ru/?region=16&view=table&words=%D0%BF%D0%BE%D1%81%D0%B0%D0%B4%D0%BA%D0%B0%20%D0%BA%D1%80%D1%83%D0%BF%D0%BD%D0%BE%D0%BC%D0%B5%D1%80%D0%BE%D0%B2","2026-08-20T18:45:05.501+03:00",""
"S4","уход за садом","уход за садом","Ярославль","broad","exported","32","14","top-014-2026-08-20.csv","https://wordstat.yandex.ru/?region=16&view=table&words=%D1%83%D1%85%D0%BE%D0%B4%20%D0%B7%D0%B0%20%D1%81%D0%B0%D0%B4%D0%BE%D0%BC","2026-08-20T18:45:05.501+03:00",""
"S4","садовник на участок","садовник на участок","Ярославль","broad","zero_results","0","","","https://wordstat.yandex.ru/?region=16&view=table&words=%D1%81%D0%B0%D0%B4%D0%BE%D0%B2%D0%BD%D0%B8%D0%BA%20%D0%BD%D0%B0%20%D1%83%D1%87%D0%B0%D1%81%D1%82%D0%BE%D0%BA","2026-08-20T18:45:05.501+03:00",""
"S4","обслуживание сада","обслуживание сада","Ярославль","broad","exported","10","15","top-015-2026-08-20.csv","https://wordstat.yandex.ru/?region=16&view=table&words=%D0%BE%D0%B1%D1%81%D0%BB%D1%83%D0%B6%D0%B8%D0%B2%D0%B0%D0%BD%D0%B8%D0%B5%20%D1%81%D0%B0%D0%B4%D0%B0","2026-08-20T18:45:05.501+03:00",""
"S4","обрезка деревьев","обрезка деревьев","Ярославль","broad","exported","193","16","top-016-2026-08-20.csv","https://wordstat.yandex.ru/?region=16&view=table&words=%D0%BE%D0%B1%D1%80%D0%B5%D0%B7%D0%BA%D0%B0%20%D0%B4%D0%B5%D1%80%D0%B5%D0%B2%D1%8C%D0%B5%D0%B2","2026-08-20T18:45:05.501+03:00",""
"S4","обрезка кустарников","обрезка кустарников","Ярославль","broad","exported","35","17","top-017-2026-08-20.csv","https://wordstat.yandex.ru/?region=16&view=table&words=%D0%BE%D0%B1%D1%80%D0%B5%D0%B7%D0%BA%D0%B0%20%D0%BA%D1%83%D1%81%D1%82%D0%B0%D1%80%D0%BD%D0%B8%D0%BA%D0%BE%D0%B2","2026-08-20T18:45:05.501+03:00",""
"S4","сезонный уход за садом","сезонный уход за садом","Ярославль","broad","zero_results","0","","","https://wordstat.yandex.ru/?region=16&view=table&words=%D1%81%D0%B5%D0%B7%D0%BE%D0%BD%D0%BD%D1%8B%D0%B9%20%D1%83%D1%85%D0%BE%D0%B4%20%D0%B7%D0%B0%20%D1%81%D0%B0%D0%B4%D0%BE%D0%BC","2026-08-20T18:45:05.501+03:00",""
"S5","планировка участка","планировка участка","Ярославль","broad","exported","189","18","top-018-2026-08-20.csv","https://wordstat.yandex.ru/?region=16&view=table&words=%D0%BF%D0%BB%D0%B0%D0%BD%D0%B8%D1%80%D0%BE%D0%B2%D0%BA%D0%B0%20%D1%83%D1%87%D0%B0%D1%81%D1%82%D0%BA%D0%B0","2026-08-20T18:45:05.501+03:00",""
"S5","планировка территории","планировка территории","Ярославль","broad","exported","205","19","top-019-2026-08-20.csv","https://wordstat.yandex.ru/?region=16&view=table&words=%D0%BF%D0%BB%D0%B0%D0%BD%D0%B8%D1%80%D0%BE%D0%B2%D0%BA%D0%B0%20%D1%82%D0%B5%D1%80%D1%80%D0%B8%D1%82%D0%BE%D1%80%D0%B8%D0%B8","2026-08-20T18:45:05.501+03:00",""
"S5","выравнивание участка","выравнивание участка","Ярославль","broad","exported","85","20","top-020-2026-08-20.csv","https://wordstat.yandex.ru/?region=16&view=table&words=%D0%B2%D1%8B%D1%80%D0%B0%D0%B2%D0%BD%D0%B8%D0%B2%D0%B0%D0%BD%D0%B8%D0%B5%20%D1%83%D1%87%D0%B0%D1%81%D1%82%D0%BA%D0%B0","2026-08-20T18:45:05.501+03:00",""
"S5","вертикальная планировка участка","вертикальная планировка участка","Ярославль","broad","exported","3","21","top-021-2026-08-20.csv","https://wordstat.yandex.ru/?region=16&view=table&words=%D0%B2%D0%B5%D1%80%D1%82%D0%B8%D0%BA%D0%B0%D0%BB%D1%8C%D0%BD%D0%B0%D1%8F%20%D0%BF%D0%BB%D0%B0%D0%BD%D0%B8%D1%80%D0%BE%D0%B2%D0%BA%D0%B0%20%D1%83%D1%87%D0%B0%D1%81%D1%82%D0%BA%D0%B0","2026-08-20T18:45:05.501+03:00",""
"S5","поднять участок грунтом","поднять участок грунтом","Ярославль","broad","exported","3","22","top-022-2026-08-20.csv","https://wordstat.yandex.ru/?region=16&view=table&words=%D0%BF%D0%BE%D0%B4%D0%BD%D1%8F%D1%82%D1%8C%20%D1%83%D1%87%D0%B0%D1%81%D1%82%D0%BE%D0%BA%20%D0%B3%D1%80%D1%83%D0%BD%D1%82%D0%BE%D0%BC","2026-08-20T18:45:05.501+03:00",""
"S5","планировка грунта","планировка грунта","Ярославль","broad","exported","12","23","top-023-2026-08-20.csv","https://wordstat.yandex.ru/?region=16&view=table&words=%D0%BF%D0%BB%D0%B0%D0%BD%D0%B8%D1%80%D0%BE%D0%B2%D0%BA%D0%B0%20%D0%B3%D1%80%D1%83%D0%BD%D1%82%D0%B0","2026-08-20T18:45:05.501+03:00",""
"S6","подпорная стенка на участке","подпорная стенка на участке","Ярославль","broad","exported","7","24","top-024-2026-08-20.csv","https://wordstat.yandex.ru/?region=16&view=table&words=%D0%BF%D0%BE%D0%B4%D0%BF%D0%BE%D1%80%D0%BD%D0%B0%D1%8F%20%D1%81%D1%82%D0%B5%D0%BD%D0%BA%D0%B0%20%D0%BD%D0%B0%20%D1%83%D1%87%D0%B0%D1%81%D1%82%D0%BA%D0%B5","2026-08-20T18:45:05.501+03:00",""
"S6","строительство подпорной стенки","строительство подпорной стенки","Ярославль","broad","zero_results","0","","","https://wordstat.yandex.ru/?region=16&view=table&words=%D1%81%D1%82%D1%80%D0%BE%D0%B8%D1%82%D0%B5%D0%BB%D1%8C%D1%81%D1%82%D0%B2%D0%BE%20%D0%BF%D0%BE%D0%B4%D0%BF%D0%BE%D1%80%D0%BD%D0%BE%D0%B9%20%D1%81%D1%82%D0%B5%D0%BD%D0%BA%D0%B8","2026-08-20T18:45:05.501+03:00",""
"S6","устройство подпорной стенки","устройство подпорной стенки","Ярославль","broad","exported","2","25","top-025-2026-08-20.csv","https://wordstat.yandex.ru/?region=16&view=table&words=%D1%83%D1%81%D1%82%D1%80%D0%BE%D0%B9%D1%81%D1%82%D0%B2%D0%BE%20%D0%BF%D0%BE%D0%B4%D0%BF%D0%BE%D1%80%D0%BD%D0%BE%D0%B9%20%D1%81%D1%82%D0%B5%D0%BD%D0%BA%D0%B8","2026-08-20T18:45:05.501+03:00",""
"S6","подпорная стенка из бетона","подпорная стенка из бетона","Ярославль","broad","zero_results","0","","","https://wordstat.yandex.ru/?region=16&view=table&words=%D0%BF%D0%BE%D0%B4%D0%BF%D0%BE%D1%80%D0%BD%D0%B0%D1%8F%20%D1%81%D1%82%D0%B5%D0%BD%D0%BA%D0%B0%20%D0%B8%D0%B7%20%D0%B1%D0%B5%D1%82%D0%BE%D0%BD%D0%B0","2026-08-20T18:45:05.501+03:00",""
"S6","подпорная стенка из блоков","подпорная стенка из блоков","Ярославль","broad","zero_results","0","","","https://wordstat.yandex.ru/?region=16&view=table&words=%D0%BF%D0%BE%D0%B4%D0%BF%D0%BE%D1%80%D0%BD%D0%B0%D1%8F%20%D1%81%D1%82%D0%B5%D0%BD%D0%BA%D0%B0%20%D0%B8%D0%B7%20%D0%B1%D0%BB%D0%BE%D0%BA%D0%BE%D0%B2","2026-08-20T18:45:05.501+03:00",""
"S6","подпорная стенка из габионов","подпорная стенка из габионов","Ярославль","broad","exported","1","26","top-026-2026-08-20.csv","https://wordstat.yandex.ru/?region=16&view=table&words=%D0%BF%D0%BE%D0%B4%D0%BF%D0%BE%D1%80%D0%BD%D0%B0%D1%8F%20%D1%81%D1%82%D0%B5%D0%BD%D0%BA%D0%B0%20%D0%B8%D0%B7%20%D0%B3%D0%B0%D0%B1%D0%B8%D0%BE%D0%BD%D0%BE%D0%B2","2026-08-20T18:45:05.501+03:00",""
"S7","освещение участка","освещение участка","Ярославль","broad","exported","33","27","top-027-2026-08-20.csv","https://wordstat.yandex.ru/?region=16&view=table&words=%D0%BE%D1%81%D0%B2%D0%B5%D1%89%D0%B5%D0%BD%D0%B8%D0%B5%20%D1%83%D1%87%D0%B0%D1%81%D1%82%D0%BA%D0%B0","2026-08-20T18:45:05.501+03:00",""
"S7","ландшафтное освещение","ландшафтное освещение","Ярославль","broad","exported","14","28","top-028-2026-08-20.csv","https://wordstat.yandex.ru/?region=16&view=table&words=%D0%BB%D0%B0%D0%BD%D0%B4%D1%88%D0%B0%D1%84%D1%82%D0%BD%D0%BE%D0%B5%20%D0%BE%D1%81%D0%B2%D0%B5%D1%89%D0%B5%D0%BD%D0%B8%D0%B5","2026-08-20T18:45:05.501+03:00",""
"S7","уличное освещение частного дома","уличное освещение частного дома","Ярославль","broad","zero_results","0","","","https://wordstat.yandex.ru/?region=16&view=table&words=%D1%83%D0%BB%D0%B8%D1%87%D0%BD%D0%BE%D0%B5%20%D0%BE%D1%81%D0%B2%D0%B5%D1%89%D0%B5%D0%BD%D0%B8%D0%B5%20%D1%87%D0%B0%D1%81%D1%82%D0%BD%D0%BE%D0%B3%D0%BE%20%D0%B4%D0%BE%D0%BC%D0%B0","2026-08-20T18:45:05.501+03:00",""
"S7","монтаж освещения участка","монтаж освещения участка","Ярославль","broad","zero_results","0","","","https://wordstat.yandex.ru/?region=16&view=table&words=%D0%BC%D0%BE%D0%BD%D1%82%D0%B0%D0%B6%20%D0%BE%D1%81%D0%B2%D0%B5%D1%89%D0%B5%D0%BD%D0%B8%D1%8F%20%D1%83%D1%87%D0%B0%D1%81%D1%82%D0%BA%D0%B0","2026-08-20T18:45:05.501+03:00",""
"S7","подсветка дорожек","подсветка дорожек","Ярославль","broad","exported","9","29","top-029-2026-08-20.csv","https://wordstat.yandex.ru/?region=16&view=table&words=%D0%BF%D0%BE%D0%B4%D1%81%D0%B2%D0%B5%D1%82%D0%BA%D0%B0%20%D0%B4%D0%BE%D1%80%D0%BE%D0%B6%D0%B5%D0%BA","2026-08-20T18:45:05.501+03:00",""
"S7","подсветка участка","подсветка участка","Ярославль","broad","exported","3","30","top-030-2026-08-20.csv","https://wordstat.yandex.ru/?region=16&view=table&words=%D0%BF%D0%BE%D0%B4%D1%81%D0%B2%D0%B5%D1%82%D0%BA%D0%B0%20%D1%83%D1%87%D0%B0%D1%81%D1%82%D0%BA%D0%B0","2026-08-20T18:45:05.501+03:00",""
"S8","въезд через канаву","въезд через канаву","Ярославль","broad","exported","3","31","top-031-2026-08-20.csv","https://wordstat.yandex.ru/?region=16&view=table&words=%D0%B2%D1%8A%D0%B5%D0%B7%D0%B4%20%D1%87%D0%B5%D1%80%D0%B5%D0%B7%20%D0%BA%D0%B0%D0%BD%D0%B0%D0%B2%D1%83","2026-08-20T18:45:05.501+03:00",""
"S8","заезд через канаву","заезд через канаву","Ярославль","broad","exported","38","32","top-032-2026-08-20.csv","https://wordstat.yandex.ru/?region=16&view=table&words=%D0%B7%D0%B0%D0%B5%D0%B7%D0%B4%20%D1%87%D0%B5%D1%80%D0%B5%D0%B7%20%D0%BA%D0%B0%D0%BD%D0%B0%D0%B2%D1%83","2026-08-20T18:45:05.501+03:00",""
"S8","заезд на участок","заезд на участок","Ярославль","broad","exported","100","33","top-033-2026-08-20.csv","https://wordstat.yandex.ru/?region=16&view=table&words=%D0%B7%D0%B0%D0%B5%D0%B7%D0%B4%20%D0%BD%D0%B0%20%D1%83%D1%87%D0%B0%D1%81%D1%82%D0%BE%D0%BA","2026-08-20T18:45:05.501+03:00",""
"S8","въезд на участок","въезд на участок","Ярославль","broad","exported","73","34","top-034-2026-08-20.csv","https://wordstat.yandex.ru/?region=16&view=table&words=%D0%B2%D1%8A%D0%B5%D0%B7%D0%B4%20%D0%BD%D0%B0%20%D1%83%D1%87%D0%B0%D1%81%D1%82%D0%BE%D0%BA","2026-08-20T18:45:05.501+03:00",""
"S8","труба в канаву для заезда","труба в канаву для заезда","Ярославль","broad","exported","13","35","top-035-2026-08-20.csv","https://wordstat.yandex.ru/?region=16&view=table&words=%D1%82%D1%80%D1%83%D0%B1%D0%B0%20%D0%B2%20%D0%BA%D0%B0%D0%BD%D0%B0%D0%B2%D1%83%20%D0%B4%D0%BB%D1%8F%20%D0%B7%D0%B0%D0%B5%D0%B7%D0%B4%D0%B0","2026-08-20T18:45:05.501+03:00",""
"S8","обустройство въезда на участок","обустройство въезда на участок","Ярославль","broad","zero_results","0","","","https://wordstat.yandex.ru/?region=16&view=table&words=%D0%BE%D0%B1%D1%83%D1%81%D1%82%D1%80%D0%BE%D0%B9%D1%81%D1%82%D0%B2%D0%BE%20%D0%B2%D1%8A%D0%B5%D0%B7%D0%B4%D0%B0%20%D0%BD%D0%B0%20%D1%83%D1%87%D0%B0%D1%81%D1%82%D0%BE%D0%BA","2026-08-20T18:45:05.501+03:00",""
"S1","ландшафтное проектирование участка","ландшафтное проектирование участка","Ярославская область","broad","zero_results","0","","","https://wordstat.yandex.ru/?region=10841&view=table&words=%D0%BB%D0%B0%D0%BD%D0%B4%D1%88%D0%B0%D1%84%D1%82%D0%BD%D0%BE%D0%B5%20%D0%BF%D1%80%D0%BE%D0%B5%D0%BA%D1%82%D0%B8%D1%80%D0%BE%D0%B2%D0%B0%D0%BD%D0%B8%D0%B5%20%D1%83%D1%87%D0%B0%D1%81%D1%82%D0%BA%D0%B0","2026-08-20T18:45:05.501+03:00",""
"S1","ландшафтный дизайн участка","ландшафтный дизайн участка","Ярославская область","broad","exported","392","36","top-036-2026-08-20.csv","https://wordstat.yandex.ru/?region=10841&view=table&words=%D0%BB%D0%B0%D0%BD%D0%B4%D1%88%D0%B0%D1%84%D1%82%D0%BD%D1%8B%D0%B9%20%D0%B4%D0%B8%D0%B7%D0%B0%D0%B9%D0%BD%20%D1%83%D1%87%D0%B0%D1%81%D1%82%D0%BA%D0%B0","2026-08-20T18:45:05.501+03:00",""
"S1","проект благоустройства участка","проект благоустройства участка","Ярославская область","broad","exported","1","37","top-037-2026-08-20.csv","https://wordstat.yandex.ru/?region=10841&view=table&words=%D0%BF%D1%80%D0%BE%D0%B5%D0%BA%D1%82%20%D0%B1%D0%BB%D0%B0%D0%B3%D0%BE%D1%83%D1%81%D1%82%D1%80%D0%BE%D0%B9%D1%81%D1%82%D0%B2%D0%B0%20%D1%83%D1%87%D0%B0%D1%81%D1%82%D0%BA%D0%B0","2026-08-20T18:45:05.501+03:00",""
"S1","дизайн проект участка","дизайн проект участка","Ярославская область","broad","exported","29","38","top-038-2026-08-20.csv","https://wordstat.yandex.ru/?region=10841&view=table&words=%D0%B4%D0%B8%D0%B7%D0%B0%D0%B9%D0%BD%20%D0%BF%D1%80%D0%BE%D0%B5%D0%BA%D1%82%20%D1%83%D1%87%D0%B0%D1%81%D1%82%D0%BA%D0%B0","2026-08-20T18:45:05.501+03:00",""
"S2","газон под ключ","газон под ключ","Ярославская область","broad","exported","11","39","top-039-2026-08-20.csv","https://wordstat.yandex.ru/?region=10841&view=table&words=%D0%B3%D0%B0%D0%B7%D0%BE%D0%BD%20%D0%BF%D0%BE%D0%B4%20%D0%BA%D0%BB%D1%8E%D1%87","2026-08-20T18:45:05.501+03:00",""
"S2","рулонный газон","рулонный газон","Ярославская область","broad","exported","288","40","top-040-2026-08-20.csv","https://wordstat.yandex.ru/?region=10841&view=table&words=%D1%80%D1%83%D0%BB%D0%BE%D0%BD%D0%BD%D1%8B%D0%B9%20%D0%B3%D0%B0%D0%B7%D0%BE%D0%BD","2026-08-20T18:45:05.501+03:00",""
"S2","укладка рулонного газона","укладка рулонного газона","Ярославская область","broad","exported","3","41","top-041-2026-08-20.csv","https://wordstat.yandex.ru/?region=10841&view=table&words=%D1%83%D0%BA%D0%BB%D0%B0%D0%B4%D0%BA%D0%B0%20%D1%80%D1%83%D0%BB%D0%BE%D0%BD%D0%BD%D0%BE%D0%B3%D0%BE%20%D0%B3%D0%B0%D0%B7%D0%BE%D0%BD%D0%B0","2026-08-20T18:45:05.501+03:00",""
"S2","посевной газон","посевной газон","Ярославская область","broad","exported","22","42","top-042-2026-08-20.csv","https://wordstat.yandex.ru/?region=10841&view=table&words=%D0%BF%D0%BE%D1%81%D0%B5%D0%B2%D0%BD%D0%BE%D0%B9%20%D0%B3%D0%B0%D0%B7%D0%BE%D0%BD","2026-08-20T18:45:05.501+03:00",""
"S2","устройство газона","устройство газона","Ярославская область","broad","exported","18","43","top-043-2026-08-20.csv","https://wordstat.yandex.ru/?region=10841&view=table&words=%D1%83%D1%81%D1%82%D1%80%D0%BE%D0%B9%D1%81%D1%82%D0%B2%D0%BE%20%D0%B3%D0%B0%D0%B7%D0%BE%D0%BD%D0%B0","2026-08-20T18:45:05.501+03:00",""
"S2","восстановление газона","восстановление газона","Ярославская область","broad","exported","8","44","top-044-2026-08-20.csv","https://wordstat.yandex.ru/?region=10841&view=table&words=%D0%B2%D0%BE%D1%81%D1%81%D1%82%D0%B0%D0%BD%D0%BE%D0%B2%D0%BB%D0%B5%D0%BD%D0%B8%D0%B5%20%D0%B3%D0%B0%D0%B7%D0%BE%D0%BD%D0%B0","2026-08-20T18:45:05.501+03:00",""
"S3","посадка деревьев","посадка деревьев","Ярославская область","broad","exported","273","45","top-045-2026-08-20.csv","https://wordstat.yandex.ru/?region=10841&view=table&words=%D0%BF%D0%BE%D1%81%D0%B0%D0%B4%D0%BA%D0%B0%20%D0%B4%D0%B5%D1%80%D0%B5%D0%B2%D1%8C%D0%B5%D0%B2","2026-08-20T18:45:05.501+03:00",""
"S3","посадка кустарников","посадка кустарников","Ярославская область","broad","exported","218","46","top-046-2026-08-20.csv","https://wordstat.yandex.ru/?region=10841&view=table&words=%D0%BF%D0%BE%D1%81%D0%B0%D0%B4%D0%BA%D0%B0%20%D0%BA%D1%83%D1%81%D1%82%D0%B0%D1%80%D0%BD%D0%B8%D0%BA%D0%BE%D0%B2","2026-08-20T18:45:05.501+03:00",""
"S3","посадка хвойных","посадка хвойных","Ярославская область","broad","exported","44","47","top-047-2026-08-20.csv","https://wordstat.yandex.ru/?region=10841&view=table&words=%D0%BF%D0%BE%D1%81%D0%B0%D0%B4%D0%BA%D0%B0%20%D1%85%D0%B2%D0%BE%D0%B9%D0%BD%D1%8B%D1%85","2026-08-20T18:45:05.501+03:00",""
"S3","озеленение участка","озеленение участка","Ярославская область","broad","exported","41","48","top-048-2026-08-20.csv","https://wordstat.yandex.ru/?region=10841&view=table&words=%D0%BE%D0%B7%D0%B5%D0%BB%D0%B5%D0%BD%D0%B5%D0%BD%D0%B8%D0%B5%20%D1%83%D1%87%D0%B0%D1%81%D1%82%D0%BA%D0%B0","2026-08-20T18:45:05.501+03:00",""
"S3","посадка крупномеров","посадка крупномеров","Ярославская область","broad","exported","4","49","top-049-2026-08-20.csv","https://wordstat.yandex.ru/?region=10841&view=table&words=%D0%BF%D0%BE%D1%81%D0%B0%D0%B4%D0%BA%D0%B0%20%D0%BA%D1%80%D1%83%D0%BF%D0%BD%D0%BE%D0%BC%D0%B5%D1%80%D0%BE%D0%B2","2026-08-20T18:45:05.501+03:00",""
"S4","уход за садом","уход за садом","Ярославская область","broad","exported","69","50","top-050-2026-08-20.csv","https://wordstat.yandex.ru/?region=10841&view=table&words=%D1%83%D1%85%D0%BE%D0%B4%20%D0%B7%D0%B0%20%D1%81%D0%B0%D0%B4%D0%BE%D0%BC","2026-08-20T18:45:05.501+03:00",""
"S4","садовник на участок","садовник на участок","Ярославская область","broad","zero_results","0","","","https://wordstat.yandex.ru/?region=10841&view=table&words=%D1%81%D0%B0%D0%B4%D0%BE%D0%B2%D0%BD%D0%B8%D0%BA%20%D0%BD%D0%B0%20%D1%83%D1%87%D0%B0%D1%81%D1%82%D0%BE%D0%BA","2026-08-20T18:45:05.501+03:00",""
"S4","обслуживание сада","обслуживание сада","Ярославская область","broad","exported","12","51","top-051-2026-08-20.csv","https://wordstat.yandex.ru/?region=10841&view=table&words=%D0%BE%D0%B1%D1%81%D0%BB%D1%83%D0%B6%D0%B8%D0%B2%D0%B0%D0%BD%D0%B8%D0%B5%20%D1%81%D0%B0%D0%B4%D0%B0","2026-08-20T18:45:05.501+03:00",""
"S4","обрезка деревьев","обрезка деревьев","Ярославская область","broad","exported","494","52","top-052-2026-08-20.csv","https://wordstat.yandex.ru/?region=10841&view=table&words=%D0%BE%D0%B1%D1%80%D0%B5%D0%B7%D0%BA%D0%B0%20%D0%B4%D0%B5%D1%80%D0%B5%D0%B2%D1%8C%D0%B5%D0%B2","2026-08-20T18:45:05.501+03:00",""
"S4","обрезка кустарников","обрезка кустарников","Ярославская область","broad","exported","58","53","top-053-2026-08-20.csv","https://wordstat.yandex.ru/?region=10841&view=table&words=%D0%BE%D0%B1%D1%80%D0%B5%D0%B7%D0%BA%D0%B0%20%D0%BA%D1%83%D1%81%D1%82%D0%B0%D1%80%D0%BD%D0%B8%D0%BA%D0%BE%D0%B2","2026-08-20T18:45:05.501+03:00",""
"S4","сезонный уход за садом","сезонный уход за садом","Ярославская область","broad","zero_results","0","","","https://wordstat.yandex.ru/?region=10841&view=table&words=%D1%81%D0%B5%D0%B7%D0%BE%D0%BD%D0%BD%D1%8B%D0%B9%20%D1%83%D1%85%D0%BE%D0%B4%20%D0%B7%D0%B0%20%D1%81%D0%B0%D0%B4%D0%BE%D0%BC","2026-08-20T18:45:05.501+03:00",""
"S5","планировка участка","планировка участка","Ярославская область","broad","exported","456","54","top-054-2026-08-20.csv","https://wordstat.yandex.ru/?region=10841&view=table&words=%D0%BF%D0%BB%D0%B0%D0%BD%D0%B8%D1%80%D0%BE%D0%B2%D0%BA%D0%B0%20%D1%83%D1%87%D0%B0%D1%81%D1%82%D0%BA%D0%B0","2026-08-20T18:45:05.501+03:00",""
"S5","планировка территории","планировка территории","Ярославская область","broad","exported","345","55","top-055-2026-08-20.csv","https://wordstat.yandex.ru/?region=10841&view=table&words=%D0%BF%D0%BB%D0%B0%D0%BD%D0%B8%D1%80%D0%BE%D0%B2%D0%BA%D0%B0%20%D1%82%D0%B5%D1%80%D1%80%D0%B8%D1%82%D0%BE%D1%80%D0%B8%D0%B8","2026-08-20T18:45:05.501+03:00",""
"S5","выравнивание участка","выравнивание участка","Ярославская область","broad","exported","251","56","top-056-2026-08-20.csv","https://wordstat.yandex.ru/?region=10841&view=table&words=%D0%B2%D1%8B%D1%80%D0%B0%D0%B2%D0%BD%D0%B8%D0%B2%D0%B0%D0%BD%D0%B8%D0%B5%20%D1%83%D1%87%D0%B0%D1%81%D1%82%D0%BA%D0%B0","2026-08-20T18:45:05.501+03:00",""
"S5","вертикальная планировка участка","вертикальная планировка участка","Ярославская область","broad","exported","4","57","top-057-2026-08-20.csv","https://wordstat.yandex.ru/?region=10841&view=table&words=%D0%B2%D0%B5%D1%80%D1%82%D0%B8%D0%BA%D0%B0%D0%BB%D1%8C%D0%BD%D0%B0%D1%8F%20%D0%BF%D0%BB%D0%B0%D0%BD%D0%B8%D1%80%D0%BE%D0%B2%D0%BA%D0%B0%20%D1%83%D1%87%D0%B0%D1%81%D1%82%D0%BA%D0%B0","2026-08-20T18:45:05.501+03:00",""
"S5","поднять участок грунтом","поднять участок грунтом","Ярославская область","broad","exported","7","58","top-058-2026-08-20.csv","https://wordstat.yandex.ru/?region=10841&view=table&words=%D0%BF%D0%BE%D0%B4%D0%BD%D1%8F%D1%82%D1%8C%20%D1%83%D1%87%D0%B0%D1%81%D1%82%D0%BE%D0%BA%20%D0%B3%D1%80%D1%83%D0%BD%D1%82%D0%BE%D0%BC","2026-08-20T18:45:05.501+03:00",""
"S5","планировка грунта","планировка грунта","Ярославская область","broad","exported","21","59","top-059-2026-08-20.csv","https://wordstat.yandex.ru/?region=10841&view=table&words=%D0%BF%D0%BB%D0%B0%D0%BD%D0%B8%D1%80%D0%BE%D0%B2%D0%BA%D0%B0%20%D0%B3%D1%80%D1%83%D0%BD%D1%82%D0%B0","2026-08-20T18:45:05.501+03:00",""
"S6","подпорная стенка на участке","подпорная стенка на участке","Ярославская область","broad","exported","30","60","top-060-2026-08-20.csv","https://wordstat.yandex.ru/?region=10841&view=table&words=%D0%BF%D0%BE%D0%B4%D0%BF%D0%BE%D1%80%D0%BD%D0%B0%D1%8F%20%D1%81%D1%82%D0%B5%D0%BD%D0%BA%D0%B0%20%D0%BD%D0%B0%20%D1%83%D1%87%D0%B0%D1%81%D1%82%D0%BA%D0%B5","2026-08-20T18:45:05.501+03:00",""
"S6","строительство подпорной стенки","строительство подпорной стенки","Ярославская область","broad","zero_results","0","","","https://wordstat.yandex.ru/?region=10841&view=table&words=%D1%81%D1%82%D1%80%D0%BE%D0%B8%D1%82%D0%B5%D0%BB%D1%8C%D1%81%D1%82%D0%B2%D0%BE%20%D0%BF%D0%BE%D0%B4%D0%BF%D0%BE%D1%80%D0%BD%D0%BE%D0%B9%20%D1%81%D1%82%D0%B5%D0%BD%D0%BA%D0%B8","2026-08-20T18:45:05.501+03:00",""
"S6","устройство подпорной стенки","устройство подпорной стенки","Ярославская область","broad","exported","2","61","top-061-2026-08-20.csv","https://wordstat.yandex.ru/?region=10841&view=table&words=%D1%83%D1%81%D1%82%D1%80%D0%BE%D0%B9%D1%81%D1%82%D0%B2%D0%BE%20%D0%BF%D0%BE%D0%B4%D0%BF%D0%BE%D1%80%D0%BD%D0%BE%D0%B9%20%D1%81%D1%82%D0%B5%D0%BD%D0%BA%D0%B8","2026-08-20T18:45:05.501+03:00",""
"S6","подпорная стенка из бетона","подпорная стенка из бетона","Ярославская область","broad","exported","6","62","top-062-2026-08-20.csv","https://wordstat.yandex.ru/?region=10841&view=table&words=%D0%BF%D0%BE%D0%B4%D0%BF%D0%BE%D1%80%D0%BD%D0%B0%D1%8F%20%D1%81%D1%82%D0%B5%D0%BD%D0%BA%D0%B0%20%D0%B8%D0%B7%20%D0%B1%D0%B5%D1%82%D0%BE%D0%BD%D0%B0","2026-08-20T18:45:05.501+03:00",""
"S6","подпорная стенка из блоков","подпорная стенка из блоков","Ярославская область","broad","exported","1","63","top-063-2026-08-20.csv","https://wordstat.yandex.ru/?region=10841&view=table&words=%D0%BF%D0%BE%D0%B4%D0%BF%D0%BE%D1%80%D0%BD%D0%B0%D1%8F%20%D1%81%D1%82%D0%B5%D0%BD%D0%BA%D0%B0%20%D0%B8%D0%B7%20%D0%B1%D0%BB%D0%BE%D0%BA%D0%BE%D0%B2","2026-08-20T18:45:05.501+03:00",""
"S6","подпорная стенка из габионов","подпорная стенка из габионов","Ярославская область","broad","exported","1","64","top-064-2026-08-20.csv","https://wordstat.yandex.ru/?region=10841&view=table&words=%D0%BF%D0%BE%D0%B4%D0%BF%D0%BE%D1%80%D0%BD%D0%B0%D1%8F%20%D1%81%D1%82%D0%B5%D0%BD%D0%BA%D0%B0%20%D0%B8%D0%B7%20%D0%B3%D0%B0%D0%B1%D0%B8%D0%BE%D0%BD%D0%BE%D0%B2","2026-08-20T18:45:05.501+03:00",""
"S7","освещение участка","освещение участка","Ярославская область","broad","exported","71","65","top-065-2026-08-20.csv","https://wordstat.yandex.ru/?region=10841&view=table&words=%D0%BE%D1%81%D0%B2%D0%B5%D1%89%D0%B5%D0%BD%D0%B8%D0%B5%20%D1%83%D1%87%D0%B0%D1%81%D1%82%D0%BA%D0%B0","2026-08-20T18:45:05.501+03:00",""
"S7","ландшафтное освещение","ландшафтное освещение","Ярославская область","broad","exported","23","66","top-066-2026-08-20.csv","https://wordstat.yandex.ru/?region=10841&view=table&words=%D0%BB%D0%B0%D0%BD%D0%B4%D1%88%D0%B0%D1%84%D1%82%D0%BD%D0%BE%D0%B5%20%D0%BE%D1%81%D0%B2%D0%B5%D1%89%D0%B5%D0%BD%D0%B8%D0%B5","2026-08-20T18:45:05.501+03:00",""
"S7","уличное освещение частного дома","уличное освещение частного дома","Ярославская область","broad","zero_results","0","","","https://wordstat.yandex.ru/?region=10841&view=table&words=%D1%83%D0%BB%D0%B8%D1%87%D0%BD%D0%BE%D0%B5%20%D0%BE%D1%81%D0%B2%D0%B5%D1%89%D0%B5%D0%BD%D0%B8%D0%B5%20%D1%87%D0%B0%D1%81%D1%82%D0%BD%D0%BE%D0%B3%D0%BE%20%D0%B4%D0%BE%D0%BC%D0%B0","2026-08-20T18:45:05.501+03:00",""
"S7","монтаж освещения участка","монтаж освещения участка","Ярославская область","broad","zero_results","0","","","https://wordstat.yandex.ru/?region=10841&view=table&words=%D0%BC%D0%BE%D0%BD%D1%82%D0%B0%D0%B6%20%D0%BE%D1%81%D0%B2%D0%B5%D1%89%D0%B5%D0%BD%D0%B8%D1%8F%20%D1%83%D1%87%D0%B0%D1%81%D1%82%D0%BA%D0%B0","2026-08-20T18:45:05.501+03:00",""
"S7","подсветка дорожек","подсветка дорожек","Ярославская область","broad","exported","31","67","top-067-2026-08-20.csv","https://wordstat.yandex.ru/?region=10841&view=table&words=%D0%BF%D0%BE%D0%B4%D1%81%D0%B2%D0%B5%D1%82%D0%BA%D0%B0%20%D0%B4%D0%BE%D1%80%D0%BE%D0%B6%D0%B5%D0%BA","2026-08-20T18:45:05.501+03:00",""
"S7","подсветка участка","подсветка участка","Ярославская область","broad","exported","16","68","top-068-2026-08-20.csv","https://wordstat.yandex.ru/?region=10841&view=table&words=%D0%BF%D0%BE%D0%B4%D1%81%D0%B2%D0%B5%D1%82%D0%BA%D0%B0%20%D1%83%D1%87%D0%B0%D1%81%D1%82%D0%BA%D0%B0","2026-08-20T18:45:05.501+03:00",""
"S8","въезд через канаву","въезд через канаву","Ярославская область","broad","exported","46","69","top-069-2026-08-20.csv","https://wordstat.yandex.ru/?region=10841&view=table&words=%D0%B2%D1%8A%D0%B5%D0%B7%D0%B4%20%D1%87%D0%B5%D1%80%D0%B5%D0%B7%20%D0%BA%D0%B0%D0%BD%D0%B0%D0%B2%D1%83","2026-08-20T18:45:05.501+03:00",""
"S8","заезд через канаву","заезд через канаву","Ярославская область","broad","exported","121","70","top-070-2026-08-20.csv","https://wordstat.yandex.ru/?region=10841&view=table&words=%D0%B7%D0%B0%D0%B5%D0%B7%D0%B4%20%D1%87%D0%B5%D1%80%D0%B5%D0%B7%20%D0%BA%D0%B0%D0%BD%D0%B0%D0%B2%D1%83","2026-08-20T18:45:05.501+03:00",""
"S8","заезд на участок","заезд на участок","Ярославская область","broad","exported","443","71","top-071-2026-08-20.csv","https://wordstat.yandex.ru/?region=10841&view=table&words=%D0%B7%D0%B0%D0%B5%D0%B7%D0%B4%20%D0%BD%D0%B0%20%D1%83%D1%87%D0%B0%D1%81%D1%82%D0%BE%D0%BA","2026-08-20T18:45:05.501+03:00",""
"S8","въезд на участок","въезд на участок","Ярославская область","broad","exported","257","72","top-072-2026-08-20.csv","https://wordstat.yandex.ru/?region=10841&view=table&words=%D0%B2%D1%8A%D0%B5%D0%B7%D0%B4%20%D0%BD%D0%B0%20%D1%83%D1%87%D0%B0%D1%81%D1%82%D0%BE%D0%BA","2026-08-20T18:45:05.501+03:00",""
"S8","труба в канаву для заезда","труба в канаву для заезда","Ярославская область","broad","exported","64","73","top-073-2026-08-20.csv","https://wordstat.yandex.ru/?region=10841&view=table&words=%D1%82%D1%80%D1%83%D0%B1%D0%B0%20%D0%B2%20%D0%BA%D0%B0%D0%BD%D0%B0%D0%B2%D1%83%20%D0%B4%D0%BB%D1%8F%20%D0%B7%D0%B0%D0%B5%D0%B7%D0%B4%D0%B0","2026-08-20T18:45:05.501+03:00",""
"S8","обустройство въезда на участок","обустройство въезда на участок","Ярославская область","broad","exported","1","74","top-074-2026-08-20.csv","https://wordstat.yandex.ru/?region=10841&view=table&words=%D0%BE%D0%B1%D1%83%D1%81%D1%82%D1%80%D0%BE%D0%B9%D1%81%D1%82%D0%B2%D0%BE%20%D0%B2%D1%8A%D0%B5%D0%B7%D0%B4%D0%B0%20%D0%BD%D0%B0%20%D1%83%D1%87%D0%B0%D1%81%D1%82%D0%BE%D0%BA","2026-08-20T18:45:05.501+03:00",""
"S1","ландшафтное проектирование участка","""ландшафтное проектирование участка""","Ярославль","phrase","zero_results","0","","","https://wordstat.yandex.ru/?region=16&view=table&words=%22%D0%BB%D0%B0%D0%BD%D0%B4%D1%88%D0%B0%D1%84%D1%82%D0%BD%D0%BE%D0%B5%20%D0%BF%D1%80%D0%BE%D0%B5%D0%BA%D1%82%D0%B8%D1%80%D0%BE%D0%B2%D0%B0%D0%BD%D0%B8%D0%B5%20%D1%83%D1%87%D0%B0%D1%81%D1%82%D0%BA%D0%B0%22","2026-08-20T18:45:05.501+03:00",""
"S1","ландшафтное проектирование участка","""!ландшафтное !проектирование !участка""","Ярославль","exact","zero_results","0","","","https://wordstat.yandex.ru/?region=16&view=table&words=%22!%D0%BB%D0%B0%D0%BD%D0%B4%D1%88%D0%B0%D1%84%D1%82%D0%BD%D0%BE%D0%B5%20!%D0%BF%D1%80%D0%BE%D0%B5%D0%BA%D1%82%D0%B8%D1%80%D0%BE%D0%B2%D0%B0%D0%BD%D0%B8%D0%B5%20!%D1%83%D1%87%D0%B0%D1%81%D1%82%D0%BA%D0%B0%22","2026-08-20T18:45:05.501+03:00",""
"S1","ландшафтное проектирование участка","""ландшафтное проектирование участка""","Ярославская область","phrase","zero_results","0","","","https://wordstat.yandex.ru/?region=10841&view=table&words=%22%D0%BB%D0%B0%D0%BD%D0%B4%D1%88%D0%B0%D1%84%D1%82%D0%BD%D0%BE%D0%B5%20%D0%BF%D1%80%D0%BE%D0%B5%D0%BA%D1%82%D0%B8%D1%80%D0%BE%D0%B2%D0%B0%D0%BD%D0%B8%D0%B5%20%D1%83%D1%87%D0%B0%D1%81%D1%82%D0%BA%D0%B0%22","2026-08-20T18:45:05.501+03:00",""
"S1","ландшафтное проектирование участка","""!ландшафтное !проектирование !участка""","Ярославская область","exact","zero_results","0","","","https://wordstat.yandex.ru/?region=10841&view=table&words=%22!%D0%BB%D0%B0%D0%BD%D0%B4%D1%88%D0%B0%D1%84%D1%82%D0%BD%D0%BE%D0%B5%20!%D0%BF%D1%80%D0%BE%D0%B5%D0%BA%D1%82%D0%B8%D1%80%D0%BE%D0%B2%D0%B0%D0%BD%D0%B8%D0%B5%20!%D1%83%D1%87%D0%B0%D1%81%D1%82%D0%BA%D0%B0%22","2026-08-20T18:45:05.501+03:00",""
"S2","газон под ключ","""газон под ключ""","Ярославль","phrase","exported","0","75","top-075-2026-08-20.csv","https://wordstat.yandex.ru/?region=16&view=table&words=%22%D0%B3%D0%B0%D0%B7%D0%BE%D0%BD%20%D0%BF%D0%BE%D0%B4%20%D0%BA%D0%BB%D1%8E%D1%87%22","2026-08-20T18:45:05.501+03:00",""
"S2","газон под ключ","""!газон !под !ключ""","Ярославль","exact","exported","0","76","top-076-2026-08-20.csv","https://wordstat.yandex.ru/?region=16&view=table&words=%22!%D0%B3%D0%B0%D0%B7%D0%BE%D0%BD%20!%D0%BF%D0%BE%D0%B4%20!%D0%BA%D0%BB%D1%8E%D1%87%22","2026-08-20T18:45:05.501+03:00",""
"S2","газон под ключ","""газон под ключ""","Ярославская область","phrase","exported","0","77","top-077-2026-08-20.csv","https://wordstat.yandex.ru/?region=10841&view=table&words=%22%D0%B3%D0%B0%D0%B7%D0%BE%D0%BD%20%D0%BF%D0%BE%D0%B4%20%D0%BA%D0%BB%D1%8E%D1%87%22","2026-08-20T18:45:05.501+03:00",""
"S2","газон под ключ","""!газон !под !ключ""","Ярославская область","exact","exported","0","78","top-078-2026-08-20.csv","https://wordstat.yandex.ru/?region=10841&view=table&words=%22!%D0%B3%D0%B0%D0%B7%D0%BE%D0%BD%20!%D0%BF%D0%BE%D0%B4%20!%D0%BA%D0%BB%D1%8E%D1%87%22","2026-08-20T18:45:05.501+03:00",""
"S3","посадка деревьев","""посадка деревьев""","Ярославль","phrase","exported","0","79","top-079-2026-08-20.csv","https://wordstat.yandex.ru/?region=16&view=table&words=%22%D0%BF%D0%BE%D1%81%D0%B0%D0%B4%D0%BA%D0%B0%20%D0%B4%D0%B5%D1%80%D0%B5%D0%B2%D1%8C%D0%B5%D0%B2%22","2026-08-20T18:45:05.501+03:00",""
"S3","посадка деревьев","""!посадка !деревьев""","Ярославль","exact","exported","0","80","top-080-2026-08-20.csv","https://wordstat.yandex.ru/?region=16&view=table&words=%22!%D0%BF%D0%BE%D1%81%D0%B0%D0%B4%D0%BA%D0%B0%20!%D0%B4%D0%B5%D1%80%D0%B5%D0%B2%D1%8C%D0%B5%D0%B2%22","2026-08-20T18:45:05.501+03:00",""
"S3","посадка деревьев","""посадка деревьев""","Ярославская область","phrase","exported","0","81","top-081-2026-08-20.csv","https://wordstat.yandex.ru/?region=10841&view=table&words=%22%D0%BF%D0%BE%D1%81%D0%B0%D0%B4%D0%BA%D0%B0%20%D0%B4%D0%B5%D1%80%D0%B5%D0%B2%D1%8C%D0%B5%D0%B2%22","2026-08-20T18:45:05.501+03:00",""
"S3","посадка деревьев","""!посадка !деревьев""","Ярославская область","exact","exported","0","82","top-082-2026-08-20.csv","https://wordstat.yandex.ru/?region=10841&view=table&words=%22!%D0%BF%D0%BE%D1%81%D0%B0%D0%B4%D0%BA%D0%B0%20!%D0%B4%D0%B5%D1%80%D0%B5%D0%B2%D1%8C%D0%B5%D0%B2%22","2026-08-20T18:45:05.501+03:00",""
"S4","уход за садом","""уход за садом""","Ярославль","phrase","exported","0","83","top-083-2026-08-20.csv","https://wordstat.yandex.ru/?region=16&view=table&words=%22%D1%83%D1%85%D0%BE%D0%B4%20%D0%B7%D0%B0%20%D1%81%D0%B0%D0%B4%D0%BE%D0%BC%22","2026-08-20T18:45:05.501+03:00",""
"S4","уход за садом","""!уход !за !садом""","Ярославль","exact","exported","0","84","top-084-2026-08-20.csv","https://wordstat.yandex.ru/?region=16&view=table&words=%22!%D1%83%D1%85%D0%BE%D0%B4%20!%D0%B7%D0%B0%20!%D1%81%D0%B0%D0%B4%D0%BE%D0%BC%22","2026-08-20T18:45:05.501+03:00",""
"S4","уход за садом","""уход за садом""","Ярославская область","phrase","exported","0","85","top-085-2026-08-20.csv","https://wordstat.yandex.ru/?region=10841&view=table&words=%22%D1%83%D1%85%D0%BE%D0%B4%20%D0%B7%D0%B0%20%D1%81%D0%B0%D0%B4%D0%BE%D0%BC%22","2026-08-20T18:45:05.501+03:00",""
"S4","уход за садом","""!уход !за !садом""","Ярославская область","exact","exported","0","86","top-086-2026-08-20.csv","https://wordstat.yandex.ru/?region=10841&view=table&words=%22!%D1%83%D1%85%D0%BE%D0%B4%20!%D0%B7%D0%B0%20!%D1%81%D0%B0%D0%B4%D0%BE%D0%BC%22","2026-08-20T18:45:05.501+03:00",""
"S5","планировка участка","""планировка участка""","Ярославль","phrase","exported","5","87","top-087-2026-08-20.csv","https://wordstat.yandex.ru/?region=16&view=table&words=%22%D0%BF%D0%BB%D0%B0%D0%BD%D0%B8%D1%80%D0%BE%D0%B2%D0%BA%D0%B0%20%D1%83%D1%87%D0%B0%D1%81%D1%82%D0%BA%D0%B0%22","2026-08-20T18:45:05.501+03:00",""
"S5","планировка участка","""!планировка !участка""","Ярославль","exact","exported","5","88","top-088-2026-08-20.csv","https://wordstat.yandex.ru/?region=16&view=table&words=%22!%D0%BF%D0%BB%D0%B0%D0%BD%D0%B8%D1%80%D0%BE%D0%B2%D0%BA%D0%B0%20!%D1%83%D1%87%D0%B0%D1%81%D1%82%D0%BA%D0%B0%22","2026-08-20T18:45:05.501+03:00",""
"S5","планировка участка","""планировка участка""","Ярославская область","phrase","exported","19","89","top-089-2026-08-20.csv","https://wordstat.yandex.ru/?region=10841&view=table&words=%22%D0%BF%D0%BB%D0%B0%D0%BD%D0%B8%D1%80%D0%BE%D0%B2%D0%BA%D0%B0%20%D1%83%D1%87%D0%B0%D1%81%D1%82%D0%BA%D0%B0%22","2026-08-20T18:45:05.501+03:00",""
"S5","планировка участка","""!планировка !участка""","Ярославская область","exact","exported","19","90","top-090-2026-08-20.csv","https://wordstat.yandex.ru/?region=10841&view=table&words=%22!%D0%BF%D0%BB%D0%B0%D0%BD%D0%B8%D1%80%D0%BE%D0%B2%D0%BA%D0%B0%20!%D1%83%D1%87%D0%B0%D1%81%D1%82%D0%BA%D0%B0%22","2026-08-20T18:45:05.501+03:00",""
"S6","подпорная стенка на участке","""подпорная стенка на участке""","Ярославль","phrase","exported","0","91","top-091-2026-08-20.csv","https://wordstat.yandex.ru/?region=16&view=table&words=%22%D0%BF%D0%BE%D0%B4%D0%BF%D0%BE%D1%80%D0%BD%D0%B0%D1%8F%20%D1%81%D1%82%D0%B5%D0%BD%D0%BA%D0%B0%20%D0%BD%D0%B0%20%D1%83%D1%87%D0%B0%D1%81%D1%82%D0%BA%D0%B5%22","2026-08-20T18:45:05.501+03:00",""
"S6","подпорная стенка на участке","""!подпорная !стенка !на !участке""","Ярославль","exact","exported","0","92","top-092-2026-08-20.csv","https://wordstat.yandex.ru/?region=16&view=table&words=%22!%D0%BF%D0%BE%D0%B4%D0%BF%D0%BE%D1%80%D0%BD%D0%B0%D1%8F%20!%D1%81%D1%82%D0%B5%D0%BD%D0%BA%D0%B0%20!%D0%BD%D0%B0%20!%D1%83%D1%87%D0%B0%D1%81%D1%82%D0%BA%D0%B5%22","2026-08-20T18:45:05.501+03:00",""
"S6","подпорная стенка на участке","""подпорная стенка на участке""","Ярославская область","phrase","exported","0","93","top-093-2026-08-20.csv","https://wordstat.yandex.ru/?region=10841&view=table&words=%22%D0%BF%D0%BE%D0%B4%D0%BF%D0%BE%D1%80%D0%BD%D0%B0%D1%8F%20%D1%81%D1%82%D0%B5%D0%BD%D0%BA%D0%B0%20%D0%BD%D0%B0%20%D1%83%D1%87%D0%B0%D1%81%D1%82%D0%BA%D0%B5%22","2026-08-20T18:45:05.501+03:00",""
"S6","подпорная стенка на участке","""!подпорная !стенка !на !участке""","Ярославская область","exact","exported","0","94","top-094-2026-08-20.csv","https://wordstat.yandex.ru/?region=10841&view=table&words=%22!%D0%BF%D0%BE%D0%B4%D0%BF%D0%BE%D1%80%D0%BD%D0%B0%D1%8F%20!%D1%81%D1%82%D0%B5%D0%BD%D0%BA%D0%B0%20!%D0%BD%D0%B0%20!%D1%83%D1%87%D0%B0%D1%81%D1%82%D0%BA%D0%B5%22","2026-08-20T18:45:05.501+03:00",""
"S7","освещение участка","""освещение участка""","Ярославль","phrase","exported","0","95","top-095-2026-08-20.csv","https://wordstat.yandex.ru/?region=16&view=table&words=%22%D0%BE%D1%81%D0%B2%D0%B5%D1%89%D0%B5%D0%BD%D0%B8%D0%B5%20%D1%83%D1%87%D0%B0%D1%81%D1%82%D0%BA%D0%B0%22","2026-08-20T18:45:05.501+03:00",""
"S7","освещение участка","""!освещение !участка""","Ярославль","exact","exported","0","96","top-096-2026-08-20.csv","https://wordstat.yandex.ru/?region=16&view=table&words=%22!%D0%BE%D1%81%D0%B2%D0%B5%D1%89%D0%B5%D0%BD%D0%B8%D0%B5%20!%D1%83%D1%87%D0%B0%D1%81%D1%82%D0%BA%D0%B0%22","2026-08-20T18:45:05.501+03:00",""
"S7","освещение участка","""освещение участка""","Ярославская область","phrase","exported","0","97","top-097-2026-08-20.csv","https://wordstat.yandex.ru/?region=10841&view=table&words=%22%D0%BE%D1%81%D0%B2%D0%B5%D1%89%D0%B5%D0%BD%D0%B8%D0%B5%20%D1%83%D1%87%D0%B0%D1%81%D1%82%D0%BA%D0%B0%22","2026-08-20T18:45:05.501+03:00",""
"S7","освещение участка","""!освещение !участка""","Ярославская область","exact","exported","0","98","top-098-2026-08-20.csv","https://wordstat.yandex.ru/?region=10841&view=table&words=%22!%D0%BE%D1%81%D0%B2%D0%B5%D1%89%D0%B5%D0%BD%D0%B8%D0%B5%20!%D1%83%D1%87%D0%B0%D1%81%D1%82%D0%BA%D0%B0%22","2026-08-20T18:45:05.501+03:00",""
"S8","въезд через канаву","""въезд через канаву""","Ярославль","phrase","exported","0","99","top-099-2026-08-20.csv","https://wordstat.yandex.ru/?region=16&view=table&words=%22%D0%B2%D1%8A%D0%B5%D0%B7%D0%B4%20%D1%87%D0%B5%D1%80%D0%B5%D0%B7%20%D0%BA%D0%B0%D0%BD%D0%B0%D0%B2%D1%83%22","2026-08-20T18:45:05.501+03:00",""
"S8","въезд через канаву","""!въезд !через !канаву""","Ярославль","exact","exported","0","100","top-100-2026-08-20.csv","https://wordstat.yandex.ru/?region=16&view=table&words=%22!%D0%B2%D1%8A%D0%B5%D0%B7%D0%B4%20!%D1%87%D0%B5%D1%80%D0%B5%D0%B7%20!%D0%BA%D0%B0%D0%BD%D0%B0%D0%B2%D1%83%22","2026-08-20T18:45:05.501+03:00",""
"S8","въезд через канаву","""въезд через канаву""","Ярославская область","phrase","exported","1","101","top-101-2026-08-20.csv","https://wordstat.yandex.ru/?region=10841&view=table&words=%22%D0%B2%D1%8A%D0%B5%D0%B7%D0%B4%20%D1%87%D0%B5%D1%80%D0%B5%D0%B7%20%D0%BA%D0%B0%D0%BD%D0%B0%D0%B2%D1%83%22","2026-08-20T18:45:05.501+03:00",""
"S8","въезд через канаву","""!въезд !через !канаву""","Ярославская область","exact","exported","1","102","top-102-2026-08-20.csv","https://wordstat.yandex.ru/?region=10841&view=table&words=%22!%D0%B2%D1%8A%D0%B5%D0%B7%D0%B4%20!%D1%87%D0%B5%D1%80%D0%B5%D0%B7%20!%D0%BA%D0%B0%D0%BD%D0%B0%D0%B2%D1%83%22","2026-08-20T18:45:05.501+03:00",""
"S1","ландшафтное проектирование участка","ландшафтное проектирование участка рыбинск","Ярославская область","geo_рыбинск","zero_results","0","","","https://wordstat.yandex.ru/?region=10841&view=table&words=%D0%BB%D0%B0%D0%BD%D0%B4%D1%88%D0%B0%D1%84%D1%82%D0%BD%D0%BE%D0%B5%20%D0%BF%D1%80%D0%BE%D0%B5%D0%BA%D1%82%D0%B8%D1%80%D0%BE%D0%B2%D0%B0%D0%BD%D0%B8%D0%B5%20%D1%83%D1%87%D0%B0%D1%81%D1%82%D0%BA%D0%B0%20%D1%80%D1%8B%D0%B1%D0%B8%D0%BD%D1%81%D0%BA","2026-08-20T18:45:05.501+03:00",""
"S1","ландшафтное проектирование участка","ландшафтное проектирование участка тутаев","Ярославская область","geo_тутаев","zero_results","0","","","https://wordstat.yandex.ru/?region=10841&view=table&words=%D0%BB%D0%B0%D0%BD%D0%B4%D1%88%D0%B0%D1%84%D1%82%D0%BD%D0%BE%D0%B5%20%D0%BF%D1%80%D0%BE%D0%B5%D0%BA%D1%82%D0%B8%D1%80%D0%BE%D0%B2%D0%B0%D0%BD%D0%B8%D0%B5%20%D1%83%D1%87%D0%B0%D1%81%D1%82%D0%BA%D0%B0%20%D1%82%D1%83%D1%82%D0%B0%D0%B5%D0%B2","2026-08-20T18:45:05.501+03:00",""
"S1","ландшафтное проектирование участка","ландшафтное проектирование участка углич","Ярославская область","geo_углич","zero_results","0","","","https://wordstat.yandex.ru/?region=10841&view=table&words=%D0%BB%D0%B0%D0%BD%D0%B4%D1%88%D0%B0%D1%84%D1%82%D0%BD%D0%BE%D0%B5%20%D0%BF%D1%80%D0%BE%D0%B5%D0%BA%D1%82%D0%B8%D1%80%D0%BE%D0%B2%D0%B0%D0%BD%D0%B8%D0%B5%20%D1%83%D1%87%D0%B0%D1%81%D1%82%D0%BA%D0%B0%20%D1%83%D0%B3%D0%BB%D0%B8%D1%87","2026-08-20T18:45:05.501+03:00",""
"S1","ландшафтное проектирование участка","ландшафтное проектирование участка переславль-залесский","Ярославская область","geo_переславль-залесский","zero_results","0","","","https://wordstat.yandex.ru/?region=10841&view=table&words=%D0%BB%D0%B0%D0%BD%D0%B4%D1%88%D0%B0%D1%84%D1%82%D0%BD%D0%BE%D0%B5%20%D0%BF%D1%80%D0%BE%D0%B5%D0%BA%D1%82%D0%B8%D1%80%D0%BE%D0%B2%D0%B0%D0%BD%D0%B8%D0%B5%20%D1%83%D1%87%D0%B0%D1%81%D1%82%D0%BA%D0%B0%20%D0%BF%D0%B5%D1%80%D0%B5%D1%81%D0%BB%D0%B0%D0%B2%D0%BB%D1%8C-%D0%B7%D0%B0%D0%BB%D0%B5%D1%81%D1%81%D0%BA%D0%B8%D0%B9","2026-08-20T18:45:05.501+03:00",""
"S1","ландшафтный дизайн участка","ландшафтный дизайн участка рыбинск","Ярославская область","geo_рыбинск","zero_results","1","","","https://wordstat.yandex.ru/?region=10841&view=table&words=%D0%BB%D0%B0%D0%BD%D0%B4%D1%88%D0%B0%D1%84%D1%82%D0%BD%D1%8B%D0%B9%20%D0%B4%D0%B8%D0%B7%D0%B0%D0%B9%D0%BD%20%D1%83%D1%87%D0%B0%D1%81%D1%82%D0%BA%D0%B0%20%D1%80%D1%8B%D0%B1%D0%B8%D0%BD%D1%81%D0%BA","2026-08-20T18:45:05.501+03:00",""
"S1","ландшафтный дизайн участка","ландшафтный дизайн участка тутаев","Ярославская область","geo_тутаев","zero_results","0","","","https://wordstat.yandex.ru/?region=10841&view=table&words=%D0%BB%D0%B0%D0%BD%D0%B4%D1%88%D0%B0%D1%84%D1%82%D0%BD%D1%8B%D0%B9%20%D0%B4%D0%B8%D0%B7%D0%B0%D0%B9%D0%BD%20%D1%83%D1%87%D0%B0%D1%81%D1%82%D0%BA%D0%B0%20%D1%82%D1%83%D1%82%D0%B0%D0%B5%D0%B2","2026-08-20T18:45:05.501+03:00",""
"S1","ландшафтный дизайн участка","ландшафтный дизайн участка углич","Ярославская область","geo_углич","zero_results","0","","","https://wordstat.yandex.ru/?region=10841&view=table&words=%D0%BB%D0%B0%D0%BD%D0%B4%D1%88%D0%B0%D1%84%D1%82%D0%BD%D1%8B%D0%B9%20%D0%B4%D0%B8%D0%B7%D0%B0%D0%B9%D0%BD%20%D1%83%D1%87%D0%B0%D1%81%D1%82%D0%BA%D0%B0%20%D1%83%D0%B3%D0%BB%D0%B8%D1%87","2026-08-20T18:45:05.501+03:00",""
"S1","ландшафтный дизайн участка","ландшафтный дизайн участка переславль-залесский","Ярославская область","geo_переславль-залесский","zero_results","0","","","https://wordstat.yandex.ru/?region=10841&view=table&words=%D0%BB%D0%B0%D0%BD%D0%B4%D1%88%D0%B0%D1%84%D1%82%D0%BD%D1%8B%D0%B9%20%D0%B4%D0%B8%D0%B7%D0%B0%D0%B9%D0%BD%20%D1%83%D1%87%D0%B0%D1%81%D1%82%D0%BA%D0%B0%20%D0%BF%D0%B5%D1%80%D0%B5%D1%81%D0%BB%D0%B0%D0%B2%D0%BB%D1%8C-%D0%B7%D0%B0%D0%BB%D0%B5%D1%81%D1%81%D0%BA%D0%B8%D0%B9","2026-08-20T18:45:05.501+03:00",""
"S1","проект благоустройства участка","проект благоустройства участка рыбинск","Ярославская область","geo_рыбинск","zero_results","0","","","https://wordstat.yandex.ru/?region=10841&view=table&words=%D0%BF%D1%80%D0%BE%D0%B5%D0%BA%D1%82%20%D0%B1%D0%BB%D0%B0%D0%B3%D0%BE%D1%83%D1%81%D1%82%D1%80%D0%BE%D0%B9%D1%81%D1%82%D0%B2%D0%B0%20%D1%83%D1%87%D0%B0%D1%81%D1%82%D0%BA%D0%B0%20%D1%80%D1%8B%D0%B1%D0%B8%D0%BD%D1%81%D0%BA","2026-08-20T18:45:05.501+03:00",""
"S1","проект благоустройства участка","проект благоустройства участка тутаев","Ярославская область","geo_тутаев","zero_results","0","","","https://wordstat.yandex.ru/?region=10841&view=table&words=%D0%BF%D1%80%D0%BE%D0%B5%D0%BA%D1%82%20%D0%B1%D0%BB%D0%B0%D0%B3%D0%BE%D1%83%D1%81%D1%82%D1%80%D0%BE%D0%B9%D1%81%D1%82%D0%B2%D0%B0%20%D1%83%D1%87%D0%B0%D1%81%D1%82%D0%BA%D0%B0%20%D1%82%D1%83%D1%82%D0%B0%D0%B5%D0%B2","2026-08-20T18:45:05.501+03:00",""
"S1","проект благоустройства участка","проект благоустройства участка углич","Ярославская область","geo_углич","zero_results","0","","","https://wordstat.yandex.ru/?region=10841&view=table&words=%D0%BF%D1%80%D0%BE%D0%B5%D0%BA%D1%82%20%D0%B1%D0%BB%D0%B0%D0%B3%D0%BE%D1%83%D1%81%D1%82%D1%80%D0%BE%D0%B9%D1%81%D1%82%D0%B2%D0%B0%20%D1%83%D1%87%D0%B0%D1%81%D1%82%D0%BA%D0%B0%20%D1%83%D0%B3%D0%BB%D0%B8%D1%87","2026-08-20T18:45:05.501+03:00",""
"S1","проект благоустройства участка","проект благоустройства участка переславль-залесский","Ярославская область","geo_переславль-залесский","zero_results","0","","","https://wordstat.yandex.ru/?region=10841&view=table&words=%D0%BF%D1%80%D0%BE%D0%B5%D0%BA%D1%82%20%D0%B1%D0%BB%D0%B0%D0%B3%D0%BE%D1%83%D1%81%D1%82%D1%80%D0%BE%D0%B9%D1%81%D1%82%D0%B2%D0%B0%20%D1%83%D1%87%D0%B0%D1%81%D1%82%D0%BA%D0%B0%20%D0%BF%D0%B5%D1%80%D0%B5%D1%81%D0%BB%D0%B0%D0%B2%D0%BB%D1%8C-%D0%B7%D0%B0%D0%BB%D0%B5%D1%81%D1%81%D0%BA%D0%B8%D0%B9","2026-08-20T18:45:05.501+03:00",""
"S1","дизайн проект участка","дизайн проект участка рыбинск","Ярославская область","geo_рыбинск","zero_results","0","","","https://wordstat.yandex.ru/?region=10841&view=table&words=%D0%B4%D0%B8%D0%B7%D0%B0%D0%B9%D0%BD%20%D0%BF%D1%80%D0%BE%D0%B5%D0%BA%D1%82%20%D1%83%D1%87%D0%B0%D1%81%D1%82%D0%BA%D0%B0%20%D1%80%D1%8B%D0%B1%D0%B8%D0%BD%D1%81%D0%BA","2026-08-20T18:45:05.501+03:00",""
"S1","дизайн проект участка","дизайн проект участка тутаев","Ярославская область","geo_тутаев","zero_results","0","","","https://wordstat.yandex.ru/?region=10841&view=table&words=%D0%B4%D0%B8%D0%B7%D0%B0%D0%B9%D0%BD%20%D0%BF%D1%80%D0%BE%D0%B5%D0%BA%D1%82%20%D1%83%D1%87%D0%B0%D1%81%D1%82%D0%BA%D0%B0%20%D1%82%D1%83%D1%82%D0%B0%D0%B5%D0%B2","2026-08-20T18:45:05.501+03:00",""
"S1","дизайн проект участка","дизайн проект участка углич","Ярославская область","geo_углич","zero_results","0","","","https://wordstat.yandex.ru/?region=10841&view=table&words=%D0%B4%D0%B8%D0%B7%D0%B0%D0%B9%D0%BD%20%D0%BF%D1%80%D0%BE%D0%B5%D0%BA%D1%82%20%D1%83%D1%87%D0%B0%D1%81%D1%82%D0%BA%D0%B0%20%D1%83%D0%B3%D0%BB%D0%B8%D1%87","2026-08-20T18:45:05.501+03:00",""
"S1","дизайн проект участка","дизайн проект участка переславль-залесский","Ярославская область","geo_переславль-залесский","zero_results","0","","","https://wordstat.yandex.ru/?region=10841&view=table&words=%D0%B4%D0%B8%D0%B7%D0%B0%D0%B9%D0%BD%20%D0%BF%D1%80%D0%BE%D0%B5%D0%BA%D1%82%20%D1%83%D1%87%D0%B0%D1%81%D1%82%D0%BA%D0%B0%20%D0%BF%D0%B5%D1%80%D0%B5%D1%81%D0%BB%D0%B0%D0%B2%D0%BB%D1%8C-%D0%B7%D0%B0%D0%BB%D0%B5%D1%81%D1%81%D0%BA%D0%B8%D0%B9","2026-08-20T18:45:05.501+03:00",""
"S2","газон под ключ","газон под ключ рыбинск","Ярославская область","geo_рыбинск","zero_results","0","","","https://wordstat.yandex.ru/?region=10841&view=table&words=%D0%B3%D0%B0%D0%B7%D0%BE%D0%BD%20%D0%BF%D0%BE%D0%B4%20%D0%BA%D0%BB%D1%8E%D1%87%20%D1%80%D1%8B%D0%B1%D0%B8%D0%BD%D1%81%D0%BA","2026-08-20T18:45:05.501+03:00",""
"S2","газон под ключ","газон под ключ тутаев","Ярославская область","geo_тутаев","zero_results","0","","","https://wordstat.yandex.ru/?region=10841&view=table&words=%D0%B3%D0%B0%D0%B7%D0%BE%D0%BD%20%D0%BF%D0%BE%D0%B4%20%D0%BA%D0%BB%D1%8E%D1%87%20%D1%82%D1%83%D1%82%D0%B0%D0%B5%D0%B2","2026-08-20T18:45:05.501+03:00",""
"S2","газон под ключ","газон под ключ углич","Ярославская область","geo_углич","zero_results","0","","","https://wordstat.yandex.ru/?region=10841&view=table&words=%D0%B3%D0%B0%D0%B7%D0%BE%D0%BD%20%D0%BF%D0%BE%D0%B4%20%D0%BA%D0%BB%D1%8E%D1%87%20%D1%83%D0%B3%D0%BB%D0%B8%D1%87","2026-08-20T18:45:05.501+03:00",""
"S2","газон под ключ","газон под ключ переславль-залесский","Ярославская область","geo_переславль-залесский","zero_results","0","","","https://wordstat.yandex.ru/?region=10841&view=table&words=%D0%B3%D0%B0%D0%B7%D0%BE%D0%BD%20%D0%BF%D0%BE%D0%B4%20%D0%BA%D0%BB%D1%8E%D1%87%20%D0%BF%D0%B5%D1%80%D0%B5%D1%81%D0%BB%D0%B0%D0%B2%D0%BB%D1%8C-%D0%B7%D0%B0%D0%BB%D0%B5%D1%81%D1%81%D0%BA%D0%B8%D0%B9","2026-08-20T18:45:05.501+03:00",""
"S2","рулонный газон","рулонный газон рыбинск","Ярославская область","geo_рыбинск","zero_results","1","","","https://wordstat.yandex.ru/?region=10841&view=table&words=%D1%80%D1%83%D0%BB%D0%BE%D0%BD%D0%BD%D1%8B%D0%B9%20%D0%B3%D0%B0%D0%B7%D0%BE%D0%BD%20%D1%80%D1%8B%D0%B1%D0%B8%D0%BD%D1%81%D0%BA","2026-08-20T18:45:05.501+03:00",""
"S2","рулонный газон","рулонный газон тутаев","Ярославская область","geo_тутаев","zero_results","0","","","https://wordstat.yandex.ru/?region=10841&view=table&words=%D1%80%D1%83%D0%BB%D0%BE%D0%BD%D0%BD%D1%8B%D0%B9%20%D0%B3%D0%B0%D0%B7%D0%BE%D0%BD%20%D1%82%D1%83%D1%82%D0%B0%D0%B5%D0%B2","2026-08-20T18:45:05.501+03:00",""
"S2","рулонный газон","рулонный газон углич","Ярославская область","geo_углич","exported","13","103","top-103-2026-08-20.csv","https://wordstat.yandex.ru/?region=10841&view=table&words=%D1%80%D1%83%D0%BB%D0%BE%D0%BD%D0%BD%D1%8B%D0%B9%20%D0%B3%D0%B0%D0%B7%D0%BE%D0%BD%20%D1%83%D0%B3%D0%BB%D0%B8%D1%87","2026-08-20T18:45:05.501+03:00",""
"S2","рулонный газон","рулонный газон переславль-залесский","Ярославская область","geo_переславль-залесский","zero_results","0","","","https://wordstat.yandex.ru/?region=10841&view=table&words=%D1%80%D1%83%D0%BB%D0%BE%D0%BD%D0%BD%D1%8B%D0%B9%20%D0%B3%D0%B0%D0%B7%D0%BE%D0%BD%20%D0%BF%D0%B5%D1%80%D0%B5%D1%81%D0%BB%D0%B0%D0%B2%D0%BB%D1%8C-%D0%B7%D0%B0%D0%BB%D0%B5%D1%81%D1%81%D0%BA%D0%B8%D0%B9","2026-08-20T18:45:05.501+03:00",""
"S2","укладка рулонного газона","укладка рулонного газона рыбинск","Ярославская область","geo_рыбинск","zero_results","0","","","https://wordstat.yandex.ru/?region=10841&view=table&words=%D1%83%D0%BA%D0%BB%D0%B0%D0%B4%D0%BA%D0%B0%20%D1%80%D1%83%D0%BB%D0%BE%D0%BD%D0%BD%D0%BE%D0%B3%D0%BE%20%D0%B3%D0%B0%D0%B7%D0%BE%D0%BD%D0%B0%20%D1%80%D1%8B%D0%B1%D0%B8%D0%BD%D1%81%D0%BA","2026-08-20T18:45:05.501+03:00",""
"S2","укладка рулонного газона","укладка рулонного газона тутаев","Ярославская область","geo_тутаев","zero_results","0","","","https://wordstat.yandex.ru/?region=10841&view=table&words=%D1%83%D0%BA%D0%BB%D0%B0%D0%B4%D0%BA%D0%B0%20%D1%80%D1%83%D0%BB%D0%BE%D0%BD%D0%BD%D0%BE%D0%B3%D0%BE%20%D0%B3%D0%B0%D0%B7%D0%BE%D0%BD%D0%B0%20%D1%82%D1%83%D1%82%D0%B0%D0%B5%D0%B2","2026-08-20T18:45:05.501+03:00",""
"S2","укладка рулонного газона","укладка рулонного газона углич","Ярославская область","geo_углич","zero_results","0","","","https://wordstat.yandex.ru/?region=10841&view=table&words=%D1%83%D0%BA%D0%BB%D0%B0%D0%B4%D0%BA%D0%B0%20%D1%80%D1%83%D0%BB%D0%BE%D0%BD%D0%BD%D0%BE%D0%B3%D0%BE%20%D0%B3%D0%B0%D0%B7%D0%BE%D0%BD%D0%B0%20%D1%83%D0%B3%D0%BB%D0%B8%D1%87","2026-08-20T18:45:05.501+03:00",""
"S2","укладка рулонного газона","укладка рулонного газона переславль-залесский","Ярославская область","geo_переславль-залесский","zero_results","0","","","https://wordstat.yandex.ru/?region=10841&view=table&words=%D1%83%D0%BA%D0%BB%D0%B0%D0%B4%D0%BA%D0%B0%20%D1%80%D1%83%D0%BB%D0%BE%D0%BD%D0%BD%D0%BE%D0%B3%D0%BE%20%D0%B3%D0%B0%D0%B7%D0%BE%D0%BD%D0%B0%20%D0%BF%D0%B5%D1%80%D0%B5%D1%81%D0%BB%D0%B0%D0%B2%D0%BB%D1%8C-%D0%B7%D0%B0%D0%BB%D0%B5%D1%81%D1%81%D0%BA%D0%B8%D0%B9","2026-08-20T18:45:05.501+03:00",""
"S2","посевной газон","посевной газон рыбинск","Ярославская область","geo_рыбинск","zero_results","0","","","https://wordstat.yandex.ru/?region=10841&view=table&words=%D0%BF%D0%BE%D1%81%D0%B5%D0%B2%D0%BD%D0%BE%D0%B9%20%D0%B3%D0%B0%D0%B7%D0%BE%D0%BD%20%D1%80%D1%8B%D0%B1%D0%B8%D0%BD%D1%81%D0%BA","2026-08-20T18:45:05.501+03:00",""
"S2","посевной газон","посевной газон тутаев","Ярославская область","geo_тутаев","zero_results","0","","","https://wordstat.yandex.ru/?region=10841&view=table&words=%D0%BF%D0%BE%D1%81%D0%B5%D0%B2%D0%BD%D0%BE%D0%B9%20%D0%B3%D0%B0%D0%B7%D0%BE%D0%BD%20%D1%82%D1%83%D1%82%D0%B0%D0%B5%D0%B2","2026-08-20T18:45:05.501+03:00",""
"S2","посевной газон","посевной газон углич","Ярославская область","geo_углич","zero_results","0","","","https://wordstat.yandex.ru/?region=10841&view=table&words=%D0%BF%D0%BE%D1%81%D0%B5%D0%B2%D0%BD%D0%BE%D0%B9%20%D0%B3%D0%B0%D0%B7%D0%BE%D0%BD%20%D1%83%D0%B3%D0%BB%D0%B8%D1%87","2026-08-20T18:45:05.501+03:00",""
"S2","посевной газон","посевной газон переславль-залесский","Ярославская область","geo_переславль-залесский","zero_results","0","","","https://wordstat.yandex.ru/?region=10841&view=table&words=%D0%BF%D0%BE%D1%81%D0%B5%D0%B2%D0%BD%D0%BE%D0%B9%20%D0%B3%D0%B0%D0%B7%D0%BE%D0%BD%20%D0%BF%D0%B5%D1%80%D0%B5%D1%81%D0%BB%D0%B0%D0%B2%D0%BB%D1%8C-%D0%B7%D0%B0%D0%BB%D0%B5%D1%81%D1%81%D0%BA%D0%B8%D0%B9","2026-08-20T18:45:05.501+03:00",""
"S2","устройство газона","устройство газона рыбинск","Ярославская область","geo_рыбинск","zero_results","0","","","https://wordstat.yandex.ru/?region=10841&view=table&words=%D1%83%D1%81%D1%82%D1%80%D0%BE%D0%B9%D1%81%D1%82%D0%B2%D0%BE%20%D0%B3%D0%B0%D0%B7%D0%BE%D0%BD%D0%B0%20%D1%80%D1%8B%D0%B1%D0%B8%D0%BD%D1%81%D0%BA","2026-08-20T18:45:05.501+03:00",""
"S2","устройство газона","устройство газона тутаев","Ярославская область","geo_тутаев","zero_results","0","","","https://wordstat.yandex.ru/?region=10841&view=table&words=%D1%83%D1%81%D1%82%D1%80%D0%BE%D0%B9%D1%81%D1%82%D0%B2%D0%BE%20%D0%B3%D0%B0%D0%B7%D0%BE%D0%BD%D0%B0%20%D1%82%D1%83%D1%82%D0%B0%D0%B5%D0%B2","2026-08-20T18:45:05.501+03:00",""
"S2","устройство газона","устройство газона углич","Ярославская область","geo_углич","zero_results","0","","","https://wordstat.yandex.ru/?region=10841&view=table&words=%D1%83%D1%81%D1%82%D1%80%D0%BE%D0%B9%D1%81%D1%82%D0%B2%D0%BE%20%D0%B3%D0%B0%D0%B7%D0%BE%D0%BD%D0%B0%20%D1%83%D0%B3%D0%BB%D0%B8%D1%87","2026-08-20T18:45:05.501+03:00",""
"S2","устройство газона","устройство газона переславль-залесский","Ярославская область","geo_переславль-залесский","zero_results","0","","","https://wordstat.yandex.ru/?region=10841&view=table&words=%D1%83%D1%81%D1%82%D1%80%D0%BE%D0%B9%D1%81%D1%82%D0%B2%D0%BE%20%D0%B3%D0%B0%D0%B7%D0%BE%D0%BD%D0%B0%20%D0%BF%D0%B5%D1%80%D0%B5%D1%81%D0%BB%D0%B0%D0%B2%D0%BB%D1%8C-%D0%B7%D0%B0%D0%BB%D0%B5%D1%81%D1%81%D0%BA%D0%B8%D0%B9","2026-08-20T18:45:05.501+03:00",""
"S2","восстановление газона","восстановление газона рыбинск","Ярославская область","geo_рыбинск","zero_results","0","","","https://wordstat.yandex.ru/?region=10841&view=table&words=%D0%B2%D0%BE%D1%81%D1%81%D1%82%D0%B0%D0%BD%D0%BE%D0%B2%D0%BB%D0%B5%D0%BD%D0%B8%D0%B5%20%D0%B3%D0%B0%D0%B7%D0%BE%D0%BD%D0%B0%20%D1%80%D1%8B%D0%B1%D0%B8%D0%BD%D1%81%D0%BA","2026-08-20T18:45:05.501+03:00",""
"S2","восстановление газона","восстановление газона тутаев","Ярославская область","geo_тутаев","zero_results","0","","","https://wordstat.yandex.ru/?region=10841&view=table&words=%D0%B2%D0%BE%D1%81%D1%81%D1%82%D0%B0%D0%BD%D0%BE%D0%B2%D0%BB%D0%B5%D0%BD%D0%B8%D0%B5%20%D0%B3%D0%B0%D0%B7%D0%BE%D0%BD%D0%B0%20%D1%82%D1%83%D1%82%D0%B0%D0%B5%D0%B2","2026-08-20T18:45:05.501+03:00",""
"S2","восстановление газона","восстановление газона углич","Ярославская область","geo_углич","zero_results","0","","","https://wordstat.yandex.ru/?region=10841&view=table&words=%D0%B2%D0%BE%D1%81%D1%81%D1%82%D0%B0%D0%BD%D0%BE%D0%B2%D0%BB%D0%B5%D0%BD%D0%B8%D0%B5%20%D0%B3%D0%B0%D0%B7%D0%BE%D0%BD%D0%B0%20%D1%83%D0%B3%D0%BB%D0%B8%D1%87","2026-08-20T18:45:05.501+03:00",""
"S2","восстановление газона","восстановление газона переславль-залесский","Ярославская область","geo_переславль-залесский","zero_results","0","","","https://wordstat.yandex.ru/?region=10841&view=table&words=%D0%B2%D0%BE%D1%81%D1%81%D1%82%D0%B0%D0%BD%D0%BE%D0%B2%D0%BB%D0%B5%D0%BD%D0%B8%D0%B5%20%D0%B3%D0%B0%D0%B7%D0%BE%D0%BD%D0%B0%20%D0%BF%D0%B5%D1%80%D0%B5%D1%81%D0%BB%D0%B0%D0%B2%D0%BB%D1%8C-%D0%B7%D0%B0%D0%BB%D0%B5%D1%81%D1%81%D0%BA%D0%B8%D0%B9","2026-08-20T18:45:05.501+03:00",""
"S3","посадка деревьев","посадка деревьев рыбинск","Ярославская область","geo_рыбинск","zero_results","2","","","https://wordstat.yandex.ru/?region=10841&view=table&words=%D0%BF%D0%BE%D1%81%D0%B0%D0%B4%D0%BA%D0%B0%20%D0%B4%D0%B5%D1%80%D0%B5%D0%B2%D1%8C%D0%B5%D0%B2%20%D1%80%D1%8B%D0%B1%D0%B8%D0%BD%D1%81%D0%BA","2026-08-20T18:45:05.501+03:00",""
"S3","посадка деревьев","посадка деревьев тутаев","Ярославская область","geo_тутаев","zero_results","0","","","https://wordstat.yandex.ru/?region=10841&view=table&words=%D0%BF%D0%BE%D1%81%D0%B0%D0%B4%D0%BA%D0%B0%20%D0%B4%D0%B5%D1%80%D0%B5%D0%B2%D1%8C%D0%B5%D0%B2%20%D1%82%D1%83%D1%82%D0%B0%D0%B5%D0%B2","2026-08-20T18:45:05.501+03:00",""
"S3","посадка деревьев","посадка деревьев углич","Ярославская область","geo_углич","zero_results","0","","","https://wordstat.yandex.ru/?region=10841&view=table&words=%D0%BF%D0%BE%D1%81%D0%B0%D0%B4%D0%BA%D0%B0%20%D0%B4%D0%B5%D1%80%D0%B5%D0%B2%D1%8C%D0%B5%D0%B2%20%D1%83%D0%B3%D0%BB%D0%B8%D1%87","2026-08-20T18:45:05.501+03:00",""
"S3","посадка деревьев","посадка деревьев переславль-залесский","Ярославская область","geo_переславль-залесский","zero_results","0","","","https://wordstat.yandex.ru/?region=10841&view=table&words=%D0%BF%D0%BE%D1%81%D0%B0%D0%B4%D0%BA%D0%B0%20%D0%B4%D0%B5%D1%80%D0%B5%D0%B2%D1%8C%D0%B5%D0%B2%20%D0%BF%D0%B5%D1%80%D0%B5%D1%81%D0%BB%D0%B0%D0%B2%D0%BB%D1%8C-%D0%B7%D0%B0%D0%BB%D0%B5%D1%81%D1%81%D0%BA%D0%B8%D0%B9","2026-08-20T18:45:05.501+03:00",""
"S3","посадка кустарников","посадка кустарников рыбинск","Ярославская область","geo_рыбинск","zero_results","0","","","https://wordstat.yandex.ru/?region=10841&view=table&words=%D0%BF%D0%BE%D1%81%D0%B0%D0%B4%D0%BA%D0%B0%20%D0%BA%D1%83%D1%81%D1%82%D0%B0%D1%80%D0%BD%D0%B8%D0%BA%D0%BE%D0%B2%20%D1%80%D1%8B%D0%B1%D0%B8%D0%BD%D1%81%D0%BA","2026-08-20T18:45:05.501+03:00",""
"S3","посадка кустарников","посадка кустарников тутаев","Ярославская область","geo_тутаев","zero_results","0","","","https://wordstat.yandex.ru/?region=10841&view=table&words=%D0%BF%D0%BE%D1%81%D0%B0%D0%B4%D0%BA%D0%B0%20%D0%BA%D1%83%D1%81%D1%82%D0%B0%D1%80%D0%BD%D0%B8%D0%BA%D0%BE%D0%B2%20%D1%82%D1%83%D1%82%D0%B0%D0%B5%D0%B2","2026-08-20T18:45:05.501+03:00",""
"S3","посадка кустарников","посадка кустарников углич","Ярославская область","geo_углич","zero_results","0","","","https://wordstat.yandex.ru/?region=10841&view=table&words=%D0%BF%D0%BE%D1%81%D0%B0%D0%B4%D0%BA%D0%B0%20%D0%BA%D1%83%D1%81%D1%82%D0%B0%D1%80%D0%BD%D0%B8%D0%BA%D0%BE%D0%B2%20%D1%83%D0%B3%D0%BB%D0%B8%D1%87","2026-08-20T18:45:05.501+03:00",""
"S3","посадка кустарников","посадка кустарников переславль-залесский","Ярославская область","geo_переславль-залесский","zero_results","0","","","https://wordstat.yandex.ru/?region=10841&view=table&words=%D0%BF%D0%BE%D1%81%D0%B0%D0%B4%D0%BA%D0%B0%20%D0%BA%D1%83%D1%81%D1%82%D0%B0%D1%80%D0%BD%D0%B8%D0%BA%D0%BE%D0%B2%20%D0%BF%D0%B5%D1%80%D0%B5%D1%81%D0%BB%D0%B0%D0%B2%D0%BB%D1%8C-%D0%B7%D0%B0%D0%BB%D0%B5%D1%81%D1%81%D0%BA%D0%B8%D0%B9","2026-08-20T18:45:05.501+03:00",""
"S3","посадка хвойных","посадка хвойных рыбинск","Ярославская область","geo_рыбинск","zero_results","0","","","https://wordstat.yandex.ru/?region=10841&view=table&words=%D0%BF%D0%BE%D1%81%D0%B0%D0%B4%D0%BA%D0%B0%20%D1%85%D0%B2%D0%BE%D0%B9%D0%BD%D1%8B%D1%85%20%D1%80%D1%8B%D0%B1%D0%B8%D0%BD%D1%81%D0%BA","2026-08-20T18:45:05.501+03:00",""
"S3","посадка хвойных","посадка хвойных тутаев","Ярославская область","geo_тутаев","zero_results","0","","","https://wordstat.yandex.ru/?region=10841&view=table&words=%D0%BF%D0%BE%D1%81%D0%B0%D0%B4%D0%BA%D0%B0%20%D1%85%D0%B2%D0%BE%D0%B9%D0%BD%D1%8B%D1%85%20%D1%82%D1%83%D1%82%D0%B0%D0%B5%D0%B2","2026-08-20T18:45:05.501+03:00",""
"S3","посадка хвойных","посадка хвойных углич","Ярославская область","geo_углич","zero_results","0","","","https://wordstat.yandex.ru/?region=10841&view=table&words=%D0%BF%D0%BE%D1%81%D0%B0%D0%B4%D0%BA%D0%B0%20%D1%85%D0%B2%D0%BE%D0%B9%D0%BD%D1%8B%D1%85%20%D1%83%D0%B3%D0%BB%D0%B8%D1%87","2026-08-20T18:45:05.501+03:00",""
"S3","посадка хвойных","посадка хвойных переславль-залесский","Ярославская область","geo_переславль-залесский","zero_results","0","","","https://wordstat.yandex.ru/?region=10841&view=table&words=%D0%BF%D0%BE%D1%81%D0%B0%D0%B4%D0%BA%D0%B0%20%D1%85%D0%B2%D0%BE%D0%B9%D0%BD%D1%8B%D1%85%20%D0%BF%D0%B5%D1%80%D0%B5%D1%81%D0%BB%D0%B0%D0%B2%D0%BB%D1%8C-%D0%B7%D0%B0%D0%BB%D0%B5%D1%81%D1%81%D0%BA%D0%B8%D0%B9","2026-08-20T18:45:05.501+03:00",""
"S3","озеленение участка","озеленение участка рыбинск","Ярославская область","geo_рыбинск","zero_results","0","","","https://wordstat.yandex.ru/?region=10841&view=table&words=%D0%BE%D0%B7%D0%B5%D0%BB%D0%B5%D0%BD%D0%B5%D0%BD%D0%B8%D0%B5%20%D1%83%D1%87%D0%B0%D1%81%D1%82%D0%BA%D0%B0%20%D1%80%D1%8B%D0%B1%D0%B8%D0%BD%D1%81%D0%BA","2026-08-20T18:45:05.501+03:00",""
"S3","озеленение участка","озеленение участка тутаев","Ярославская область","geo_тутаев","zero_results","1","","","https://wordstat.yandex.ru/?region=10841&view=table&words=%D0%BE%D0%B7%D0%B5%D0%BB%D0%B5%D0%BD%D0%B5%D0%BD%D0%B8%D0%B5%20%D1%83%D1%87%D0%B0%D1%81%D1%82%D0%BA%D0%B0%20%D1%82%D1%83%D1%82%D0%B0%D0%B5%D0%B2","2026-08-20T18:45:05.501+03:00",""
"S3","озеленение участка","озеленение участка углич","Ярославская область","geo_углич","zero_results","0","","","https://wordstat.yandex.ru/?region=10841&view=table&words=%D0%BE%D0%B7%D0%B5%D0%BB%D0%B5%D0%BD%D0%B5%D0%BD%D0%B8%D0%B5%20%D1%83%D1%87%D0%B0%D1%81%D1%82%D0%BA%D0%B0%20%D1%83%D0%B3%D0%BB%D0%B8%D1%87","2026-08-20T18:45:05.501+03:00",""
"S3","озеленение участка","озеленение участка переславль-залесский","Ярославская область","geo_переславль-залесский","zero_results","0","","","https://wordstat.yandex.ru/?region=10841&view=table&words=%D0%BE%D0%B7%D0%B5%D0%BB%D0%B5%D0%BD%D0%B5%D0%BD%D0%B8%D0%B5%20%D1%83%D1%87%D0%B0%D1%81%D1%82%D0%BA%D0%B0%20%D0%BF%D0%B5%D1%80%D0%B5%D1%81%D0%BB%D0%B0%D0%B2%D0%BB%D1%8C-%D0%B7%D0%B0%D0%BB%D0%B5%D1%81%D1%81%D0%BA%D0%B8%D0%B9","2026-08-20T18:45:05.501+03:00",""
"S3","посадка крупномеров","посадка крупномеров рыбинск","Ярославская область","geo_рыбинск","zero_results","0","","","https://wordstat.yandex.ru/?region=10841&view=table&words=%D0%BF%D0%BE%D1%81%D0%B0%D0%B4%D0%BA%D0%B0%20%D0%BA%D1%80%D1%83%D0%BF%D0%BD%D0%BE%D0%BC%D0%B5%D1%80%D0%BE%D0%B2%20%D1%80%D1%8B%D0%B1%D0%B8%D0%BD%D1%81%D0%BA","2026-08-20T18:45:05.501+03:00",""
"S3","посадка крупномеров","посадка крупномеров тутаев","Ярославская область","geo_тутаев","zero_results","0","","","https://wordstat.yandex.ru/?region=10841&view=table&words=%D0%BF%D0%BE%D1%81%D0%B0%D0%B4%D0%BA%D0%B0%20%D0%BA%D1%80%D1%83%D0%BF%D0%BD%D0%BE%D0%BC%D0%B5%D1%80%D0%BE%D0%B2%20%D1%82%D1%83%D1%82%D0%B0%D0%B5%D0%B2","2026-08-20T18:45:05.501+03:00",""
"S3","посадка крупномеров","посадка крупномеров углич","Ярославская область","geo_углич","zero_results","0","","","https://wordstat.yandex.ru/?region=10841&view=table&words=%D0%BF%D0%BE%D1%81%D0%B0%D0%B4%D0%BA%D0%B0%20%D0%BA%D1%80%D1%83%D0%BF%D0%BD%D0%BE%D0%BC%D0%B5%D1%80%D0%BE%D0%B2%20%D1%83%D0%B3%D0%BB%D0%B8%D1%87","2026-08-20T18:45:05.501+03:00",""
"S3","посадка крупномеров","посадка крупномеров переславль-залесский","Ярославская область","geo_переславль-залесский","zero_results","0","","","https://wordstat.yandex.ru/?region=10841&view=table&words=%D0%BF%D0%BE%D1%81%D0%B0%D0%B4%D0%BA%D0%B0%20%D0%BA%D1%80%D1%83%D0%BF%D0%BD%D0%BE%D0%BC%D0%B5%D1%80%D0%BE%D0%B2%20%D0%BF%D0%B5%D1%80%D0%B5%D1%81%D0%BB%D0%B0%D0%B2%D0%BB%D1%8C-%D0%B7%D0%B0%D0%BB%D0%B5%D1%81%D1%81%D0%BA%D0%B8%D0%B9","2026-08-20T18:45:05.501+03:00",""
"S4","уход за садом","уход за садом рыбинск","Ярославская область","geo_рыбинск","zero_results","0","","","https://wordstat.yandex.ru/?region=10841&view=table&words=%D1%83%D1%85%D0%BE%D0%B4%20%D0%B7%D0%B0%20%D1%81%D0%B0%D0%B4%D0%BE%D0%BC%20%D1%80%D1%8B%D0%B1%D0%B8%D0%BD%D1%81%D0%BA","2026-08-20T18:45:05.501+03:00",""
"S4","уход за садом","уход за садом тутаев","Ярославская область","geo_тутаев","zero_results","0","","","https://wordstat.yandex.ru/?region=10841&view=table&words=%D1%83%D1%85%D0%BE%D0%B4%20%D0%B7%D0%B0%20%D1%81%D0%B0%D0%B4%D0%BE%D0%BC%20%D1%82%D1%83%D1%82%D0%B0%D0%B5%D0%B2","2026-08-20T18:45:05.501+03:00",""
"S4","уход за садом","уход за садом углич","Ярославская область","geo_углич","zero_results","0","","","https://wordstat.yandex.ru/?region=10841&view=table&words=%D1%83%D1%85%D0%BE%D0%B4%20%D0%B7%D0%B0%20%D1%81%D0%B0%D0%B4%D0%BE%D0%BC%20%D1%83%D0%B3%D0%BB%D0%B8%D1%87","2026-08-20T18:45:05.501+03:00",""
"S4","уход за садом","уход за садом переславль-залесский","Ярославская область","geo_переславль-залесский","zero_results","0","","","https://wordstat.yandex.ru/?region=10841&view=table&words=%D1%83%D1%85%D0%BE%D0%B4%20%D0%B7%D0%B0%20%D1%81%D0%B0%D0%B4%D0%BE%D0%BC%20%D0%BF%D0%B5%D1%80%D0%B5%D1%81%D0%BB%D0%B0%D0%B2%D0%BB%D1%8C-%D0%B7%D0%B0%D0%BB%D0%B5%D1%81%D1%81%D0%BA%D0%B8%D0%B9","2026-08-20T18:45:05.501+03:00",""
"S4","садовник на участок","садовник на участок рыбинск","Ярославская область","geo_рыбинск","zero_results","0","","","https://wordstat.yandex.ru/?region=10841&view=table&words=%D1%81%D0%B0%D0%B4%D0%BE%D0%B2%D0%BD%D0%B8%D0%BA%20%D0%BD%D0%B0%20%D1%83%D1%87%D0%B0%D1%81%D1%82%D0%BE%D0%BA%20%D1%80%D1%8B%D0%B1%D0%B8%D0%BD%D1%81%D0%BA","2026-08-20T18:45:05.501+03:00",""
"S4","садовник на участок","садовник на участок тутаев","Ярославская область","geo_тутаев","zero_results","0","","","https://wordstat.yandex.ru/?region=10841&view=table&words=%D1%81%D0%B0%D0%B4%D0%BE%D0%B2%D0%BD%D0%B8%D0%BA%20%D0%BD%D0%B0%20%D1%83%D1%87%D0%B0%D1%81%D1%82%D0%BE%D0%BA%20%D1%82%D1%83%D1%82%D0%B0%D0%B5%D0%B2","2026-08-20T18:45:05.501+03:00",""
"S4","садовник на участок","садовник на участок углич","Ярославская область","geo_углич","zero_results","0","","","https://wordstat.yandex.ru/?region=10841&view=table&words=%D1%81%D0%B0%D0%B4%D0%BE%D0%B2%D0%BD%D0%B8%D0%BA%20%D0%BD%D0%B0%20%D1%83%D1%87%D0%B0%D1%81%D1%82%D0%BE%D0%BA%20%D1%83%D0%B3%D0%BB%D0%B8%D1%87","2026-08-20T18:45:05.501+03:00",""
"S4","садовник на участок","садовник на участок переславль-залесский","Ярославская область","geo_переславль-залесский","zero_results","0","","","https://wordstat.yandex.ru/?region=10841&view=table&words=%D1%81%D0%B0%D0%B4%D0%BE%D0%B2%D0%BD%D0%B8%D0%BA%20%D0%BD%D0%B0%20%D1%83%D1%87%D0%B0%D1%81%D1%82%D0%BE%D0%BA%20%D0%BF%D0%B5%D1%80%D0%B5%D1%81%D0%BB%D0%B0%D0%B2%D0%BB%D1%8C-%D0%B7%D0%B0%D0%BB%D0%B5%D1%81%D1%81%D0%BA%D0%B8%D0%B9","2026-08-20T18:45:05.501+03:00",""
"S4","обслуживание сада","обслуживание сада рыбинск","Ярославская область","geo_рыбинск","zero_results","0","","","https://wordstat.yandex.ru/?region=10841&view=table&words=%D0%BE%D0%B1%D1%81%D0%BB%D1%83%D0%B6%D0%B8%D0%B2%D0%B0%D0%BD%D0%B8%D0%B5%20%D1%81%D0%B0%D0%B4%D0%B0%20%D1%80%D1%8B%D0%B1%D0%B8%D0%BD%D1%81%D0%BA","2026-08-20T18:45:05.501+03:00",""
"S4","обслуживание сада","обслуживание сада тутаев","Ярославская область","geo_тутаев","zero_results","0","","","https://wordstat.yandex.ru/?region=10841&view=table&words=%D0%BE%D0%B1%D1%81%D0%BB%D1%83%D0%B6%D0%B8%D0%B2%D0%B0%D0%BD%D0%B8%D0%B5%20%D1%81%D0%B0%D0%B4%D0%B0%20%D1%82%D1%83%D1%82%D0%B0%D0%B5%D0%B2","2026-08-20T18:45:05.501+03:00",""
"S4","обслуживание сада","обслуживание сада углич","Ярославская область","geo_углич","zero_results","0","","","https://wordstat.yandex.ru/?region=10841&view=table&words=%D0%BE%D0%B1%D1%81%D0%BB%D1%83%D0%B6%D0%B8%D0%B2%D0%B0%D0%BD%D0%B8%D0%B5%20%D1%81%D0%B0%D0%B4%D0%B0%20%D1%83%D0%B3%D0%BB%D0%B8%D1%87","2026-08-20T18:45:05.501+03:00",""
"S4","обслуживание сада","обслуживание сада переславль-залесский","Ярославская область","geo_переславль-залесский","zero_results","0","","","https://wordstat.yandex.ru/?region=10841&view=table&words=%D0%BE%D0%B1%D1%81%D0%BB%D1%83%D0%B6%D0%B8%D0%B2%D0%B0%D0%BD%D0%B8%D0%B5%20%D1%81%D0%B0%D0%B4%D0%B0%20%D0%BF%D0%B5%D1%80%D0%B5%D1%81%D0%BB%D0%B0%D0%B2%D0%BB%D1%8C-%D0%B7%D0%B0%D0%BB%D0%B5%D1%81%D1%81%D0%BA%D0%B8%D0%B9","2026-08-20T18:45:05.501+03:00",""
"S4","обрезка деревьев","обрезка деревьев рыбинск","Ярославская область","geo_рыбинск","zero_results","1","","","https://wordstat.yandex.ru/?region=10841&view=table&words=%D0%BE%D0%B1%D1%80%D0%B5%D0%B7%D0%BA%D0%B0%20%D0%B4%D0%B5%D1%80%D0%B5%D0%B2%D1%8C%D0%B5%D0%B2%20%D1%80%D1%8B%D0%B1%D0%B8%D0%BD%D1%81%D0%BA","2026-08-20T18:45:05.501+03:00",""
"S4","обрезка деревьев","обрезка деревьев тутаев","Ярославская область","geo_тутаев","zero_results","0","","","https://wordstat.yandex.ru/?region=10841&view=table&words=%D0%BE%D0%B1%D1%80%D0%B5%D0%B7%D0%BA%D0%B0%20%D0%B4%D0%B5%D1%80%D0%B5%D0%B2%D1%8C%D0%B5%D0%B2%20%D1%82%D1%83%D1%82%D0%B0%D0%B5%D0%B2","2026-08-20T18:45:05.501+03:00",""
"S4","обрезка деревьев","обрезка деревьев углич","Ярославская область","geo_углич","zero_results","0","","","https://wordstat.yandex.ru/?region=10841&view=table&words=%D0%BE%D0%B1%D1%80%D0%B5%D0%B7%D0%BA%D0%B0%20%D0%B4%D0%B5%D1%80%D0%B5%D0%B2%D1%8C%D0%B5%D0%B2%20%D1%83%D0%B3%D0%BB%D0%B8%D1%87","2026-08-20T18:45:05.501+03:00",""
"S4","обрезка деревьев","обрезка деревьев переславль-залесский","Ярославская область","geo_переславль-залесский","zero_results","6","","","https://wordstat.yandex.ru/?region=10841&view=table&words=%D0%BE%D0%B1%D1%80%D0%B5%D0%B7%D0%BA%D0%B0%20%D0%B4%D0%B5%D1%80%D0%B5%D0%B2%D1%8C%D0%B5%D0%B2%20%D0%BF%D0%B5%D1%80%D0%B5%D1%81%D0%BB%D0%B0%D0%B2%D0%BB%D1%8C-%D0%B7%D0%B0%D0%BB%D0%B5%D1%81%D1%81%D0%BA%D0%B8%D0%B9","2026-08-20T18:45:05.501+03:00",""
"S4","обрезка кустарников","обрезка кустарников рыбинск","Ярославская область","geo_рыбинск","zero_results","0","","","https://wordstat.yandex.ru/?region=10841&view=table&words=%D0%BE%D0%B1%D1%80%D0%B5%D0%B7%D0%BA%D0%B0%20%D0%BA%D1%83%D1%81%D1%82%D0%B0%D1%80%D0%BD%D0%B8%D0%BA%D0%BE%D0%B2%20%D1%80%D1%8B%D0%B1%D0%B8%D0%BD%D1%81%D0%BA","2026-08-20T18:45:05.501+03:00",""
"S4","обрезка кустарников","обрезка кустарников тутаев","Ярославская область","geo_тутаев","zero_results","0","","","https://wordstat.yandex.ru/?region=10841&view=table&words=%D0%BE%D0%B1%D1%80%D0%B5%D0%B7%D0%BA%D0%B0%20%D0%BA%D1%83%D1%81%D1%82%D0%B0%D1%80%D0%BD%D0%B8%D0%BA%D0%BE%D0%B2%20%D1%82%D1%83%D1%82%D0%B0%D0%B5%D0%B2","2026-08-20T18:45:05.501+03:00",""
"S4","обрезка кустарников","обрезка кустарников углич","Ярославская область","geo_углич","zero_results","0","","","https://wordstat.yandex.ru/?region=10841&view=table&words=%D0%BE%D0%B1%D1%80%D0%B5%D0%B7%D0%BA%D0%B0%20%D0%BA%D1%83%D1%81%D1%82%D0%B0%D1%80%D0%BD%D0%B8%D0%BA%D0%BE%D0%B2%20%D1%83%D0%B3%D0%BB%D0%B8%D1%87","2026-08-20T18:45:05.501+03:00",""
"S4","обрезка кустарников","обрезка кустарников переславль-залесский","Ярославская область","geo_переславль-залесский","zero_results","0","","","https://wordstat.yandex.ru/?region=10841&view=table&words=%D0%BE%D0%B1%D1%80%D0%B5%D0%B7%D0%BA%D0%B0%20%D0%BA%D1%83%D1%81%D1%82%D0%B0%D1%80%D0%BD%D0%B8%D0%BA%D0%BE%D0%B2%20%D0%BF%D0%B5%D1%80%D0%B5%D1%81%D0%BB%D0%B0%D0%B2%D0%BB%D1%8C-%D0%B7%D0%B0%D0%BB%D0%B5%D1%81%D1%81%D0%BA%D0%B8%D0%B9","2026-08-20T18:45:05.501+03:00",""
"S4","сезонный уход за садом","сезонный уход за садом рыбинск","Ярославская область","geo_рыбинск","zero_results","0","","","https://wordstat.yandex.ru/?region=10841&view=table&words=%D1%81%D0%B5%D0%B7%D0%BE%D0%BD%D0%BD%D1%8B%D0%B9%20%D1%83%D1%85%D0%BE%D0%B4%20%D0%B7%D0%B0%20%D1%81%D0%B0%D0%B4%D0%BE%D0%BC%20%D1%80%D1%8B%D0%B1%D0%B8%D0%BD%D1%81%D0%BA","2026-08-20T18:45:05.501+03:00",""
"S4","сезонный уход за садом","сезонный уход за садом тутаев","Ярославская область","geo_тутаев","zero_results","0","","","https://wordstat.yandex.ru/?region=10841&view=table&words=%D1%81%D0%B5%D0%B7%D0%BE%D0%BD%D0%BD%D1%8B%D0%B9%20%D1%83%D1%85%D0%BE%D0%B4%20%D0%B7%D0%B0%20%D1%81%D0%B0%D0%B4%D0%BE%D0%BC%20%D1%82%D1%83%D1%82%D0%B0%D0%B5%D0%B2","2026-08-20T18:45:05.501+03:00",""
"S4","сезонный уход за садом","сезонный уход за садом углич","Ярославская область","geo_углич","zero_results","0","","","https://wordstat.yandex.ru/?region=10841&view=table&words=%D1%81%D0%B5%D0%B7%D0%BE%D0%BD%D0%BD%D1%8B%D0%B9%20%D1%83%D1%85%D0%BE%D0%B4%20%D0%B7%D0%B0%20%D1%81%D0%B0%D0%B4%D0%BE%D0%BC%20%D1%83%D0%B3%D0%BB%D0%B8%D1%87","2026-08-20T18:45:05.501+03:00",""
"S4","сезонный уход за садом","сезонный уход за садом переславль-залесский","Ярославская область","geo_переславль-залесский","zero_results","0","","","https://wordstat.yandex.ru/?region=10841&view=table&words=%D1%81%D0%B5%D0%B7%D0%BE%D0%BD%D0%BD%D1%8B%D0%B9%20%D1%83%D1%85%D0%BE%D0%B4%20%D0%B7%D0%B0%20%D1%81%D0%B0%D0%B4%D0%BE%D0%BC%20%D0%BF%D0%B5%D1%80%D0%B5%D1%81%D0%BB%D0%B0%D0%B2%D0%BB%D1%8C-%D0%B7%D0%B0%D0%BB%D0%B5%D1%81%D1%81%D0%BA%D0%B8%D0%B9","2026-08-20T18:45:05.501+03:00",""
"S5","планировка участка","планировка участка рыбинск","Ярославская область","geo_рыбинск","zero_results","5","","","https://wordstat.yandex.ru/?region=10841&view=table&words=%D0%BF%D0%BB%D0%B0%D0%BD%D0%B8%D1%80%D0%BE%D0%B2%D0%BA%D0%B0%20%D1%83%D1%87%D0%B0%D1%81%D1%82%D0%BA%D0%B0%20%D1%80%D1%8B%D0%B1%D0%B8%D0%BD%D1%81%D0%BA","2026-08-20T18:45:05.501+03:00",""
"S5","планировка участка","планировка участка тутаев","Ярославская область","geo_тутаев","zero_results","1","","","https://wordstat.yandex.ru/?region=10841&view=table&words=%D0%BF%D0%BB%D0%B0%D0%BD%D0%B8%D1%80%D0%BE%D0%B2%D0%BA%D0%B0%20%D1%83%D1%87%D0%B0%D1%81%D1%82%D0%BA%D0%B0%20%D1%82%D1%83%D1%82%D0%B0%D0%B5%D0%B2","2026-08-20T18:45:05.501+03:00",""
"S5","планировка участка","планировка участка углич","Ярославская область","geo_углич","zero_results","0","","","https://wordstat.yandex.ru/?region=10841&view=table&words=%D0%BF%D0%BB%D0%B0%D0%BD%D0%B8%D1%80%D0%BE%D0%B2%D0%BA%D0%B0%20%D1%83%D1%87%D0%B0%D1%81%D1%82%D0%BA%D0%B0%20%D1%83%D0%B3%D0%BB%D0%B8%D1%87","2026-08-20T18:45:05.501+03:00",""
"S5","планировка участка","планировка участка переславль-залесский","Ярославская область","geo_переславль-залесский","zero_results","0","","","https://wordstat.yandex.ru/?region=10841&view=table&words=%D0%BF%D0%BB%D0%B0%D0%BD%D0%B8%D1%80%D0%BE%D0%B2%D0%BA%D0%B0%20%D1%83%D1%87%D0%B0%D1%81%D1%82%D0%BA%D0%B0%20%D0%BF%D0%B5%D1%80%D0%B5%D1%81%D0%BB%D0%B0%D0%B2%D0%BB%D1%8C-%D0%B7%D0%B0%D0%BB%D0%B5%D1%81%D1%81%D0%BA%D0%B8%D0%B9","2026-08-20T18:45:05.501+03:00",""
"S5","планировка территории","планировка территории рыбинск","Ярославская область","geo_рыбинск","zero_results","2","","","https://wordstat.yandex.ru/?region=10841&view=table&words=%D0%BF%D0%BB%D0%B0%D0%BD%D0%B8%D1%80%D0%BE%D0%B2%D0%BA%D0%B0%20%D1%82%D0%B5%D1%80%D1%80%D0%B8%D1%82%D0%BE%D1%80%D0%B8%D0%B8%20%D1%80%D1%8B%D0%B1%D0%B8%D0%BD%D1%81%D0%BA","2026-08-20T18:45:05.501+03:00",""
"S5","планировка территории","планировка территории тутаев","Ярославская область","geo_тутаев","zero_results","0","","","https://wordstat.yandex.ru/?region=10841&view=table&words=%D0%BF%D0%BB%D0%B0%D0%BD%D0%B8%D1%80%D0%BE%D0%B2%D0%BA%D0%B0%20%D1%82%D0%B5%D1%80%D1%80%D0%B8%D1%82%D0%BE%D1%80%D0%B8%D0%B8%20%D1%82%D1%83%D1%82%D0%B0%D0%B5%D0%B2","2026-08-20T18:45:05.501+03:00",""
"S5","планировка территории","планировка территории углич","Ярославская область","geo_углич","zero_results","0","","","https://wordstat.yandex.ru/?region=10841&view=table&words=%D0%BF%D0%BB%D0%B0%D0%BD%D0%B8%D1%80%D0%BE%D0%B2%D0%BA%D0%B0%20%D1%82%D0%B5%D1%80%D1%80%D0%B8%D1%82%D0%BE%D1%80%D0%B8%D0%B8%20%D1%83%D0%B3%D0%BB%D0%B8%D1%87","2026-08-20T18:45:05.501+03:00",""
"S5","планировка территории","планировка территории переславль-залесский","Ярославская область","geo_переславль-залесский","zero_results","0","","","https://wordstat.yandex.ru/?region=10841&view=table&words=%D0%BF%D0%BB%D0%B0%D0%BD%D0%B8%D1%80%D0%BE%D0%B2%D0%BA%D0%B0%20%D1%82%D0%B5%D1%80%D1%80%D0%B8%D1%82%D0%BE%D1%80%D0%B8%D0%B8%20%D0%BF%D0%B5%D1%80%D0%B5%D1%81%D0%BB%D0%B0%D0%B2%D0%BB%D1%8C-%D0%B7%D0%B0%D0%BB%D0%B5%D1%81%D1%81%D0%BA%D0%B8%D0%B9","2026-08-20T18:45:05.501+03:00",""
"S5","выравнивание участка","выравнивание участка рыбинск","Ярославская область","geo_рыбинск","exported","18","104","top-104-2026-08-20.csv","https://wordstat.yandex.ru/?region=10841&view=table&words=%D0%B2%D1%8B%D1%80%D0%B0%D0%B2%D0%BD%D0%B8%D0%B2%D0%B0%D0%BD%D0%B8%D0%B5%20%D1%83%D1%87%D0%B0%D1%81%D1%82%D0%BA%D0%B0%20%D1%80%D1%8B%D0%B1%D0%B8%D0%BD%D1%81%D0%BA","2026-08-20T18:45:05.501+03:00",""
"S5","выравнивание участка","выравнивание участка тутаев","Ярославская область","geo_тутаев","zero_results","2","","","https://wordstat.yandex.ru/?region=10841&view=table&words=%D0%B2%D1%8B%D1%80%D0%B0%D0%B2%D0%BD%D0%B8%D0%B2%D0%B0%D0%BD%D0%B8%D0%B5%20%D1%83%D1%87%D0%B0%D1%81%D1%82%D0%BA%D0%B0%20%D1%82%D1%83%D1%82%D0%B0%D0%B5%D0%B2","2026-08-20T18:45:05.501+03:00",""
"S5","выравнивание участка","выравнивание участка углич","Ярославская область","geo_углич","zero_results","1","","","https://wordstat.yandex.ru/?region=10841&view=table&words=%D0%B2%D1%8B%D1%80%D0%B0%D0%B2%D0%BD%D0%B8%D0%B2%D0%B0%D0%BD%D0%B8%D0%B5%20%D1%83%D1%87%D0%B0%D1%81%D1%82%D0%BA%D0%B0%20%D1%83%D0%B3%D0%BB%D0%B8%D1%87","2026-08-20T18:45:05.501+03:00",""
"S5","выравнивание участка","выравнивание участка переславль-залесский","Ярославская область","geo_переславль-залесский","zero_results","5","","","https://wordstat.yandex.ru/?region=10841&view=table&words=%D0%B2%D1%8B%D1%80%D0%B0%D0%B2%D0%BD%D0%B8%D0%B2%D0%B0%D0%BD%D0%B8%D0%B5%20%D1%83%D1%87%D0%B0%D1%81%D1%82%D0%BA%D0%B0%20%D0%BF%D0%B5%D1%80%D0%B5%D1%81%D0%BB%D0%B0%D0%B2%D0%BB%D1%8C-%D0%B7%D0%B0%D0%BB%D0%B5%D1%81%D1%81%D0%BA%D0%B8%D0%B9","2026-08-20T18:45:05.501+03:00",""
"S5","вертикальная планировка участка","вертикальная планировка участка рыбинск","Ярославская область","geo_рыбинск","zero_results","0","","","https://wordstat.yandex.ru/?region=10841&view=table&words=%D0%B2%D0%B5%D1%80%D1%82%D0%B8%D0%BA%D0%B0%D0%BB%D1%8C%D0%BD%D0%B0%D1%8F%20%D0%BF%D0%BB%D0%B0%D0%BD%D0%B8%D1%80%D0%BE%D0%B2%D0%BA%D0%B0%20%D1%83%D1%87%D0%B0%D1%81%D1%82%D0%BA%D0%B0%20%D1%80%D1%8B%D0%B1%D0%B8%D0%BD%D1%81%D0%BA","2026-08-20T18:45:05.501+03:00",""
"S5","вертикальная планировка участка","вертикальная планировка участка тутаев","Ярославская область","geo_тутаев","zero_results","0","","","https://wordstat.yandex.ru/?region=10841&view=table&words=%D0%B2%D0%B5%D1%80%D1%82%D0%B8%D0%BA%D0%B0%D0%BB%D1%8C%D0%BD%D0%B0%D1%8F%20%D0%BF%D0%BB%D0%B0%D0%BD%D0%B8%D1%80%D0%BE%D0%B2%D0%BA%D0%B0%20%D1%83%D1%87%D0%B0%D1%81%D1%82%D0%BA%D0%B0%20%D1%82%D1%83%D1%82%D0%B0%D0%B5%D0%B2","2026-08-20T18:45:05.501+03:00",""
"S5","вертикальная планировка участка","вертикальная планировка участка углич","Ярославская область","geo_углич","zero_results","0","","","https://wordstat.yandex.ru/?region=10841&view=table&words=%D0%B2%D0%B5%D1%80%D1%82%D0%B8%D0%BA%D0%B0%D0%BB%D1%8C%D0%BD%D0%B0%D1%8F%20%D0%BF%D0%BB%D0%B0%D0%BD%D0%B8%D1%80%D0%BE%D0%B2%D0%BA%D0%B0%20%D1%83%D1%87%D0%B0%D1%81%D1%82%D0%BA%D0%B0%20%D1%83%D0%B3%D0%BB%D0%B8%D1%87","2026-08-20T18:45:05.501+03:00",""
"S5","вертикальная планировка участка","вертикальная планировка участка переславль-залесский","Ярославская область","geo_переславль-залесский","zero_results","0","","","https://wordstat.yandex.ru/?region=10841&view=table&words=%D0%B2%D0%B5%D1%80%D1%82%D0%B8%D0%BA%D0%B0%D0%BB%D1%8C%D0%BD%D0%B0%D1%8F%20%D0%BF%D0%BB%D0%B0%D0%BD%D0%B8%D1%80%D0%BE%D0%B2%D0%BA%D0%B0%20%D1%83%D1%87%D0%B0%D1%81%D1%82%D0%BA%D0%B0%20%D0%BF%D0%B5%D1%80%D0%B5%D1%81%D0%BB%D0%B0%D0%B2%D0%BB%D1%8C-%D0%B7%D0%B0%D0%BB%D0%B5%D1%81%D1%81%D0%BA%D0%B8%D0%B9","2026-08-20T18:45:05.501+03:00",""
"S5","поднять участок грунтом","поднять участок грунтом рыбинск","Ярославская область","geo_рыбинск","zero_results","0","","","https://wordstat.yandex.ru/?region=10841&view=table&words=%D0%BF%D0%BE%D0%B4%D0%BD%D1%8F%D1%82%D1%8C%20%D1%83%D1%87%D0%B0%D1%81%D1%82%D0%BE%D0%BA%20%D0%B3%D1%80%D1%83%D0%BD%D1%82%D0%BE%D0%BC%20%D1%80%D1%8B%D0%B1%D0%B8%D0%BD%D1%81%D0%BA","2026-08-20T18:45:05.501+03:00",""
"S5","поднять участок грунтом","поднять участок грунтом тутаев","Ярославская область","geo_тутаев","zero_results","0","","","https://wordstat.yandex.ru/?region=10841&view=table&words=%D0%BF%D0%BE%D0%B4%D0%BD%D1%8F%D1%82%D1%8C%20%D1%83%D1%87%D0%B0%D1%81%D1%82%D0%BE%D0%BA%20%D0%B3%D1%80%D1%83%D0%BD%D1%82%D0%BE%D0%BC%20%D1%82%D1%83%D1%82%D0%B0%D0%B5%D0%B2","2026-08-20T18:45:05.501+03:00",""
"S5","поднять участок грунтом","поднять участок грунтом углич","Ярославская область","geo_углич","zero_results","0","","","https://wordstat.yandex.ru/?region=10841&view=table&words=%D0%BF%D0%BE%D0%B4%D0%BD%D1%8F%D1%82%D1%8C%20%D1%83%D1%87%D0%B0%D1%81%D1%82%D0%BE%D0%BA%20%D0%B3%D1%80%D1%83%D0%BD%D1%82%D0%BE%D0%BC%20%D1%83%D0%B3%D0%BB%D0%B8%D1%87","2026-08-20T18:45:05.501+03:00",""
"S5","поднять участок грунтом","поднять участок грунтом переславль-залесский","Ярославская область","geo_переславль-залесский","zero_results","0","","","https://wordstat.yandex.ru/?region=10841&view=table&words=%D0%BF%D0%BE%D0%B4%D0%BD%D1%8F%D1%82%D1%8C%20%D1%83%D1%87%D0%B0%D1%81%D1%82%D0%BE%D0%BA%20%D0%B3%D1%80%D1%83%D0%BD%D1%82%D0%BE%D0%BC%20%D0%BF%D0%B5%D1%80%D0%B5%D1%81%D0%BB%D0%B0%D0%B2%D0%BB%D1%8C-%D0%B7%D0%B0%D0%BB%D0%B5%D1%81%D1%81%D0%BA%D0%B8%D0%B9","2026-08-20T18:45:05.501+03:00",""
"S5","планировка грунта","планировка грунта рыбинск","Ярославская область","geo_рыбинск","zero_results","0","","","https://wordstat.yandex.ru/?region=10841&view=table&words=%D0%BF%D0%BB%D0%B0%D0%BD%D0%B8%D1%80%D0%BE%D0%B2%D0%BA%D0%B0%20%D0%B3%D1%80%D1%83%D0%BD%D1%82%D0%B0%20%D1%80%D1%8B%D0%B1%D0%B8%D0%BD%D1%81%D0%BA","2026-08-20T18:45:05.501+03:00",""
"S5","планировка грунта","планировка грунта тутаев","Ярославская область","geo_тутаев","zero_results","0","","","https://wordstat.yandex.ru/?region=10841&view=table&words=%D0%BF%D0%BB%D0%B0%D0%BD%D0%B8%D1%80%D0%BE%D0%B2%D0%BA%D0%B0%20%D0%B3%D1%80%D1%83%D0%BD%D1%82%D0%B0%20%D1%82%D1%83%D1%82%D0%B0%D0%B5%D0%B2","2026-08-20T18:45:05.501+03:00",""
"S5","планировка грунта","планировка грунта углич","Ярославская область","geo_углич","zero_results","0","","","https://wordstat.yandex.ru/?region=10841&view=table&words=%D0%BF%D0%BB%D0%B0%D0%BD%D0%B8%D1%80%D0%BE%D0%B2%D0%BA%D0%B0%20%D0%B3%D1%80%D1%83%D0%BD%D1%82%D0%B0%20%D1%83%D0%B3%D0%BB%D0%B8%D1%87","2026-08-20T18:45:05.501+03:00",""
"S5","планировка грунта","планировка грунта переславль-залесский","Ярославская область","geo_переславль-залесский","zero_results","0","","","https://wordstat.yandex.ru/?region=10841&view=table&words=%D0%BF%D0%BB%D0%B0%D0%BD%D0%B8%D1%80%D0%BE%D0%B2%D0%BA%D0%B0%20%D0%B3%D1%80%D1%83%D0%BD%D1%82%D0%B0%20%D0%BF%D0%B5%D1%80%D0%B5%D1%81%D0%BB%D0%B0%D0%B2%D0%BB%D1%8C-%D0%B7%D0%B0%D0%BB%D0%B5%D1%81%D1%81%D0%BA%D0%B8%D0%B9","2026-08-20T18:45:05.501+03:00",""
"S6","подпорная стенка на участке","подпорная стенка на участке рыбинск","Ярославская область","geo_рыбинск","zero_results","0","","","https://wordstat.yandex.ru/?region=10841&view=table&words=%D0%BF%D0%BE%D0%B4%D0%BF%D0%BE%D1%80%D0%BD%D0%B0%D1%8F%20%D1%81%D1%82%D0%B5%D0%BD%D0%BA%D0%B0%20%D0%BD%D0%B0%20%D1%83%D1%87%D0%B0%D1%81%D1%82%D0%BA%D0%B5%20%D1%80%D1%8B%D0%B1%D0%B8%D0%BD%D1%81%D0%BA","2026-08-20T18:45:05.501+03:00",""
"S6","подпорная стенка на участке","подпорная стенка на участке тутаев","Ярославская область","geo_тутаев","zero_results","0","","","https://wordstat.yandex.ru/?region=10841&view=table&words=%D0%BF%D0%BE%D0%B4%D0%BF%D0%BE%D1%80%D0%BD%D0%B0%D1%8F%20%D1%81%D1%82%D0%B5%D0%BD%D0%BA%D0%B0%20%D0%BD%D0%B0%20%D1%83%D1%87%D0%B0%D1%81%D1%82%D0%BA%D0%B5%20%D1%82%D1%83%D1%82%D0%B0%D0%B5%D0%B2","2026-08-20T18:45:05.501+03:00",""
"S6","подпорная стенка на участке","подпорная стенка на участке углич","Ярославская область","geo_углич","zero_results","0","","","https://wordstat.yandex.ru/?region=10841&view=table&words=%D0%BF%D0%BE%D0%B4%D0%BF%D0%BE%D1%80%D0%BD%D0%B0%D1%8F%20%D1%81%D1%82%D0%B5%D0%BD%D0%BA%D0%B0%20%D0%BD%D0%B0%20%D1%83%D1%87%D0%B0%D1%81%D1%82%D0%BA%D0%B5%20%D1%83%D0%B3%D0%BB%D0%B8%D1%87","2026-08-20T18:45:05.501+03:00",""
"S6","подпорная стенка на участке","подпорная стенка на участке переславль-залесский","Ярославская область","geo_переславль-залесский","zero_results","0","","","https://wordstat.yandex.ru/?region=10841&view=table&words=%D0%BF%D0%BE%D0%B4%D0%BF%D0%BE%D1%80%D0%BD%D0%B0%D1%8F%20%D1%81%D1%82%D0%B5%D0%BD%D0%BA%D0%B0%20%D0%BD%D0%B0%20%D1%83%D1%87%D0%B0%D1%81%D1%82%D0%BA%D0%B5%20%D0%BF%D0%B5%D1%80%D0%B5%D1%81%D0%BB%D0%B0%D0%B2%D0%BB%D1%8C-%D0%B7%D0%B0%D0%BB%D0%B5%D1%81%D1%81%D0%BA%D0%B8%D0%B9","2026-08-20T18:45:05.501+03:00",""
"S6","строительство подпорной стенки","строительство подпорной стенки рыбинск","Ярославская область","geo_рыбинск","zero_results","0","","","https://wordstat.yandex.ru/?region=10841&view=table&words=%D1%81%D1%82%D1%80%D0%BE%D0%B8%D1%82%D0%B5%D0%BB%D1%8C%D1%81%D1%82%D0%B2%D0%BE%20%D0%BF%D0%BE%D0%B4%D0%BF%D0%BE%D1%80%D0%BD%D0%BE%D0%B9%20%D1%81%D1%82%D0%B5%D0%BD%D0%BA%D0%B8%20%D1%80%D1%8B%D0%B1%D0%B8%D0%BD%D1%81%D0%BA","2026-08-20T18:45:05.501+03:00",""
"S6","строительство подпорной стенки","строительство подпорной стенки тутаев","Ярославская область","geo_тутаев","zero_results","0","","","https://wordstat.yandex.ru/?region=10841&view=table&words=%D1%81%D1%82%D1%80%D0%BE%D0%B8%D1%82%D0%B5%D0%BB%D1%8C%D1%81%D1%82%D0%B2%D0%BE%20%D0%BF%D0%BE%D0%B4%D0%BF%D0%BE%D1%80%D0%BD%D0%BE%D0%B9%20%D1%81%D1%82%D0%B5%D0%BD%D0%BA%D0%B8%20%D1%82%D1%83%D1%82%D0%B0%D0%B5%D0%B2","2026-08-20T18:45:05.501+03:00",""
"S6","строительство подпорной стенки","строительство подпорной стенки углич","Ярославская область","geo_углич","zero_results","0","","","https://wordstat.yandex.ru/?region=10841&view=table&words=%D1%81%D1%82%D1%80%D0%BE%D0%B8%D1%82%D0%B5%D0%BB%D1%8C%D1%81%D1%82%D0%B2%D0%BE%20%D0%BF%D0%BE%D0%B4%D0%BF%D0%BE%D1%80%D0%BD%D0%BE%D0%B9%20%D1%81%D1%82%D0%B5%D0%BD%D0%BA%D0%B8%20%D1%83%D0%B3%D0%BB%D0%B8%D1%87","2026-08-20T18:45:05.501+03:00",""
"S6","строительство подпорной стенки","строительство подпорной стенки переславль-залесский","Ярославская область","geo_переславль-залесский","zero_results","0","","","https://wordstat.yandex.ru/?region=10841&view=table&words=%D1%81%D1%82%D1%80%D0%BE%D0%B8%D1%82%D0%B5%D0%BB%D1%8C%D1%81%D1%82%D0%B2%D0%BE%20%D0%BF%D0%BE%D0%B4%D0%BF%D0%BE%D1%80%D0%BD%D0%BE%D0%B9%20%D1%81%D1%82%D0%B5%D0%BD%D0%BA%D0%B8%20%D0%BF%D0%B5%D1%80%D0%B5%D1%81%D0%BB%D0%B0%D0%B2%D0%BB%D1%8C-%D0%B7%D0%B0%D0%BB%D0%B5%D1%81%D1%81%D0%BA%D0%B8%D0%B9","2026-08-20T18:45:05.501+03:00",""
"S6","устройство подпорной стенки","устройство подпорной стенки рыбинск","Ярославская область","geo_рыбинск","zero_results","0","","","https://wordstat.yandex.ru/?region=10841&view=table&words=%D1%83%D1%81%D1%82%D1%80%D0%BE%D0%B9%D1%81%D1%82%D0%B2%D0%BE%20%D0%BF%D0%BE%D0%B4%D0%BF%D0%BE%D1%80%D0%BD%D0%BE%D0%B9%20%D1%81%D1%82%D0%B5%D0%BD%D0%BA%D0%B8%20%D1%80%D1%8B%D0%B1%D0%B8%D0%BD%D1%81%D0%BA","2026-08-20T18:45:05.501+03:00",""
"S6","устройство подпорной стенки","устройство подпорной стенки тутаев","Ярославская область","geo_тутаев","zero_results","0","","","https://wordstat.yandex.ru/?region=10841&view=table&words=%D1%83%D1%81%D1%82%D1%80%D0%BE%D0%B9%D1%81%D1%82%D0%B2%D0%BE%20%D0%BF%D0%BE%D0%B4%D0%BF%D0%BE%D1%80%D0%BD%D0%BE%D0%B9%20%D1%81%D1%82%D0%B5%D0%BD%D0%BA%D0%B8%20%D1%82%D1%83%D1%82%D0%B0%D0%B5%D0%B2","2026-08-20T18:45:05.501+03:00",""
"S6","устройство подпорной стенки","устройство подпорной стенки углич","Ярославская область","geo_углич","zero_results","0","","","https://wordstat.yandex.ru/?region=10841&view=table&words=%D1%83%D1%81%D1%82%D1%80%D0%BE%D0%B9%D1%81%D1%82%D0%B2%D0%BE%20%D0%BF%D0%BE%D0%B4%D0%BF%D0%BE%D1%80%D0%BD%D0%BE%D0%B9%20%D1%81%D1%82%D0%B5%D0%BD%D0%BA%D0%B8%20%D1%83%D0%B3%D0%BB%D0%B8%D1%87","2026-08-20T18:45:05.501+03:00",""
"S6","устройство подпорной стенки","устройство подпорной стенки переславль-залесский","Ярославская область","geo_переславль-залесский","zero_results","0","","","https://wordstat.yandex.ru/?region=10841&view=table&words=%D1%83%D1%81%D1%82%D1%80%D0%BE%D0%B9%D1%81%D1%82%D0%B2%D0%BE%20%D0%BF%D0%BE%D0%B4%D0%BF%D0%BE%D1%80%D0%BD%D0%BE%D0%B9%20%D1%81%D1%82%D0%B5%D0%BD%D0%BA%D0%B8%20%D0%BF%D0%B5%D1%80%D0%B5%D1%81%D0%BB%D0%B0%D0%B2%D0%BB%D1%8C-%D0%B7%D0%B0%D0%BB%D0%B5%D1%81%D1%81%D0%BA%D0%B8%D0%B9","2026-08-20T18:45:05.501+03:00",""
"S6","подпорная стенка из бетона","подпорная стенка из бетона рыбинск","Ярославская область","geo_рыбинск","zero_results","0","","","https://wordstat.yandex.ru/?region=10841&view=table&words=%D0%BF%D0%BE%D0%B4%D0%BF%D0%BE%D1%80%D0%BD%D0%B0%D1%8F%20%D1%81%D1%82%D0%B5%D0%BD%D0%BA%D0%B0%20%D0%B8%D0%B7%20%D0%B1%D0%B5%D1%82%D0%BE%D0%BD%D0%B0%20%D1%80%D1%8B%D0%B1%D0%B8%D0%BD%D1%81%D0%BA","2026-08-20T18:45:05.501+03:00",""
"S6","подпорная стенка из бетона","подпорная стенка из бетона тутаев","Ярославская область","geo_тутаев","zero_results","0","","","https://wordstat.yandex.ru/?region=10841&view=table&words=%D0%BF%D0%BE%D0%B4%D0%BF%D0%BE%D1%80%D0%BD%D0%B0%D1%8F%20%D1%81%D1%82%D0%B5%D0%BD%D0%BA%D0%B0%20%D0%B8%D0%B7%20%D0%B1%D0%B5%D1%82%D0%BE%D0%BD%D0%B0%20%D1%82%D1%83%D1%82%D0%B0%D0%B5%D0%B2","2026-08-20T18:45:05.501+03:00",""
"S6","подпорная стенка из бетона","подпорная стенка из бетона углич","Ярославская область","geo_углич","zero_results","0","","","https://wordstat.yandex.ru/?region=10841&view=table&words=%D0%BF%D0%BE%D0%B4%D0%BF%D0%BE%D1%80%D0%BD%D0%B0%D1%8F%20%D1%81%D1%82%D0%B5%D0%BD%D0%BA%D0%B0%20%D0%B8%D0%B7%20%D0%B1%D0%B5%D1%82%D0%BE%D0%BD%D0%B0%20%D1%83%D0%B3%D0%BB%D0%B8%D1%87","2026-08-20T18:45:05.501+03:00",""
"S6","подпорная стенка из бетона","подпорная стенка из бетона переславль-залесский","Ярославская область","geo_переславль-залесский","zero_results","0","","","https://wordstat.yandex.ru/?region=10841&view=table&words=%D0%BF%D0%BE%D0%B4%D0%BF%D0%BE%D1%80%D0%BD%D0%B0%D1%8F%20%D1%81%D1%82%D0%B5%D0%BD%D0%BA%D0%B0%20%D0%B8%D0%B7%20%D0%B1%D0%B5%D1%82%D0%BE%D0%BD%D0%B0%20%D0%BF%D0%B5%D1%80%D0%B5%D1%81%D0%BB%D0%B0%D0%B2%D0%BB%D1%8C-%D0%B7%D0%B0%D0%BB%D0%B5%D1%81%D1%81%D0%BA%D0%B8%D0%B9","2026-08-20T18:45:05.501+03:00",""
"S6","подпорная стенка из блоков","подпорная стенка из блоков рыбинск","Ярославская область","geo_рыбинск","zero_results","0","","","https://wordstat.yandex.ru/?region=10841&view=table&words=%D0%BF%D0%BE%D0%B4%D0%BF%D0%BE%D1%80%D0%BD%D0%B0%D1%8F%20%D1%81%D1%82%D0%B5%D0%BD%D0%BA%D0%B0%20%D0%B8%D0%B7%20%D0%B1%D0%BB%D0%BE%D0%BA%D0%BE%D0%B2%20%D1%80%D1%8B%D0%B1%D0%B8%D0%BD%D1%81%D0%BA","2026-08-20T18:45:05.501+03:00",""
"S6","подпорная стенка из блоков","подпорная стенка из блоков тутаев","Ярославская область","geo_тутаев","zero_results","0","","","https://wordstat.yandex.ru/?region=10841&view=table&words=%D0%BF%D0%BE%D0%B4%D0%BF%D0%BE%D1%80%D0%BD%D0%B0%D1%8F%20%D1%81%D1%82%D0%B5%D0%BD%D0%BA%D0%B0%20%D0%B8%D0%B7%20%D0%B1%D0%BB%D0%BE%D0%BA%D0%BE%D0%B2%20%D1%82%D1%83%D1%82%D0%B0%D0%B5%D0%B2","2026-08-20T18:45:05.501+03:00",""
"S6","подпорная стенка из блоков","подпорная стенка из блоков углич","Ярославская область","geo_углич","zero_results","0","","","https://wordstat.yandex.ru/?region=10841&view=table&words=%D0%BF%D0%BE%D0%B4%D0%BF%D0%BE%D1%80%D0%BD%D0%B0%D1%8F%20%D1%81%D1%82%D0%B5%D0%BD%D0%BA%D0%B0%20%D0%B8%D0%B7%20%D0%B1%D0%BB%D0%BE%D0%BA%D0%BE%D0%B2%20%D1%83%D0%B3%D0%BB%D0%B8%D1%87","2026-08-20T18:45:05.501+03:00",""
"S6","подпорная стенка из блоков","подпорная стенка из блоков переславль-залесский","Ярославская область","geo_переславль-залесский","zero_results","0","","","https://wordstat.yandex.ru/?region=10841&view=table&words=%D0%BF%D0%BE%D0%B4%D0%BF%D0%BE%D1%80%D0%BD%D0%B0%D1%8F%20%D1%81%D1%82%D0%B5%D0%BD%D0%BA%D0%B0%20%D0%B8%D0%B7%20%D0%B1%D0%BB%D0%BE%D0%BA%D0%BE%D0%B2%20%D0%BF%D0%B5%D1%80%D0%B5%D1%81%D0%BB%D0%B0%D0%B2%D0%BB%D1%8C-%D0%B7%D0%B0%D0%BB%D0%B5%D1%81%D1%81%D0%BA%D0%B8%D0%B9","2026-08-20T18:45:05.501+03:00",""
"S6","подпорная стенка из габионов","подпорная стенка из габионов рыбинск","Ярославская область","geo_рыбинск","zero_results","0","","","https://wordstat.yandex.ru/?region=10841&view=table&words=%D0%BF%D0%BE%D0%B4%D0%BF%D0%BE%D1%80%D0%BD%D0%B0%D1%8F%20%D1%81%D1%82%D0%B5%D0%BD%D0%BA%D0%B0%20%D0%B8%D0%B7%20%D0%B3%D0%B0%D0%B1%D0%B8%D0%BE%D0%BD%D0%BE%D0%B2%20%D1%80%D1%8B%D0%B1%D0%B8%D0%BD%D1%81%D0%BA","2026-08-20T18:45:05.501+03:00",""
"S6","подпорная стенка из габионов","подпорная стенка из габионов тутаев","Ярославская область","geo_тутаев","zero_results","0","","","https://wordstat.yandex.ru/?region=10841&view=table&words=%D0%BF%D0%BE%D0%B4%D0%BF%D0%BE%D1%80%D0%BD%D0%B0%D1%8F%20%D1%81%D1%82%D0%B5%D0%BD%D0%BA%D0%B0%20%D0%B8%D0%B7%20%D0%B3%D0%B0%D0%B1%D0%B8%D0%BE%D0%BD%D0%BE%D0%B2%20%D1%82%D1%83%D1%82%D0%B0%D0%B5%D0%B2","2026-08-20T18:45:05.501+03:00",""
"S6","подпорная стенка из габионов","подпорная стенка из габионов углич","Ярославская область","geo_углич","zero_results","0","","","https://wordstat.yandex.ru/?region=10841&view=table&words=%D0%BF%D0%BE%D0%B4%D0%BF%D0%BE%D1%80%D0%BD%D0%B0%D1%8F%20%D1%81%D1%82%D0%B5%D0%BD%D0%BA%D0%B0%20%D0%B8%D0%B7%20%D0%B3%D0%B0%D0%B1%D0%B8%D0%BE%D0%BD%D0%BE%D0%B2%20%D1%83%D0%B3%D0%BB%D0%B8%D1%87","2026-08-20T18:45:05.501+03:00",""
"S6","подпорная стенка из габионов","подпорная стенка из габионов переславль-залесский","Ярославская область","geo_переславль-залесский","zero_results","0","","","https://wordstat.yandex.ru/?region=10841&view=table&words=%D0%BF%D0%BE%D0%B4%D0%BF%D0%BE%D1%80%D0%BD%D0%B0%D1%8F%20%D1%81%D1%82%D0%B5%D0%BD%D0%BA%D0%B0%20%D0%B8%D0%B7%20%D0%B3%D0%B0%D0%B1%D0%B8%D0%BE%D0%BD%D0%BE%D0%B2%20%D0%BF%D0%B5%D1%80%D0%B5%D1%81%D0%BB%D0%B0%D0%B2%D0%BB%D1%8C-%D0%B7%D0%B0%D0%BB%D0%B5%D1%81%D1%81%D0%BA%D0%B8%D0%B9","2026-08-20T18:45:05.501+03:00",""
"S7","освещение участка","освещение участка рыбинск","Ярославская область","geo_рыбинск","zero_results","0","","","https://wordstat.yandex.ru/?region=10841&view=table&words=%D0%BE%D1%81%D0%B2%D0%B5%D1%89%D0%B5%D0%BD%D0%B8%D0%B5%20%D1%83%D1%87%D0%B0%D1%81%D1%82%D0%BA%D0%B0%20%D1%80%D1%8B%D0%B1%D0%B8%D0%BD%D1%81%D0%BA","2026-08-20T18:45:05.501+03:00",""
"S7","освещение участка","освещение участка тутаев","Ярославская область","geo_тутаев","zero_results","0","","","https://wordstat.yandex.ru/?region=10841&view=table&words=%D0%BE%D1%81%D0%B2%D0%B5%D1%89%D0%B5%D0%BD%D0%B8%D0%B5%20%D1%83%D1%87%D0%B0%D1%81%D1%82%D0%BA%D0%B0%20%D1%82%D1%83%D1%82%D0%B0%D0%B5%D0%B2","2026-08-20T18:45:05.501+03:00",""
"S7","освещение участка","освещение участка углич","Ярославская область","geo_углич","zero_results","5","","","https://wordstat.yandex.ru/?region=10841&view=table&words=%D0%BE%D1%81%D0%B2%D0%B5%D1%89%D0%B5%D0%BD%D0%B8%D0%B5%20%D1%83%D1%87%D0%B0%D1%81%D1%82%D0%BA%D0%B0%20%D1%83%D0%B3%D0%BB%D0%B8%D1%87","2026-08-20T18:45:05.501+03:00",""
"S7","освещение участка","освещение участка переславль-залесский","Ярославская область","geo_переславль-залесский","zero_results","0","","","https://wordstat.yandex.ru/?region=10841&view=table&words=%D0%BE%D1%81%D0%B2%D0%B5%D1%89%D0%B5%D0%BD%D0%B8%D0%B5%20%D1%83%D1%87%D0%B0%D1%81%D1%82%D0%BA%D0%B0%20%D0%BF%D0%B5%D1%80%D0%B5%D1%81%D0%BB%D0%B0%D0%B2%D0%BB%D1%8C-%D0%B7%D0%B0%D0%BB%D0%B5%D1%81%D1%81%D0%BA%D0%B8%D0%B9","2026-08-20T18:45:05.501+03:00",""
"S7","ландшафтное освещение","ландшафтное освещение рыбинск","Ярославская область","geo_рыбинск","zero_results","0","","","https://wordstat.yandex.ru/?region=10841&view=table&words=%D0%BB%D0%B0%D0%BD%D0%B4%D1%88%D0%B0%D1%84%D1%82%D0%BD%D0%BE%D0%B5%20%D0%BE%D1%81%D0%B2%D0%B5%D1%89%D0%B5%D0%BD%D0%B8%D0%B5%20%D1%80%D1%8B%D0%B1%D0%B8%D0%BD%D1%81%D0%BA","2026-08-20T18:45:05.501+03:00",""
"S7","ландшафтное освещение","ландшафтное освещение тутаев","Ярославская область","geo_тутаев","zero_results","0","","","https://wordstat.yandex.ru/?region=10841&view=table&words=%D0%BB%D0%B0%D0%BD%D0%B4%D1%88%D0%B0%D1%84%D1%82%D0%BD%D0%BE%D0%B5%20%D0%BE%D1%81%D0%B2%D0%B5%D1%89%D0%B5%D0%BD%D0%B8%D0%B5%20%D1%82%D1%83%D1%82%D0%B0%D0%B5%D0%B2","2026-08-20T18:45:05.501+03:00",""
"S7","ландшафтное освещение","ландшафтное освещение углич","Ярославская область","geo_углич","zero_results","0","","","https://wordstat.yandex.ru/?region=10841&view=table&words=%D0%BB%D0%B0%D0%BD%D0%B4%D1%88%D0%B0%D1%84%D1%82%D0%BD%D0%BE%D0%B5%20%D0%BE%D1%81%D0%B2%D0%B5%D1%89%D0%B5%D0%BD%D0%B8%D0%B5%20%D1%83%D0%B3%D0%BB%D0%B8%D1%87","2026-08-20T18:45:05.501+03:00",""
"S7","ландшафтное освещение","ландшафтное освещение переславль-залесский","Ярославская область","geo_переславль-залесский","zero_results","0","","","https://wordstat.yandex.ru/?region=10841&view=table&words=%D0%BB%D0%B0%D0%BD%D0%B4%D1%88%D0%B0%D1%84%D1%82%D0%BD%D0%BE%D0%B5%20%D0%BE%D1%81%D0%B2%D0%B5%D1%89%D0%B5%D0%BD%D0%B8%D0%B5%20%D0%BF%D0%B5%D1%80%D0%B5%D1%81%D0%BB%D0%B0%D0%B2%D0%BB%D1%8C-%D0%B7%D0%B0%D0%BB%D0%B5%D1%81%D1%81%D0%BA%D0%B8%D0%B9","2026-08-20T18:45:05.501+03:00",""
"S7","уличное освещение частного дома","уличное освещение частного дома рыбинск","Ярославская область","geo_рыбинск","zero_results","0","","","https://wordstat.yandex.ru/?region=10841&view=table&words=%D1%83%D0%BB%D0%B8%D1%87%D0%BD%D0%BE%D0%B5%20%D0%BE%D1%81%D0%B2%D0%B5%D1%89%D0%B5%D0%BD%D0%B8%D0%B5%20%D1%87%D0%B0%D1%81%D1%82%D0%BD%D0%BE%D0%B3%D0%BE%20%D0%B4%D0%BE%D0%BC%D0%B0%20%D1%80%D1%8B%D0%B1%D0%B8%D0%BD%D1%81%D0%BA","2026-08-20T18:45:05.501+03:00",""
"S7","уличное освещение частного дома","уличное освещение частного дома тутаев","Ярославская область","geo_тутаев","zero_results","0","","","https://wordstat.yandex.ru/?region=10841&view=table&words=%D1%83%D0%BB%D0%B8%D1%87%D0%BD%D0%BE%D0%B5%20%D0%BE%D1%81%D0%B2%D0%B5%D1%89%D0%B5%D0%BD%D0%B8%D0%B5%20%D1%87%D0%B0%D1%81%D1%82%D0%BD%D0%BE%D0%B3%D0%BE%20%D0%B4%D0%BE%D0%BC%D0%B0%20%D1%82%D1%83%D1%82%D0%B0%D0%B5%D0%B2","2026-08-20T18:45:05.501+03:00",""
"S7","уличное освещение частного дома","уличное освещение частного дома углич","Ярославская область","geo_углич","zero_results","0","","","https://wordstat.yandex.ru/?region=10841&view=table&words=%D1%83%D0%BB%D0%B8%D1%87%D0%BD%D0%BE%D0%B5%20%D0%BE%D1%81%D0%B2%D0%B5%D1%89%D0%B5%D0%BD%D0%B8%D0%B5%20%D1%87%D0%B0%D1%81%D1%82%D0%BD%D0%BE%D0%B3%D0%BE%20%D0%B4%D0%BE%D0%BC%D0%B0%20%D1%83%D0%B3%D0%BB%D0%B8%D1%87","2026-08-20T18:45:05.501+03:00",""
"S7","уличное освещение частного дома","уличное освещение частного дома переславль-залесский","Ярославская область","geo_переславль-залесский","zero_results","0","","","https://wordstat.yandex.ru/?region=10841&view=table&words=%D1%83%D0%BB%D0%B8%D1%87%D0%BD%D0%BE%D0%B5%20%D0%BE%D1%81%D0%B2%D0%B5%D1%89%D0%B5%D0%BD%D0%B8%D0%B5%20%D1%87%D0%B0%D1%81%D1%82%D0%BD%D0%BE%D0%B3%D0%BE%20%D0%B4%D0%BE%D0%BC%D0%B0%20%D0%BF%D0%B5%D1%80%D0%B5%D1%81%D0%BB%D0%B0%D0%B2%D0%BB%D1%8C-%D0%B7%D0%B0%D0%BB%D0%B5%D1%81%D1%81%D0%BA%D0%B8%D0%B9","2026-08-20T18:45:05.501+03:00",""
"S7","монтаж освещения участка","монтаж освещения участка рыбинск","Ярославская область","geo_рыбинск","zero_results","0","","","https://wordstat.yandex.ru/?region=10841&view=table&words=%D0%BC%D0%BE%D0%BD%D1%82%D0%B0%D0%B6%20%D0%BE%D1%81%D0%B2%D0%B5%D1%89%D0%B5%D0%BD%D0%B8%D1%8F%20%D1%83%D1%87%D0%B0%D1%81%D1%82%D0%BA%D0%B0%20%D1%80%D1%8B%D0%B1%D0%B8%D0%BD%D1%81%D0%BA","2026-08-20T18:45:05.501+03:00",""
"S7","монтаж освещения участка","монтаж освещения участка тутаев","Ярославская область","geo_тутаев","zero_results","0","","","https://wordstat.yandex.ru/?region=10841&view=table&words=%D0%BC%D0%BE%D0%BD%D1%82%D0%B0%D0%B6%20%D0%BE%D1%81%D0%B2%D0%B5%D1%89%D0%B5%D0%BD%D0%B8%D1%8F%20%D1%83%D1%87%D0%B0%D1%81%D1%82%D0%BA%D0%B0%20%D1%82%D1%83%D1%82%D0%B0%D0%B5%D0%B2","2026-08-20T18:45:05.501+03:00",""
"S7","монтаж освещения участка","монтаж освещения участка углич","Ярославская область","geo_углич","zero_results","0","","","https://wordstat.yandex.ru/?region=10841&view=table&words=%D0%BC%D0%BE%D0%BD%D1%82%D0%B0%D0%B6%20%D0%BE%D1%81%D0%B2%D0%B5%D1%89%D0%B5%D0%BD%D0%B8%D1%8F%20%D1%83%D1%87%D0%B0%D1%81%D1%82%D0%BA%D0%B0%20%D1%83%D0%B3%D0%BB%D0%B8%D1%87","2026-08-20T18:45:05.501+03:00",""
"S7","монтаж освещения участка","монтаж освещения участка переславль-залесский","Ярославская область","geo_переславль-залесский","zero_results","0","","","https://wordstat.yandex.ru/?region=10841&view=table&words=%D0%BC%D0%BE%D0%BD%D1%82%D0%B0%D0%B6%20%D0%BE%D1%81%D0%B2%D0%B5%D1%89%D0%B5%D0%BD%D0%B8%D1%8F%20%D1%83%D1%87%D0%B0%D1%81%D1%82%D0%BA%D0%B0%20%D0%BF%D0%B5%D1%80%D0%B5%D1%81%D0%BB%D0%B0%D0%B2%D0%BB%D1%8C-%D0%B7%D0%B0%D0%BB%D0%B5%D1%81%D1%81%D0%BA%D0%B8%D0%B9","2026-08-20T18:45:05.501+03:00",""
"S7","подсветка дорожек","подсветка дорожек рыбинск","Ярославская область","geo_рыбинск","zero_results","0","","","https://wordstat.yandex.ru/?region=10841&view=table&words=%D0%BF%D0%BE%D0%B4%D1%81%D0%B2%D0%B5%D1%82%D0%BA%D0%B0%20%D0%B4%D0%BE%D1%80%D0%BE%D0%B6%D0%B5%D0%BA%20%D1%80%D1%8B%D0%B1%D0%B8%D0%BD%D1%81%D0%BA","2026-08-20T18:45:05.501+03:00",""
"S7","подсветка дорожек","подсветка дорожек тутаев","Ярославская область","geo_тутаев","zero_results","0","","","https://wordstat.yandex.ru/?region=10841&view=table&words=%D0%BF%D0%BE%D0%B4%D1%81%D0%B2%D0%B5%D1%82%D0%BA%D0%B0%20%D0%B4%D0%BE%D1%80%D0%BE%D0%B6%D0%B5%D0%BA%20%D1%82%D1%83%D1%82%D0%B0%D0%B5%D0%B2","2026-08-20T18:45:05.501+03:00",""
"S7","подсветка дорожек","подсветка дорожек углич","Ярославская область","geo_углич","zero_results","0","","","https://wordstat.yandex.ru/?region=10841&view=table&words=%D0%BF%D0%BE%D0%B4%D1%81%D0%B2%D0%B5%D1%82%D0%BA%D0%B0%20%D0%B4%D0%BE%D1%80%D0%BE%D0%B6%D0%B5%D0%BA%20%D1%83%D0%B3%D0%BB%D0%B8%D1%87","2026-08-20T18:45:05.501+03:00",""
"S7","подсветка дорожек","подсветка дорожек переславль-залесский","Ярославская область","geo_переславль-залесский","zero_results","0","","","https://wordstat.yandex.ru/?region=10841&view=table&words=%D0%BF%D0%BE%D0%B4%D1%81%D0%B2%D0%B5%D1%82%D0%BA%D0%B0%20%D0%B4%D0%BE%D1%80%D0%BE%D0%B6%D0%B5%D0%BA%20%D0%BF%D0%B5%D1%80%D0%B5%D1%81%D0%BB%D0%B0%D0%B2%D0%BB%D1%8C-%D0%B7%D0%B0%D0%BB%D0%B5%D1%81%D1%81%D0%BA%D0%B8%D0%B9","2026-08-20T18:45:05.501+03:00",""
"S7","подсветка участка","подсветка участка рыбинск","Ярославская область","geo_рыбинск","zero_results","0","","","https://wordstat.yandex.ru/?region=10841&view=table&words=%D0%BF%D0%BE%D0%B4%D1%81%D0%B2%D0%B5%D1%82%D0%BA%D0%B0%20%D1%83%D1%87%D0%B0%D1%81%D1%82%D0%BA%D0%B0%20%D1%80%D1%8B%D0%B1%D0%B8%D0%BD%D1%81%D0%BA","2026-08-20T18:45:05.501+03:00",""
"S7","подсветка участка","подсветка участка тутаев","Ярославская область","geo_тутаев","zero_results","0","","","https://wordstat.yandex.ru/?region=10841&view=table&words=%D0%BF%D0%BE%D0%B4%D1%81%D0%B2%D0%B5%D1%82%D0%BA%D0%B0%20%D1%83%D1%87%D0%B0%D1%81%D1%82%D0%BA%D0%B0%20%D1%82%D1%83%D1%82%D0%B0%D0%B5%D0%B2","2026-08-20T18:45:05.501+03:00",""
"S7","подсветка участка","подсветка участка углич","Ярославская область","geo_углич","zero_results","0","","","https://wordstat.yandex.ru/?region=10841&view=table&words=%D0%BF%D0%BE%D0%B4%D1%81%D0%B2%D0%B5%D1%82%D0%BA%D0%B0%20%D1%83%D1%87%D0%B0%D1%81%D1%82%D0%BA%D0%B0%20%D1%83%D0%B3%D0%BB%D0%B8%D1%87","2026-08-20T18:45:05.501+03:00",""
"S7","подсветка участка","подсветка участка переславль-залесский","Ярославская область","geo_переславль-залесский","zero_results","0","","","https://wordstat.yandex.ru/?region=10841&view=table&words=%D0%BF%D0%BE%D0%B4%D1%81%D0%B2%D0%B5%D1%82%D0%BA%D0%B0%20%D1%83%D1%87%D0%B0%D1%81%D1%82%D0%BA%D0%B0%20%D0%BF%D0%B5%D1%80%D0%B5%D1%81%D0%BB%D0%B0%D0%B2%D0%BB%D1%8C-%D0%B7%D0%B0%D0%BB%D0%B5%D1%81%D1%81%D0%BA%D0%B8%D0%B9","2026-08-20T18:45:05.501+03:00",""
"S8","въезд через канаву","въезд через канаву рыбинск","Ярославская область","geo_рыбинск","zero_results","0","","","https://wordstat.yandex.ru/?region=10841&view=table&words=%D0%B2%D1%8A%D0%B5%D0%B7%D0%B4%20%D1%87%D0%B5%D1%80%D0%B5%D0%B7%20%D0%BA%D0%B0%D0%BD%D0%B0%D0%B2%D1%83%20%D1%80%D1%8B%D0%B1%D0%B8%D0%BD%D1%81%D0%BA","2026-08-20T18:45:05.501+03:00",""
"S8","въезд через канаву","въезд через канаву тутаев","Ярославская область","geo_тутаев","zero_results","0","","","https://wordstat.yandex.ru/?region=10841&view=table&words=%D0%B2%D1%8A%D0%B5%D0%B7%D0%B4%20%D1%87%D0%B5%D1%80%D0%B5%D0%B7%20%D0%BA%D0%B0%D0%BD%D0%B0%D0%B2%D1%83%20%D1%82%D1%83%D1%82%D0%B0%D0%B5%D0%B2","2026-08-20T18:45:05.501+03:00",""
"S8","въезд через канаву","въезд через канаву углич","Ярославская область","geo_углич","zero_results","0","","","https://wordstat.yandex.ru/?region=10841&view=table&words=%D0%B2%D1%8A%D0%B5%D0%B7%D0%B4%20%D1%87%D0%B5%D1%80%D0%B5%D0%B7%20%D0%BA%D0%B0%D0%BD%D0%B0%D0%B2%D1%83%20%D1%83%D0%B3%D0%BB%D0%B8%D1%87","2026-08-20T18:45:05.501+03:00",""
"S8","въезд через канаву","въезд через канаву переславль-залесский","Ярославская область","geo_переславль-залесский","zero_results","0","","","https://wordstat.yandex.ru/?region=10841&view=table&words=%D0%B2%D1%8A%D0%B5%D0%B7%D0%B4%20%D1%87%D0%B5%D1%80%D0%B5%D0%B7%20%D0%BA%D0%B0%D0%BD%D0%B0%D0%B2%D1%83%20%D0%BF%D0%B5%D1%80%D0%B5%D1%81%D0%BB%D0%B0%D0%B2%D0%BB%D1%8C-%D0%B7%D0%B0%D0%BB%D0%B5%D1%81%D1%81%D0%BA%D0%B8%D0%B9","2026-08-20T18:45:05.501+03:00",""
"S8","заезд через канаву","заезд через канаву рыбинск","Ярославская область","geo_рыбинск","zero_results","0","","","https://wordstat.yandex.ru/?region=10841&view=table&words=%D0%B7%D0%B0%D0%B5%D0%B7%D0%B4%20%D1%87%D0%B5%D1%80%D0%B5%D0%B7%20%D0%BA%D0%B0%D0%BD%D0%B0%D0%B2%D1%83%20%D1%80%D1%8B%D0%B1%D0%B8%D0%BD%D1%81%D0%BA","2026-08-20T18:45:05.501+03:00",""
"S8","заезд через канаву","заезд через канаву тутаев","Ярославская область","geo_тутаев","exported","11","105","top-105-2026-08-20.csv","https://wordstat.yandex.ru/?region=10841&view=table&words=%D0%B7%D0%B0%D0%B5%D0%B7%D0%B4%20%D1%87%D0%B5%D1%80%D0%B5%D0%B7%20%D0%BA%D0%B0%D0%BD%D0%B0%D0%B2%D1%83%20%D1%82%D1%83%D1%82%D0%B0%D0%B5%D0%B2","2026-08-20T18:45:05.501+03:00",""
"S8","заезд через канаву","заезд через канаву углич","Ярославская область","geo_углич","zero_results","0","","","https://wordstat.yandex.ru/?region=10841&view=table&words=%D0%B7%D0%B0%D0%B5%D0%B7%D0%B4%20%D1%87%D0%B5%D1%80%D0%B5%D0%B7%20%D0%BA%D0%B0%D0%BD%D0%B0%D0%B2%D1%83%20%D1%83%D0%B3%D0%BB%D0%B8%D1%87","2026-08-20T18:45:05.501+03:00",""
"S8","заезд через канаву","заезд через канаву переславль-залесский","Ярославская область","geo_переславль-залесский","zero_results","1","","","https://wordstat.yandex.ru/?region=10841&view=table&words=%D0%B7%D0%B0%D0%B5%D0%B7%D0%B4%20%D1%87%D0%B5%D1%80%D0%B5%D0%B7%20%D0%BA%D0%B0%D0%BD%D0%B0%D0%B2%D1%83%20%D0%BF%D0%B5%D1%80%D0%B5%D1%81%D0%BB%D0%B0%D0%B2%D0%BB%D1%8C-%D0%B7%D0%B0%D0%BB%D0%B5%D1%81%D1%81%D0%BA%D0%B8%D0%B9","2026-08-20T18:45:05.501+03:00",""
"S8","заезд на участок","заезд на участок рыбинск","Ярославская область","geo_рыбинск","zero_results","2","","","https://wordstat.yandex.ru/?region=10841&view=table&words=%D0%B7%D0%B0%D0%B5%D0%B7%D0%B4%20%D0%BD%D0%B0%20%D1%83%D1%87%D0%B0%D1%81%D1%82%D0%BE%D0%BA%20%D1%80%D1%8B%D0%B1%D0%B8%D0%BD%D1%81%D0%BA","2026-08-20T18:45:05.501+03:00",""
"S8","заезд на участок","заезд на участок тутаев","Ярославская область","geo_тутаев","exported","15","106","top-106-2026-08-20.csv","https://wordstat.yandex.ru/?region=10841&view=table&words=%D0%B7%D0%B0%D0%B5%D0%B7%D0%B4%20%D0%BD%D0%B0%20%D1%83%D1%87%D0%B0%D1%81%D1%82%D0%BE%D0%BA%20%D1%82%D1%83%D1%82%D0%B0%D0%B5%D0%B2","2026-08-20T18:45:05.501+03:00",""
"S8","заезд на участок","заезд на участок углич","Ярославская область","geo_углич","zero_results","0","","","https://wordstat.yandex.ru/?region=10841&view=table&words=%D0%B7%D0%B0%D0%B5%D0%B7%D0%B4%20%D0%BD%D0%B0%20%D1%83%D1%87%D0%B0%D1%81%D1%82%D0%BE%D0%BA%20%D1%83%D0%B3%D0%BB%D0%B8%D1%87","2026-08-20T18:45:05.501+03:00",""
"S8","заезд на участок","заезд на участок переславль-залесский","Ярославская область","geo_переславль-залесский","zero_results","1","","","https://wordstat.yandex.ru/?region=10841&view=table&words=%D0%B7%D0%B0%D0%B5%D0%B7%D0%B4%20%D0%BD%D0%B0%20%D1%83%D1%87%D0%B0%D1%81%D1%82%D0%BE%D0%BA%20%D0%BF%D0%B5%D1%80%D0%B5%D1%81%D0%BB%D0%B0%D0%B2%D0%BB%D1%8C-%D0%B7%D0%B0%D0%BB%D0%B5%D1%81%D1%81%D0%BA%D0%B8%D0%B9","2026-08-20T18:45:05.501+03:00",""
"S8","въезд на участок","въезд на участок рыбинск","Ярославская область","geo_рыбинск","zero_results","0","","","https://wordstat.yandex.ru/?region=10841&view=table&words=%D0%B2%D1%8A%D0%B5%D0%B7%D0%B4%20%D0%BD%D0%B0%20%D1%83%D1%87%D0%B0%D1%81%D1%82%D0%BE%D0%BA%20%D1%80%D1%8B%D0%B1%D0%B8%D0%BD%D1%81%D0%BA","2026-08-20T18:45:05.501+03:00",""
"S8","въезд на участок","въезд на участок тутаев","Ярославская область","geo_тутаев","zero_results","0","","","https://wordstat.yandex.ru/?region=10841&view=table&words=%D0%B2%D1%8A%D0%B5%D0%B7%D0%B4%20%D0%BD%D0%B0%20%D1%83%D1%87%D0%B0%D1%81%D1%82%D0%BE%D0%BA%20%D1%82%D1%83%D1%82%D0%B0%D0%B5%D0%B2","2026-08-20T18:45:05.501+03:00",""
"S8","въезд на участок","въезд на участок углич","Ярославская область","geo_углич","zero_results","2","","","https://wordstat.yandex.ru/?region=10841&view=table&words=%D0%B2%D1%8A%D0%B5%D0%B7%D0%B4%20%D0%BD%D0%B0%20%D1%83%D1%87%D0%B0%D1%81%D1%82%D0%BE%D0%BA%20%D1%83%D0%B3%D0%BB%D0%B8%D1%87","2026-08-20T18:45:05.501+03:00",""
"S8","въезд на участок","въезд на участок переславль-залесский","Ярославская область","geo_переславль-залесский","zero_results","0","","","https://wordstat.yandex.ru/?region=10841&view=table&words=%D0%B2%D1%8A%D0%B5%D0%B7%D0%B4%20%D0%BD%D0%B0%20%D1%83%D1%87%D0%B0%D1%81%D1%82%D0%BE%D0%BA%20%D0%BF%D0%B5%D1%80%D0%B5%D1%81%D0%BB%D0%B0%D0%B2%D0%BB%D1%8C-%D0%B7%D0%B0%D0%BB%D0%B5%D1%81%D1%81%D0%BA%D0%B8%D0%B9","2026-08-20T18:45:05.501+03:00",""
"S8","труба в канаву для заезда","труба в канаву для заезда рыбинск","Ярославская область","geo_рыбинск","zero_results","0","","","https://wordstat.yandex.ru/?region=10841&view=table&words=%D1%82%D1%80%D1%83%D0%B1%D0%B0%20%D0%B2%20%D0%BA%D0%B0%D0%BD%D0%B0%D0%B2%D1%83%20%D0%B4%D0%BB%D1%8F%20%D0%B7%D0%B0%D0%B5%D0%B7%D0%B4%D0%B0%20%D1%80%D1%8B%D0%B1%D0%B8%D0%BD%D1%81%D0%BA","2026-08-20T18:45:05.501+03:00",""
"S8","труба в канаву для заезда","труба в канаву для заезда тутаев","Ярославская область","geo_тутаев","zero_results","3","","","https://wordstat.yandex.ru/?region=10841&view=table&words=%D1%82%D1%80%D1%83%D0%B1%D0%B0%20%D0%B2%20%D0%BA%D0%B0%D0%BD%D0%B0%D0%B2%D1%83%20%D0%B4%D0%BB%D1%8F%20%D0%B7%D0%B0%D0%B5%D0%B7%D0%B4%D0%B0%20%D1%82%D1%83%D1%82%D0%B0%D0%B5%D0%B2","2026-08-20T18:45:05.501+03:00",""
"S8","труба в канаву для заезда","труба в канаву для заезда углич","Ярославская область","geo_углич","zero_results","0","","","https://wordstat.yandex.ru/?region=10841&view=table&words=%D1%82%D1%80%D1%83%D0%B1%D0%B0%20%D0%B2%20%D0%BA%D0%B0%D0%BD%D0%B0%D0%B2%D1%83%20%D0%B4%D0%BB%D1%8F%20%D0%B7%D0%B0%D0%B5%D0%B7%D0%B4%D0%B0%20%D1%83%D0%B3%D0%BB%D0%B8%D1%87","2026-08-20T18:45:05.501+03:00",""
"S8","труба в канаву для заезда","труба в канаву для заезда переславль-залесский","Ярославская область","geo_переславль-залесский","zero_results","0","","","https://wordstat.yandex.ru/?region=10841&view=table&words=%D1%82%D1%80%D1%83%D0%B1%D0%B0%20%D0%B2%20%D0%BA%D0%B0%D0%BD%D0%B0%D0%B2%D1%83%20%D0%B4%D0%BB%D1%8F%20%D0%B7%D0%B0%D0%B5%D0%B7%D0%B4%D0%B0%20%D0%BF%D0%B5%D1%80%D0%B5%D1%81%D0%BB%D0%B0%D0%B2%D0%BB%D1%8C-%D0%B7%D0%B0%D0%BB%D0%B5%D1%81%D1%81%D0%BA%D0%B8%D0%B9","2026-08-20T18:45:05.501+03:00",""
"S8","обустройство въезда на участок","обустройство въезда на участок рыбинск","Ярославская область","geo_рыбинск","zero_results","0","","","https://wordstat.yandex.ru/?region=10841&view=table&words=%D0%BE%D0%B1%D1%83%D1%81%D1%82%D1%80%D0%BE%D0%B9%D1%81%D1%82%D0%B2%D0%BE%20%D0%B2%D1%8A%D0%B5%D0%B7%D0%B4%D0%B0%20%D0%BD%D0%B0%20%D1%83%D1%87%D0%B0%D1%81%D1%82%D0%BE%D0%BA%20%D1%80%D1%8B%D0%B1%D0%B8%D0%BD%D1%81%D0%BA","2026-08-20T18:45:05.501+03:00",""
"S8","обустройство въезда на участок","обустройство въезда на участок тутаев","Ярославская область","geo_тутаев","zero_results","0","","","https://wordstat.yandex.ru/?region=10841&view=table&words=%D0%BE%D0%B1%D1%83%D1%81%D1%82%D1%80%D0%BE%D0%B9%D1%81%D1%82%D0%B2%D0%BE%20%D0%B2%D1%8A%D0%B5%D0%B7%D0%B4%D0%B0%20%D0%BD%D0%B0%20%D1%83%D1%87%D0%B0%D1%81%D1%82%D0%BE%D0%BA%20%D1%82%D1%83%D1%82%D0%B0%D0%B5%D0%B2","2026-08-20T18:45:05.501+03:00",""
"S8","обустройство въезда на участок","обустройство въезда на участок углич","Ярославская область","geo_углич","zero_results","0","","","https://wordstat.yandex.ru/?region=10841&view=table&words=%D0%BE%D0%B1%D1%83%D1%81%D1%82%D1%80%D0%BE%D0%B9%D1%81%D1%82%D0%B2%D0%BE%20%D0%B2%D1%8A%D0%B5%D0%B7%D0%B4%D0%B0%20%D0%BD%D0%B0%20%D1%83%D1%87%D0%B0%D1%81%D1%82%D0%BE%D0%BA%20%D1%83%D0%B3%D0%BB%D0%B8%D1%87","2026-08-20T18:45:05.501+03:00",""
"S8","обустройство въезда на участок","обустройство въезда на участок переславль-залесский","Ярославская область","geo_переславль-залесский","zero_results","0","","","https://wordstat.yandex.ru/?region=10841&view=table&words=%D0%BE%D0%B1%D1%83%D1%81%D1%82%D1%80%D0%BE%D0%B9%D1%81%D1%82%D0%B2%D0%BE%20%D0%B2%D1%8A%D0%B5%D0%B7%D0%B4%D0%B0%20%D0%BD%D0%B0%20%D1%83%D1%87%D0%B0%D1%81%D1%82%D0%BE%D0%BA%20%D0%BF%D0%B5%D1%80%D0%B5%D1%81%D0%BB%D0%B0%D0%B2%D0%BB%D1%8C-%D0%B7%D0%B0%D0%BB%D0%B5%D1%81%D1%81%D0%BA%D0%B8%D0%B9","2026-08-20T18:45:05.501+03:00",""
"S1","ландшафтное проектирование участка","ландшафтное проектирование участка","Russia_discovery","russia_discovery","exported","129","107","top-107-2026-08-20.csv","https://wordstat.yandex.ru/?region=all&view=table&words=%D0%BB%D0%B0%D0%BD%D0%B4%D1%88%D0%B0%D1%84%D1%82%D0%BD%D0%BE%D0%B5%20%D0%BF%D1%80%D0%BE%D0%B5%D0%BA%D1%82%D0%B8%D1%80%D0%BE%D0%B2%D0%B0%D0%BD%D0%B8%D0%B5%20%D1%83%D1%87%D0%B0%D1%81%D1%82%D0%BA%D0%B0","2026-08-20T18:45:05.501+03:00",""
"S2","газон под ключ","газон под ключ","Russia_discovery","russia_discovery","exported","2148","108","top-108-2026-08-20.csv","https://wordstat.yandex.ru/?region=all&view=table&words=%D0%B3%D0%B0%D0%B7%D0%BE%D0%BD%20%D0%BF%D0%BE%D0%B4%20%D0%BA%D0%BB%D1%8E%D1%87","2026-08-20T18:45:05.501+03:00",""
"S3","посадка деревьев","посадка деревьев","Russia_discovery","russia_discovery","exported","25991","109","top-109-2026-08-20.csv","https://wordstat.yandex.ru/?region=all&view=table&words=%D0%BF%D0%BE%D1%81%D0%B0%D0%B4%D0%BA%D0%B0%20%D0%B4%D0%B5%D1%80%D0%B5%D0%B2%D1%8C%D0%B5%D0%B2","2026-08-20T18:45:05.501+03:00",""
"S4","уход за садом","уход за садом","Russia_discovery","russia_discovery","exported","7145","110","top-110-2026-08-20.csv","https://wordstat.yandex.ru/?region=all&view=table&words=%D1%83%D1%85%D0%BE%D0%B4%20%D0%B7%D0%B0%20%D1%81%D0%B0%D0%B4%D0%BE%D0%BC","2026-08-20T18:45:05.501+03:00",""
"S5","планировка участка","планировка участка","Russia_discovery","russia_discovery","exported","35881","111","top-111-2026-08-20.csv","https://wordstat.yandex.ru/?region=all&view=table&words=%D0%BF%D0%BB%D0%B0%D0%BD%D0%B8%D1%80%D0%BE%D0%B2%D0%BA%D0%B0%20%D1%83%D1%87%D0%B0%D1%81%D1%82%D0%BA%D0%B0","2026-08-20T18:45:05.501+03:00",""
"S6","подпорная стенка на участке","подпорная стенка на участке","Russia_discovery","russia_discovery","exported","1885","112","top-112-2026-08-20.csv","https://wordstat.yandex.ru/?region=all&view=table&words=%D0%BF%D0%BE%D0%B4%D0%BF%D0%BE%D1%80%D0%BD%D0%B0%D1%8F%20%D1%81%D1%82%D0%B5%D0%BD%D0%BA%D0%B0%20%D0%BD%D0%B0%20%D1%83%D1%87%D0%B0%D1%81%D1%82%D0%BA%D0%B5","2026-08-20T18:45:05.501+03:00",""
"S7","освещение участка","освещение участка","Russia_discovery","russia_discovery","exported","4622","113","top-113-2026-08-20.csv","https://wordstat.yandex.ru/?region=all&view=table&words=%D0%BE%D1%81%D0%B2%D0%B5%D1%89%D0%B5%D0%BD%D0%B8%D0%B5%20%D1%83%D1%87%D0%B0%D1%81%D1%82%D0%BA%D0%B0","2026-08-20T18:45:05.501+03:00",""
"S8","въезд через канаву","въезд через канаву","Russia_discovery","russia_discovery","exported","1652","114","top-114-2026-08-20.csv","https://wordstat.yandex.ru/?region=all&view=table&words=%D0%B2%D1%8A%D0%B5%D0%B7%D0%B4%20%D1%87%D0%B5%D1%80%D0%B5%D0%B7%20%D0%BA%D0%B0%D0%BD%D0%B0%D0%B2%D1%83","2026-08-20T18:45:05.501+03:00",""
